valid_lines	tut=None	Top,Mid,Bottom
line_exists	tut=None;line=Mid	true
fallback_line	tut=None;line=Mid	Mid
line_exists	tut=None;line=Bottom	true
fallback_line	tut=None;line=Bottom	Bottom
line_exists	tut=None;line=Top	true
fallback_line	tut=None;line=Top	Top
position_exists	tut=None;pos=Top	true
position_exists	tut=None;pos=Jungle	true
position_exists	tut=None;pos=Mid	true
position_exists	tut=None;pos=Bottom	true
position_exists	tut=None;pos=Support	true
morgard_exists	tut=None	true
serpen_exists	tut=None	true
steal_target_allowed	tut=None;tgt=Epic	true
steal_target_allowed	tut=None;tgt=Serpen	true
steal_action_allowed	tut=None;act=None	true
steal_action_allowed	tut=None;act=Lurk(Epic)	true
steal_action_allowed	tut=None;act=Lurk(Serpen)	true
steal_action_allowed	tut=None;act=Commit(Epic)	true
steal_action_allowed	tut=None;act=Commit(Serpen)	true
goal_allowed	tut=None;goal=Line(Mid)	true
goal_allowed	tut=None;goal=Line(Bottom)	true
goal_allowed	tut=None;goal=Line(Top)	true
goal_allowed	tut=None;goal=Jungle(Rhino,0)	true
goal_allowed	tut=None;goal=Jungle(Rhino,1)	true
goal_allowed	tut=None;goal=Jungle(Mushroom,0)	true
goal_allowed	tut=None;goal=Jungle(Mushroom,1)	true
goal_allowed	tut=None;goal=Jungle(Stump,0)	true
goal_allowed	tut=None;goal=Jungle(Stump,1)	true
goal_allowed	tut=None;goal=Jungle(Bee,0)	true
goal_allowed	tut=None;goal=Jungle(Bee,1)	true
goal_allowed	tut=None;goal=Jungle(Morgard,0)	true
goal_allowed	tut=None;goal=Jungle(Morgard,1)	true
goal_allowed	tut=None;goal=Jungle(Serpen,0)	true
goal_allowed	tut=None;goal=Jungle(Serpen,1)	true
goal_allowed	tut=None;goal=Epic	true
goal_allowed	tut=None;goal=Serpen	true
goal_allowed	tut=None;goal=Nexus(0)	true
goal_allowed	tut=None;goal=Nexus(1)	true
goal_allowed	tut=None;goal=Battle(None)	true
goal_allowed	tut=None;goal=Battle(Some(0))	true
goal_allowed	tut=None;goal=Recall	true
main_objective_allowed	tut=None;mo=Morgard(ph=Setup,wb=false)	true
main_objective_allowed	tut=None;mo=Morgard(ph=Setup,wb=true)	true
main_objective_allowed	tut=None;mo=Morgard(ph=Assemble,wb=false)	true
main_objective_allowed	tut=None;mo=Morgard(ph=Assemble,wb=true)	true
main_objective_allowed	tut=None;mo=Morgard(ph=Hunt,wb=false)	true
main_objective_allowed	tut=None;mo=Morgard(ph=Hunt,wb=true)	true
main_objective_allowed	tut=None;mo=Morgard(ph=None,wb=false)	true
main_objective_allowed	tut=None;mo=Morgard(ph=None,wb=true)	true
main_objective_allowed	tut=None;mo=Serpen(ph=Setup,wb=false)	true
main_objective_allowed	tut=None;mo=Serpen(ph=Setup,wb=true)	true
main_objective_allowed	tut=None;mo=Serpen(ph=Assemble,wb=false)	true
main_objective_allowed	tut=None;mo=Serpen(ph=Assemble,wb=true)	true
main_objective_allowed	tut=None;mo=Serpen(ph=Hunt,wb=false)	true
main_objective_allowed	tut=None;mo=Serpen(ph=Hunt,wb=true)	true
main_objective_allowed	tut=None;mo=Serpen(ph=None,wb=false)	true
main_objective_allowed	tut=None;mo=Serpen(ph=None,wb=true)	true
main_objective_allowed	tut=None;mo=Defense	true
main_objective_allowed	tut=None;mo=Repair	true
main_objective_allowed	tut=None;mo=DefenseLine(Mid)	true
main_objective_allowed	tut=None;mo=DefenseLine(Bottom)	true
main_objective_allowed	tut=None;mo=DefenseLine(Top)	true
main_objective_allowed	tut=None;mo=Nexus(Mid)	true
main_objective_allowed	tut=None;mo=Nexus(Bottom)	true
main_objective_allowed	tut=None;mo=Nexus(Top)	true
main_objective_allowed	tut=None;mo=PressEpic(Mid)	true
main_objective_allowed	tut=None;mo=PressEpic(Bottom)	true
main_objective_allowed	tut=None;mo=PressEpic(Top)	true
main_objective_allowed	tut=None;mo=SplitEpic(Mid)	true
main_objective_allowed	tut=None;mo=SplitEpic(Bottom)	true
main_objective_allowed	tut=None;mo=SplitEpic(Top)	true
main_objective_allowed	tut=None;mo=Gank(Mid)	true
main_objective_allowed	tut=None;mo=Gank(Bottom)	true
main_objective_allowed	tut=None;mo=Gank(Top)	true
main_objective_allowed	tut=None;mo=Dive(Mid)	true
main_objective_allowed	tut=None;mo=Dive(Bottom)	true
main_objective_allowed	tut=None;mo=Dive(Top)	true
main_objective_allowed	tut=None;mo=PressTower(Mid)	true
main_objective_allowed	tut=None;mo=PressTower(Bottom)	true
main_objective_allowed	tut=None;mo=PressTower(Top)	true
main_objective_allowed	tut=None;mo=ComebackPick(Mid,ready=false)	true
main_objective_allowed	tut=None;mo=ComebackPick(Mid,ready=true)	true
main_objective_allowed	tut=None;mo=ComebackPick(Bottom,ready=false)	true
main_objective_allowed	tut=None;mo=ComebackPick(Bottom,ready=true)	true
main_objective_allowed	tut=None;mo=ComebackPick(Top,ready=false)	true
main_objective_allowed	tut=None;mo=ComebackPick(Top,ready=true)	true
sub_objective_allowed	tut=None;so=LineBattle(Mid,dive=false)	true
sub_objective_allowed	tut=None;so=LineBattle(Mid,dive=true)	true
sub_objective_allowed	tut=None;so=LineBattle(Bottom,dive=false)	true
sub_objective_allowed	tut=None;so=LineBattle(Bottom,dive=true)	true
sub_objective_allowed	tut=None;so=LineBattle(Top,dive=false)	true
sub_objective_allowed	tut=None;so=LineBattle(Top,dive=true)	true
sub_objective_allowed	tut=None;so=JungleBattle(Rhino,0)	true
sub_objective_allowed	tut=None;so=JungleBattle(Rhino,1)	true
sub_objective_allowed	tut=None;so=JungleBattle(Mushroom,0)	true
sub_objective_allowed	tut=None;so=JungleBattle(Mushroom,1)	true
sub_objective_allowed	tut=None;so=JungleBattle(Stump,0)	true
sub_objective_allowed	tut=None;so=JungleBattle(Stump,1)	true
sub_objective_allowed	tut=None;so=JungleBattle(Bee,0)	true
sub_objective_allowed	tut=None;so=JungleBattle(Bee,1)	true
sub_objective_allowed	tut=None;so=JungleBattle(Morgard,0)	true
sub_objective_allowed	tut=None;so=JungleBattle(Morgard,1)	true
sub_objective_allowed	tut=None;so=JungleBattle(Serpen,0)	true
sub_objective_allowed	tut=None;so=JungleBattle(Serpen,1)	true
chat_allowed	tut=None;chat=0:Start	true
chat_allowed	tut=None;chat=1:Mia;pos=Top	true
chat_allowed	tut=None;chat=1:Mia;pos=Jungle	true
chat_allowed	tut=None;chat=1:Mia;pos=Mid	true
chat_allowed	tut=None;chat=1:Mia;pos=Bottom	true
chat_allowed	tut=None;chat=1:Mia;pos=Support	true
chat_allowed	tut=None;chat=2:JungleCheck;line=Mid	true
chat_allowed	tut=None;chat=2:JungleCheck;line=Bottom	true
chat_allowed	tut=None;chat=2:JungleCheck;line=Top	true
chat_allowed	tut=None;chat=3:Battle	true
chat_allowed	tut=None;chat=4:BattleDive	true
chat_allowed	tut=None;chat=5:BattleLine;line=Mid	true
chat_allowed	tut=None;chat=5:BattleLine;line=Bottom	true
chat_allowed	tut=None;chat=5:BattleLine;line=Top	true
chat_allowed	tut=None;chat=6:BattleHelp	true
chat_allowed	tut=None;chat=7:BattleStop;r=TowerFocused	true
chat_allowed	tut=None;chat=7:BattleStop;r=TowerDiveFail	true
chat_allowed	tut=None;chat=7:BattleStop;r=Outnumbered	true
chat_allowed	tut=None;chat=7:BattleStop;r=LowHp	true
chat_allowed	tut=None;chat=7:BattleStop;r=BurstRisk	true
chat_allowed	tut=None;chat=7:BattleStop;r=LowHpMatch	true
chat_allowed	tut=None;chat=8:GankRequest;line=Mid	true
chat_allowed	tut=None;chat=8:GankRequest;line=Bottom	true
chat_allowed	tut=None;chat=8:GankRequest;line=Top	true
chat_allowed	tut=None;chat=9:CoverLine;line=Mid	true
chat_allowed	tut=None;chat=9:CoverLine;line=Bottom	true
chat_allowed	tut=None;chat=9:CoverLine;line=Top	true
chat_allowed	tut=None;chat=10:GankLineCover;line=Mid	true
chat_allowed	tut=None;chat=10:GankLineCover;line=Bottom	true
chat_allowed	tut=None;chat=10:GankLineCover;line=Top	true
chat_allowed	tut=None;chat=11:HideLine;line=Mid	true
chat_allowed	tut=None;chat=11:HideLine;line=Bottom	true
chat_allowed	tut=None;chat=11:HideLine;line=Top	true
chat_allowed	tut=None;chat=12:HideLineToo;line=Mid	true
chat_allowed	tut=None;chat=12:HideLineToo;line=Bottom	true
chat_allowed	tut=None;chat=12:HideLineToo;line=Top	true
chat_allowed	tut=None;chat=13:LineCover;line=Mid	true
chat_allowed	tut=None;chat=13:LineCover;line=Bottom	true
chat_allowed	tut=None;chat=13:LineCover;line=Top	true
chat_allowed	tut=None;chat=14:DefenseLine;line=Mid	true
chat_allowed	tut=None;chat=14:DefenseLine;line=Bottom	true
chat_allowed	tut=None;chat=14:DefenseLine;line=Top	true
chat_allowed	tut=None;chat=15:Ok	true
chat_allowed	tut=None;chat=16:Reject	true
chat_allowed	tut=None;chat=17:Cancel;r=LowHpSelf	true
chat_allowed	tut=None;chat=17:Cancel;r=LowHpAlly	true
chat_allowed	tut=None;chat=17:Cancel;r=TargetMissing	true
chat_allowed	tut=None;chat=17:Cancel;r=PlanChange	true
chat_allowed	tut=None;chat=17:Cancel;r=OperationAbort	true
chat_allowed	tut=None;chat=18:CounterJungle;camp=Rhino	true
chat_allowed	tut=None;chat=18:CounterJungle;camp=Mushroom	true
chat_allowed	tut=None;chat=18:CounterJungle;camp=Stump	true
chat_allowed	tut=None;chat=18:CounterJungle;camp=Bee	true
chat_allowed	tut=None;chat=18:CounterJungle;camp=Morgard	true
chat_allowed	tut=None;chat=18:CounterJungle;camp=Serpen	true
chat_allowed	tut=None;chat=19:Lead	true
chat_allowed	tut=None;chat=20:Split;line=Mid	true
chat_allowed	tut=None;chat=20:Split;line=Bottom	true
chat_allowed	tut=None;chat=20:Split;line=Top	true
chat_allowed	tut=None;chat=21:Press;line=Mid	true
chat_allowed	tut=None;chat=21:Press;line=Bottom	true
chat_allowed	tut=None;chat=21:Press;line=Top	true
chat_allowed	tut=None;chat=22:PressChange;line=Mid	true
chat_allowed	tut=None;chat=22:PressChange;line=Bottom	true
chat_allowed	tut=None;chat=22:PressChange;line=Top	true
chat_allowed	tut=None;chat=23:Repair	true
chat_allowed	tut=None;chat=24:SerpenPrepare	true
chat_allowed	tut=None;chat=25:SerpenSetup	true
chat_allowed	tut=None;chat=26:SerpenCheck	true
chat_allowed	tut=None;chat=27:SerpenEnemyHunt	true
chat_allowed	tut=None;chat=28:SerpenAssemble	true
chat_allowed	tut=None;chat=29:SerpenHunt	true
chat_allowed	tut=None;chat=30:SerpenBattle	true
chat_allowed	tut=None;chat=31:SerpenGiveUp;r=StackAhead	true
chat_allowed	tut=None;chat=31:SerpenGiveUp;r=Outnumbered	true
chat_allowed	tut=None;chat=32:SerpenSteal;k=Lurk	true
chat_allowed	tut=None;chat=32:SerpenSteal;k=Commit	true
chat_allowed	tut=None;chat=33:MorgardPrepare	true
chat_allowed	tut=None;chat=34:MorgardSetup	true
chat_allowed	tut=None;chat=35:MorgardCheck	true
chat_allowed	tut=None;chat=36:MorgardEnemyHunt	true
chat_allowed	tut=None;chat=37:MorgardAssemble	true
chat_allowed	tut=None;chat=38:MorgardHunt	true
chat_allowed	tut=None;chat=39:MorgardBattle	true
chat_allowed	tut=None;chat=40:MorgardGiveUp	true
chat_allowed	tut=None;chat=41:MorgardSteal;k=Lurk	true
chat_allowed	tut=None;chat=41:MorgardSteal;k=Commit	true
chat_allowed	tut=None;chat=42:AttackNexus;line=Mid	true
chat_allowed	tut=None;chat=42:AttackNexus;line=Bottom	true
chat_allowed	tut=None;chat=42:AttackNexus;line=Top	true
chat_allowed	tut=None;chat=43:DefenseNexus	true
chat_allowed	tut=None;chat=44:GankDive;line=Mid	true
chat_allowed	tut=None;chat=44:GankDive;line=Bottom	true
chat_allowed	tut=None;chat=44:GankDive;line=Top	true
chat_allowed	tut=None;chat=45:PressTower;line=Mid	true
chat_allowed	tut=None;chat=45:PressTower;line=Bottom	true
chat_allowed	tut=None;chat=45:PressTower;line=Top	true
chat_allowed	tut=None;chat=46:ComebackPick;line=Mid	true
chat_allowed	tut=None;chat=46:ComebackPick;line=Bottom	true
chat_allowed	tut=None;chat=46:ComebackPick;line=Top	true
chat_allowed	tut=None;chat=47:PlayCall;a=0,b=0	true
chat_allowed	tut=None;chat=47:PlayCall;a=0,b=1	true
chat_allowed	tut=None;chat=47:PlayCall;a=0,b=2	true
chat_allowed	tut=None;chat=47:PlayCall;a=0,b=3	true
chat_allowed	tut=None;chat=47:PlayCall;a=0,b=4	true
chat_allowed	tut=None;chat=47:PlayCall;a=0,b=5	true
chat_allowed	tut=None;chat=47:PlayCall;a=0,b=6	true
chat_allowed	tut=None;chat=47:PlayCall;a=0,b=7	true
chat_allowed	tut=None;chat=47:PlayCall;a=1,b=0	true
chat_allowed	tut=None;chat=47:PlayCall;a=1,b=1	true
chat_allowed	tut=None;chat=47:PlayCall;a=1,b=2	true
chat_allowed	tut=None;chat=47:PlayCall;a=1,b=3	true
chat_allowed	tut=None;chat=47:PlayCall;a=1,b=4	true
chat_allowed	tut=None;chat=47:PlayCall;a=1,b=5	true
chat_allowed	tut=None;chat=47:PlayCall;a=1,b=6	true
chat_allowed	tut=None;chat=47:PlayCall;a=1,b=7	true
chat_allowed	tut=None;chat=47:PlayCall;a=2,b=0	true
chat_allowed	tut=None;chat=47:PlayCall;a=2,b=1	true
chat_allowed	tut=None;chat=47:PlayCall;a=2,b=2	true
chat_allowed	tut=None;chat=47:PlayCall;a=2,b=3	true
chat_allowed	tut=None;chat=47:PlayCall;a=2,b=4	true
chat_allowed	tut=None;chat=47:PlayCall;a=2,b=5	true
chat_allowed	tut=None;chat=47:PlayCall;a=2,b=6	true
chat_allowed	tut=None;chat=47:PlayCall;a=2,b=7	true
chat_allowed	tut=None;chat=47:PlayCall;a=3,b=0	true
chat_allowed	tut=None;chat=47:PlayCall;a=3,b=1	true
chat_allowed	tut=None;chat=47:PlayCall;a=3,b=2	true
chat_allowed	tut=None;chat=47:PlayCall;a=3,b=3	true
chat_allowed	tut=None;chat=47:PlayCall;a=3,b=4	true
chat_allowed	tut=None;chat=47:PlayCall;a=3,b=5	true
chat_allowed	tut=None;chat=47:PlayCall;a=3,b=6	true
chat_allowed	tut=None;chat=47:PlayCall;a=3,b=7	true
chat_allowed	tut=None;chat=47:PlayCall;a=4,b=0	true
chat_allowed	tut=None;chat=47:PlayCall;a=4,b=1	true
chat_allowed	tut=None;chat=47:PlayCall;a=4,b=2	true
chat_allowed	tut=None;chat=47:PlayCall;a=4,b=3	true
chat_allowed	tut=None;chat=47:PlayCall;a=4,b=4	true
chat_allowed	tut=None;chat=47:PlayCall;a=4,b=5	true
chat_allowed	tut=None;chat=47:PlayCall;a=4,b=6	true
chat_allowed	tut=None;chat=47:PlayCall;a=4,b=7	true
chat_allowed	tut=None;chat=47:PlayCall;a=5,b=0	true
chat_allowed	tut=None;chat=47:PlayCall;a=5,b=1	true
chat_allowed	tut=None;chat=47:PlayCall;a=5,b=2	true
chat_allowed	tut=None;chat=47:PlayCall;a=5,b=3	true
chat_allowed	tut=None;chat=47:PlayCall;a=5,b=4	true
chat_allowed	tut=None;chat=47:PlayCall;a=5,b=5	true
chat_allowed	tut=None;chat=47:PlayCall;a=5,b=6	true
chat_allowed	tut=None;chat=47:PlayCall;a=5,b=7	true
chat_allowed	tut=None;chat=47:PlayCall;a=6,b=0	true
chat_allowed	tut=None;chat=47:PlayCall;a=6,b=1	true
chat_allowed	tut=None;chat=47:PlayCall;a=6,b=2	true
chat_allowed	tut=None;chat=47:PlayCall;a=6,b=3	true
chat_allowed	tut=None;chat=47:PlayCall;a=6,b=4	true
chat_allowed	tut=None;chat=47:PlayCall;a=6,b=5	true
chat_allowed	tut=None;chat=47:PlayCall;a=6,b=6	true
chat_allowed	tut=None;chat=47:PlayCall;a=6,b=7	true
chat_allowed	tut=None;chat=47:PlayCall;a=7,b=0	true
chat_allowed	tut=None;chat=47:PlayCall;a=7,b=1	true
chat_allowed	tut=None;chat=47:PlayCall;a=7,b=2	true
chat_allowed	tut=None;chat=47:PlayCall;a=7,b=3	true
chat_allowed	tut=None;chat=47:PlayCall;a=7,b=4	true
chat_allowed	tut=None;chat=47:PlayCall;a=7,b=5	true
chat_allowed	tut=None;chat=47:PlayCall;a=7,b=6	true
chat_allowed	tut=None;chat=47:PlayCall;a=7,b=7	true
chat_allowed	tut=None;chat=48:PlayPhaseChange;a=0,b=0	true
chat_allowed	tut=None;chat=48:PlayPhaseChange;a=0,b=1	true
chat_allowed	tut=None;chat=48:PlayPhaseChange;a=0,b=2	true
chat_allowed	tut=None;chat=48:PlayPhaseChange;a=0,b=3	true
chat_allowed	tut=None;chat=48:PlayPhaseChange;a=0,b=4	true
chat_allowed	tut=None;chat=48:PlayPhaseChange;a=0,b=5	true
chat_allowed	tut=None;chat=48:PlayPhaseChange;a=0,b=6	true
chat_allowed	tut=None;chat=48:PlayPhaseChange;a=0,b=7	true
chat_allowed	tut=None;chat=48:PlayPhaseChange;a=1,b=0	true
chat_allowed	tut=None;chat=48:PlayPhaseChange;a=1,b=1	true
chat_allowed	tut=None;chat=48:PlayPhaseChange;a=1,b=2	true
chat_allowed	tut=None;chat=48:PlayPhaseChange;a=1,b=3	true
chat_allowed	tut=None;chat=48:PlayPhaseChange;a=1,b=4	true
chat_allowed	tut=None;chat=48:PlayPhaseChange;a=1,b=5	true
chat_allowed	tut=None;chat=48:PlayPhaseChange;a=1,b=6	true
chat_allowed	tut=None;chat=48:PlayPhaseChange;a=1,b=7	true
chat_allowed	tut=None;chat=48:PlayPhaseChange;a=2,b=0	true
chat_allowed	tut=None;chat=48:PlayPhaseChange;a=2,b=1	true
chat_allowed	tut=None;chat=48:PlayPhaseChange;a=2,b=2	true
chat_allowed	tut=None;chat=48:PlayPhaseChange;a=2,b=3	true
chat_allowed	tut=None;chat=48:PlayPhaseChange;a=2,b=4	true
chat_allowed	tut=None;chat=48:PlayPhaseChange;a=2,b=5	true
chat_allowed	tut=None;chat=48:PlayPhaseChange;a=2,b=6	true
chat_allowed	tut=None;chat=48:PlayPhaseChange;a=2,b=7	true
chat_allowed	tut=None;chat=48:PlayPhaseChange;a=3,b=0	true
chat_allowed	tut=None;chat=48:PlayPhaseChange;a=3,b=1	true
chat_allowed	tut=None;chat=48:PlayPhaseChange;a=3,b=2	true
chat_allowed	tut=None;chat=48:PlayPhaseChange;a=3,b=3	true
chat_allowed	tut=None;chat=48:PlayPhaseChange;a=3,b=4	true
chat_allowed	tut=None;chat=48:PlayPhaseChange;a=3,b=5	true
chat_allowed	tut=None;chat=48:PlayPhaseChange;a=3,b=6	true
chat_allowed	tut=None;chat=48:PlayPhaseChange;a=3,b=7	true
chat_allowed	tut=None;chat=48:PlayPhaseChange;a=4,b=0	true
chat_allowed	tut=None;chat=48:PlayPhaseChange;a=4,b=1	true
chat_allowed	tut=None;chat=48:PlayPhaseChange;a=4,b=2	true
chat_allowed	tut=None;chat=48:PlayPhaseChange;a=4,b=3	true
chat_allowed	tut=None;chat=48:PlayPhaseChange;a=4,b=4	true
chat_allowed	tut=None;chat=48:PlayPhaseChange;a=4,b=5	true
chat_allowed	tut=None;chat=48:PlayPhaseChange;a=4,b=6	true
chat_allowed	tut=None;chat=48:PlayPhaseChange;a=4,b=7	true
chat_allowed	tut=None;chat=48:PlayPhaseChange;a=5,b=0	true
chat_allowed	tut=None;chat=48:PlayPhaseChange;a=5,b=1	true
chat_allowed	tut=None;chat=48:PlayPhaseChange;a=5,b=2	true
chat_allowed	tut=None;chat=48:PlayPhaseChange;a=5,b=3	true
chat_allowed	tut=None;chat=48:PlayPhaseChange;a=5,b=4	true
chat_allowed	tut=None;chat=48:PlayPhaseChange;a=5,b=5	true
chat_allowed	tut=None;chat=48:PlayPhaseChange;a=5,b=6	true
chat_allowed	tut=None;chat=48:PlayPhaseChange;a=5,b=7	true
chat_allowed	tut=None;chat=48:PlayPhaseChange;a=6,b=0	true
chat_allowed	tut=None;chat=48:PlayPhaseChange;a=6,b=1	true
chat_allowed	tut=None;chat=48:PlayPhaseChange;a=6,b=2	true
chat_allowed	tut=None;chat=48:PlayPhaseChange;a=6,b=3	true
chat_allowed	tut=None;chat=48:PlayPhaseChange;a=6,b=4	true
chat_allowed	tut=None;chat=48:PlayPhaseChange;a=6,b=5	true
chat_allowed	tut=None;chat=48:PlayPhaseChange;a=6,b=6	true
chat_allowed	tut=None;chat=48:PlayPhaseChange;a=6,b=7	true
chat_allowed	tut=None;chat=48:PlayPhaseChange;a=7,b=0	true
chat_allowed	tut=None;chat=48:PlayPhaseChange;a=7,b=1	true
chat_allowed	tut=None;chat=48:PlayPhaseChange;a=7,b=2	true
chat_allowed	tut=None;chat=48:PlayPhaseChange;a=7,b=3	true
chat_allowed	tut=None;chat=48:PlayPhaseChange;a=7,b=4	true
chat_allowed	tut=None;chat=48:PlayPhaseChange;a=7,b=5	true
chat_allowed	tut=None;chat=48:PlayPhaseChange;a=7,b=6	true
chat_allowed	tut=None;chat=48:PlayPhaseChange;a=7,b=7	true
chat_allowed	tut=None;chat=49:PlayPropose;a=0,b=0,c=0	true
chat_allowed	tut=None;chat=49:PlayPropose;a=0,b=0,c=1	true
chat_allowed	tut=None;chat=49:PlayPropose;a=0,b=0,c=2	true
chat_allowed	tut=None;chat=49:PlayPropose;a=0,b=0,c=3	true
chat_allowed	tut=None;chat=49:PlayPropose;a=0,b=1,c=0	true
chat_allowed	tut=None;chat=49:PlayPropose;a=0,b=1,c=1	true
chat_allowed	tut=None;chat=49:PlayPropose;a=0,b=1,c=2	true
chat_allowed	tut=None;chat=49:PlayPropose;a=0,b=1,c=3	true
chat_allowed	tut=None;chat=49:PlayPropose;a=0,b=2,c=0	true
chat_allowed	tut=None;chat=49:PlayPropose;a=0,b=2,c=1	true
chat_allowed	tut=None;chat=49:PlayPropose;a=0,b=2,c=2	true
chat_allowed	tut=None;chat=49:PlayPropose;a=0,b=2,c=3	true
chat_allowed	tut=None;chat=49:PlayPropose;a=0,b=3,c=0	true
chat_allowed	tut=None;chat=49:PlayPropose;a=0,b=3,c=1	true
chat_allowed	tut=None;chat=49:PlayPropose;a=0,b=3,c=2	true
chat_allowed	tut=None;chat=49:PlayPropose;a=0,b=3,c=3	true
chat_allowed	tut=None;chat=49:PlayPropose;a=0,b=4,c=0	true
chat_allowed	tut=None;chat=49:PlayPropose;a=0,b=4,c=1	true
chat_allowed	tut=None;chat=49:PlayPropose;a=0,b=4,c=2	true
chat_allowed	tut=None;chat=49:PlayPropose;a=0,b=4,c=3	true
chat_allowed	tut=None;chat=49:PlayPropose;a=0,b=5,c=0	true
chat_allowed	tut=None;chat=49:PlayPropose;a=0,b=5,c=1	true
chat_allowed	tut=None;chat=49:PlayPropose;a=0,b=5,c=2	true
chat_allowed	tut=None;chat=49:PlayPropose;a=0,b=5,c=3	true
chat_allowed	tut=None;chat=49:PlayPropose;a=0,b=6,c=0	true
chat_allowed	tut=None;chat=49:PlayPropose;a=0,b=6,c=1	true
chat_allowed	tut=None;chat=49:PlayPropose;a=0,b=6,c=2	true
chat_allowed	tut=None;chat=49:PlayPropose;a=0,b=6,c=3	true
chat_allowed	tut=None;chat=49:PlayPropose;a=0,b=7,c=0	true
chat_allowed	tut=None;chat=49:PlayPropose;a=0,b=7,c=1	true
chat_allowed	tut=None;chat=49:PlayPropose;a=0,b=7,c=2	true
chat_allowed	tut=None;chat=49:PlayPropose;a=0,b=7,c=3	true
chat_allowed	tut=None;chat=49:PlayPropose;a=1,b=0,c=0	true
chat_allowed	tut=None;chat=49:PlayPropose;a=1,b=0,c=1	true
chat_allowed	tut=None;chat=49:PlayPropose;a=1,b=0,c=2	true
chat_allowed	tut=None;chat=49:PlayPropose;a=1,b=0,c=3	true
chat_allowed	tut=None;chat=49:PlayPropose;a=1,b=1,c=0	true
chat_allowed	tut=None;chat=49:PlayPropose;a=1,b=1,c=1	true
chat_allowed	tut=None;chat=49:PlayPropose;a=1,b=1,c=2	true
chat_allowed	tut=None;chat=49:PlayPropose;a=1,b=1,c=3	true
chat_allowed	tut=None;chat=49:PlayPropose;a=1,b=2,c=0	true
chat_allowed	tut=None;chat=49:PlayPropose;a=1,b=2,c=1	true
chat_allowed	tut=None;chat=49:PlayPropose;a=1,b=2,c=2	true
chat_allowed	tut=None;chat=49:PlayPropose;a=1,b=2,c=3	true
chat_allowed	tut=None;chat=49:PlayPropose;a=1,b=3,c=0	true
chat_allowed	tut=None;chat=49:PlayPropose;a=1,b=3,c=1	true
chat_allowed	tut=None;chat=49:PlayPropose;a=1,b=3,c=2	true
chat_allowed	tut=None;chat=49:PlayPropose;a=1,b=3,c=3	true
chat_allowed	tut=None;chat=49:PlayPropose;a=1,b=4,c=0	true
chat_allowed	tut=None;chat=49:PlayPropose;a=1,b=4,c=1	true
chat_allowed	tut=None;chat=49:PlayPropose;a=1,b=4,c=2	true
chat_allowed	tut=None;chat=49:PlayPropose;a=1,b=4,c=3	true
chat_allowed	tut=None;chat=49:PlayPropose;a=1,b=5,c=0	true
chat_allowed	tut=None;chat=49:PlayPropose;a=1,b=5,c=1	true
chat_allowed	tut=None;chat=49:PlayPropose;a=1,b=5,c=2	true
chat_allowed	tut=None;chat=49:PlayPropose;a=1,b=5,c=3	true
chat_allowed	tut=None;chat=49:PlayPropose;a=1,b=6,c=0	true
chat_allowed	tut=None;chat=49:PlayPropose;a=1,b=6,c=1	true
chat_allowed	tut=None;chat=49:PlayPropose;a=1,b=6,c=2	true
chat_allowed	tut=None;chat=49:PlayPropose;a=1,b=6,c=3	true
chat_allowed	tut=None;chat=49:PlayPropose;a=1,b=7,c=0	true
chat_allowed	tut=None;chat=49:PlayPropose;a=1,b=7,c=1	true
chat_allowed	tut=None;chat=49:PlayPropose;a=1,b=7,c=2	true
chat_allowed	tut=None;chat=49:PlayPropose;a=1,b=7,c=3	true
chat_allowed	tut=None;chat=49:PlayPropose;a=2,b=0,c=0	true
chat_allowed	tut=None;chat=49:PlayPropose;a=2,b=0,c=1	true
chat_allowed	tut=None;chat=49:PlayPropose;a=2,b=0,c=2	true
chat_allowed	tut=None;chat=49:PlayPropose;a=2,b=0,c=3	true
chat_allowed	tut=None;chat=49:PlayPropose;a=2,b=1,c=0	true
chat_allowed	tut=None;chat=49:PlayPropose;a=2,b=1,c=1	true
chat_allowed	tut=None;chat=49:PlayPropose;a=2,b=1,c=2	true
chat_allowed	tut=None;chat=49:PlayPropose;a=2,b=1,c=3	true
chat_allowed	tut=None;chat=49:PlayPropose;a=2,b=2,c=0	true
chat_allowed	tut=None;chat=49:PlayPropose;a=2,b=2,c=1	true
chat_allowed	tut=None;chat=49:PlayPropose;a=2,b=2,c=2	true
chat_allowed	tut=None;chat=49:PlayPropose;a=2,b=2,c=3	true
chat_allowed	tut=None;chat=49:PlayPropose;a=2,b=3,c=0	true
chat_allowed	tut=None;chat=49:PlayPropose;a=2,b=3,c=1	true
chat_allowed	tut=None;chat=49:PlayPropose;a=2,b=3,c=2	true
chat_allowed	tut=None;chat=49:PlayPropose;a=2,b=3,c=3	true
chat_allowed	tut=None;chat=49:PlayPropose;a=2,b=4,c=0	true
chat_allowed	tut=None;chat=49:PlayPropose;a=2,b=4,c=1	true
chat_allowed	tut=None;chat=49:PlayPropose;a=2,b=4,c=2	true
chat_allowed	tut=None;chat=49:PlayPropose;a=2,b=4,c=3	true
chat_allowed	tut=None;chat=49:PlayPropose;a=2,b=5,c=0	true
chat_allowed	tut=None;chat=49:PlayPropose;a=2,b=5,c=1	true
chat_allowed	tut=None;chat=49:PlayPropose;a=2,b=5,c=2	true
chat_allowed	tut=None;chat=49:PlayPropose;a=2,b=5,c=3	true
chat_allowed	tut=None;chat=49:PlayPropose;a=2,b=6,c=0	true
chat_allowed	tut=None;chat=49:PlayPropose;a=2,b=6,c=1	true
chat_allowed	tut=None;chat=49:PlayPropose;a=2,b=6,c=2	true
chat_allowed	tut=None;chat=49:PlayPropose;a=2,b=6,c=3	true
chat_allowed	tut=None;chat=49:PlayPropose;a=2,b=7,c=0	true
chat_allowed	tut=None;chat=49:PlayPropose;a=2,b=7,c=1	true
chat_allowed	tut=None;chat=49:PlayPropose;a=2,b=7,c=2	true
chat_allowed	tut=None;chat=49:PlayPropose;a=2,b=7,c=3	true
chat_allowed	tut=None;chat=49:PlayPropose;a=3,b=0,c=0	true
chat_allowed	tut=None;chat=49:PlayPropose;a=3,b=0,c=1	true
chat_allowed	tut=None;chat=49:PlayPropose;a=3,b=0,c=2	true
chat_allowed	tut=None;chat=49:PlayPropose;a=3,b=0,c=3	true
chat_allowed	tut=None;chat=49:PlayPropose;a=3,b=1,c=0	true
chat_allowed	tut=None;chat=49:PlayPropose;a=3,b=1,c=1	true
chat_allowed	tut=None;chat=49:PlayPropose;a=3,b=1,c=2	true
chat_allowed	tut=None;chat=49:PlayPropose;a=3,b=1,c=3	true
chat_allowed	tut=None;chat=49:PlayPropose;a=3,b=2,c=0	true
chat_allowed	tut=None;chat=49:PlayPropose;a=3,b=2,c=1	true
chat_allowed	tut=None;chat=49:PlayPropose;a=3,b=2,c=2	true
chat_allowed	tut=None;chat=49:PlayPropose;a=3,b=2,c=3	true
chat_allowed	tut=None;chat=49:PlayPropose;a=3,b=3,c=0	true
chat_allowed	tut=None;chat=49:PlayPropose;a=3,b=3,c=1	true
chat_allowed	tut=None;chat=49:PlayPropose;a=3,b=3,c=2	true
chat_allowed	tut=None;chat=49:PlayPropose;a=3,b=3,c=3	true
chat_allowed	tut=None;chat=49:PlayPropose;a=3,b=4,c=0	true
chat_allowed	tut=None;chat=49:PlayPropose;a=3,b=4,c=1	true
chat_allowed	tut=None;chat=49:PlayPropose;a=3,b=4,c=2	true
chat_allowed	tut=None;chat=49:PlayPropose;a=3,b=4,c=3	true
chat_allowed	tut=None;chat=49:PlayPropose;a=3,b=5,c=0	true
chat_allowed	tut=None;chat=49:PlayPropose;a=3,b=5,c=1	true
chat_allowed	tut=None;chat=49:PlayPropose;a=3,b=5,c=2	true
chat_allowed	tut=None;chat=49:PlayPropose;a=3,b=5,c=3	true
chat_allowed	tut=None;chat=49:PlayPropose;a=3,b=6,c=0	true
chat_allowed	tut=None;chat=49:PlayPropose;a=3,b=6,c=1	true
chat_allowed	tut=None;chat=49:PlayPropose;a=3,b=6,c=2	true
chat_allowed	tut=None;chat=49:PlayPropose;a=3,b=6,c=3	true
chat_allowed	tut=None;chat=49:PlayPropose;a=3,b=7,c=0	true
chat_allowed	tut=None;chat=49:PlayPropose;a=3,b=7,c=1	true
chat_allowed	tut=None;chat=49:PlayPropose;a=3,b=7,c=2	true
chat_allowed	tut=None;chat=49:PlayPropose;a=3,b=7,c=3	true
chat_allowed	tut=None;chat=49:PlayPropose;a=4,b=0,c=0	true
chat_allowed	tut=None;chat=49:PlayPropose;a=4,b=0,c=1	true
chat_allowed	tut=None;chat=49:PlayPropose;a=4,b=0,c=2	true
chat_allowed	tut=None;chat=49:PlayPropose;a=4,b=0,c=3	true
chat_allowed	tut=None;chat=49:PlayPropose;a=4,b=1,c=0	true
chat_allowed	tut=None;chat=49:PlayPropose;a=4,b=1,c=1	true
chat_allowed	tut=None;chat=49:PlayPropose;a=4,b=1,c=2	true
chat_allowed	tut=None;chat=49:PlayPropose;a=4,b=1,c=3	true
chat_allowed	tut=None;chat=49:PlayPropose;a=4,b=2,c=0	true
chat_allowed	tut=None;chat=49:PlayPropose;a=4,b=2,c=1	true
chat_allowed	tut=None;chat=49:PlayPropose;a=4,b=2,c=2	true
chat_allowed	tut=None;chat=49:PlayPropose;a=4,b=2,c=3	true
chat_allowed	tut=None;chat=49:PlayPropose;a=4,b=3,c=0	true
chat_allowed	tut=None;chat=49:PlayPropose;a=4,b=3,c=1	true
chat_allowed	tut=None;chat=49:PlayPropose;a=4,b=3,c=2	true
chat_allowed	tut=None;chat=49:PlayPropose;a=4,b=3,c=3	true
chat_allowed	tut=None;chat=49:PlayPropose;a=4,b=4,c=0	true
chat_allowed	tut=None;chat=49:PlayPropose;a=4,b=4,c=1	true
chat_allowed	tut=None;chat=49:PlayPropose;a=4,b=4,c=2	true
chat_allowed	tut=None;chat=49:PlayPropose;a=4,b=4,c=3	true
chat_allowed	tut=None;chat=49:PlayPropose;a=4,b=5,c=0	true
chat_allowed	tut=None;chat=49:PlayPropose;a=4,b=5,c=1	true
chat_allowed	tut=None;chat=49:PlayPropose;a=4,b=5,c=2	true
chat_allowed	tut=None;chat=49:PlayPropose;a=4,b=5,c=3	true
chat_allowed	tut=None;chat=49:PlayPropose;a=4,b=6,c=0	true
chat_allowed	tut=None;chat=49:PlayPropose;a=4,b=6,c=1	true
chat_allowed	tut=None;chat=49:PlayPropose;a=4,b=6,c=2	true
chat_allowed	tut=None;chat=49:PlayPropose;a=4,b=6,c=3	true
chat_allowed	tut=None;chat=49:PlayPropose;a=4,b=7,c=0	true
chat_allowed	tut=None;chat=49:PlayPropose;a=4,b=7,c=1	true
chat_allowed	tut=None;chat=49:PlayPropose;a=4,b=7,c=2	true
chat_allowed	tut=None;chat=49:PlayPropose;a=4,b=7,c=3	true
chat_allowed	tut=None;chat=49:PlayPropose;a=5,b=0,c=0	true
chat_allowed	tut=None;chat=49:PlayPropose;a=5,b=0,c=1	true
chat_allowed	tut=None;chat=49:PlayPropose;a=5,b=0,c=2	true
chat_allowed	tut=None;chat=49:PlayPropose;a=5,b=0,c=3	true
chat_allowed	tut=None;chat=49:PlayPropose;a=5,b=1,c=0	true
chat_allowed	tut=None;chat=49:PlayPropose;a=5,b=1,c=1	true
chat_allowed	tut=None;chat=49:PlayPropose;a=5,b=1,c=2	true
chat_allowed	tut=None;chat=49:PlayPropose;a=5,b=1,c=3	true
chat_allowed	tut=None;chat=49:PlayPropose;a=5,b=2,c=0	true
chat_allowed	tut=None;chat=49:PlayPropose;a=5,b=2,c=1	true
chat_allowed	tut=None;chat=49:PlayPropose;a=5,b=2,c=2	true
chat_allowed	tut=None;chat=49:PlayPropose;a=5,b=2,c=3	true
chat_allowed	tut=None;chat=49:PlayPropose;a=5,b=3,c=0	true
chat_allowed	tut=None;chat=49:PlayPropose;a=5,b=3,c=1	true
chat_allowed	tut=None;chat=49:PlayPropose;a=5,b=3,c=2	true
chat_allowed	tut=None;chat=49:PlayPropose;a=5,b=3,c=3	true
chat_allowed	tut=None;chat=49:PlayPropose;a=5,b=4,c=0	true
chat_allowed	tut=None;chat=49:PlayPropose;a=5,b=4,c=1	true
chat_allowed	tut=None;chat=49:PlayPropose;a=5,b=4,c=2	true
chat_allowed	tut=None;chat=49:PlayPropose;a=5,b=4,c=3	true
chat_allowed	tut=None;chat=49:PlayPropose;a=5,b=5,c=0	true
chat_allowed	tut=None;chat=49:PlayPropose;a=5,b=5,c=1	true
chat_allowed	tut=None;chat=49:PlayPropose;a=5,b=5,c=2	true
chat_allowed	tut=None;chat=49:PlayPropose;a=5,b=5,c=3	true
chat_allowed	tut=None;chat=49:PlayPropose;a=5,b=6,c=0	true
chat_allowed	tut=None;chat=49:PlayPropose;a=5,b=6,c=1	true
chat_allowed	tut=None;chat=49:PlayPropose;a=5,b=6,c=2	true
chat_allowed	tut=None;chat=49:PlayPropose;a=5,b=6,c=3	true
chat_allowed	tut=None;chat=49:PlayPropose;a=5,b=7,c=0	true
chat_allowed	tut=None;chat=49:PlayPropose;a=5,b=7,c=1	true
chat_allowed	tut=None;chat=49:PlayPropose;a=5,b=7,c=2	true
chat_allowed	tut=None;chat=49:PlayPropose;a=5,b=7,c=3	true
chat_allowed	tut=None;chat=49:PlayPropose;a=6,b=0,c=0	true
chat_allowed	tut=None;chat=49:PlayPropose;a=6,b=0,c=1	true
chat_allowed	tut=None;chat=49:PlayPropose;a=6,b=0,c=2	true
chat_allowed	tut=None;chat=49:PlayPropose;a=6,b=0,c=3	true
chat_allowed	tut=None;chat=49:PlayPropose;a=6,b=1,c=0	true
chat_allowed	tut=None;chat=49:PlayPropose;a=6,b=1,c=1	true
chat_allowed	tut=None;chat=49:PlayPropose;a=6,b=1,c=2	true
chat_allowed	tut=None;chat=49:PlayPropose;a=6,b=1,c=3	true
chat_allowed	tut=None;chat=49:PlayPropose;a=6,b=2,c=0	true
chat_allowed	tut=None;chat=49:PlayPropose;a=6,b=2,c=1	true
chat_allowed	tut=None;chat=49:PlayPropose;a=6,b=2,c=2	true
chat_allowed	tut=None;chat=49:PlayPropose;a=6,b=2,c=3	true
chat_allowed	tut=None;chat=49:PlayPropose;a=6,b=3,c=0	true
chat_allowed	tut=None;chat=49:PlayPropose;a=6,b=3,c=1	true
chat_allowed	tut=None;chat=49:PlayPropose;a=6,b=3,c=2	true
chat_allowed	tut=None;chat=49:PlayPropose;a=6,b=3,c=3	true
chat_allowed	tut=None;chat=49:PlayPropose;a=6,b=4,c=0	true
chat_allowed	tut=None;chat=49:PlayPropose;a=6,b=4,c=1	true
chat_allowed	tut=None;chat=49:PlayPropose;a=6,b=4,c=2	true
chat_allowed	tut=None;chat=49:PlayPropose;a=6,b=4,c=3	true
chat_allowed	tut=None;chat=49:PlayPropose;a=6,b=5,c=0	true
chat_allowed	tut=None;chat=49:PlayPropose;a=6,b=5,c=1	true
chat_allowed	tut=None;chat=49:PlayPropose;a=6,b=5,c=2	true
chat_allowed	tut=None;chat=49:PlayPropose;a=6,b=5,c=3	true
chat_allowed	tut=None;chat=49:PlayPropose;a=6,b=6,c=0	true
chat_allowed	tut=None;chat=49:PlayPropose;a=6,b=6,c=1	true
chat_allowed	tut=None;chat=49:PlayPropose;a=6,b=6,c=2	true
chat_allowed	tut=None;chat=49:PlayPropose;a=6,b=6,c=3	true
chat_allowed	tut=None;chat=49:PlayPropose;a=6,b=7,c=0	true
chat_allowed	tut=None;chat=49:PlayPropose;a=6,b=7,c=1	true
chat_allowed	tut=None;chat=49:PlayPropose;a=6,b=7,c=2	true
chat_allowed	tut=None;chat=49:PlayPropose;a=6,b=7,c=3	true
chat_allowed	tut=None;chat=49:PlayPropose;a=7,b=0,c=0	true
chat_allowed	tut=None;chat=49:PlayPropose;a=7,b=0,c=1	true
chat_allowed	tut=None;chat=49:PlayPropose;a=7,b=0,c=2	true
chat_allowed	tut=None;chat=49:PlayPropose;a=7,b=0,c=3	true
chat_allowed	tut=None;chat=49:PlayPropose;a=7,b=1,c=0	true
chat_allowed	tut=None;chat=49:PlayPropose;a=7,b=1,c=1	true
chat_allowed	tut=None;chat=49:PlayPropose;a=7,b=1,c=2	true
chat_allowed	tut=None;chat=49:PlayPropose;a=7,b=1,c=3	true
chat_allowed	tut=None;chat=49:PlayPropose;a=7,b=2,c=0	true
chat_allowed	tut=None;chat=49:PlayPropose;a=7,b=2,c=1	true
chat_allowed	tut=None;chat=49:PlayPropose;a=7,b=2,c=2	true
chat_allowed	tut=None;chat=49:PlayPropose;a=7,b=2,c=3	true
chat_allowed	tut=None;chat=49:PlayPropose;a=7,b=3,c=0	true
chat_allowed	tut=None;chat=49:PlayPropose;a=7,b=3,c=1	true
chat_allowed	tut=None;chat=49:PlayPropose;a=7,b=3,c=2	true
chat_allowed	tut=None;chat=49:PlayPropose;a=7,b=3,c=3	true
chat_allowed	tut=None;chat=49:PlayPropose;a=7,b=4,c=0	true
chat_allowed	tut=None;chat=49:PlayPropose;a=7,b=4,c=1	true
chat_allowed	tut=None;chat=49:PlayPropose;a=7,b=4,c=2	true
chat_allowed	tut=None;chat=49:PlayPropose;a=7,b=4,c=3	true
chat_allowed	tut=None;chat=49:PlayPropose;a=7,b=5,c=0	true
chat_allowed	tut=None;chat=49:PlayPropose;a=7,b=5,c=1	true
chat_allowed	tut=None;chat=49:PlayPropose;a=7,b=5,c=2	true
chat_allowed	tut=None;chat=49:PlayPropose;a=7,b=5,c=3	true
chat_allowed	tut=None;chat=49:PlayPropose;a=7,b=6,c=0	true
chat_allowed	tut=None;chat=49:PlayPropose;a=7,b=6,c=1	true
chat_allowed	tut=None;chat=49:PlayPropose;a=7,b=6,c=2	true
chat_allowed	tut=None;chat=49:PlayPropose;a=7,b=6,c=3	true
chat_allowed	tut=None;chat=49:PlayPropose;a=7,b=7,c=0	true
chat_allowed	tut=None;chat=49:PlayPropose;a=7,b=7,c=1	true
chat_allowed	tut=None;chat=49:PlayPropose;a=7,b=7,c=2	true
chat_allowed	tut=None;chat=49:PlayPropose;a=7,b=7,c=3	true
chat_allowed	tut=None;chat=50:GankPlan;line=Mid,a=0	true
chat_allowed	tut=None;chat=50:GankPlan;line=Mid,a=1	true
chat_allowed	tut=None;chat=50:GankPlan;line=Mid,a=2	true
chat_allowed	tut=None;chat=50:GankPlan;line=Mid,a=3	true
chat_allowed	tut=None;chat=50:GankPlan;line=Mid,a=4	true
chat_allowed	tut=None;chat=50:GankPlan;line=Mid,a=5	true
chat_allowed	tut=None;chat=50:GankPlan;line=Mid,a=6	true
chat_allowed	tut=None;chat=50:GankPlan;line=Mid,a=7	true
chat_allowed	tut=None;chat=50:GankPlan;line=Bottom,a=0	true
chat_allowed	tut=None;chat=50:GankPlan;line=Bottom,a=1	true
chat_allowed	tut=None;chat=50:GankPlan;line=Bottom,a=2	true
chat_allowed	tut=None;chat=50:GankPlan;line=Bottom,a=3	true
chat_allowed	tut=None;chat=50:GankPlan;line=Bottom,a=4	true
chat_allowed	tut=None;chat=50:GankPlan;line=Bottom,a=5	true
chat_allowed	tut=None;chat=50:GankPlan;line=Bottom,a=6	true
chat_allowed	tut=None;chat=50:GankPlan;line=Bottom,a=7	true
chat_allowed	tut=None;chat=50:GankPlan;line=Top,a=0	true
chat_allowed	tut=None;chat=50:GankPlan;line=Top,a=1	true
chat_allowed	tut=None;chat=50:GankPlan;line=Top,a=2	true
chat_allowed	tut=None;chat=50:GankPlan;line=Top,a=3	true
chat_allowed	tut=None;chat=50:GankPlan;line=Top,a=4	true
chat_allowed	tut=None;chat=50:GankPlan;line=Top,a=5	true
chat_allowed	tut=None;chat=50:GankPlan;line=Top,a=6	true
chat_allowed	tut=None;chat=50:GankPlan;line=Top,a=7	true
chat_allowed	tut=None;chat=51:EarlyPlan;a=0	true
chat_allowed	tut=None;chat=51:EarlyPlan;a=1	true
chat_allowed	tut=None;chat=51:EarlyPlan;a=2	true
chat_allowed	tut=None;chat=51:EarlyPlan;a=3	true
chat_allowed	tut=None;chat=51:EarlyPlan;a=4	true
chat_allowed	tut=None;chat=51:EarlyPlan;a=5	true
chat_allowed	tut=None;chat=51:EarlyPlan;a=6	true
chat_allowed	tut=None;chat=51:EarlyPlan;a=7	true
chat_allowed	tut=None;chat=52:EarlyPlanChange;a=0	true
chat_allowed	tut=None;chat=52:EarlyPlanChange;a=1	true
chat_allowed	tut=None;chat=52:EarlyPlanChange;a=2	true
chat_allowed	tut=None;chat=52:EarlyPlanChange;a=3	true
chat_allowed	tut=None;chat=52:EarlyPlanChange;a=4	true
chat_allowed	tut=None;chat=52:EarlyPlanChange;a=5	true
chat_allowed	tut=None;chat=52:EarlyPlanChange;a=6	true
chat_allowed	tut=None;chat=52:EarlyPlanChange;a=7	true
chat_allowed	tut=None;chat=53:AcceptAfterTask;a=0	true
chat_allowed	tut=None;chat=53:AcceptAfterTask;a=1	true
chat_allowed	tut=None;chat=53:AcceptAfterTask;a=2	true
chat_allowed	tut=None;chat=53:AcceptAfterTask;a=3	true
chat_allowed	tut=None;chat=53:AcceptAfterTask;a=4	true
chat_allowed	tut=None;chat=53:AcceptAfterTask;a=5	true
chat_allowed	tut=None;chat=53:AcceptAfterTask;a=6	true
chat_allowed	tut=None;chat=53:AcceptAfterTask;a=7	true
chat_allowed	tut=None;chat=54:DeclineWithReason;a=0	true
chat_allowed	tut=None;chat=54:DeclineWithReason;a=1	true
chat_allowed	tut=None;chat=54:DeclineWithReason;a=2	true
chat_allowed	tut=None;chat=54:DeclineWithReason;a=3	true
chat_allowed	tut=None;chat=54:DeclineWithReason;a=4	true
chat_allowed	tut=None;chat=54:DeclineWithReason;a=5	true
chat_allowed	tut=None;chat=54:DeclineWithReason;a=6	true
chat_allowed	tut=None;chat=54:DeclineWithReason;a=7	true
chat_allowed	tut=None;chat=56:ReadySignal;a=0	true
chat_allowed	tut=None;chat=56:ReadySignal;a=1	true
chat_allowed	tut=None;chat=56:ReadySignal;a=2	true
chat_allowed	tut=None;chat=56:ReadySignal;a=3	true
chat_allowed	tut=None;chat=56:ReadySignal;a=4	true
chat_allowed	tut=None;chat=56:ReadySignal;a=5	true
chat_allowed	tut=None;chat=56:ReadySignal;a=6	true
chat_allowed	tut=None;chat=56:ReadySignal;a=7	true
chat_allowed	tut=None;chat=55:CounterRequest;a=0,b=0	true
chat_allowed	tut=None;chat=55:CounterRequest;a=0,b=1	true
chat_allowed	tut=None;chat=55:CounterRequest;a=0,b=2	true
chat_allowed	tut=None;chat=55:CounterRequest;a=0,b=3	true
chat_allowed	tut=None;chat=55:CounterRequest;a=0,b=4	true
chat_allowed	tut=None;chat=55:CounterRequest;a=0,b=5	true
chat_allowed	tut=None;chat=55:CounterRequest;a=0,b=6	true
chat_allowed	tut=None;chat=55:CounterRequest;a=0,b=7	true
chat_allowed	tut=None;chat=55:CounterRequest;a=1,b=0	true
chat_allowed	tut=None;chat=55:CounterRequest;a=1,b=1	true
chat_allowed	tut=None;chat=55:CounterRequest;a=1,b=2	true
chat_allowed	tut=None;chat=55:CounterRequest;a=1,b=3	true
chat_allowed	tut=None;chat=55:CounterRequest;a=1,b=4	true
chat_allowed	tut=None;chat=55:CounterRequest;a=1,b=5	true
chat_allowed	tut=None;chat=55:CounterRequest;a=1,b=6	true
chat_allowed	tut=None;chat=55:CounterRequest;a=1,b=7	true
chat_allowed	tut=None;chat=55:CounterRequest;a=2,b=0	true
chat_allowed	tut=None;chat=55:CounterRequest;a=2,b=1	true
chat_allowed	tut=None;chat=55:CounterRequest;a=2,b=2	true
chat_allowed	tut=None;chat=55:CounterRequest;a=2,b=3	true
chat_allowed	tut=None;chat=55:CounterRequest;a=2,b=4	true
chat_allowed	tut=None;chat=55:CounterRequest;a=2,b=5	true
chat_allowed	tut=None;chat=55:CounterRequest;a=2,b=6	true
chat_allowed	tut=None;chat=55:CounterRequest;a=2,b=7	true
chat_allowed	tut=None;chat=55:CounterRequest;a=3,b=0	true
chat_allowed	tut=None;chat=55:CounterRequest;a=3,b=1	true
chat_allowed	tut=None;chat=55:CounterRequest;a=3,b=2	true
chat_allowed	tut=None;chat=55:CounterRequest;a=3,b=3	true
chat_allowed	tut=None;chat=55:CounterRequest;a=3,b=4	true
chat_allowed	tut=None;chat=55:CounterRequest;a=3,b=5	true
chat_allowed	tut=None;chat=55:CounterRequest;a=3,b=6	true
chat_allowed	tut=None;chat=55:CounterRequest;a=3,b=7	true
chat_allowed	tut=None;chat=55:CounterRequest;a=4,b=0	true
chat_allowed	tut=None;chat=55:CounterRequest;a=4,b=1	true
chat_allowed	tut=None;chat=55:CounterRequest;a=4,b=2	true
chat_allowed	tut=None;chat=55:CounterRequest;a=4,b=3	true
chat_allowed	tut=None;chat=55:CounterRequest;a=4,b=4	true
chat_allowed	tut=None;chat=55:CounterRequest;a=4,b=5	true
chat_allowed	tut=None;chat=55:CounterRequest;a=4,b=6	true
chat_allowed	tut=None;chat=55:CounterRequest;a=4,b=7	true
chat_allowed	tut=None;chat=55:CounterRequest;a=5,b=0	true
chat_allowed	tut=None;chat=55:CounterRequest;a=5,b=1	true
chat_allowed	tut=None;chat=55:CounterRequest;a=5,b=2	true
chat_allowed	tut=None;chat=55:CounterRequest;a=5,b=3	true
chat_allowed	tut=None;chat=55:CounterRequest;a=5,b=4	true
chat_allowed	tut=None;chat=55:CounterRequest;a=5,b=5	true
chat_allowed	tut=None;chat=55:CounterRequest;a=5,b=6	true
chat_allowed	tut=None;chat=55:CounterRequest;a=5,b=7	true
chat_allowed	tut=None;chat=55:CounterRequest;a=6,b=0	true
chat_allowed	tut=None;chat=55:CounterRequest;a=6,b=1	true
chat_allowed	tut=None;chat=55:CounterRequest;a=6,b=2	true
chat_allowed	tut=None;chat=55:CounterRequest;a=6,b=3	true
chat_allowed	tut=None;chat=55:CounterRequest;a=6,b=4	true
chat_allowed	tut=None;chat=55:CounterRequest;a=6,b=5	true
chat_allowed	tut=None;chat=55:CounterRequest;a=6,b=6	true
chat_allowed	tut=None;chat=55:CounterRequest;a=6,b=7	true
chat_allowed	tut=None;chat=55:CounterRequest;a=7,b=0	true
chat_allowed	tut=None;chat=55:CounterRequest;a=7,b=1	true
chat_allowed	tut=None;chat=55:CounterRequest;a=7,b=2	true
chat_allowed	tut=None;chat=55:CounterRequest;a=7,b=3	true
chat_allowed	tut=None;chat=55:CounterRequest;a=7,b=4	true
chat_allowed	tut=None;chat=55:CounterRequest;a=7,b=5	true
chat_allowed	tut=None;chat=55:CounterRequest;a=7,b=6	true
chat_allowed	tut=None;chat=55:CounterRequest;a=7,b=7	true
valid_lines	tut=First	Bottom
line_exists	tut=First;line=Mid	false
fallback_line	tut=First;line=Mid	Bottom
line_exists	tut=First;line=Bottom	true
fallback_line	tut=First;line=Bottom	Bottom
line_exists	tut=First;line=Top	false
fallback_line	tut=First;line=Top	Bottom
position_exists	tut=First;pos=Top	false
position_exists	tut=First;pos=Jungle	false
position_exists	tut=First;pos=Mid	false
position_exists	tut=First;pos=Bottom	true
position_exists	tut=First;pos=Support	true
morgard_exists	tut=First	false
serpen_exists	tut=First	false
steal_target_allowed	tut=First;tgt=Epic	false
steal_target_allowed	tut=First;tgt=Serpen	false
steal_action_allowed	tut=First;act=None	true
steal_action_allowed	tut=First;act=Lurk(Epic)	false
steal_action_allowed	tut=First;act=Lurk(Serpen)	false
steal_action_allowed	tut=First;act=Commit(Epic)	false
steal_action_allowed	tut=First;act=Commit(Serpen)	false
goal_allowed	tut=First;goal=Line(Mid)	false
goal_allowed	tut=First;goal=Line(Bottom)	true
goal_allowed	tut=First;goal=Line(Top)	false
goal_allowed	tut=First;goal=Jungle(Rhino,0)	false
goal_allowed	tut=First;goal=Jungle(Rhino,1)	false
goal_allowed	tut=First;goal=Jungle(Mushroom,0)	false
goal_allowed	tut=First;goal=Jungle(Mushroom,1)	false
goal_allowed	tut=First;goal=Jungle(Stump,0)	false
goal_allowed	tut=First;goal=Jungle(Stump,1)	false
goal_allowed	tut=First;goal=Jungle(Bee,0)	false
goal_allowed	tut=First;goal=Jungle(Bee,1)	false
goal_allowed	tut=First;goal=Jungle(Morgard,0)	false
goal_allowed	tut=First;goal=Jungle(Morgard,1)	false
goal_allowed	tut=First;goal=Jungle(Serpen,0)	false
goal_allowed	tut=First;goal=Jungle(Serpen,1)	false
goal_allowed	tut=First;goal=Epic	false
goal_allowed	tut=First;goal=Serpen	false
goal_allowed	tut=First;goal=Nexus(0)	true
goal_allowed	tut=First;goal=Nexus(1)	true
goal_allowed	tut=First;goal=Battle(None)	true
goal_allowed	tut=First;goal=Battle(Some(0))	true
goal_allowed	tut=First;goal=Recall	true
main_objective_allowed	tut=First;mo=Morgard(ph=Setup,wb=false)	false
main_objective_allowed	tut=First;mo=Morgard(ph=Setup,wb=true)	false
main_objective_allowed	tut=First;mo=Morgard(ph=Assemble,wb=false)	false
main_objective_allowed	tut=First;mo=Morgard(ph=Assemble,wb=true)	false
main_objective_allowed	tut=First;mo=Morgard(ph=Hunt,wb=false)	false
main_objective_allowed	tut=First;mo=Morgard(ph=Hunt,wb=true)	false
main_objective_allowed	tut=First;mo=Morgard(ph=None,wb=false)	false
main_objective_allowed	tut=First;mo=Morgard(ph=None,wb=true)	false
main_objective_allowed	tut=First;mo=Serpen(ph=Setup,wb=false)	false
main_objective_allowed	tut=First;mo=Serpen(ph=Setup,wb=true)	false
main_objective_allowed	tut=First;mo=Serpen(ph=Assemble,wb=false)	false
main_objective_allowed	tut=First;mo=Serpen(ph=Assemble,wb=true)	false
main_objective_allowed	tut=First;mo=Serpen(ph=Hunt,wb=false)	false
main_objective_allowed	tut=First;mo=Serpen(ph=Hunt,wb=true)	false
main_objective_allowed	tut=First;mo=Serpen(ph=None,wb=false)	false
main_objective_allowed	tut=First;mo=Serpen(ph=None,wb=true)	false
main_objective_allowed	tut=First;mo=Defense	true
main_objective_allowed	tut=First;mo=Repair	true
main_objective_allowed	tut=First;mo=DefenseLine(Mid)	false
main_objective_allowed	tut=First;mo=DefenseLine(Bottom)	true
main_objective_allowed	tut=First;mo=DefenseLine(Top)	false
main_objective_allowed	tut=First;mo=Nexus(Mid)	false
main_objective_allowed	tut=First;mo=Nexus(Bottom)	true
main_objective_allowed	tut=First;mo=Nexus(Top)	false
main_objective_allowed	tut=First;mo=PressEpic(Mid)	false
main_objective_allowed	tut=First;mo=PressEpic(Bottom)	false
main_objective_allowed	tut=First;mo=PressEpic(Top)	false
main_objective_allowed	tut=First;mo=SplitEpic(Mid)	false
main_objective_allowed	tut=First;mo=SplitEpic(Bottom)	false
main_objective_allowed	tut=First;mo=SplitEpic(Top)	false
main_objective_allowed	tut=First;mo=Gank(Mid)	false
main_objective_allowed	tut=First;mo=Gank(Bottom)	true
main_objective_allowed	tut=First;mo=Gank(Top)	false
main_objective_allowed	tut=First;mo=Dive(Mid)	false
main_objective_allowed	tut=First;mo=Dive(Bottom)	true
main_objective_allowed	tut=First;mo=Dive(Top)	false
main_objective_allowed	tut=First;mo=PressTower(Mid)	false
main_objective_allowed	tut=First;mo=PressTower(Bottom)	true
main_objective_allowed	tut=First;mo=PressTower(Top)	false
main_objective_allowed	tut=First;mo=ComebackPick(Mid,ready=false)	false
main_objective_allowed	tut=First;mo=ComebackPick(Mid,ready=true)	false
main_objective_allowed	tut=First;mo=ComebackPick(Bottom,ready=false)	true
main_objective_allowed	tut=First;mo=ComebackPick(Bottom,ready=true)	true
main_objective_allowed	tut=First;mo=ComebackPick(Top,ready=false)	false
main_objective_allowed	tut=First;mo=ComebackPick(Top,ready=true)	false
sub_objective_allowed	tut=First;so=LineBattle(Mid,dive=false)	false
sub_objective_allowed	tut=First;so=LineBattle(Mid,dive=true)	false
sub_objective_allowed	tut=First;so=LineBattle(Bottom,dive=false)	true
sub_objective_allowed	tut=First;so=LineBattle(Bottom,dive=true)	true
sub_objective_allowed	tut=First;so=LineBattle(Top,dive=false)	false
sub_objective_allowed	tut=First;so=LineBattle(Top,dive=true)	false
sub_objective_allowed	tut=First;so=JungleBattle(Rhino,0)	false
sub_objective_allowed	tut=First;so=JungleBattle(Rhino,1)	false
sub_objective_allowed	tut=First;so=JungleBattle(Mushroom,0)	false
sub_objective_allowed	tut=First;so=JungleBattle(Mushroom,1)	false
sub_objective_allowed	tut=First;so=JungleBattle(Stump,0)	false
sub_objective_allowed	tut=First;so=JungleBattle(Stump,1)	false
sub_objective_allowed	tut=First;so=JungleBattle(Bee,0)	false
sub_objective_allowed	tut=First;so=JungleBattle(Bee,1)	false
sub_objective_allowed	tut=First;so=JungleBattle(Morgard,0)	false
sub_objective_allowed	tut=First;so=JungleBattle(Morgard,1)	false
sub_objective_allowed	tut=First;so=JungleBattle(Serpen,0)	false
sub_objective_allowed	tut=First;so=JungleBattle(Serpen,1)	false
chat_allowed	tut=First;chat=0:Start	true
chat_allowed	tut=First;chat=1:Mia;pos=Top	false
chat_allowed	tut=First;chat=1:Mia;pos=Jungle	false
chat_allowed	tut=First;chat=1:Mia;pos=Mid	false
chat_allowed	tut=First;chat=1:Mia;pos=Bottom	true
chat_allowed	tut=First;chat=1:Mia;pos=Support	true
chat_allowed	tut=First;chat=2:JungleCheck;line=Mid	false
chat_allowed	tut=First;chat=2:JungleCheck;line=Bottom	true
chat_allowed	tut=First;chat=2:JungleCheck;line=Top	false
chat_allowed	tut=First;chat=3:Battle	true
chat_allowed	tut=First;chat=4:BattleDive	true
chat_allowed	tut=First;chat=5:BattleLine;line=Mid	false
chat_allowed	tut=First;chat=5:BattleLine;line=Bottom	true
chat_allowed	tut=First;chat=5:BattleLine;line=Top	false
chat_allowed	tut=First;chat=6:BattleHelp	true
chat_allowed	tut=First;chat=7:BattleStop;r=TowerFocused	true
chat_allowed	tut=First;chat=7:BattleStop;r=TowerDiveFail	true
chat_allowed	tut=First;chat=7:BattleStop;r=Outnumbered	true
chat_allowed	tut=First;chat=7:BattleStop;r=LowHp	true
chat_allowed	tut=First;chat=7:BattleStop;r=BurstRisk	true
chat_allowed	tut=First;chat=7:BattleStop;r=LowHpMatch	true
chat_allowed	tut=First;chat=8:GankRequest;line=Mid	false
chat_allowed	tut=First;chat=8:GankRequest;line=Bottom	true
chat_allowed	tut=First;chat=8:GankRequest;line=Top	false
chat_allowed	tut=First;chat=9:CoverLine;line=Mid	false
chat_allowed	tut=First;chat=9:CoverLine;line=Bottom	true
chat_allowed	tut=First;chat=9:CoverLine;line=Top	false
chat_allowed	tut=First;chat=10:GankLineCover;line=Mid	false
chat_allowed	tut=First;chat=10:GankLineCover;line=Bottom	true
chat_allowed	tut=First;chat=10:GankLineCover;line=Top	false
chat_allowed	tut=First;chat=11:HideLine;line=Mid	false
chat_allowed	tut=First;chat=11:HideLine;line=Bottom	true
chat_allowed	tut=First;chat=11:HideLine;line=Top	false
chat_allowed	tut=First;chat=12:HideLineToo;line=Mid	false
chat_allowed	tut=First;chat=12:HideLineToo;line=Bottom	true
chat_allowed	tut=First;chat=12:HideLineToo;line=Top	false
chat_allowed	tut=First;chat=13:LineCover;line=Mid	false
chat_allowed	tut=First;chat=13:LineCover;line=Bottom	true
chat_allowed	tut=First;chat=13:LineCover;line=Top	false
chat_allowed	tut=First;chat=14:DefenseLine;line=Mid	false
chat_allowed	tut=First;chat=14:DefenseLine;line=Bottom	true
chat_allowed	tut=First;chat=14:DefenseLine;line=Top	false
chat_allowed	tut=First;chat=15:Ok	true
chat_allowed	tut=First;chat=16:Reject	true
chat_allowed	tut=First;chat=17:Cancel;r=LowHpSelf	true
chat_allowed	tut=First;chat=17:Cancel;r=LowHpAlly	true
chat_allowed	tut=First;chat=17:Cancel;r=TargetMissing	true
chat_allowed	tut=First;chat=17:Cancel;r=PlanChange	true
chat_allowed	tut=First;chat=17:Cancel;r=OperationAbort	true
chat_allowed	tut=First;chat=18:CounterJungle;camp=Rhino	false
chat_allowed	tut=First;chat=18:CounterJungle;camp=Mushroom	false
chat_allowed	tut=First;chat=18:CounterJungle;camp=Stump	false
chat_allowed	tut=First;chat=18:CounterJungle;camp=Bee	false
chat_allowed	tut=First;chat=18:CounterJungle;camp=Morgard	false
chat_allowed	tut=First;chat=18:CounterJungle;camp=Serpen	false
chat_allowed	tut=First;chat=19:Lead	true
chat_allowed	tut=First;chat=20:Split;line=Mid	false
chat_allowed	tut=First;chat=20:Split;line=Bottom	false
chat_allowed	tut=First;chat=20:Split;line=Top	false
chat_allowed	tut=First;chat=21:Press;line=Mid	false
chat_allowed	tut=First;chat=21:Press;line=Bottom	false
chat_allowed	tut=First;chat=21:Press;line=Top	false
chat_allowed	tut=First;chat=22:PressChange;line=Mid	false
chat_allowed	tut=First;chat=22:PressChange;line=Bottom	false
chat_allowed	tut=First;chat=22:PressChange;line=Top	false
chat_allowed	tut=First;chat=23:Repair	true
chat_allowed	tut=First;chat=24:SerpenPrepare	false
chat_allowed	tut=First;chat=25:SerpenSetup	false
chat_allowed	tut=First;chat=26:SerpenCheck	false
chat_allowed	tut=First;chat=27:SerpenEnemyHunt	false
chat_allowed	tut=First;chat=28:SerpenAssemble	false
chat_allowed	tut=First;chat=29:SerpenHunt	false
chat_allowed	tut=First;chat=30:SerpenBattle	false
chat_allowed	tut=First;chat=31:SerpenGiveUp;r=StackAhead	false
chat_allowed	tut=First;chat=31:SerpenGiveUp;r=Outnumbered	false
chat_allowed	tut=First;chat=32:SerpenSteal;k=Lurk	false
chat_allowed	tut=First;chat=32:SerpenSteal;k=Commit	false
chat_allowed	tut=First;chat=33:MorgardPrepare	false
chat_allowed	tut=First;chat=34:MorgardSetup	false
chat_allowed	tut=First;chat=35:MorgardCheck	false
chat_allowed	tut=First;chat=36:MorgardEnemyHunt	false
chat_allowed	tut=First;chat=37:MorgardAssemble	false
chat_allowed	tut=First;chat=38:MorgardHunt	false
chat_allowed	tut=First;chat=39:MorgardBattle	false
chat_allowed	tut=First;chat=40:MorgardGiveUp	false
chat_allowed	tut=First;chat=41:MorgardSteal;k=Lurk	false
chat_allowed	tut=First;chat=41:MorgardSteal;k=Commit	false
chat_allowed	tut=First;chat=42:AttackNexus;line=Mid	false
chat_allowed	tut=First;chat=42:AttackNexus;line=Bottom	true
chat_allowed	tut=First;chat=42:AttackNexus;line=Top	false
chat_allowed	tut=First;chat=43:DefenseNexus	true
chat_allowed	tut=First;chat=44:GankDive;line=Mid	false
chat_allowed	tut=First;chat=44:GankDive;line=Bottom	true
chat_allowed	tut=First;chat=44:GankDive;line=Top	false
chat_allowed	tut=First;chat=45:PressTower;line=Mid	false
chat_allowed	tut=First;chat=45:PressTower;line=Bottom	true
chat_allowed	tut=First;chat=45:PressTower;line=Top	false
chat_allowed	tut=First;chat=46:ComebackPick;line=Mid	false
chat_allowed	tut=First;chat=46:ComebackPick;line=Bottom	true
chat_allowed	tut=First;chat=46:ComebackPick;line=Top	false
chat_allowed	tut=First;chat=47:PlayCall;a=0,b=0	false
chat_allowed	tut=First;chat=47:PlayCall;a=0,b=1	false
chat_allowed	tut=First;chat=47:PlayCall;a=0,b=2	false
chat_allowed	tut=First;chat=47:PlayCall;a=0,b=3	false
chat_allowed	tut=First;chat=47:PlayCall;a=0,b=4	false
chat_allowed	tut=First;chat=47:PlayCall;a=0,b=5	false
chat_allowed	tut=First;chat=47:PlayCall;a=0,b=6	false
chat_allowed	tut=First;chat=47:PlayCall;a=0,b=7	false
chat_allowed	tut=First;chat=47:PlayCall;a=1,b=0	false
chat_allowed	tut=First;chat=47:PlayCall;a=1,b=1	false
chat_allowed	tut=First;chat=47:PlayCall;a=1,b=2	false
chat_allowed	tut=First;chat=47:PlayCall;a=1,b=3	false
chat_allowed	tut=First;chat=47:PlayCall;a=1,b=4	false
chat_allowed	tut=First;chat=47:PlayCall;a=1,b=5	false
chat_allowed	tut=First;chat=47:PlayCall;a=1,b=6	false
chat_allowed	tut=First;chat=47:PlayCall;a=1,b=7	false
chat_allowed	tut=First;chat=47:PlayCall;a=2,b=0	false
chat_allowed	tut=First;chat=47:PlayCall;a=2,b=1	false
chat_allowed	tut=First;chat=47:PlayCall;a=2,b=2	false
chat_allowed	tut=First;chat=47:PlayCall;a=2,b=3	false
chat_allowed	tut=First;chat=47:PlayCall;a=2,b=4	false
chat_allowed	tut=First;chat=47:PlayCall;a=2,b=5	false
chat_allowed	tut=First;chat=47:PlayCall;a=2,b=6	false
chat_allowed	tut=First;chat=47:PlayCall;a=2,b=7	false
chat_allowed	tut=First;chat=47:PlayCall;a=3,b=0	false
chat_allowed	tut=First;chat=47:PlayCall;a=3,b=1	false
chat_allowed	tut=First;chat=47:PlayCall;a=3,b=2	false
chat_allowed	tut=First;chat=47:PlayCall;a=3,b=3	false
chat_allowed	tut=First;chat=47:PlayCall;a=3,b=4	false
chat_allowed	tut=First;chat=47:PlayCall;a=3,b=5	false
chat_allowed	tut=First;chat=47:PlayCall;a=3,b=6	false
chat_allowed	tut=First;chat=47:PlayCall;a=3,b=7	false
chat_allowed	tut=First;chat=47:PlayCall;a=4,b=0	false
chat_allowed	tut=First;chat=47:PlayCall;a=4,b=1	false
chat_allowed	tut=First;chat=47:PlayCall;a=4,b=2	true
chat_allowed	tut=First;chat=47:PlayCall;a=4,b=3	true
chat_allowed	tut=First;chat=47:PlayCall;a=4,b=4	true
chat_allowed	tut=First;chat=47:PlayCall;a=4,b=5	true
chat_allowed	tut=First;chat=47:PlayCall;a=4,b=6	true
chat_allowed	tut=First;chat=47:PlayCall;a=4,b=7	true
chat_allowed	tut=First;chat=47:PlayCall;a=5,b=0	false
chat_allowed	tut=First;chat=47:PlayCall;a=5,b=1	false
chat_allowed	tut=First;chat=47:PlayCall;a=5,b=2	true
chat_allowed	tut=First;chat=47:PlayCall;a=5,b=3	true
chat_allowed	tut=First;chat=47:PlayCall;a=5,b=4	true
chat_allowed	tut=First;chat=47:PlayCall;a=5,b=5	true
chat_allowed	tut=First;chat=47:PlayCall;a=5,b=6	true
chat_allowed	tut=First;chat=47:PlayCall;a=5,b=7	true
chat_allowed	tut=First;chat=47:PlayCall;a=6,b=0	false
chat_allowed	tut=First;chat=47:PlayCall;a=6,b=1	false
chat_allowed	tut=First;chat=47:PlayCall;a=6,b=2	true
chat_allowed	tut=First;chat=47:PlayCall;a=6,b=3	true
chat_allowed	tut=First;chat=47:PlayCall;a=6,b=4	true
chat_allowed	tut=First;chat=47:PlayCall;a=6,b=5	true
chat_allowed	tut=First;chat=47:PlayCall;a=6,b=6	true
chat_allowed	tut=First;chat=47:PlayCall;a=6,b=7	true
chat_allowed	tut=First;chat=47:PlayCall;a=7,b=0	false
chat_allowed	tut=First;chat=47:PlayCall;a=7,b=1	false
chat_allowed	tut=First;chat=47:PlayCall;a=7,b=2	true
chat_allowed	tut=First;chat=47:PlayCall;a=7,b=3	true
chat_allowed	tut=First;chat=47:PlayCall;a=7,b=4	true
chat_allowed	tut=First;chat=47:PlayCall;a=7,b=5	true
chat_allowed	tut=First;chat=47:PlayCall;a=7,b=6	true
chat_allowed	tut=First;chat=47:PlayCall;a=7,b=7	true
chat_allowed	tut=First;chat=48:PlayPhaseChange;a=0,b=0	false
chat_allowed	tut=First;chat=48:PlayPhaseChange;a=0,b=1	false
chat_allowed	tut=First;chat=48:PlayPhaseChange;a=0,b=2	false
chat_allowed	tut=First;chat=48:PlayPhaseChange;a=0,b=3	false
chat_allowed	tut=First;chat=48:PlayPhaseChange;a=0,b=4	false
chat_allowed	tut=First;chat=48:PlayPhaseChange;a=0,b=5	false
chat_allowed	tut=First;chat=48:PlayPhaseChange;a=0,b=6	false
chat_allowed	tut=First;chat=48:PlayPhaseChange;a=0,b=7	false
chat_allowed	tut=First;chat=48:PlayPhaseChange;a=1,b=0	false
chat_allowed	tut=First;chat=48:PlayPhaseChange;a=1,b=1	false
chat_allowed	tut=First;chat=48:PlayPhaseChange;a=1,b=2	false
chat_allowed	tut=First;chat=48:PlayPhaseChange;a=1,b=3	false
chat_allowed	tut=First;chat=48:PlayPhaseChange;a=1,b=4	false
chat_allowed	tut=First;chat=48:PlayPhaseChange;a=1,b=5	false
chat_allowed	tut=First;chat=48:PlayPhaseChange;a=1,b=6	false
chat_allowed	tut=First;chat=48:PlayPhaseChange;a=1,b=7	false
chat_allowed	tut=First;chat=48:PlayPhaseChange;a=2,b=0	false
chat_allowed	tut=First;chat=48:PlayPhaseChange;a=2,b=1	false
chat_allowed	tut=First;chat=48:PlayPhaseChange;a=2,b=2	false
chat_allowed	tut=First;chat=48:PlayPhaseChange;a=2,b=3	false
chat_allowed	tut=First;chat=48:PlayPhaseChange;a=2,b=4	false
chat_allowed	tut=First;chat=48:PlayPhaseChange;a=2,b=5	false
chat_allowed	tut=First;chat=48:PlayPhaseChange;a=2,b=6	false
chat_allowed	tut=First;chat=48:PlayPhaseChange;a=2,b=7	false
chat_allowed	tut=First;chat=48:PlayPhaseChange;a=3,b=0	false
chat_allowed	tut=First;chat=48:PlayPhaseChange;a=3,b=1	false
chat_allowed	tut=First;chat=48:PlayPhaseChange;a=3,b=2	false
chat_allowed	tut=First;chat=48:PlayPhaseChange;a=3,b=3	false
chat_allowed	tut=First;chat=48:PlayPhaseChange;a=3,b=4	false
chat_allowed	tut=First;chat=48:PlayPhaseChange;a=3,b=5	false
chat_allowed	tut=First;chat=48:PlayPhaseChange;a=3,b=6	false
chat_allowed	tut=First;chat=48:PlayPhaseChange;a=3,b=7	false
chat_allowed	tut=First;chat=48:PlayPhaseChange;a=4,b=0	false
chat_allowed	tut=First;chat=48:PlayPhaseChange;a=4,b=1	false
chat_allowed	tut=First;chat=48:PlayPhaseChange;a=4,b=2	true
chat_allowed	tut=First;chat=48:PlayPhaseChange;a=4,b=3	true
chat_allowed	tut=First;chat=48:PlayPhaseChange;a=4,b=4	true
chat_allowed	tut=First;chat=48:PlayPhaseChange;a=4,b=5	true
chat_allowed	tut=First;chat=48:PlayPhaseChange;a=4,b=6	true
chat_allowed	tut=First;chat=48:PlayPhaseChange;a=4,b=7	true
chat_allowed	tut=First;chat=48:PlayPhaseChange;a=5,b=0	false
chat_allowed	tut=First;chat=48:PlayPhaseChange;a=5,b=1	false
chat_allowed	tut=First;chat=48:PlayPhaseChange;a=5,b=2	true
chat_allowed	tut=First;chat=48:PlayPhaseChange;a=5,b=3	true
chat_allowed	tut=First;chat=48:PlayPhaseChange;a=5,b=4	true
chat_allowed	tut=First;chat=48:PlayPhaseChange;a=5,b=5	true
chat_allowed	tut=First;chat=48:PlayPhaseChange;a=5,b=6	true
chat_allowed	tut=First;chat=48:PlayPhaseChange;a=5,b=7	true
chat_allowed	tut=First;chat=48:PlayPhaseChange;a=6,b=0	false
chat_allowed	tut=First;chat=48:PlayPhaseChange;a=6,b=1	false
chat_allowed	tut=First;chat=48:PlayPhaseChange;a=6,b=2	true
chat_allowed	tut=First;chat=48:PlayPhaseChange;a=6,b=3	true
chat_allowed	tut=First;chat=48:PlayPhaseChange;a=6,b=4	true
chat_allowed	tut=First;chat=48:PlayPhaseChange;a=6,b=5	true
chat_allowed	tut=First;chat=48:PlayPhaseChange;a=6,b=6	true
chat_allowed	tut=First;chat=48:PlayPhaseChange;a=6,b=7	true
chat_allowed	tut=First;chat=48:PlayPhaseChange;a=7,b=0	false
chat_allowed	tut=First;chat=48:PlayPhaseChange;a=7,b=1	false
chat_allowed	tut=First;chat=48:PlayPhaseChange;a=7,b=2	true
chat_allowed	tut=First;chat=48:PlayPhaseChange;a=7,b=3	true
chat_allowed	tut=First;chat=48:PlayPhaseChange;a=7,b=4	true
chat_allowed	tut=First;chat=48:PlayPhaseChange;a=7,b=5	true
chat_allowed	tut=First;chat=48:PlayPhaseChange;a=7,b=6	true
chat_allowed	tut=First;chat=48:PlayPhaseChange;a=7,b=7	true
chat_allowed	tut=First;chat=49:PlayPropose;a=0,b=0,c=0	false
chat_allowed	tut=First;chat=49:PlayPropose;a=0,b=0,c=1	false
chat_allowed	tut=First;chat=49:PlayPropose;a=0,b=0,c=2	false
chat_allowed	tut=First;chat=49:PlayPropose;a=0,b=0,c=3	false
chat_allowed	tut=First;chat=49:PlayPropose;a=0,b=1,c=0	false
chat_allowed	tut=First;chat=49:PlayPropose;a=0,b=1,c=1	false
chat_allowed	tut=First;chat=49:PlayPropose;a=0,b=1,c=2	false
chat_allowed	tut=First;chat=49:PlayPropose;a=0,b=1,c=3	false
chat_allowed	tut=First;chat=49:PlayPropose;a=0,b=2,c=0	false
chat_allowed	tut=First;chat=49:PlayPropose;a=0,b=2,c=1	false
chat_allowed	tut=First;chat=49:PlayPropose;a=0,b=2,c=2	false
chat_allowed	tut=First;chat=49:PlayPropose;a=0,b=2,c=3	false
chat_allowed	tut=First;chat=49:PlayPropose;a=0,b=3,c=0	false
chat_allowed	tut=First;chat=49:PlayPropose;a=0,b=3,c=1	false
chat_allowed	tut=First;chat=49:PlayPropose;a=0,b=3,c=2	false
chat_allowed	tut=First;chat=49:PlayPropose;a=0,b=3,c=3	false
chat_allowed	tut=First;chat=49:PlayPropose;a=0,b=4,c=0	false
chat_allowed	tut=First;chat=49:PlayPropose;a=0,b=4,c=1	false
chat_allowed	tut=First;chat=49:PlayPropose;a=0,b=4,c=2	false
chat_allowed	tut=First;chat=49:PlayPropose;a=0,b=4,c=3	false
chat_allowed	tut=First;chat=49:PlayPropose;a=0,b=5,c=0	false
chat_allowed	tut=First;chat=49:PlayPropose;a=0,b=5,c=1	false
chat_allowed	tut=First;chat=49:PlayPropose;a=0,b=5,c=2	false
chat_allowed	tut=First;chat=49:PlayPropose;a=0,b=5,c=3	false
chat_allowed	tut=First;chat=49:PlayPropose;a=0,b=6,c=0	false
chat_allowed	tut=First;chat=49:PlayPropose;a=0,b=6,c=1	false
chat_allowed	tut=First;chat=49:PlayPropose;a=0,b=6,c=2	false
chat_allowed	tut=First;chat=49:PlayPropose;a=0,b=6,c=3	false
chat_allowed	tut=First;chat=49:PlayPropose;a=0,b=7,c=0	false
chat_allowed	tut=First;chat=49:PlayPropose;a=0,b=7,c=1	false
chat_allowed	tut=First;chat=49:PlayPropose;a=0,b=7,c=2	false
chat_allowed	tut=First;chat=49:PlayPropose;a=0,b=7,c=3	false
chat_allowed	tut=First;chat=49:PlayPropose;a=1,b=0,c=0	false
chat_allowed	tut=First;chat=49:PlayPropose;a=1,b=0,c=1	false
chat_allowed	tut=First;chat=49:PlayPropose;a=1,b=0,c=2	false
chat_allowed	tut=First;chat=49:PlayPropose;a=1,b=0,c=3	false
chat_allowed	tut=First;chat=49:PlayPropose;a=1,b=1,c=0	false
chat_allowed	tut=First;chat=49:PlayPropose;a=1,b=1,c=1	false
chat_allowed	tut=First;chat=49:PlayPropose;a=1,b=1,c=2	false
chat_allowed	tut=First;chat=49:PlayPropose;a=1,b=1,c=3	false
chat_allowed	tut=First;chat=49:PlayPropose;a=1,b=2,c=0	false
chat_allowed	tut=First;chat=49:PlayPropose;a=1,b=2,c=1	false
chat_allowed	tut=First;chat=49:PlayPropose;a=1,b=2,c=2	false
chat_allowed	tut=First;chat=49:PlayPropose;a=1,b=2,c=3	false
chat_allowed	tut=First;chat=49:PlayPropose;a=1,b=3,c=0	false
chat_allowed	tut=First;chat=49:PlayPropose;a=1,b=3,c=1	false
chat_allowed	tut=First;chat=49:PlayPropose;a=1,b=3,c=2	false
chat_allowed	tut=First;chat=49:PlayPropose;a=1,b=3,c=3	false
chat_allowed	tut=First;chat=49:PlayPropose;a=1,b=4,c=0	false
chat_allowed	tut=First;chat=49:PlayPropose;a=1,b=4,c=1	false
chat_allowed	tut=First;chat=49:PlayPropose;a=1,b=4,c=2	false
chat_allowed	tut=First;chat=49:PlayPropose;a=1,b=4,c=3	false
chat_allowed	tut=First;chat=49:PlayPropose;a=1,b=5,c=0	false
chat_allowed	tut=First;chat=49:PlayPropose;a=1,b=5,c=1	false
chat_allowed	tut=First;chat=49:PlayPropose;a=1,b=5,c=2	false
chat_allowed	tut=First;chat=49:PlayPropose;a=1,b=5,c=3	false
chat_allowed	tut=First;chat=49:PlayPropose;a=1,b=6,c=0	false
chat_allowed	tut=First;chat=49:PlayPropose;a=1,b=6,c=1	false
chat_allowed	tut=First;chat=49:PlayPropose;a=1,b=6,c=2	false
chat_allowed	tut=First;chat=49:PlayPropose;a=1,b=6,c=3	false
chat_allowed	tut=First;chat=49:PlayPropose;a=1,b=7,c=0	false
chat_allowed	tut=First;chat=49:PlayPropose;a=1,b=7,c=1	false
chat_allowed	tut=First;chat=49:PlayPropose;a=1,b=7,c=2	false
chat_allowed	tut=First;chat=49:PlayPropose;a=1,b=7,c=3	false
chat_allowed	tut=First;chat=49:PlayPropose;a=2,b=0,c=0	false
chat_allowed	tut=First;chat=49:PlayPropose;a=2,b=0,c=1	false
chat_allowed	tut=First;chat=49:PlayPropose;a=2,b=0,c=2	false
chat_allowed	tut=First;chat=49:PlayPropose;a=2,b=0,c=3	false
chat_allowed	tut=First;chat=49:PlayPropose;a=2,b=1,c=0	false
chat_allowed	tut=First;chat=49:PlayPropose;a=2,b=1,c=1	false
chat_allowed	tut=First;chat=49:PlayPropose;a=2,b=1,c=2	false
chat_allowed	tut=First;chat=49:PlayPropose;a=2,b=1,c=3	false
chat_allowed	tut=First;chat=49:PlayPropose;a=2,b=2,c=0	false
chat_allowed	tut=First;chat=49:PlayPropose;a=2,b=2,c=1	false
chat_allowed	tut=First;chat=49:PlayPropose;a=2,b=2,c=2	false
chat_allowed	tut=First;chat=49:PlayPropose;a=2,b=2,c=3	false
chat_allowed	tut=First;chat=49:PlayPropose;a=2,b=3,c=0	false
chat_allowed	tut=First;chat=49:PlayPropose;a=2,b=3,c=1	false
chat_allowed	tut=First;chat=49:PlayPropose;a=2,b=3,c=2	false
chat_allowed	tut=First;chat=49:PlayPropose;a=2,b=3,c=3	false
chat_allowed	tut=First;chat=49:PlayPropose;a=2,b=4,c=0	false
chat_allowed	tut=First;chat=49:PlayPropose;a=2,b=4,c=1	false
chat_allowed	tut=First;chat=49:PlayPropose;a=2,b=4,c=2	false
chat_allowed	tut=First;chat=49:PlayPropose;a=2,b=4,c=3	false
chat_allowed	tut=First;chat=49:PlayPropose;a=2,b=5,c=0	false
chat_allowed	tut=First;chat=49:PlayPropose;a=2,b=5,c=1	false
chat_allowed	tut=First;chat=49:PlayPropose;a=2,b=5,c=2	false
chat_allowed	tut=First;chat=49:PlayPropose;a=2,b=5,c=3	false
chat_allowed	tut=First;chat=49:PlayPropose;a=2,b=6,c=0	false
chat_allowed	tut=First;chat=49:PlayPropose;a=2,b=6,c=1	false
chat_allowed	tut=First;chat=49:PlayPropose;a=2,b=6,c=2	false
chat_allowed	tut=First;chat=49:PlayPropose;a=2,b=6,c=3	false
chat_allowed	tut=First;chat=49:PlayPropose;a=2,b=7,c=0	false
chat_allowed	tut=First;chat=49:PlayPropose;a=2,b=7,c=1	false
chat_allowed	tut=First;chat=49:PlayPropose;a=2,b=7,c=2	false
chat_allowed	tut=First;chat=49:PlayPropose;a=2,b=7,c=3	false
chat_allowed	tut=First;chat=49:PlayPropose;a=3,b=0,c=0	false
chat_allowed	tut=First;chat=49:PlayPropose;a=3,b=0,c=1	false
chat_allowed	tut=First;chat=49:PlayPropose;a=3,b=0,c=2	false
chat_allowed	tut=First;chat=49:PlayPropose;a=3,b=0,c=3	false
chat_allowed	tut=First;chat=49:PlayPropose;a=3,b=1,c=0	false
chat_allowed	tut=First;chat=49:PlayPropose;a=3,b=1,c=1	false
chat_allowed	tut=First;chat=49:PlayPropose;a=3,b=1,c=2	false
chat_allowed	tut=First;chat=49:PlayPropose;a=3,b=1,c=3	false
chat_allowed	tut=First;chat=49:PlayPropose;a=3,b=2,c=0	false
chat_allowed	tut=First;chat=49:PlayPropose;a=3,b=2,c=1	false
chat_allowed	tut=First;chat=49:PlayPropose;a=3,b=2,c=2	false
chat_allowed	tut=First;chat=49:PlayPropose;a=3,b=2,c=3	false
chat_allowed	tut=First;chat=49:PlayPropose;a=3,b=3,c=0	false
chat_allowed	tut=First;chat=49:PlayPropose;a=3,b=3,c=1	false
chat_allowed	tut=First;chat=49:PlayPropose;a=3,b=3,c=2	false
chat_allowed	tut=First;chat=49:PlayPropose;a=3,b=3,c=3	false
chat_allowed	tut=First;chat=49:PlayPropose;a=3,b=4,c=0	false
chat_allowed	tut=First;chat=49:PlayPropose;a=3,b=4,c=1	false
chat_allowed	tut=First;chat=49:PlayPropose;a=3,b=4,c=2	false
chat_allowed	tut=First;chat=49:PlayPropose;a=3,b=4,c=3	false
chat_allowed	tut=First;chat=49:PlayPropose;a=3,b=5,c=0	false
chat_allowed	tut=First;chat=49:PlayPropose;a=3,b=5,c=1	false
chat_allowed	tut=First;chat=49:PlayPropose;a=3,b=5,c=2	false
chat_allowed	tut=First;chat=49:PlayPropose;a=3,b=5,c=3	false
chat_allowed	tut=First;chat=49:PlayPropose;a=3,b=6,c=0	false
chat_allowed	tut=First;chat=49:PlayPropose;a=3,b=6,c=1	false
chat_allowed	tut=First;chat=49:PlayPropose;a=3,b=6,c=2	false
chat_allowed	tut=First;chat=49:PlayPropose;a=3,b=6,c=3	false
chat_allowed	tut=First;chat=49:PlayPropose;a=3,b=7,c=0	false
chat_allowed	tut=First;chat=49:PlayPropose;a=3,b=7,c=1	false
chat_allowed	tut=First;chat=49:PlayPropose;a=3,b=7,c=2	false
chat_allowed	tut=First;chat=49:PlayPropose;a=3,b=7,c=3	false
chat_allowed	tut=First;chat=49:PlayPropose;a=4,b=0,c=0	false
chat_allowed	tut=First;chat=49:PlayPropose;a=4,b=0,c=1	false
chat_allowed	tut=First;chat=49:PlayPropose;a=4,b=0,c=2	false
chat_allowed	tut=First;chat=49:PlayPropose;a=4,b=0,c=3	false
chat_allowed	tut=First;chat=49:PlayPropose;a=4,b=1,c=0	false
chat_allowed	tut=First;chat=49:PlayPropose;a=4,b=1,c=1	false
chat_allowed	tut=First;chat=49:PlayPropose;a=4,b=1,c=2	false
chat_allowed	tut=First;chat=49:PlayPropose;a=4,b=1,c=3	false
chat_allowed	tut=First;chat=49:PlayPropose;a=4,b=2,c=0	true
chat_allowed	tut=First;chat=49:PlayPropose;a=4,b=2,c=1	true
chat_allowed	tut=First;chat=49:PlayPropose;a=4,b=2,c=2	true
chat_allowed	tut=First;chat=49:PlayPropose;a=4,b=2,c=3	true
chat_allowed	tut=First;chat=49:PlayPropose;a=4,b=3,c=0	true
chat_allowed	tut=First;chat=49:PlayPropose;a=4,b=3,c=1	true
chat_allowed	tut=First;chat=49:PlayPropose;a=4,b=3,c=2	true
chat_allowed	tut=First;chat=49:PlayPropose;a=4,b=3,c=3	true
chat_allowed	tut=First;chat=49:PlayPropose;a=4,b=4,c=0	true
chat_allowed	tut=First;chat=49:PlayPropose;a=4,b=4,c=1	true
chat_allowed	tut=First;chat=49:PlayPropose;a=4,b=4,c=2	true
chat_allowed	tut=First;chat=49:PlayPropose;a=4,b=4,c=3	true
chat_allowed	tut=First;chat=49:PlayPropose;a=4,b=5,c=0	true
chat_allowed	tut=First;chat=49:PlayPropose;a=4,b=5,c=1	true
chat_allowed	tut=First;chat=49:PlayPropose;a=4,b=5,c=2	true
chat_allowed	tut=First;chat=49:PlayPropose;a=4,b=5,c=3	true
chat_allowed	tut=First;chat=49:PlayPropose;a=4,b=6,c=0	true
chat_allowed	tut=First;chat=49:PlayPropose;a=4,b=6,c=1	true
chat_allowed	tut=First;chat=49:PlayPropose;a=4,b=6,c=2	true
chat_allowed	tut=First;chat=49:PlayPropose;a=4,b=6,c=3	true
chat_allowed	tut=First;chat=49:PlayPropose;a=4,b=7,c=0	true
chat_allowed	tut=First;chat=49:PlayPropose;a=4,b=7,c=1	true
chat_allowed	tut=First;chat=49:PlayPropose;a=4,b=7,c=2	true
chat_allowed	tut=First;chat=49:PlayPropose;a=4,b=7,c=3	true
chat_allowed	tut=First;chat=49:PlayPropose;a=5,b=0,c=0	false
chat_allowed	tut=First;chat=49:PlayPropose;a=5,b=0,c=1	false
chat_allowed	tut=First;chat=49:PlayPropose;a=5,b=0,c=2	false
chat_allowed	tut=First;chat=49:PlayPropose;a=5,b=0,c=3	false
chat_allowed	tut=First;chat=49:PlayPropose;a=5,b=1,c=0	false
chat_allowed	tut=First;chat=49:PlayPropose;a=5,b=1,c=1	false
chat_allowed	tut=First;chat=49:PlayPropose;a=5,b=1,c=2	false
chat_allowed	tut=First;chat=49:PlayPropose;a=5,b=1,c=3	false
chat_allowed	tut=First;chat=49:PlayPropose;a=5,b=2,c=0	true
chat_allowed	tut=First;chat=49:PlayPropose;a=5,b=2,c=1	true
chat_allowed	tut=First;chat=49:PlayPropose;a=5,b=2,c=2	true
chat_allowed	tut=First;chat=49:PlayPropose;a=5,b=2,c=3	true
chat_allowed	tut=First;chat=49:PlayPropose;a=5,b=3,c=0	true
chat_allowed	tut=First;chat=49:PlayPropose;a=5,b=3,c=1	true
chat_allowed	tut=First;chat=49:PlayPropose;a=5,b=3,c=2	true
chat_allowed	tut=First;chat=49:PlayPropose;a=5,b=3,c=3	true
chat_allowed	tut=First;chat=49:PlayPropose;a=5,b=4,c=0	true
chat_allowed	tut=First;chat=49:PlayPropose;a=5,b=4,c=1	true
chat_allowed	tut=First;chat=49:PlayPropose;a=5,b=4,c=2	true
chat_allowed	tut=First;chat=49:PlayPropose;a=5,b=4,c=3	true
chat_allowed	tut=First;chat=49:PlayPropose;a=5,b=5,c=0	true
chat_allowed	tut=First;chat=49:PlayPropose;a=5,b=5,c=1	true
chat_allowed	tut=First;chat=49:PlayPropose;a=5,b=5,c=2	true
chat_allowed	tut=First;chat=49:PlayPropose;a=5,b=5,c=3	true
chat_allowed	tut=First;chat=49:PlayPropose;a=5,b=6,c=0	true
chat_allowed	tut=First;chat=49:PlayPropose;a=5,b=6,c=1	true
chat_allowed	tut=First;chat=49:PlayPropose;a=5,b=6,c=2	true
chat_allowed	tut=First;chat=49:PlayPropose;a=5,b=6,c=3	true
chat_allowed	tut=First;chat=49:PlayPropose;a=5,b=7,c=0	true
chat_allowed	tut=First;chat=49:PlayPropose;a=5,b=7,c=1	true
chat_allowed	tut=First;chat=49:PlayPropose;a=5,b=7,c=2	true
chat_allowed	tut=First;chat=49:PlayPropose;a=5,b=7,c=3	true
chat_allowed	tut=First;chat=49:PlayPropose;a=6,b=0,c=0	false
chat_allowed	tut=First;chat=49:PlayPropose;a=6,b=0,c=1	false
chat_allowed	tut=First;chat=49:PlayPropose;a=6,b=0,c=2	false
chat_allowed	tut=First;chat=49:PlayPropose;a=6,b=0,c=3	false
chat_allowed	tut=First;chat=49:PlayPropose;a=6,b=1,c=0	false
chat_allowed	tut=First;chat=49:PlayPropose;a=6,b=1,c=1	false
chat_allowed	tut=First;chat=49:PlayPropose;a=6,b=1,c=2	false
chat_allowed	tut=First;chat=49:PlayPropose;a=6,b=1,c=3	false
chat_allowed	tut=First;chat=49:PlayPropose;a=6,b=2,c=0	true
chat_allowed	tut=First;chat=49:PlayPropose;a=6,b=2,c=1	true
chat_allowed	tut=First;chat=49:PlayPropose;a=6,b=2,c=2	true
chat_allowed	tut=First;chat=49:PlayPropose;a=6,b=2,c=3	true
chat_allowed	tut=First;chat=49:PlayPropose;a=6,b=3,c=0	true
chat_allowed	tut=First;chat=49:PlayPropose;a=6,b=3,c=1	true
chat_allowed	tut=First;chat=49:PlayPropose;a=6,b=3,c=2	true
chat_allowed	tut=First;chat=49:PlayPropose;a=6,b=3,c=3	true
chat_allowed	tut=First;chat=49:PlayPropose;a=6,b=4,c=0	true
chat_allowed	tut=First;chat=49:PlayPropose;a=6,b=4,c=1	true
chat_allowed	tut=First;chat=49:PlayPropose;a=6,b=4,c=2	true
chat_allowed	tut=First;chat=49:PlayPropose;a=6,b=4,c=3	true
chat_allowed	tut=First;chat=49:PlayPropose;a=6,b=5,c=0	true
chat_allowed	tut=First;chat=49:PlayPropose;a=6,b=5,c=1	true
chat_allowed	tut=First;chat=49:PlayPropose;a=6,b=5,c=2	true
chat_allowed	tut=First;chat=49:PlayPropose;a=6,b=5,c=3	true
chat_allowed	tut=First;chat=49:PlayPropose;a=6,b=6,c=0	true
chat_allowed	tut=First;chat=49:PlayPropose;a=6,b=6,c=1	true
chat_allowed	tut=First;chat=49:PlayPropose;a=6,b=6,c=2	true
chat_allowed	tut=First;chat=49:PlayPropose;a=6,b=6,c=3	true
chat_allowed	tut=First;chat=49:PlayPropose;a=6,b=7,c=0	true
chat_allowed	tut=First;chat=49:PlayPropose;a=6,b=7,c=1	true
chat_allowed	tut=First;chat=49:PlayPropose;a=6,b=7,c=2	true
chat_allowed	tut=First;chat=49:PlayPropose;a=6,b=7,c=3	true
chat_allowed	tut=First;chat=49:PlayPropose;a=7,b=0,c=0	false
chat_allowed	tut=First;chat=49:PlayPropose;a=7,b=0,c=1	false
chat_allowed	tut=First;chat=49:PlayPropose;a=7,b=0,c=2	false
chat_allowed	tut=First;chat=49:PlayPropose;a=7,b=0,c=3	false
chat_allowed	tut=First;chat=49:PlayPropose;a=7,b=1,c=0	false
chat_allowed	tut=First;chat=49:PlayPropose;a=7,b=1,c=1	false
chat_allowed	tut=First;chat=49:PlayPropose;a=7,b=1,c=2	false
chat_allowed	tut=First;chat=49:PlayPropose;a=7,b=1,c=3	false
chat_allowed	tut=First;chat=49:PlayPropose;a=7,b=2,c=0	true
chat_allowed	tut=First;chat=49:PlayPropose;a=7,b=2,c=1	true
chat_allowed	tut=First;chat=49:PlayPropose;a=7,b=2,c=2	true
chat_allowed	tut=First;chat=49:PlayPropose;a=7,b=2,c=3	true
chat_allowed	tut=First;chat=49:PlayPropose;a=7,b=3,c=0	true
chat_allowed	tut=First;chat=49:PlayPropose;a=7,b=3,c=1	true
chat_allowed	tut=First;chat=49:PlayPropose;a=7,b=3,c=2	true
chat_allowed	tut=First;chat=49:PlayPropose;a=7,b=3,c=3	true
chat_allowed	tut=First;chat=49:PlayPropose;a=7,b=4,c=0	true
chat_allowed	tut=First;chat=49:PlayPropose;a=7,b=4,c=1	true
chat_allowed	tut=First;chat=49:PlayPropose;a=7,b=4,c=2	true
chat_allowed	tut=First;chat=49:PlayPropose;a=7,b=4,c=3	true
chat_allowed	tut=First;chat=49:PlayPropose;a=7,b=5,c=0	true
chat_allowed	tut=First;chat=49:PlayPropose;a=7,b=5,c=1	true
chat_allowed	tut=First;chat=49:PlayPropose;a=7,b=5,c=2	true
chat_allowed	tut=First;chat=49:PlayPropose;a=7,b=5,c=3	true
chat_allowed	tut=First;chat=49:PlayPropose;a=7,b=6,c=0	true
chat_allowed	tut=First;chat=49:PlayPropose;a=7,b=6,c=1	true
chat_allowed	tut=First;chat=49:PlayPropose;a=7,b=6,c=2	true
chat_allowed	tut=First;chat=49:PlayPropose;a=7,b=6,c=3	true
chat_allowed	tut=First;chat=49:PlayPropose;a=7,b=7,c=0	true
chat_allowed	tut=First;chat=49:PlayPropose;a=7,b=7,c=1	true
chat_allowed	tut=First;chat=49:PlayPropose;a=7,b=7,c=2	true
chat_allowed	tut=First;chat=49:PlayPropose;a=7,b=7,c=3	true
chat_allowed	tut=First;chat=50:GankPlan;line=Mid,a=0	false
chat_allowed	tut=First;chat=50:GankPlan;line=Mid,a=1	false
chat_allowed	tut=First;chat=50:GankPlan;line=Mid,a=2	false
chat_allowed	tut=First;chat=50:GankPlan;line=Mid,a=3	false
chat_allowed	tut=First;chat=50:GankPlan;line=Mid,a=4	false
chat_allowed	tut=First;chat=50:GankPlan;line=Mid,a=5	false
chat_allowed	tut=First;chat=50:GankPlan;line=Mid,a=6	false
chat_allowed	tut=First;chat=50:GankPlan;line=Mid,a=7	false
chat_allowed	tut=First;chat=50:GankPlan;line=Bottom,a=0	true
chat_allowed	tut=First;chat=50:GankPlan;line=Bottom,a=1	true
chat_allowed	tut=First;chat=50:GankPlan;line=Bottom,a=2	true
chat_allowed	tut=First;chat=50:GankPlan;line=Bottom,a=3	true
chat_allowed	tut=First;chat=50:GankPlan;line=Bottom,a=4	true
chat_allowed	tut=First;chat=50:GankPlan;line=Bottom,a=5	true
chat_allowed	tut=First;chat=50:GankPlan;line=Bottom,a=6	true
chat_allowed	tut=First;chat=50:GankPlan;line=Bottom,a=7	true
chat_allowed	tut=First;chat=50:GankPlan;line=Top,a=0	false
chat_allowed	tut=First;chat=50:GankPlan;line=Top,a=1	false
chat_allowed	tut=First;chat=50:GankPlan;line=Top,a=2	false
chat_allowed	tut=First;chat=50:GankPlan;line=Top,a=3	false
chat_allowed	tut=First;chat=50:GankPlan;line=Top,a=4	false
chat_allowed	tut=First;chat=50:GankPlan;line=Top,a=5	false
chat_allowed	tut=First;chat=50:GankPlan;line=Top,a=6	false
chat_allowed	tut=First;chat=50:GankPlan;line=Top,a=7	false
chat_allowed	tut=First;chat=51:EarlyPlan;a=0	true
chat_allowed	tut=First;chat=51:EarlyPlan;a=1	false
chat_allowed	tut=First;chat=51:EarlyPlan;a=2	false
chat_allowed	tut=First;chat=51:EarlyPlan;a=3	true
chat_allowed	tut=First;chat=51:EarlyPlan;a=4	false
chat_allowed	tut=First;chat=51:EarlyPlan;a=5	true
chat_allowed	tut=First;chat=51:EarlyPlan;a=6	true
chat_allowed	tut=First;chat=51:EarlyPlan;a=7	true
chat_allowed	tut=First;chat=52:EarlyPlanChange;a=0	true
chat_allowed	tut=First;chat=52:EarlyPlanChange;a=1	true
chat_allowed	tut=First;chat=52:EarlyPlanChange;a=2	true
chat_allowed	tut=First;chat=52:EarlyPlanChange;a=3	true
chat_allowed	tut=First;chat=52:EarlyPlanChange;a=4	true
chat_allowed	tut=First;chat=52:EarlyPlanChange;a=5	true
chat_allowed	tut=First;chat=52:EarlyPlanChange;a=6	true
chat_allowed	tut=First;chat=52:EarlyPlanChange;a=7	true
chat_allowed	tut=First;chat=53:AcceptAfterTask;a=0	true
chat_allowed	tut=First;chat=53:AcceptAfterTask;a=1	true
chat_allowed	tut=First;chat=53:AcceptAfterTask;a=2	true
chat_allowed	tut=First;chat=53:AcceptAfterTask;a=3	true
chat_allowed	tut=First;chat=53:AcceptAfterTask;a=4	true
chat_allowed	tut=First;chat=53:AcceptAfterTask;a=5	true
chat_allowed	tut=First;chat=53:AcceptAfterTask;a=6	true
chat_allowed	tut=First;chat=53:AcceptAfterTask;a=7	true
chat_allowed	tut=First;chat=54:DeclineWithReason;a=0	true
chat_allowed	tut=First;chat=54:DeclineWithReason;a=1	true
chat_allowed	tut=First;chat=54:DeclineWithReason;a=2	true
chat_allowed	tut=First;chat=54:DeclineWithReason;a=3	true
chat_allowed	tut=First;chat=54:DeclineWithReason;a=4	true
chat_allowed	tut=First;chat=54:DeclineWithReason;a=5	true
chat_allowed	tut=First;chat=54:DeclineWithReason;a=6	true
chat_allowed	tut=First;chat=54:DeclineWithReason;a=7	true
chat_allowed	tut=First;chat=56:ReadySignal;a=0	true
chat_allowed	tut=First;chat=56:ReadySignal;a=1	true
chat_allowed	tut=First;chat=56:ReadySignal;a=2	true
chat_allowed	tut=First;chat=56:ReadySignal;a=3	true
chat_allowed	tut=First;chat=56:ReadySignal;a=4	true
chat_allowed	tut=First;chat=56:ReadySignal;a=5	true
chat_allowed	tut=First;chat=56:ReadySignal;a=6	true
chat_allowed	tut=First;chat=56:ReadySignal;a=7	true
chat_allowed	tut=First;chat=55:CounterRequest;a=0,b=0	false
chat_allowed	tut=First;chat=55:CounterRequest;a=0,b=1	false
chat_allowed	tut=First;chat=55:CounterRequest;a=0,b=2	true
chat_allowed	tut=First;chat=55:CounterRequest;a=0,b=3	true
chat_allowed	tut=First;chat=55:CounterRequest;a=0,b=4	true
chat_allowed	tut=First;chat=55:CounterRequest;a=0,b=5	true
chat_allowed	tut=First;chat=55:CounterRequest;a=0,b=6	true
chat_allowed	tut=First;chat=55:CounterRequest;a=0,b=7	true
chat_allowed	tut=First;chat=55:CounterRequest;a=1,b=0	false
chat_allowed	tut=First;chat=55:CounterRequest;a=1,b=1	false
chat_allowed	tut=First;chat=55:CounterRequest;a=1,b=2	true
chat_allowed	tut=First;chat=55:CounterRequest;a=1,b=3	true
chat_allowed	tut=First;chat=55:CounterRequest;a=1,b=4	true
chat_allowed	tut=First;chat=55:CounterRequest;a=1,b=5	true
chat_allowed	tut=First;chat=55:CounterRequest;a=1,b=6	true
chat_allowed	tut=First;chat=55:CounterRequest;a=1,b=7	true
chat_allowed	tut=First;chat=55:CounterRequest;a=2,b=0	false
chat_allowed	tut=First;chat=55:CounterRequest;a=2,b=1	false
chat_allowed	tut=First;chat=55:CounterRequest;a=2,b=2	true
chat_allowed	tut=First;chat=55:CounterRequest;a=2,b=3	true
chat_allowed	tut=First;chat=55:CounterRequest;a=2,b=4	true
chat_allowed	tut=First;chat=55:CounterRequest;a=2,b=5	true
chat_allowed	tut=First;chat=55:CounterRequest;a=2,b=6	true
chat_allowed	tut=First;chat=55:CounterRequest;a=2,b=7	true
chat_allowed	tut=First;chat=55:CounterRequest;a=3,b=0	false
chat_allowed	tut=First;chat=55:CounterRequest;a=3,b=1	false
chat_allowed	tut=First;chat=55:CounterRequest;a=3,b=2	true
chat_allowed	tut=First;chat=55:CounterRequest;a=3,b=3	true
chat_allowed	tut=First;chat=55:CounterRequest;a=3,b=4	true
chat_allowed	tut=First;chat=55:CounterRequest;a=3,b=5	true
chat_allowed	tut=First;chat=55:CounterRequest;a=3,b=6	true
chat_allowed	tut=First;chat=55:CounterRequest;a=3,b=7	true
chat_allowed	tut=First;chat=55:CounterRequest;a=4,b=0	false
chat_allowed	tut=First;chat=55:CounterRequest;a=4,b=1	false
chat_allowed	tut=First;chat=55:CounterRequest;a=4,b=2	true
chat_allowed	tut=First;chat=55:CounterRequest;a=4,b=3	true
chat_allowed	tut=First;chat=55:CounterRequest;a=4,b=4	true
chat_allowed	tut=First;chat=55:CounterRequest;a=4,b=5	true
chat_allowed	tut=First;chat=55:CounterRequest;a=4,b=6	true
chat_allowed	tut=First;chat=55:CounterRequest;a=4,b=7	true
chat_allowed	tut=First;chat=55:CounterRequest;a=5,b=0	false
chat_allowed	tut=First;chat=55:CounterRequest;a=5,b=1	false
chat_allowed	tut=First;chat=55:CounterRequest;a=5,b=2	true
chat_allowed	tut=First;chat=55:CounterRequest;a=5,b=3	true
chat_allowed	tut=First;chat=55:CounterRequest;a=5,b=4	true
chat_allowed	tut=First;chat=55:CounterRequest;a=5,b=5	true
chat_allowed	tut=First;chat=55:CounterRequest;a=5,b=6	true
chat_allowed	tut=First;chat=55:CounterRequest;a=5,b=7	true
chat_allowed	tut=First;chat=55:CounterRequest;a=6,b=0	false
chat_allowed	tut=First;chat=55:CounterRequest;a=6,b=1	false
chat_allowed	tut=First;chat=55:CounterRequest;a=6,b=2	true
chat_allowed	tut=First;chat=55:CounterRequest;a=6,b=3	true
chat_allowed	tut=First;chat=55:CounterRequest;a=6,b=4	true
chat_allowed	tut=First;chat=55:CounterRequest;a=6,b=5	true
chat_allowed	tut=First;chat=55:CounterRequest;a=6,b=6	true
chat_allowed	tut=First;chat=55:CounterRequest;a=6,b=7	true
chat_allowed	tut=First;chat=55:CounterRequest;a=7,b=0	false
chat_allowed	tut=First;chat=55:CounterRequest;a=7,b=1	false
chat_allowed	tut=First;chat=55:CounterRequest;a=7,b=2	true
chat_allowed	tut=First;chat=55:CounterRequest;a=7,b=3	true
chat_allowed	tut=First;chat=55:CounterRequest;a=7,b=4	true
chat_allowed	tut=First;chat=55:CounterRequest;a=7,b=5	true
chat_allowed	tut=First;chat=55:CounterRequest;a=7,b=6	true
chat_allowed	tut=First;chat=55:CounterRequest;a=7,b=7	true
valid_lines	tut=TopSolo	Top
line_exists	tut=TopSolo;line=Mid	false
fallback_line	tut=TopSolo;line=Mid	Top
line_exists	tut=TopSolo;line=Bottom	false
fallback_line	tut=TopSolo;line=Bottom	Top
line_exists	tut=TopSolo;line=Top	true
fallback_line	tut=TopSolo;line=Top	Top
position_exists	tut=TopSolo;pos=Top	true
position_exists	tut=TopSolo;pos=Jungle	false
position_exists	tut=TopSolo;pos=Mid	false
position_exists	tut=TopSolo;pos=Bottom	false
position_exists	tut=TopSolo;pos=Support	false
morgard_exists	tut=TopSolo	false
serpen_exists	tut=TopSolo	false
steal_target_allowed	tut=TopSolo;tgt=Epic	false
steal_target_allowed	tut=TopSolo;tgt=Serpen	false
steal_action_allowed	tut=TopSolo;act=None	true
steal_action_allowed	tut=TopSolo;act=Lurk(Epic)	false
steal_action_allowed	tut=TopSolo;act=Lurk(Serpen)	false
steal_action_allowed	tut=TopSolo;act=Commit(Epic)	false
steal_action_allowed	tut=TopSolo;act=Commit(Serpen)	false
goal_allowed	tut=TopSolo;goal=Line(Mid)	false
goal_allowed	tut=TopSolo;goal=Line(Bottom)	false
goal_allowed	tut=TopSolo;goal=Line(Top)	true
goal_allowed	tut=TopSolo;goal=Jungle(Rhino,0)	false
goal_allowed	tut=TopSolo;goal=Jungle(Rhino,1)	false
goal_allowed	tut=TopSolo;goal=Jungle(Mushroom,0)	false
goal_allowed	tut=TopSolo;goal=Jungle(Mushroom,1)	false
goal_allowed	tut=TopSolo;goal=Jungle(Stump,0)	false
goal_allowed	tut=TopSolo;goal=Jungle(Stump,1)	false
goal_allowed	tut=TopSolo;goal=Jungle(Bee,0)	false
goal_allowed	tut=TopSolo;goal=Jungle(Bee,1)	false
goal_allowed	tut=TopSolo;goal=Jungle(Morgard,0)	false
goal_allowed	tut=TopSolo;goal=Jungle(Morgard,1)	false
goal_allowed	tut=TopSolo;goal=Jungle(Serpen,0)	false
goal_allowed	tut=TopSolo;goal=Jungle(Serpen,1)	false
goal_allowed	tut=TopSolo;goal=Epic	false
goal_allowed	tut=TopSolo;goal=Serpen	false
goal_allowed	tut=TopSolo;goal=Nexus(0)	true
goal_allowed	tut=TopSolo;goal=Nexus(1)	true
goal_allowed	tut=TopSolo;goal=Battle(None)	true
goal_allowed	tut=TopSolo;goal=Battle(Some(0))	true
goal_allowed	tut=TopSolo;goal=Recall	true
main_objective_allowed	tut=TopSolo;mo=Morgard(ph=Setup,wb=false)	false
main_objective_allowed	tut=TopSolo;mo=Morgard(ph=Setup,wb=true)	false
main_objective_allowed	tut=TopSolo;mo=Morgard(ph=Assemble,wb=false)	false
main_objective_allowed	tut=TopSolo;mo=Morgard(ph=Assemble,wb=true)	false
main_objective_allowed	tut=TopSolo;mo=Morgard(ph=Hunt,wb=false)	false
main_objective_allowed	tut=TopSolo;mo=Morgard(ph=Hunt,wb=true)	false
main_objective_allowed	tut=TopSolo;mo=Morgard(ph=None,wb=false)	false
main_objective_allowed	tut=TopSolo;mo=Morgard(ph=None,wb=true)	false
main_objective_allowed	tut=TopSolo;mo=Serpen(ph=Setup,wb=false)	false
main_objective_allowed	tut=TopSolo;mo=Serpen(ph=Setup,wb=true)	false
main_objective_allowed	tut=TopSolo;mo=Serpen(ph=Assemble,wb=false)	false
main_objective_allowed	tut=TopSolo;mo=Serpen(ph=Assemble,wb=true)	false
main_objective_allowed	tut=TopSolo;mo=Serpen(ph=Hunt,wb=false)	false
main_objective_allowed	tut=TopSolo;mo=Serpen(ph=Hunt,wb=true)	false
main_objective_allowed	tut=TopSolo;mo=Serpen(ph=None,wb=false)	false
main_objective_allowed	tut=TopSolo;mo=Serpen(ph=None,wb=true)	false
main_objective_allowed	tut=TopSolo;mo=Defense	true
main_objective_allowed	tut=TopSolo;mo=Repair	true
main_objective_allowed	tut=TopSolo;mo=DefenseLine(Mid)	false
main_objective_allowed	tut=TopSolo;mo=DefenseLine(Bottom)	false
main_objective_allowed	tut=TopSolo;mo=DefenseLine(Top)	true
main_objective_allowed	tut=TopSolo;mo=Nexus(Mid)	false
main_objective_allowed	tut=TopSolo;mo=Nexus(Bottom)	false
main_objective_allowed	tut=TopSolo;mo=Nexus(Top)	true
main_objective_allowed	tut=TopSolo;mo=PressEpic(Mid)	false
main_objective_allowed	tut=TopSolo;mo=PressEpic(Bottom)	false
main_objective_allowed	tut=TopSolo;mo=PressEpic(Top)	false
main_objective_allowed	tut=TopSolo;mo=SplitEpic(Mid)	false
main_objective_allowed	tut=TopSolo;mo=SplitEpic(Bottom)	false
main_objective_allowed	tut=TopSolo;mo=SplitEpic(Top)	false
main_objective_allowed	tut=TopSolo;mo=Gank(Mid)	false
main_objective_allowed	tut=TopSolo;mo=Gank(Bottom)	false
main_objective_allowed	tut=TopSolo;mo=Gank(Top)	true
main_objective_allowed	tut=TopSolo;mo=Dive(Mid)	false
main_objective_allowed	tut=TopSolo;mo=Dive(Bottom)	false
main_objective_allowed	tut=TopSolo;mo=Dive(Top)	true
main_objective_allowed	tut=TopSolo;mo=PressTower(Mid)	false
main_objective_allowed	tut=TopSolo;mo=PressTower(Bottom)	false
main_objective_allowed	tut=TopSolo;mo=PressTower(Top)	true
main_objective_allowed	tut=TopSolo;mo=ComebackPick(Mid,ready=false)	false
main_objective_allowed	tut=TopSolo;mo=ComebackPick(Mid,ready=true)	false
main_objective_allowed	tut=TopSolo;mo=ComebackPick(Bottom,ready=false)	false
main_objective_allowed	tut=TopSolo;mo=ComebackPick(Bottom,ready=true)	false
main_objective_allowed	tut=TopSolo;mo=ComebackPick(Top,ready=false)	true
main_objective_allowed	tut=TopSolo;mo=ComebackPick(Top,ready=true)	true
sub_objective_allowed	tut=TopSolo;so=LineBattle(Mid,dive=false)	false
sub_objective_allowed	tut=TopSolo;so=LineBattle(Mid,dive=true)	false
sub_objective_allowed	tut=TopSolo;so=LineBattle(Bottom,dive=false)	false
sub_objective_allowed	tut=TopSolo;so=LineBattle(Bottom,dive=true)	false
sub_objective_allowed	tut=TopSolo;so=LineBattle(Top,dive=false)	true
sub_objective_allowed	tut=TopSolo;so=LineBattle(Top,dive=true)	true
sub_objective_allowed	tut=TopSolo;so=JungleBattle(Rhino,0)	false
sub_objective_allowed	tut=TopSolo;so=JungleBattle(Rhino,1)	false
sub_objective_allowed	tut=TopSolo;so=JungleBattle(Mushroom,0)	false
sub_objective_allowed	tut=TopSolo;so=JungleBattle(Mushroom,1)	false
sub_objective_allowed	tut=TopSolo;so=JungleBattle(Stump,0)	false
sub_objective_allowed	tut=TopSolo;so=JungleBattle(Stump,1)	false
sub_objective_allowed	tut=TopSolo;so=JungleBattle(Bee,0)	false
sub_objective_allowed	tut=TopSolo;so=JungleBattle(Bee,1)	false
sub_objective_allowed	tut=TopSolo;so=JungleBattle(Morgard,0)	false
sub_objective_allowed	tut=TopSolo;so=JungleBattle(Morgard,1)	false
sub_objective_allowed	tut=TopSolo;so=JungleBattle(Serpen,0)	false
sub_objective_allowed	tut=TopSolo;so=JungleBattle(Serpen,1)	false
chat_allowed	tut=TopSolo;chat=0:Start	true
chat_allowed	tut=TopSolo;chat=1:Mia;pos=Top	true
chat_allowed	tut=TopSolo;chat=1:Mia;pos=Jungle	false
chat_allowed	tut=TopSolo;chat=1:Mia;pos=Mid	false
chat_allowed	tut=TopSolo;chat=1:Mia;pos=Bottom	false
chat_allowed	tut=TopSolo;chat=1:Mia;pos=Support	false
chat_allowed	tut=TopSolo;chat=2:JungleCheck;line=Mid	false
chat_allowed	tut=TopSolo;chat=2:JungleCheck;line=Bottom	false
chat_allowed	tut=TopSolo;chat=2:JungleCheck;line=Top	true
chat_allowed	tut=TopSolo;chat=3:Battle	true
chat_allowed	tut=TopSolo;chat=4:BattleDive	true
chat_allowed	tut=TopSolo;chat=5:BattleLine;line=Mid	false
chat_allowed	tut=TopSolo;chat=5:BattleLine;line=Bottom	false
chat_allowed	tut=TopSolo;chat=5:BattleLine;line=Top	true
chat_allowed	tut=TopSolo;chat=6:BattleHelp	true
chat_allowed	tut=TopSolo;chat=7:BattleStop;r=TowerFocused	true
chat_allowed	tut=TopSolo;chat=7:BattleStop;r=TowerDiveFail	true
chat_allowed	tut=TopSolo;chat=7:BattleStop;r=Outnumbered	true
chat_allowed	tut=TopSolo;chat=7:BattleStop;r=LowHp	true
chat_allowed	tut=TopSolo;chat=7:BattleStop;r=BurstRisk	true
chat_allowed	tut=TopSolo;chat=7:BattleStop;r=LowHpMatch	true
chat_allowed	tut=TopSolo;chat=8:GankRequest;line=Mid	false
chat_allowed	tut=TopSolo;chat=8:GankRequest;line=Bottom	false
chat_allowed	tut=TopSolo;chat=8:GankRequest;line=Top	true
chat_allowed	tut=TopSolo;chat=9:CoverLine;line=Mid	false
chat_allowed	tut=TopSolo;chat=9:CoverLine;line=Bottom	false
chat_allowed	tut=TopSolo;chat=9:CoverLine;line=Top	true
chat_allowed	tut=TopSolo;chat=10:GankLineCover;line=Mid	false
chat_allowed	tut=TopSolo;chat=10:GankLineCover;line=Bottom	false
chat_allowed	tut=TopSolo;chat=10:GankLineCover;line=Top	true
chat_allowed	tut=TopSolo;chat=11:HideLine;line=Mid	false
chat_allowed	tut=TopSolo;chat=11:HideLine;line=Bottom	false
chat_allowed	tut=TopSolo;chat=11:HideLine;line=Top	true
chat_allowed	tut=TopSolo;chat=12:HideLineToo;line=Mid	false
chat_allowed	tut=TopSolo;chat=12:HideLineToo;line=Bottom	false
chat_allowed	tut=TopSolo;chat=12:HideLineToo;line=Top	true
chat_allowed	tut=TopSolo;chat=13:LineCover;line=Mid	false
chat_allowed	tut=TopSolo;chat=13:LineCover;line=Bottom	false
chat_allowed	tut=TopSolo;chat=13:LineCover;line=Top	true
chat_allowed	tut=TopSolo;chat=14:DefenseLine;line=Mid	false
chat_allowed	tut=TopSolo;chat=14:DefenseLine;line=Bottom	false
chat_allowed	tut=TopSolo;chat=14:DefenseLine;line=Top	true
chat_allowed	tut=TopSolo;chat=15:Ok	true
chat_allowed	tut=TopSolo;chat=16:Reject	true
chat_allowed	tut=TopSolo;chat=17:Cancel;r=LowHpSelf	true
chat_allowed	tut=TopSolo;chat=17:Cancel;r=LowHpAlly	true
chat_allowed	tut=TopSolo;chat=17:Cancel;r=TargetMissing	true
chat_allowed	tut=TopSolo;chat=17:Cancel;r=PlanChange	true
chat_allowed	tut=TopSolo;chat=17:Cancel;r=OperationAbort	true
chat_allowed	tut=TopSolo;chat=18:CounterJungle;camp=Rhino	false
chat_allowed	tut=TopSolo;chat=18:CounterJungle;camp=Mushroom	false
chat_allowed	tut=TopSolo;chat=18:CounterJungle;camp=Stump	false
chat_allowed	tut=TopSolo;chat=18:CounterJungle;camp=Bee	false
chat_allowed	tut=TopSolo;chat=18:CounterJungle;camp=Morgard	false
chat_allowed	tut=TopSolo;chat=18:CounterJungle;camp=Serpen	false
chat_allowed	tut=TopSolo;chat=19:Lead	true
chat_allowed	tut=TopSolo;chat=20:Split;line=Mid	false
chat_allowed	tut=TopSolo;chat=20:Split;line=Bottom	false
chat_allowed	tut=TopSolo;chat=20:Split;line=Top	false
chat_allowed	tut=TopSolo;chat=21:Press;line=Mid	false
chat_allowed	tut=TopSolo;chat=21:Press;line=Bottom	false
chat_allowed	tut=TopSolo;chat=21:Press;line=Top	false
chat_allowed	tut=TopSolo;chat=22:PressChange;line=Mid	false
chat_allowed	tut=TopSolo;chat=22:PressChange;line=Bottom	false
chat_allowed	tut=TopSolo;chat=22:PressChange;line=Top	false
chat_allowed	tut=TopSolo;chat=23:Repair	true
chat_allowed	tut=TopSolo;chat=24:SerpenPrepare	false
chat_allowed	tut=TopSolo;chat=25:SerpenSetup	false
chat_allowed	tut=TopSolo;chat=26:SerpenCheck	false
chat_allowed	tut=TopSolo;chat=27:SerpenEnemyHunt	false
chat_allowed	tut=TopSolo;chat=28:SerpenAssemble	false
chat_allowed	tut=TopSolo;chat=29:SerpenHunt	false
chat_allowed	tut=TopSolo;chat=30:SerpenBattle	false
chat_allowed	tut=TopSolo;chat=31:SerpenGiveUp;r=StackAhead	false
chat_allowed	tut=TopSolo;chat=31:SerpenGiveUp;r=Outnumbered	false
chat_allowed	tut=TopSolo;chat=32:SerpenSteal;k=Lurk	false
chat_allowed	tut=TopSolo;chat=32:SerpenSteal;k=Commit	false
chat_allowed	tut=TopSolo;chat=33:MorgardPrepare	false
chat_allowed	tut=TopSolo;chat=34:MorgardSetup	false
chat_allowed	tut=TopSolo;chat=35:MorgardCheck	false
chat_allowed	tut=TopSolo;chat=36:MorgardEnemyHunt	false
chat_allowed	tut=TopSolo;chat=37:MorgardAssemble	false
chat_allowed	tut=TopSolo;chat=38:MorgardHunt	false
chat_allowed	tut=TopSolo;chat=39:MorgardBattle	false
chat_allowed	tut=TopSolo;chat=40:MorgardGiveUp	false
chat_allowed	tut=TopSolo;chat=41:MorgardSteal;k=Lurk	false
chat_allowed	tut=TopSolo;chat=41:MorgardSteal;k=Commit	false
chat_allowed	tut=TopSolo;chat=42:AttackNexus;line=Mid	false
chat_allowed	tut=TopSolo;chat=42:AttackNexus;line=Bottom	false
chat_allowed	tut=TopSolo;chat=42:AttackNexus;line=Top	true
chat_allowed	tut=TopSolo;chat=43:DefenseNexus	true
chat_allowed	tut=TopSolo;chat=44:GankDive;line=Mid	false
chat_allowed	tut=TopSolo;chat=44:GankDive;line=Bottom	false
chat_allowed	tut=TopSolo;chat=44:GankDive;line=Top	true
chat_allowed	tut=TopSolo;chat=45:PressTower;line=Mid	false
chat_allowed	tut=TopSolo;chat=45:PressTower;line=Bottom	false
chat_allowed	tut=TopSolo;chat=45:PressTower;line=Top	true
chat_allowed	tut=TopSolo;chat=46:ComebackPick;line=Mid	false
chat_allowed	tut=TopSolo;chat=46:ComebackPick;line=Bottom	false
chat_allowed	tut=TopSolo;chat=46:ComebackPick;line=Top	true
chat_allowed	tut=TopSolo;chat=47:PlayCall;a=0,b=0	false
chat_allowed	tut=TopSolo;chat=47:PlayCall;a=0,b=1	false
chat_allowed	tut=TopSolo;chat=47:PlayCall;a=0,b=2	false
chat_allowed	tut=TopSolo;chat=47:PlayCall;a=0,b=3	false
chat_allowed	tut=TopSolo;chat=47:PlayCall;a=0,b=4	false
chat_allowed	tut=TopSolo;chat=47:PlayCall;a=0,b=5	false
chat_allowed	tut=TopSolo;chat=47:PlayCall;a=0,b=6	false
chat_allowed	tut=TopSolo;chat=47:PlayCall;a=0,b=7	false
chat_allowed	tut=TopSolo;chat=47:PlayCall;a=1,b=0	false
chat_allowed	tut=TopSolo;chat=47:PlayCall;a=1,b=1	false
chat_allowed	tut=TopSolo;chat=47:PlayCall;a=1,b=2	false
chat_allowed	tut=TopSolo;chat=47:PlayCall;a=1,b=3	false
chat_allowed	tut=TopSolo;chat=47:PlayCall;a=1,b=4	false
chat_allowed	tut=TopSolo;chat=47:PlayCall;a=1,b=5	false
chat_allowed	tut=TopSolo;chat=47:PlayCall;a=1,b=6	false
chat_allowed	tut=TopSolo;chat=47:PlayCall;a=1,b=7	false
chat_allowed	tut=TopSolo;chat=47:PlayCall;a=2,b=0	true
chat_allowed	tut=TopSolo;chat=47:PlayCall;a=2,b=1	false
chat_allowed	tut=TopSolo;chat=47:PlayCall;a=2,b=2	false
chat_allowed	tut=TopSolo;chat=47:PlayCall;a=2,b=3	true
chat_allowed	tut=TopSolo;chat=47:PlayCall;a=2,b=4	true
chat_allowed	tut=TopSolo;chat=47:PlayCall;a=2,b=5	true
chat_allowed	tut=TopSolo;chat=47:PlayCall;a=2,b=6	true
chat_allowed	tut=TopSolo;chat=47:PlayCall;a=2,b=7	true
chat_allowed	tut=TopSolo;chat=47:PlayCall;a=3,b=0	false
chat_allowed	tut=TopSolo;chat=47:PlayCall;a=3,b=1	false
chat_allowed	tut=TopSolo;chat=47:PlayCall;a=3,b=2	false
chat_allowed	tut=TopSolo;chat=47:PlayCall;a=3,b=3	false
chat_allowed	tut=TopSolo;chat=47:PlayCall;a=3,b=4	false
chat_allowed	tut=TopSolo;chat=47:PlayCall;a=3,b=5	false
chat_allowed	tut=TopSolo;chat=47:PlayCall;a=3,b=6	false
chat_allowed	tut=TopSolo;chat=47:PlayCall;a=3,b=7	false
chat_allowed	tut=TopSolo;chat=47:PlayCall;a=4,b=0	false
chat_allowed	tut=TopSolo;chat=47:PlayCall;a=4,b=1	false
chat_allowed	tut=TopSolo;chat=47:PlayCall;a=4,b=2	false
chat_allowed	tut=TopSolo;chat=47:PlayCall;a=4,b=3	false
chat_allowed	tut=TopSolo;chat=47:PlayCall;a=4,b=4	false
chat_allowed	tut=TopSolo;chat=47:PlayCall;a=4,b=5	false
chat_allowed	tut=TopSolo;chat=47:PlayCall;a=4,b=6	false
chat_allowed	tut=TopSolo;chat=47:PlayCall;a=4,b=7	false
chat_allowed	tut=TopSolo;chat=47:PlayCall;a=5,b=0	true
chat_allowed	tut=TopSolo;chat=47:PlayCall;a=5,b=1	false
chat_allowed	tut=TopSolo;chat=47:PlayCall;a=5,b=2	false
chat_allowed	tut=TopSolo;chat=47:PlayCall;a=5,b=3	true
chat_allowed	tut=TopSolo;chat=47:PlayCall;a=5,b=4	true
chat_allowed	tut=TopSolo;chat=47:PlayCall;a=5,b=5	true
chat_allowed	tut=TopSolo;chat=47:PlayCall;a=5,b=6	true
chat_allowed	tut=TopSolo;chat=47:PlayCall;a=5,b=7	true
chat_allowed	tut=TopSolo;chat=47:PlayCall;a=6,b=0	true
chat_allowed	tut=TopSolo;chat=47:PlayCall;a=6,b=1	false
chat_allowed	tut=TopSolo;chat=47:PlayCall;a=6,b=2	false
chat_allowed	tut=TopSolo;chat=47:PlayCall;a=6,b=3	true
chat_allowed	tut=TopSolo;chat=47:PlayCall;a=6,b=4	true
chat_allowed	tut=TopSolo;chat=47:PlayCall;a=6,b=5	true
chat_allowed	tut=TopSolo;chat=47:PlayCall;a=6,b=6	true
chat_allowed	tut=TopSolo;chat=47:PlayCall;a=6,b=7	true
chat_allowed	tut=TopSolo;chat=47:PlayCall;a=7,b=0	true
chat_allowed	tut=TopSolo;chat=47:PlayCall;a=7,b=1	false
chat_allowed	tut=TopSolo;chat=47:PlayCall;a=7,b=2	false
chat_allowed	tut=TopSolo;chat=47:PlayCall;a=7,b=3	true
chat_allowed	tut=TopSolo;chat=47:PlayCall;a=7,b=4	true
chat_allowed	tut=TopSolo;chat=47:PlayCall;a=7,b=5	true
chat_allowed	tut=TopSolo;chat=47:PlayCall;a=7,b=6	true
chat_allowed	tut=TopSolo;chat=47:PlayCall;a=7,b=7	true
chat_allowed	tut=TopSolo;chat=48:PlayPhaseChange;a=0,b=0	false
chat_allowed	tut=TopSolo;chat=48:PlayPhaseChange;a=0,b=1	false
chat_allowed	tut=TopSolo;chat=48:PlayPhaseChange;a=0,b=2	false
chat_allowed	tut=TopSolo;chat=48:PlayPhaseChange;a=0,b=3	false
chat_allowed	tut=TopSolo;chat=48:PlayPhaseChange;a=0,b=4	false
chat_allowed	tut=TopSolo;chat=48:PlayPhaseChange;a=0,b=5	false
chat_allowed	tut=TopSolo;chat=48:PlayPhaseChange;a=0,b=6	false
chat_allowed	tut=TopSolo;chat=48:PlayPhaseChange;a=0,b=7	false
chat_allowed	tut=TopSolo;chat=48:PlayPhaseChange;a=1,b=0	false
chat_allowed	tut=TopSolo;chat=48:PlayPhaseChange;a=1,b=1	false
chat_allowed	tut=TopSolo;chat=48:PlayPhaseChange;a=1,b=2	false
chat_allowed	tut=TopSolo;chat=48:PlayPhaseChange;a=1,b=3	false
chat_allowed	tut=TopSolo;chat=48:PlayPhaseChange;a=1,b=4	false
chat_allowed	tut=TopSolo;chat=48:PlayPhaseChange;a=1,b=5	false
chat_allowed	tut=TopSolo;chat=48:PlayPhaseChange;a=1,b=6	false
chat_allowed	tut=TopSolo;chat=48:PlayPhaseChange;a=1,b=7	false
chat_allowed	tut=TopSolo;chat=48:PlayPhaseChange;a=2,b=0	true
chat_allowed	tut=TopSolo;chat=48:PlayPhaseChange;a=2,b=1	false
chat_allowed	tut=TopSolo;chat=48:PlayPhaseChange;a=2,b=2	false
chat_allowed	tut=TopSolo;chat=48:PlayPhaseChange;a=2,b=3	true
chat_allowed	tut=TopSolo;chat=48:PlayPhaseChange;a=2,b=4	true
chat_allowed	tut=TopSolo;chat=48:PlayPhaseChange;a=2,b=5	true
chat_allowed	tut=TopSolo;chat=48:PlayPhaseChange;a=2,b=6	true
chat_allowed	tut=TopSolo;chat=48:PlayPhaseChange;a=2,b=7	true
chat_allowed	tut=TopSolo;chat=48:PlayPhaseChange;a=3,b=0	false
chat_allowed	tut=TopSolo;chat=48:PlayPhaseChange;a=3,b=1	false
chat_allowed	tut=TopSolo;chat=48:PlayPhaseChange;a=3,b=2	false
chat_allowed	tut=TopSolo;chat=48:PlayPhaseChange;a=3,b=3	false
chat_allowed	tut=TopSolo;chat=48:PlayPhaseChange;a=3,b=4	false
chat_allowed	tut=TopSolo;chat=48:PlayPhaseChange;a=3,b=5	false
chat_allowed	tut=TopSolo;chat=48:PlayPhaseChange;a=3,b=6	false
chat_allowed	tut=TopSolo;chat=48:PlayPhaseChange;a=3,b=7	false
chat_allowed	tut=TopSolo;chat=48:PlayPhaseChange;a=4,b=0	false
chat_allowed	tut=TopSolo;chat=48:PlayPhaseChange;a=4,b=1	false
chat_allowed	tut=TopSolo;chat=48:PlayPhaseChange;a=4,b=2	false
chat_allowed	tut=TopSolo;chat=48:PlayPhaseChange;a=4,b=3	false
chat_allowed	tut=TopSolo;chat=48:PlayPhaseChange;a=4,b=4	false
chat_allowed	tut=TopSolo;chat=48:PlayPhaseChange;a=4,b=5	false
chat_allowed	tut=TopSolo;chat=48:PlayPhaseChange;a=4,b=6	false
chat_allowed	tut=TopSolo;chat=48:PlayPhaseChange;a=4,b=7	false
chat_allowed	tut=TopSolo;chat=48:PlayPhaseChange;a=5,b=0	true
chat_allowed	tut=TopSolo;chat=48:PlayPhaseChange;a=5,b=1	false
chat_allowed	tut=TopSolo;chat=48:PlayPhaseChange;a=5,b=2	false
chat_allowed	tut=TopSolo;chat=48:PlayPhaseChange;a=5,b=3	true
chat_allowed	tut=TopSolo;chat=48:PlayPhaseChange;a=5,b=4	true
chat_allowed	tut=TopSolo;chat=48:PlayPhaseChange;a=5,b=5	true
chat_allowed	tut=TopSolo;chat=48:PlayPhaseChange;a=5,b=6	true
chat_allowed	tut=TopSolo;chat=48:PlayPhaseChange;a=5,b=7	true
chat_allowed	tut=TopSolo;chat=48:PlayPhaseChange;a=6,b=0	true
chat_allowed	tut=TopSolo;chat=48:PlayPhaseChange;a=6,b=1	false
chat_allowed	tut=TopSolo;chat=48:PlayPhaseChange;a=6,b=2	false
chat_allowed	tut=TopSolo;chat=48:PlayPhaseChange;a=6,b=3	true
chat_allowed	tut=TopSolo;chat=48:PlayPhaseChange;a=6,b=4	true
chat_allowed	tut=TopSolo;chat=48:PlayPhaseChange;a=6,b=5	true
chat_allowed	tut=TopSolo;chat=48:PlayPhaseChange;a=6,b=6	true
chat_allowed	tut=TopSolo;chat=48:PlayPhaseChange;a=6,b=7	true
chat_allowed	tut=TopSolo;chat=48:PlayPhaseChange;a=7,b=0	true
chat_allowed	tut=TopSolo;chat=48:PlayPhaseChange;a=7,b=1	false
chat_allowed	tut=TopSolo;chat=48:PlayPhaseChange;a=7,b=2	false
chat_allowed	tut=TopSolo;chat=48:PlayPhaseChange;a=7,b=3	true
chat_allowed	tut=TopSolo;chat=48:PlayPhaseChange;a=7,b=4	true
chat_allowed	tut=TopSolo;chat=48:PlayPhaseChange;a=7,b=5	true
chat_allowed	tut=TopSolo;chat=48:PlayPhaseChange;a=7,b=6	true
chat_allowed	tut=TopSolo;chat=48:PlayPhaseChange;a=7,b=7	true
chat_allowed	tut=TopSolo;chat=49:PlayPropose;a=0,b=0,c=0	false
chat_allowed	tut=TopSolo;chat=49:PlayPropose;a=0,b=0,c=1	false
chat_allowed	tut=TopSolo;chat=49:PlayPropose;a=0,b=0,c=2	false
chat_allowed	tut=TopSolo;chat=49:PlayPropose;a=0,b=0,c=3	false
chat_allowed	tut=TopSolo;chat=49:PlayPropose;a=0,b=1,c=0	false
chat_allowed	tut=TopSolo;chat=49:PlayPropose;a=0,b=1,c=1	false
chat_allowed	tut=TopSolo;chat=49:PlayPropose;a=0,b=1,c=2	false
chat_allowed	tut=TopSolo;chat=49:PlayPropose;a=0,b=1,c=3	false
chat_allowed	tut=TopSolo;chat=49:PlayPropose;a=0,b=2,c=0	false
chat_allowed	tut=TopSolo;chat=49:PlayPropose;a=0,b=2,c=1	false
chat_allowed	tut=TopSolo;chat=49:PlayPropose;a=0,b=2,c=2	false
chat_allowed	tut=TopSolo;chat=49:PlayPropose;a=0,b=2,c=3	false
chat_allowed	tut=TopSolo;chat=49:PlayPropose;a=0,b=3,c=0	false
chat_allowed	tut=TopSolo;chat=49:PlayPropose;a=0,b=3,c=1	false
chat_allowed	tut=TopSolo;chat=49:PlayPropose;a=0,b=3,c=2	false
chat_allowed	tut=TopSolo;chat=49:PlayPropose;a=0,b=3,c=3	false
chat_allowed	tut=TopSolo;chat=49:PlayPropose;a=0,b=4,c=0	false
chat_allowed	tut=TopSolo;chat=49:PlayPropose;a=0,b=4,c=1	false
chat_allowed	tut=TopSolo;chat=49:PlayPropose;a=0,b=4,c=2	false
chat_allowed	tut=TopSolo;chat=49:PlayPropose;a=0,b=4,c=3	false
chat_allowed	tut=TopSolo;chat=49:PlayPropose;a=0,b=5,c=0	false
chat_allowed	tut=TopSolo;chat=49:PlayPropose;a=0,b=5,c=1	false
chat_allowed	tut=TopSolo;chat=49:PlayPropose;a=0,b=5,c=2	false
chat_allowed	tut=TopSolo;chat=49:PlayPropose;a=0,b=5,c=3	false
chat_allowed	tut=TopSolo;chat=49:PlayPropose;a=0,b=6,c=0	false
chat_allowed	tut=TopSolo;chat=49:PlayPropose;a=0,b=6,c=1	false
chat_allowed	tut=TopSolo;chat=49:PlayPropose;a=0,b=6,c=2	false
chat_allowed	tut=TopSolo;chat=49:PlayPropose;a=0,b=6,c=3	false
chat_allowed	tut=TopSolo;chat=49:PlayPropose;a=0,b=7,c=0	false
chat_allowed	tut=TopSolo;chat=49:PlayPropose;a=0,b=7,c=1	false
chat_allowed	tut=TopSolo;chat=49:PlayPropose;a=0,b=7,c=2	false
chat_allowed	tut=TopSolo;chat=49:PlayPropose;a=0,b=7,c=3	false
chat_allowed	tut=TopSolo;chat=49:PlayPropose;a=1,b=0,c=0	false
chat_allowed	tut=TopSolo;chat=49:PlayPropose;a=1,b=0,c=1	false
chat_allowed	tut=TopSolo;chat=49:PlayPropose;a=1,b=0,c=2	false
chat_allowed	tut=TopSolo;chat=49:PlayPropose;a=1,b=0,c=3	false
chat_allowed	tut=TopSolo;chat=49:PlayPropose;a=1,b=1,c=0	false
chat_allowed	tut=TopSolo;chat=49:PlayPropose;a=1,b=1,c=1	false
chat_allowed	tut=TopSolo;chat=49:PlayPropose;a=1,b=1,c=2	false
chat_allowed	tut=TopSolo;chat=49:PlayPropose;a=1,b=1,c=3	false
chat_allowed	tut=TopSolo;chat=49:PlayPropose;a=1,b=2,c=0	false
chat_allowed	tut=TopSolo;chat=49:PlayPropose;a=1,b=2,c=1	false
chat_allowed	tut=TopSolo;chat=49:PlayPropose;a=1,b=2,c=2	false
chat_allowed	tut=TopSolo;chat=49:PlayPropose;a=1,b=2,c=3	false
chat_allowed	tut=TopSolo;chat=49:PlayPropose;a=1,b=3,c=0	false
chat_allowed	tut=TopSolo;chat=49:PlayPropose;a=1,b=3,c=1	false
chat_allowed	tut=TopSolo;chat=49:PlayPropose;a=1,b=3,c=2	false
chat_allowed	tut=TopSolo;chat=49:PlayPropose;a=1,b=3,c=3	false
chat_allowed	tut=TopSolo;chat=49:PlayPropose;a=1,b=4,c=0	false
chat_allowed	tut=TopSolo;chat=49:PlayPropose;a=1,b=4,c=1	false
chat_allowed	tut=TopSolo;chat=49:PlayPropose;a=1,b=4,c=2	false
chat_allowed	tut=TopSolo;chat=49:PlayPropose;a=1,b=4,c=3	false
chat_allowed	tut=TopSolo;chat=49:PlayPropose;a=1,b=5,c=0	false
chat_allowed	tut=TopSolo;chat=49:PlayPropose;a=1,b=5,c=1	false
chat_allowed	tut=TopSolo;chat=49:PlayPropose;a=1,b=5,c=2	false
chat_allowed	tut=TopSolo;chat=49:PlayPropose;a=1,b=5,c=3	false
chat_allowed	tut=TopSolo;chat=49:PlayPropose;a=1,b=6,c=0	false
chat_allowed	tut=TopSolo;chat=49:PlayPropose;a=1,b=6,c=1	false
chat_allowed	tut=TopSolo;chat=49:PlayPropose;a=1,b=6,c=2	false
chat_allowed	tut=TopSolo;chat=49:PlayPropose;a=1,b=6,c=3	false
chat_allowed	tut=TopSolo;chat=49:PlayPropose;a=1,b=7,c=0	false
chat_allowed	tut=TopSolo;chat=49:PlayPropose;a=1,b=7,c=1	false
chat_allowed	tut=TopSolo;chat=49:PlayPropose;a=1,b=7,c=2	false
chat_allowed	tut=TopSolo;chat=49:PlayPropose;a=1,b=7,c=3	false
chat_allowed	tut=TopSolo;chat=49:PlayPropose;a=2,b=0,c=0	true
chat_allowed	tut=TopSolo;chat=49:PlayPropose;a=2,b=0,c=1	true
chat_allowed	tut=TopSolo;chat=49:PlayPropose;a=2,b=0,c=2	true
chat_allowed	tut=TopSolo;chat=49:PlayPropose;a=2,b=0,c=3	true
chat_allowed	tut=TopSolo;chat=49:PlayPropose;a=2,b=1,c=0	false
chat_allowed	tut=TopSolo;chat=49:PlayPropose;a=2,b=1,c=1	false
chat_allowed	tut=TopSolo;chat=49:PlayPropose;a=2,b=1,c=2	false
chat_allowed	tut=TopSolo;chat=49:PlayPropose;a=2,b=1,c=3	false
chat_allowed	tut=TopSolo;chat=49:PlayPropose;a=2,b=2,c=0	false
chat_allowed	tut=TopSolo;chat=49:PlayPropose;a=2,b=2,c=1	false
chat_allowed	tut=TopSolo;chat=49:PlayPropose;a=2,b=2,c=2	false
chat_allowed	tut=TopSolo;chat=49:PlayPropose;a=2,b=2,c=3	false
chat_allowed	tut=TopSolo;chat=49:PlayPropose;a=2,b=3,c=0	true
chat_allowed	tut=TopSolo;chat=49:PlayPropose;a=2,b=3,c=1	true
chat_allowed	tut=TopSolo;chat=49:PlayPropose;a=2,b=3,c=2	true
chat_allowed	tut=TopSolo;chat=49:PlayPropose;a=2,b=3,c=3	true
chat_allowed	tut=TopSolo;chat=49:PlayPropose;a=2,b=4,c=0	true
chat_allowed	tut=TopSolo;chat=49:PlayPropose;a=2,b=4,c=1	true
chat_allowed	tut=TopSolo;chat=49:PlayPropose;a=2,b=4,c=2	true
chat_allowed	tut=TopSolo;chat=49:PlayPropose;a=2,b=4,c=3	true
chat_allowed	tut=TopSolo;chat=49:PlayPropose;a=2,b=5,c=0	true
chat_allowed	tut=TopSolo;chat=49:PlayPropose;a=2,b=5,c=1	true
chat_allowed	tut=TopSolo;chat=49:PlayPropose;a=2,b=5,c=2	true
chat_allowed	tut=TopSolo;chat=49:PlayPropose;a=2,b=5,c=3	true
chat_allowed	tut=TopSolo;chat=49:PlayPropose;a=2,b=6,c=0	true
chat_allowed	tut=TopSolo;chat=49:PlayPropose;a=2,b=6,c=1	true
chat_allowed	tut=TopSolo;chat=49:PlayPropose;a=2,b=6,c=2	true
chat_allowed	tut=TopSolo;chat=49:PlayPropose;a=2,b=6,c=3	true
chat_allowed	tut=TopSolo;chat=49:PlayPropose;a=2,b=7,c=0	true
chat_allowed	tut=TopSolo;chat=49:PlayPropose;a=2,b=7,c=1	true
chat_allowed	tut=TopSolo;chat=49:PlayPropose;a=2,b=7,c=2	true
chat_allowed	tut=TopSolo;chat=49:PlayPropose;a=2,b=7,c=3	true
chat_allowed	tut=TopSolo;chat=49:PlayPropose;a=3,b=0,c=0	false
chat_allowed	tut=TopSolo;chat=49:PlayPropose;a=3,b=0,c=1	false
chat_allowed	tut=TopSolo;chat=49:PlayPropose;a=3,b=0,c=2	false
chat_allowed	tut=TopSolo;chat=49:PlayPropose;a=3,b=0,c=3	false
chat_allowed	tut=TopSolo;chat=49:PlayPropose;a=3,b=1,c=0	false
chat_allowed	tut=TopSolo;chat=49:PlayPropose;a=3,b=1,c=1	false
chat_allowed	tut=TopSolo;chat=49:PlayPropose;a=3,b=1,c=2	false
chat_allowed	tut=TopSolo;chat=49:PlayPropose;a=3,b=1,c=3	false
chat_allowed	tut=TopSolo;chat=49:PlayPropose;a=3,b=2,c=0	false
chat_allowed	tut=TopSolo;chat=49:PlayPropose;a=3,b=2,c=1	false
chat_allowed	tut=TopSolo;chat=49:PlayPropose;a=3,b=2,c=2	false
chat_allowed	tut=TopSolo;chat=49:PlayPropose;a=3,b=2,c=3	false
chat_allowed	tut=TopSolo;chat=49:PlayPropose;a=3,b=3,c=0	false
chat_allowed	tut=TopSolo;chat=49:PlayPropose;a=3,b=3,c=1	false
chat_allowed	tut=TopSolo;chat=49:PlayPropose;a=3,b=3,c=2	false
chat_allowed	tut=TopSolo;chat=49:PlayPropose;a=3,b=3,c=3	false
chat_allowed	tut=TopSolo;chat=49:PlayPropose;a=3,b=4,c=0	false
chat_allowed	tut=TopSolo;chat=49:PlayPropose;a=3,b=4,c=1	false
chat_allowed	tut=TopSolo;chat=49:PlayPropose;a=3,b=4,c=2	false
chat_allowed	tut=TopSolo;chat=49:PlayPropose;a=3,b=4,c=3	false
chat_allowed	tut=TopSolo;chat=49:PlayPropose;a=3,b=5,c=0	false
chat_allowed	tut=TopSolo;chat=49:PlayPropose;a=3,b=5,c=1	false
chat_allowed	tut=TopSolo;chat=49:PlayPropose;a=3,b=5,c=2	false
chat_allowed	tut=TopSolo;chat=49:PlayPropose;a=3,b=5,c=3	false
chat_allowed	tut=TopSolo;chat=49:PlayPropose;a=3,b=6,c=0	false
chat_allowed	tut=TopSolo;chat=49:PlayPropose;a=3,b=6,c=1	false
chat_allowed	tut=TopSolo;chat=49:PlayPropose;a=3,b=6,c=2	false
chat_allowed	tut=TopSolo;chat=49:PlayPropose;a=3,b=6,c=3	false
chat_allowed	tut=TopSolo;chat=49:PlayPropose;a=3,b=7,c=0	false
chat_allowed	tut=TopSolo;chat=49:PlayPropose;a=3,b=7,c=1	false
chat_allowed	tut=TopSolo;chat=49:PlayPropose;a=3,b=7,c=2	false
chat_allowed	tut=TopSolo;chat=49:PlayPropose;a=3,b=7,c=3	false
chat_allowed	tut=TopSolo;chat=49:PlayPropose;a=4,b=0,c=0	false
chat_allowed	tut=TopSolo;chat=49:PlayPropose;a=4,b=0,c=1	false
chat_allowed	tut=TopSolo;chat=49:PlayPropose;a=4,b=0,c=2	false
chat_allowed	tut=TopSolo;chat=49:PlayPropose;a=4,b=0,c=3	false
chat_allowed	tut=TopSolo;chat=49:PlayPropose;a=4,b=1,c=0	false
chat_allowed	tut=TopSolo;chat=49:PlayPropose;a=4,b=1,c=1	false
chat_allowed	tut=TopSolo;chat=49:PlayPropose;a=4,b=1,c=2	false
chat_allowed	tut=TopSolo;chat=49:PlayPropose;a=4,b=1,c=3	false
chat_allowed	tut=TopSolo;chat=49:PlayPropose;a=4,b=2,c=0	false
chat_allowed	tut=TopSolo;chat=49:PlayPropose;a=4,b=2,c=1	false
chat_allowed	tut=TopSolo;chat=49:PlayPropose;a=4,b=2,c=2	false
chat_allowed	tut=TopSolo;chat=49:PlayPropose;a=4,b=2,c=3	false
chat_allowed	tut=TopSolo;chat=49:PlayPropose;a=4,b=3,c=0	false
chat_allowed	tut=TopSolo;chat=49:PlayPropose;a=4,b=3,c=1	false
chat_allowed	tut=TopSolo;chat=49:PlayPropose;a=4,b=3,c=2	false
chat_allowed	tut=TopSolo;chat=49:PlayPropose;a=4,b=3,c=3	false
chat_allowed	tut=TopSolo;chat=49:PlayPropose;a=4,b=4,c=0	false
chat_allowed	tut=TopSolo;chat=49:PlayPropose;a=4,b=4,c=1	false
chat_allowed	tut=TopSolo;chat=49:PlayPropose;a=4,b=4,c=2	false
chat_allowed	tut=TopSolo;chat=49:PlayPropose;a=4,b=4,c=3	false
chat_allowed	tut=TopSolo;chat=49:PlayPropose;a=4,b=5,c=0	false
chat_allowed	tut=TopSolo;chat=49:PlayPropose;a=4,b=5,c=1	false
chat_allowed	tut=TopSolo;chat=49:PlayPropose;a=4,b=5,c=2	false
chat_allowed	tut=TopSolo;chat=49:PlayPropose;a=4,b=5,c=3	false
chat_allowed	tut=TopSolo;chat=49:PlayPropose;a=4,b=6,c=0	false
chat_allowed	tut=TopSolo;chat=49:PlayPropose;a=4,b=6,c=1	false
chat_allowed	tut=TopSolo;chat=49:PlayPropose;a=4,b=6,c=2	false
chat_allowed	tut=TopSolo;chat=49:PlayPropose;a=4,b=6,c=3	false
chat_allowed	tut=TopSolo;chat=49:PlayPropose;a=4,b=7,c=0	false
chat_allowed	tut=TopSolo;chat=49:PlayPropose;a=4,b=7,c=1	false
chat_allowed	tut=TopSolo;chat=49:PlayPropose;a=4,b=7,c=2	false
chat_allowed	tut=TopSolo;chat=49:PlayPropose;a=4,b=7,c=3	false
chat_allowed	tut=TopSolo;chat=49:PlayPropose;a=5,b=0,c=0	true
chat_allowed	tut=TopSolo;chat=49:PlayPropose;a=5,b=0,c=1	true
chat_allowed	tut=TopSolo;chat=49:PlayPropose;a=5,b=0,c=2	true
chat_allowed	tut=TopSolo;chat=49:PlayPropose;a=5,b=0,c=3	true
chat_allowed	tut=TopSolo;chat=49:PlayPropose;a=5,b=1,c=0	false
chat_allowed	tut=TopSolo;chat=49:PlayPropose;a=5,b=1,c=1	false
chat_allowed	tut=TopSolo;chat=49:PlayPropose;a=5,b=1,c=2	false
chat_allowed	tut=TopSolo;chat=49:PlayPropose;a=5,b=1,c=3	false
chat_allowed	tut=TopSolo;chat=49:PlayPropose;a=5,b=2,c=0	false
chat_allowed	tut=TopSolo;chat=49:PlayPropose;a=5,b=2,c=1	false
chat_allowed	tut=TopSolo;chat=49:PlayPropose;a=5,b=2,c=2	false
chat_allowed	tut=TopSolo;chat=49:PlayPropose;a=5,b=2,c=3	false
chat_allowed	tut=TopSolo;chat=49:PlayPropose;a=5,b=3,c=0	true
chat_allowed	tut=TopSolo;chat=49:PlayPropose;a=5,b=3,c=1	true
chat_allowed	tut=TopSolo;chat=49:PlayPropose;a=5,b=3,c=2	true
chat_allowed	tut=TopSolo;chat=49:PlayPropose;a=5,b=3,c=3	true
chat_allowed	tut=TopSolo;chat=49:PlayPropose;a=5,b=4,c=0	true
chat_allowed	tut=TopSolo;chat=49:PlayPropose;a=5,b=4,c=1	true
chat_allowed	tut=TopSolo;chat=49:PlayPropose;a=5,b=4,c=2	true
chat_allowed	tut=TopSolo;chat=49:PlayPropose;a=5,b=4,c=3	true
chat_allowed	tut=TopSolo;chat=49:PlayPropose;a=5,b=5,c=0	true
chat_allowed	tut=TopSolo;chat=49:PlayPropose;a=5,b=5,c=1	true
chat_allowed	tut=TopSolo;chat=49:PlayPropose;a=5,b=5,c=2	true
chat_allowed	tut=TopSolo;chat=49:PlayPropose;a=5,b=5,c=3	true
chat_allowed	tut=TopSolo;chat=49:PlayPropose;a=5,b=6,c=0	true
chat_allowed	tut=TopSolo;chat=49:PlayPropose;a=5,b=6,c=1	true
chat_allowed	tut=TopSolo;chat=49:PlayPropose;a=5,b=6,c=2	true
chat_allowed	tut=TopSolo;chat=49:PlayPropose;a=5,b=6,c=3	true
chat_allowed	tut=TopSolo;chat=49:PlayPropose;a=5,b=7,c=0	true
chat_allowed	tut=TopSolo;chat=49:PlayPropose;a=5,b=7,c=1	true
chat_allowed	tut=TopSolo;chat=49:PlayPropose;a=5,b=7,c=2	true
chat_allowed	tut=TopSolo;chat=49:PlayPropose;a=5,b=7,c=3	true
chat_allowed	tut=TopSolo;chat=49:PlayPropose;a=6,b=0,c=0	true
chat_allowed	tut=TopSolo;chat=49:PlayPropose;a=6,b=0,c=1	true
chat_allowed	tut=TopSolo;chat=49:PlayPropose;a=6,b=0,c=2	true
chat_allowed	tut=TopSolo;chat=49:PlayPropose;a=6,b=0,c=3	true
chat_allowed	tut=TopSolo;chat=49:PlayPropose;a=6,b=1,c=0	false
chat_allowed	tut=TopSolo;chat=49:PlayPropose;a=6,b=1,c=1	false
chat_allowed	tut=TopSolo;chat=49:PlayPropose;a=6,b=1,c=2	false
chat_allowed	tut=TopSolo;chat=49:PlayPropose;a=6,b=1,c=3	false
chat_allowed	tut=TopSolo;chat=49:PlayPropose;a=6,b=2,c=0	false
chat_allowed	tut=TopSolo;chat=49:PlayPropose;a=6,b=2,c=1	false
chat_allowed	tut=TopSolo;chat=49:PlayPropose;a=6,b=2,c=2	false
chat_allowed	tut=TopSolo;chat=49:PlayPropose;a=6,b=2,c=3	false
chat_allowed	tut=TopSolo;chat=49:PlayPropose;a=6,b=3,c=0	true
chat_allowed	tut=TopSolo;chat=49:PlayPropose;a=6,b=3,c=1	true
chat_allowed	tut=TopSolo;chat=49:PlayPropose;a=6,b=3,c=2	true
chat_allowed	tut=TopSolo;chat=49:PlayPropose;a=6,b=3,c=3	true
chat_allowed	tut=TopSolo;chat=49:PlayPropose;a=6,b=4,c=0	true
chat_allowed	tut=TopSolo;chat=49:PlayPropose;a=6,b=4,c=1	true
chat_allowed	tut=TopSolo;chat=49:PlayPropose;a=6,b=4,c=2	true
chat_allowed	tut=TopSolo;chat=49:PlayPropose;a=6,b=4,c=3	true
chat_allowed	tut=TopSolo;chat=49:PlayPropose;a=6,b=5,c=0	true
chat_allowed	tut=TopSolo;chat=49:PlayPropose;a=6,b=5,c=1	true
chat_allowed	tut=TopSolo;chat=49:PlayPropose;a=6,b=5,c=2	true
chat_allowed	tut=TopSolo;chat=49:PlayPropose;a=6,b=5,c=3	true
chat_allowed	tut=TopSolo;chat=49:PlayPropose;a=6,b=6,c=0	true
chat_allowed	tut=TopSolo;chat=49:PlayPropose;a=6,b=6,c=1	true
chat_allowed	tut=TopSolo;chat=49:PlayPropose;a=6,b=6,c=2	true
chat_allowed	tut=TopSolo;chat=49:PlayPropose;a=6,b=6,c=3	true
chat_allowed	tut=TopSolo;chat=49:PlayPropose;a=6,b=7,c=0	true
chat_allowed	tut=TopSolo;chat=49:PlayPropose;a=6,b=7,c=1	true
chat_allowed	tut=TopSolo;chat=49:PlayPropose;a=6,b=7,c=2	true
chat_allowed	tut=TopSolo;chat=49:PlayPropose;a=6,b=7,c=3	true
chat_allowed	tut=TopSolo;chat=49:PlayPropose;a=7,b=0,c=0	true
chat_allowed	tut=TopSolo;chat=49:PlayPropose;a=7,b=0,c=1	true
chat_allowed	tut=TopSolo;chat=49:PlayPropose;a=7,b=0,c=2	true
chat_allowed	tut=TopSolo;chat=49:PlayPropose;a=7,b=0,c=3	true
chat_allowed	tut=TopSolo;chat=49:PlayPropose;a=7,b=1,c=0	false
chat_allowed	tut=TopSolo;chat=49:PlayPropose;a=7,b=1,c=1	false
chat_allowed	tut=TopSolo;chat=49:PlayPropose;a=7,b=1,c=2	false
chat_allowed	tut=TopSolo;chat=49:PlayPropose;a=7,b=1,c=3	false
chat_allowed	tut=TopSolo;chat=49:PlayPropose;a=7,b=2,c=0	false
chat_allowed	tut=TopSolo;chat=49:PlayPropose;a=7,b=2,c=1	false
chat_allowed	tut=TopSolo;chat=49:PlayPropose;a=7,b=2,c=2	false
chat_allowed	tut=TopSolo;chat=49:PlayPropose;a=7,b=2,c=3	false
chat_allowed	tut=TopSolo;chat=49:PlayPropose;a=7,b=3,c=0	true
chat_allowed	tut=TopSolo;chat=49:PlayPropose;a=7,b=3,c=1	true
chat_allowed	tut=TopSolo;chat=49:PlayPropose;a=7,b=3,c=2	true
chat_allowed	tut=TopSolo;chat=49:PlayPropose;a=7,b=3,c=3	true
chat_allowed	tut=TopSolo;chat=49:PlayPropose;a=7,b=4,c=0	true
chat_allowed	tut=TopSolo;chat=49:PlayPropose;a=7,b=4,c=1	true
chat_allowed	tut=TopSolo;chat=49:PlayPropose;a=7,b=4,c=2	true
chat_allowed	tut=TopSolo;chat=49:PlayPropose;a=7,b=4,c=3	true
chat_allowed	tut=TopSolo;chat=49:PlayPropose;a=7,b=5,c=0	true
chat_allowed	tut=TopSolo;chat=49:PlayPropose;a=7,b=5,c=1	true
chat_allowed	tut=TopSolo;chat=49:PlayPropose;a=7,b=5,c=2	true
chat_allowed	tut=TopSolo;chat=49:PlayPropose;a=7,b=5,c=3	true
chat_allowed	tut=TopSolo;chat=49:PlayPropose;a=7,b=6,c=0	true
chat_allowed	tut=TopSolo;chat=49:PlayPropose;a=7,b=6,c=1	true
chat_allowed	tut=TopSolo;chat=49:PlayPropose;a=7,b=6,c=2	true
chat_allowed	tut=TopSolo;chat=49:PlayPropose;a=7,b=6,c=3	true
chat_allowed	tut=TopSolo;chat=49:PlayPropose;a=7,b=7,c=0	true
chat_allowed	tut=TopSolo;chat=49:PlayPropose;a=7,b=7,c=1	true
chat_allowed	tut=TopSolo;chat=49:PlayPropose;a=7,b=7,c=2	true
chat_allowed	tut=TopSolo;chat=49:PlayPropose;a=7,b=7,c=3	true
chat_allowed	tut=TopSolo;chat=50:GankPlan;line=Mid,a=0	false
chat_allowed	tut=TopSolo;chat=50:GankPlan;line=Mid,a=1	false
chat_allowed	tut=TopSolo;chat=50:GankPlan;line=Mid,a=2	false
chat_allowed	tut=TopSolo;chat=50:GankPlan;line=Mid,a=3	false
chat_allowed	tut=TopSolo;chat=50:GankPlan;line=Mid,a=4	false
chat_allowed	tut=TopSolo;chat=50:GankPlan;line=Mid,a=5	false
chat_allowed	tut=TopSolo;chat=50:GankPlan;line=Mid,a=6	false
chat_allowed	tut=TopSolo;chat=50:GankPlan;line=Mid,a=7	false
chat_allowed	tut=TopSolo;chat=50:GankPlan;line=Bottom,a=0	false
chat_allowed	tut=TopSolo;chat=50:GankPlan;line=Bottom,a=1	false
chat_allowed	tut=TopSolo;chat=50:GankPlan;line=Bottom,a=2	false
chat_allowed	tut=TopSolo;chat=50:GankPlan;line=Bottom,a=3	false
chat_allowed	tut=TopSolo;chat=50:GankPlan;line=Bottom,a=4	false
chat_allowed	tut=TopSolo;chat=50:GankPlan;line=Bottom,a=5	false
chat_allowed	tut=TopSolo;chat=50:GankPlan;line=Bottom,a=6	false
chat_allowed	tut=TopSolo;chat=50:GankPlan;line=Bottom,a=7	false
chat_allowed	tut=TopSolo;chat=50:GankPlan;line=Top,a=0	true
chat_allowed	tut=TopSolo;chat=50:GankPlan;line=Top,a=1	true
chat_allowed	tut=TopSolo;chat=50:GankPlan;line=Top,a=2	true
chat_allowed	tut=TopSolo;chat=50:GankPlan;line=Top,a=3	true
chat_allowed	tut=TopSolo;chat=50:GankPlan;line=Top,a=4	true
chat_allowed	tut=TopSolo;chat=50:GankPlan;line=Top,a=5	true
chat_allowed	tut=TopSolo;chat=50:GankPlan;line=Top,a=6	true
chat_allowed	tut=TopSolo;chat=50:GankPlan;line=Top,a=7	true
chat_allowed	tut=TopSolo;chat=51:EarlyPlan;a=0	true
chat_allowed	tut=TopSolo;chat=51:EarlyPlan;a=1	true
chat_allowed	tut=TopSolo;chat=51:EarlyPlan;a=2	false
chat_allowed	tut=TopSolo;chat=51:EarlyPlan;a=3	false
chat_allowed	tut=TopSolo;chat=51:EarlyPlan;a=4	false
chat_allowed	tut=TopSolo;chat=51:EarlyPlan;a=5	true
chat_allowed	tut=TopSolo;chat=51:EarlyPlan;a=6	true
chat_allowed	tut=TopSolo;chat=51:EarlyPlan;a=7	true
chat_allowed	tut=TopSolo;chat=52:EarlyPlanChange;a=0	true
chat_allowed	tut=TopSolo;chat=52:EarlyPlanChange;a=1	true
chat_allowed	tut=TopSolo;chat=52:EarlyPlanChange;a=2	true
chat_allowed	tut=TopSolo;chat=52:EarlyPlanChange;a=3	true
chat_allowed	tut=TopSolo;chat=52:EarlyPlanChange;a=4	true
chat_allowed	tut=TopSolo;chat=52:EarlyPlanChange;a=5	true
chat_allowed	tut=TopSolo;chat=52:EarlyPlanChange;a=6	true
chat_allowed	tut=TopSolo;chat=52:EarlyPlanChange;a=7	true
chat_allowed	tut=TopSolo;chat=53:AcceptAfterTask;a=0	true
chat_allowed	tut=TopSolo;chat=53:AcceptAfterTask;a=1	true
chat_allowed	tut=TopSolo;chat=53:AcceptAfterTask;a=2	true
chat_allowed	tut=TopSolo;chat=53:AcceptAfterTask;a=3	true
chat_allowed	tut=TopSolo;chat=53:AcceptAfterTask;a=4	true
chat_allowed	tut=TopSolo;chat=53:AcceptAfterTask;a=5	true
chat_allowed	tut=TopSolo;chat=53:AcceptAfterTask;a=6	true
chat_allowed	tut=TopSolo;chat=53:AcceptAfterTask;a=7	true
chat_allowed	tut=TopSolo;chat=54:DeclineWithReason;a=0	true
chat_allowed	tut=TopSolo;chat=54:DeclineWithReason;a=1	true
chat_allowed	tut=TopSolo;chat=54:DeclineWithReason;a=2	true
chat_allowed	tut=TopSolo;chat=54:DeclineWithReason;a=3	true
chat_allowed	tut=TopSolo;chat=54:DeclineWithReason;a=4	true
chat_allowed	tut=TopSolo;chat=54:DeclineWithReason;a=5	true
chat_allowed	tut=TopSolo;chat=54:DeclineWithReason;a=6	true
chat_allowed	tut=TopSolo;chat=54:DeclineWithReason;a=7	true
chat_allowed	tut=TopSolo;chat=56:ReadySignal;a=0	true
chat_allowed	tut=TopSolo;chat=56:ReadySignal;a=1	true
chat_allowed	tut=TopSolo;chat=56:ReadySignal;a=2	true
chat_allowed	tut=TopSolo;chat=56:ReadySignal;a=3	true
chat_allowed	tut=TopSolo;chat=56:ReadySignal;a=4	true
chat_allowed	tut=TopSolo;chat=56:ReadySignal;a=5	true
chat_allowed	tut=TopSolo;chat=56:ReadySignal;a=6	true
chat_allowed	tut=TopSolo;chat=56:ReadySignal;a=7	true
chat_allowed	tut=TopSolo;chat=55:CounterRequest;a=0,b=0	true
chat_allowed	tut=TopSolo;chat=55:CounterRequest;a=0,b=1	false
chat_allowed	tut=TopSolo;chat=55:CounterRequest;a=0,b=2	false
chat_allowed	tut=TopSolo;chat=55:CounterRequest;a=0,b=3	true
chat_allowed	tut=TopSolo;chat=55:CounterRequest;a=0,b=4	true
chat_allowed	tut=TopSolo;chat=55:CounterRequest;a=0,b=5	true
chat_allowed	tut=TopSolo;chat=55:CounterRequest;a=0,b=6	true
chat_allowed	tut=TopSolo;chat=55:CounterRequest;a=0,b=7	true
chat_allowed	tut=TopSolo;chat=55:CounterRequest;a=1,b=0	true
chat_allowed	tut=TopSolo;chat=55:CounterRequest;a=1,b=1	false
chat_allowed	tut=TopSolo;chat=55:CounterRequest;a=1,b=2	false
chat_allowed	tut=TopSolo;chat=55:CounterRequest;a=1,b=3	true
chat_allowed	tut=TopSolo;chat=55:CounterRequest;a=1,b=4	true
chat_allowed	tut=TopSolo;chat=55:CounterRequest;a=1,b=5	true
chat_allowed	tut=TopSolo;chat=55:CounterRequest;a=1,b=6	true
chat_allowed	tut=TopSolo;chat=55:CounterRequest;a=1,b=7	true
chat_allowed	tut=TopSolo;chat=55:CounterRequest;a=2,b=0	true
chat_allowed	tut=TopSolo;chat=55:CounterRequest;a=2,b=1	false
chat_allowed	tut=TopSolo;chat=55:CounterRequest;a=2,b=2	false
chat_allowed	tut=TopSolo;chat=55:CounterRequest;a=2,b=3	true
chat_allowed	tut=TopSolo;chat=55:CounterRequest;a=2,b=4	true
chat_allowed	tut=TopSolo;chat=55:CounterRequest;a=2,b=5	true
chat_allowed	tut=TopSolo;chat=55:CounterRequest;a=2,b=6	true
chat_allowed	tut=TopSolo;chat=55:CounterRequest;a=2,b=7	true
chat_allowed	tut=TopSolo;chat=55:CounterRequest;a=3,b=0	true
chat_allowed	tut=TopSolo;chat=55:CounterRequest;a=3,b=1	false
chat_allowed	tut=TopSolo;chat=55:CounterRequest;a=3,b=2	false
chat_allowed	tut=TopSolo;chat=55:CounterRequest;a=3,b=3	true
chat_allowed	tut=TopSolo;chat=55:CounterRequest;a=3,b=4	true
chat_allowed	tut=TopSolo;chat=55:CounterRequest;a=3,b=5	true
chat_allowed	tut=TopSolo;chat=55:CounterRequest;a=3,b=6	true
chat_allowed	tut=TopSolo;chat=55:CounterRequest;a=3,b=7	true
chat_allowed	tut=TopSolo;chat=55:CounterRequest;a=4,b=0	true
chat_allowed	tut=TopSolo;chat=55:CounterRequest;a=4,b=1	false
chat_allowed	tut=TopSolo;chat=55:CounterRequest;a=4,b=2	false
chat_allowed	tut=TopSolo;chat=55:CounterRequest;a=4,b=3	true
chat_allowed	tut=TopSolo;chat=55:CounterRequest;a=4,b=4	true
chat_allowed	tut=TopSolo;chat=55:CounterRequest;a=4,b=5	true
chat_allowed	tut=TopSolo;chat=55:CounterRequest;a=4,b=6	true
chat_allowed	tut=TopSolo;chat=55:CounterRequest;a=4,b=7	true
chat_allowed	tut=TopSolo;chat=55:CounterRequest;a=5,b=0	true
chat_allowed	tut=TopSolo;chat=55:CounterRequest;a=5,b=1	false
chat_allowed	tut=TopSolo;chat=55:CounterRequest;a=5,b=2	false
chat_allowed	tut=TopSolo;chat=55:CounterRequest;a=5,b=3	true
chat_allowed	tut=TopSolo;chat=55:CounterRequest;a=5,b=4	true
chat_allowed	tut=TopSolo;chat=55:CounterRequest;a=5,b=5	true
chat_allowed	tut=TopSolo;chat=55:CounterRequest;a=5,b=6	true
chat_allowed	tut=TopSolo;chat=55:CounterRequest;a=5,b=7	true
chat_allowed	tut=TopSolo;chat=55:CounterRequest;a=6,b=0	true
chat_allowed	tut=TopSolo;chat=55:CounterRequest;a=6,b=1	false
chat_allowed	tut=TopSolo;chat=55:CounterRequest;a=6,b=2	false
chat_allowed	tut=TopSolo;chat=55:CounterRequest;a=6,b=3	true
chat_allowed	tut=TopSolo;chat=55:CounterRequest;a=6,b=4	true
chat_allowed	tut=TopSolo;chat=55:CounterRequest;a=6,b=5	true
chat_allowed	tut=TopSolo;chat=55:CounterRequest;a=6,b=6	true
chat_allowed	tut=TopSolo;chat=55:CounterRequest;a=6,b=7	true
chat_allowed	tut=TopSolo;chat=55:CounterRequest;a=7,b=0	true
chat_allowed	tut=TopSolo;chat=55:CounterRequest;a=7,b=1	false
chat_allowed	tut=TopSolo;chat=55:CounterRequest;a=7,b=2	false
chat_allowed	tut=TopSolo;chat=55:CounterRequest;a=7,b=3	true
chat_allowed	tut=TopSolo;chat=55:CounterRequest;a=7,b=4	true
chat_allowed	tut=TopSolo;chat=55:CounterRequest;a=7,b=5	true
chat_allowed	tut=TopSolo;chat=55:CounterRequest;a=7,b=6	true
chat_allowed	tut=TopSolo;chat=55:CounterRequest;a=7,b=7	true
valid_lines	tut=Bottom	Bottom
line_exists	tut=Bottom;line=Mid	false
fallback_line	tut=Bottom;line=Mid	Bottom
line_exists	tut=Bottom;line=Bottom	true
fallback_line	tut=Bottom;line=Bottom	Bottom
line_exists	tut=Bottom;line=Top	false
fallback_line	tut=Bottom;line=Top	Bottom
position_exists	tut=Bottom;pos=Top	false
position_exists	tut=Bottom;pos=Jungle	false
position_exists	tut=Bottom;pos=Mid	false
position_exists	tut=Bottom;pos=Bottom	true
position_exists	tut=Bottom;pos=Support	true
morgard_exists	tut=Bottom	false
serpen_exists	tut=Bottom	false
steal_target_allowed	tut=Bottom;tgt=Epic	false
steal_target_allowed	tut=Bottom;tgt=Serpen	false
steal_action_allowed	tut=Bottom;act=None	true
steal_action_allowed	tut=Bottom;act=Lurk(Epic)	false
steal_action_allowed	tut=Bottom;act=Lurk(Serpen)	false
steal_action_allowed	tut=Bottom;act=Commit(Epic)	false
steal_action_allowed	tut=Bottom;act=Commit(Serpen)	false
goal_allowed	tut=Bottom;goal=Line(Mid)	false
goal_allowed	tut=Bottom;goal=Line(Bottom)	true
goal_allowed	tut=Bottom;goal=Line(Top)	false
goal_allowed	tut=Bottom;goal=Jungle(Rhino,0)	false
goal_allowed	tut=Bottom;goal=Jungle(Rhino,1)	false
goal_allowed	tut=Bottom;goal=Jungle(Mushroom,0)	false
goal_allowed	tut=Bottom;goal=Jungle(Mushroom,1)	false
goal_allowed	tut=Bottom;goal=Jungle(Stump,0)	false
goal_allowed	tut=Bottom;goal=Jungle(Stump,1)	false
goal_allowed	tut=Bottom;goal=Jungle(Bee,0)	false
goal_allowed	tut=Bottom;goal=Jungle(Bee,1)	false
goal_allowed	tut=Bottom;goal=Jungle(Morgard,0)	false
goal_allowed	tut=Bottom;goal=Jungle(Morgard,1)	false
goal_allowed	tut=Bottom;goal=Jungle(Serpen,0)	false
goal_allowed	tut=Bottom;goal=Jungle(Serpen,1)	false
goal_allowed	tut=Bottom;goal=Epic	false
goal_allowed	tut=Bottom;goal=Serpen	false
goal_allowed	tut=Bottom;goal=Nexus(0)	true
goal_allowed	tut=Bottom;goal=Nexus(1)	true
goal_allowed	tut=Bottom;goal=Battle(None)	true
goal_allowed	tut=Bottom;goal=Battle(Some(0))	true
goal_allowed	tut=Bottom;goal=Recall	true
main_objective_allowed	tut=Bottom;mo=Morgard(ph=Setup,wb=false)	false
main_objective_allowed	tut=Bottom;mo=Morgard(ph=Setup,wb=true)	false
main_objective_allowed	tut=Bottom;mo=Morgard(ph=Assemble,wb=false)	false
main_objective_allowed	tut=Bottom;mo=Morgard(ph=Assemble,wb=true)	false
main_objective_allowed	tut=Bottom;mo=Morgard(ph=Hunt,wb=false)	false
main_objective_allowed	tut=Bottom;mo=Morgard(ph=Hunt,wb=true)	false
main_objective_allowed	tut=Bottom;mo=Morgard(ph=None,wb=false)	false
main_objective_allowed	tut=Bottom;mo=Morgard(ph=None,wb=true)	false
main_objective_allowed	tut=Bottom;mo=Serpen(ph=Setup,wb=false)	false
main_objective_allowed	tut=Bottom;mo=Serpen(ph=Setup,wb=true)	false
main_objective_allowed	tut=Bottom;mo=Serpen(ph=Assemble,wb=false)	false
main_objective_allowed	tut=Bottom;mo=Serpen(ph=Assemble,wb=true)	false
main_objective_allowed	tut=Bottom;mo=Serpen(ph=Hunt,wb=false)	false
main_objective_allowed	tut=Bottom;mo=Serpen(ph=Hunt,wb=true)	false
main_objective_allowed	tut=Bottom;mo=Serpen(ph=None,wb=false)	false
main_objective_allowed	tut=Bottom;mo=Serpen(ph=None,wb=true)	false
main_objective_allowed	tut=Bottom;mo=Defense	true
main_objective_allowed	tut=Bottom;mo=Repair	true
main_objective_allowed	tut=Bottom;mo=DefenseLine(Mid)	false
main_objective_allowed	tut=Bottom;mo=DefenseLine(Bottom)	true
main_objective_allowed	tut=Bottom;mo=DefenseLine(Top)	false
main_objective_allowed	tut=Bottom;mo=Nexus(Mid)	false
main_objective_allowed	tut=Bottom;mo=Nexus(Bottom)	true
main_objective_allowed	tut=Bottom;mo=Nexus(Top)	false
main_objective_allowed	tut=Bottom;mo=PressEpic(Mid)	false
main_objective_allowed	tut=Bottom;mo=PressEpic(Bottom)	false
main_objective_allowed	tut=Bottom;mo=PressEpic(Top)	false
main_objective_allowed	tut=Bottom;mo=SplitEpic(Mid)	false
main_objective_allowed	tut=Bottom;mo=SplitEpic(Bottom)	false
main_objective_allowed	tut=Bottom;mo=SplitEpic(Top)	false
main_objective_allowed	tut=Bottom;mo=Gank(Mid)	false
main_objective_allowed	tut=Bottom;mo=Gank(Bottom)	true
main_objective_allowed	tut=Bottom;mo=Gank(Top)	false
main_objective_allowed	tut=Bottom;mo=Dive(Mid)	false
main_objective_allowed	tut=Bottom;mo=Dive(Bottom)	true
main_objective_allowed	tut=Bottom;mo=Dive(Top)	false
main_objective_allowed	tut=Bottom;mo=PressTower(Mid)	false
main_objective_allowed	tut=Bottom;mo=PressTower(Bottom)	true
main_objective_allowed	tut=Bottom;mo=PressTower(Top)	false
main_objective_allowed	tut=Bottom;mo=ComebackPick(Mid,ready=false)	false
main_objective_allowed	tut=Bottom;mo=ComebackPick(Mid,ready=true)	false
main_objective_allowed	tut=Bottom;mo=ComebackPick(Bottom,ready=false)	true
main_objective_allowed	tut=Bottom;mo=ComebackPick(Bottom,ready=true)	true
main_objective_allowed	tut=Bottom;mo=ComebackPick(Top,ready=false)	false
main_objective_allowed	tut=Bottom;mo=ComebackPick(Top,ready=true)	false
sub_objective_allowed	tut=Bottom;so=LineBattle(Mid,dive=false)	false
sub_objective_allowed	tut=Bottom;so=LineBattle(Mid,dive=true)	false
sub_objective_allowed	tut=Bottom;so=LineBattle(Bottom,dive=false)	true
sub_objective_allowed	tut=Bottom;so=LineBattle(Bottom,dive=true)	true
sub_objective_allowed	tut=Bottom;so=LineBattle(Top,dive=false)	false
sub_objective_allowed	tut=Bottom;so=LineBattle(Top,dive=true)	false
sub_objective_allowed	tut=Bottom;so=JungleBattle(Rhino,0)	false
sub_objective_allowed	tut=Bottom;so=JungleBattle(Rhino,1)	false
sub_objective_allowed	tut=Bottom;so=JungleBattle(Mushroom,0)	false
sub_objective_allowed	tut=Bottom;so=JungleBattle(Mushroom,1)	false
sub_objective_allowed	tut=Bottom;so=JungleBattle(Stump,0)	false
sub_objective_allowed	tut=Bottom;so=JungleBattle(Stump,1)	false
sub_objective_allowed	tut=Bottom;so=JungleBattle(Bee,0)	false
sub_objective_allowed	tut=Bottom;so=JungleBattle(Bee,1)	false
sub_objective_allowed	tut=Bottom;so=JungleBattle(Morgard,0)	false
sub_objective_allowed	tut=Bottom;so=JungleBattle(Morgard,1)	false
sub_objective_allowed	tut=Bottom;so=JungleBattle(Serpen,0)	false
sub_objective_allowed	tut=Bottom;so=JungleBattle(Serpen,1)	false
chat_allowed	tut=Bottom;chat=0:Start	true
chat_allowed	tut=Bottom;chat=1:Mia;pos=Top	false
chat_allowed	tut=Bottom;chat=1:Mia;pos=Jungle	false
chat_allowed	tut=Bottom;chat=1:Mia;pos=Mid	false
chat_allowed	tut=Bottom;chat=1:Mia;pos=Bottom	true
chat_allowed	tut=Bottom;chat=1:Mia;pos=Support	true
chat_allowed	tut=Bottom;chat=2:JungleCheck;line=Mid	false
chat_allowed	tut=Bottom;chat=2:JungleCheck;line=Bottom	true
chat_allowed	tut=Bottom;chat=2:JungleCheck;line=Top	false
chat_allowed	tut=Bottom;chat=3:Battle	true
chat_allowed	tut=Bottom;chat=4:BattleDive	true
chat_allowed	tut=Bottom;chat=5:BattleLine;line=Mid	false
chat_allowed	tut=Bottom;chat=5:BattleLine;line=Bottom	true
chat_allowed	tut=Bottom;chat=5:BattleLine;line=Top	false
chat_allowed	tut=Bottom;chat=6:BattleHelp	true
chat_allowed	tut=Bottom;chat=7:BattleStop;r=TowerFocused	true
chat_allowed	tut=Bottom;chat=7:BattleStop;r=TowerDiveFail	true
chat_allowed	tut=Bottom;chat=7:BattleStop;r=Outnumbered	true
chat_allowed	tut=Bottom;chat=7:BattleStop;r=LowHp	true
chat_allowed	tut=Bottom;chat=7:BattleStop;r=BurstRisk	true
chat_allowed	tut=Bottom;chat=7:BattleStop;r=LowHpMatch	true
chat_allowed	tut=Bottom;chat=8:GankRequest;line=Mid	false
chat_allowed	tut=Bottom;chat=8:GankRequest;line=Bottom	true
chat_allowed	tut=Bottom;chat=8:GankRequest;line=Top	false
chat_allowed	tut=Bottom;chat=9:CoverLine;line=Mid	false
chat_allowed	tut=Bottom;chat=9:CoverLine;line=Bottom	true
chat_allowed	tut=Bottom;chat=9:CoverLine;line=Top	false
chat_allowed	tut=Bottom;chat=10:GankLineCover;line=Mid	false
chat_allowed	tut=Bottom;chat=10:GankLineCover;line=Bottom	true
chat_allowed	tut=Bottom;chat=10:GankLineCover;line=Top	false
chat_allowed	tut=Bottom;chat=11:HideLine;line=Mid	false
chat_allowed	tut=Bottom;chat=11:HideLine;line=Bottom	true
chat_allowed	tut=Bottom;chat=11:HideLine;line=Top	false
chat_allowed	tut=Bottom;chat=12:HideLineToo;line=Mid	false
chat_allowed	tut=Bottom;chat=12:HideLineToo;line=Bottom	true
chat_allowed	tut=Bottom;chat=12:HideLineToo;line=Top	false
chat_allowed	tut=Bottom;chat=13:LineCover;line=Mid	false
chat_allowed	tut=Bottom;chat=13:LineCover;line=Bottom	true
chat_allowed	tut=Bottom;chat=13:LineCover;line=Top	false
chat_allowed	tut=Bottom;chat=14:DefenseLine;line=Mid	false
chat_allowed	tut=Bottom;chat=14:DefenseLine;line=Bottom	true
chat_allowed	tut=Bottom;chat=14:DefenseLine;line=Top	false
chat_allowed	tut=Bottom;chat=15:Ok	true
chat_allowed	tut=Bottom;chat=16:Reject	true
chat_allowed	tut=Bottom;chat=17:Cancel;r=LowHpSelf	true
chat_allowed	tut=Bottom;chat=17:Cancel;r=LowHpAlly	true
chat_allowed	tut=Bottom;chat=17:Cancel;r=TargetMissing	true
chat_allowed	tut=Bottom;chat=17:Cancel;r=PlanChange	true
chat_allowed	tut=Bottom;chat=17:Cancel;r=OperationAbort	true
chat_allowed	tut=Bottom;chat=18:CounterJungle;camp=Rhino	false
chat_allowed	tut=Bottom;chat=18:CounterJungle;camp=Mushroom	false
chat_allowed	tut=Bottom;chat=18:CounterJungle;camp=Stump	false
chat_allowed	tut=Bottom;chat=18:CounterJungle;camp=Bee	false
chat_allowed	tut=Bottom;chat=18:CounterJungle;camp=Morgard	false
chat_allowed	tut=Bottom;chat=18:CounterJungle;camp=Serpen	false
chat_allowed	tut=Bottom;chat=19:Lead	true
chat_allowed	tut=Bottom;chat=20:Split;line=Mid	false
chat_allowed	tut=Bottom;chat=20:Split;line=Bottom	false
chat_allowed	tut=Bottom;chat=20:Split;line=Top	false
chat_allowed	tut=Bottom;chat=21:Press;line=Mid	false
chat_allowed	tut=Bottom;chat=21:Press;line=Bottom	false
chat_allowed	tut=Bottom;chat=21:Press;line=Top	false
chat_allowed	tut=Bottom;chat=22:PressChange;line=Mid	false
chat_allowed	tut=Bottom;chat=22:PressChange;line=Bottom	false
chat_allowed	tut=Bottom;chat=22:PressChange;line=Top	false
chat_allowed	tut=Bottom;chat=23:Repair	true
chat_allowed	tut=Bottom;chat=24:SerpenPrepare	false
chat_allowed	tut=Bottom;chat=25:SerpenSetup	false
chat_allowed	tut=Bottom;chat=26:SerpenCheck	false
chat_allowed	tut=Bottom;chat=27:SerpenEnemyHunt	false
chat_allowed	tut=Bottom;chat=28:SerpenAssemble	false
chat_allowed	tut=Bottom;chat=29:SerpenHunt	false
chat_allowed	tut=Bottom;chat=30:SerpenBattle	false
chat_allowed	tut=Bottom;chat=31:SerpenGiveUp;r=StackAhead	false
chat_allowed	tut=Bottom;chat=31:SerpenGiveUp;r=Outnumbered	false
chat_allowed	tut=Bottom;chat=32:SerpenSteal;k=Lurk	false
chat_allowed	tut=Bottom;chat=32:SerpenSteal;k=Commit	false
chat_allowed	tut=Bottom;chat=33:MorgardPrepare	false
chat_allowed	tut=Bottom;chat=34:MorgardSetup	false
chat_allowed	tut=Bottom;chat=35:MorgardCheck	false
chat_allowed	tut=Bottom;chat=36:MorgardEnemyHunt	false
chat_allowed	tut=Bottom;chat=37:MorgardAssemble	false
chat_allowed	tut=Bottom;chat=38:MorgardHunt	false
chat_allowed	tut=Bottom;chat=39:MorgardBattle	false
chat_allowed	tut=Bottom;chat=40:MorgardGiveUp	false
chat_allowed	tut=Bottom;chat=41:MorgardSteal;k=Lurk	false
chat_allowed	tut=Bottom;chat=41:MorgardSteal;k=Commit	false
chat_allowed	tut=Bottom;chat=42:AttackNexus;line=Mid	false
chat_allowed	tut=Bottom;chat=42:AttackNexus;line=Bottom	true
chat_allowed	tut=Bottom;chat=42:AttackNexus;line=Top	false
chat_allowed	tut=Bottom;chat=43:DefenseNexus	true
chat_allowed	tut=Bottom;chat=44:GankDive;line=Mid	false
chat_allowed	tut=Bottom;chat=44:GankDive;line=Bottom	true
chat_allowed	tut=Bottom;chat=44:GankDive;line=Top	false
chat_allowed	tut=Bottom;chat=45:PressTower;line=Mid	false
chat_allowed	tut=Bottom;chat=45:PressTower;line=Bottom	true
chat_allowed	tut=Bottom;chat=45:PressTower;line=Top	false
chat_allowed	tut=Bottom;chat=46:ComebackPick;line=Mid	false
chat_allowed	tut=Bottom;chat=46:ComebackPick;line=Bottom	true
chat_allowed	tut=Bottom;chat=46:ComebackPick;line=Top	false
chat_allowed	tut=Bottom;chat=47:PlayCall;a=0,b=0	false
chat_allowed	tut=Bottom;chat=47:PlayCall;a=0,b=1	false
chat_allowed	tut=Bottom;chat=47:PlayCall;a=0,b=2	false
chat_allowed	tut=Bottom;chat=47:PlayCall;a=0,b=3	false
chat_allowed	tut=Bottom;chat=47:PlayCall;a=0,b=4	false
chat_allowed	tut=Bottom;chat=47:PlayCall;a=0,b=5	false
chat_allowed	tut=Bottom;chat=47:PlayCall;a=0,b=6	false
chat_allowed	tut=Bottom;chat=47:PlayCall;a=0,b=7	false
chat_allowed	tut=Bottom;chat=47:PlayCall;a=1,b=0	false
chat_allowed	tut=Bottom;chat=47:PlayCall;a=1,b=1	false
chat_allowed	tut=Bottom;chat=47:PlayCall;a=1,b=2	false
chat_allowed	tut=Bottom;chat=47:PlayCall;a=1,b=3	false
chat_allowed	tut=Bottom;chat=47:PlayCall;a=1,b=4	false
chat_allowed	tut=Bottom;chat=47:PlayCall;a=1,b=5	false
chat_allowed	tut=Bottom;chat=47:PlayCall;a=1,b=6	false
chat_allowed	tut=Bottom;chat=47:PlayCall;a=1,b=7	false
chat_allowed	tut=Bottom;chat=47:PlayCall;a=2,b=0	false
chat_allowed	tut=Bottom;chat=47:PlayCall;a=2,b=1	false
chat_allowed	tut=Bottom;chat=47:PlayCall;a=2,b=2	false
chat_allowed	tut=Bottom;chat=47:PlayCall;a=2,b=3	false
chat_allowed	tut=Bottom;chat=47:PlayCall;a=2,b=4	false
chat_allowed	tut=Bottom;chat=47:PlayCall;a=2,b=5	false
chat_allowed	tut=Bottom;chat=47:PlayCall;a=2,b=6	false
chat_allowed	tut=Bottom;chat=47:PlayCall;a=2,b=7	false
chat_allowed	tut=Bottom;chat=47:PlayCall;a=3,b=0	false
chat_allowed	tut=Bottom;chat=47:PlayCall;a=3,b=1	false
chat_allowed	tut=Bottom;chat=47:PlayCall;a=3,b=2	false
chat_allowed	tut=Bottom;chat=47:PlayCall;a=3,b=3	false
chat_allowed	tut=Bottom;chat=47:PlayCall;a=3,b=4	false
chat_allowed	tut=Bottom;chat=47:PlayCall;a=3,b=5	false
chat_allowed	tut=Bottom;chat=47:PlayCall;a=3,b=6	false
chat_allowed	tut=Bottom;chat=47:PlayCall;a=3,b=7	false
chat_allowed	tut=Bottom;chat=47:PlayCall;a=4,b=0	false
chat_allowed	tut=Bottom;chat=47:PlayCall;a=4,b=1	false
chat_allowed	tut=Bottom;chat=47:PlayCall;a=4,b=2	true
chat_allowed	tut=Bottom;chat=47:PlayCall;a=4,b=3	true
chat_allowed	tut=Bottom;chat=47:PlayCall;a=4,b=4	true
chat_allowed	tut=Bottom;chat=47:PlayCall;a=4,b=5	true
chat_allowed	tut=Bottom;chat=47:PlayCall;a=4,b=6	true
chat_allowed	tut=Bottom;chat=47:PlayCall;a=4,b=7	true
chat_allowed	tut=Bottom;chat=47:PlayCall;a=5,b=0	false
chat_allowed	tut=Bottom;chat=47:PlayCall;a=5,b=1	false
chat_allowed	tut=Bottom;chat=47:PlayCall;a=5,b=2	true
chat_allowed	tut=Bottom;chat=47:PlayCall;a=5,b=3	true
chat_allowed	tut=Bottom;chat=47:PlayCall;a=5,b=4	true
chat_allowed	tut=Bottom;chat=47:PlayCall;a=5,b=5	true
chat_allowed	tut=Bottom;chat=47:PlayCall;a=5,b=6	true
chat_allowed	tut=Bottom;chat=47:PlayCall;a=5,b=7	true
chat_allowed	tut=Bottom;chat=47:PlayCall;a=6,b=0	false
chat_allowed	tut=Bottom;chat=47:PlayCall;a=6,b=1	false
chat_allowed	tut=Bottom;chat=47:PlayCall;a=6,b=2	true
chat_allowed	tut=Bottom;chat=47:PlayCall;a=6,b=3	true
chat_allowed	tut=Bottom;chat=47:PlayCall;a=6,b=4	true
chat_allowed	tut=Bottom;chat=47:PlayCall;a=6,b=5	true
chat_allowed	tut=Bottom;chat=47:PlayCall;a=6,b=6	true
chat_allowed	tut=Bottom;chat=47:PlayCall;a=6,b=7	true
chat_allowed	tut=Bottom;chat=47:PlayCall;a=7,b=0	false
chat_allowed	tut=Bottom;chat=47:PlayCall;a=7,b=1	false
chat_allowed	tut=Bottom;chat=47:PlayCall;a=7,b=2	true
chat_allowed	tut=Bottom;chat=47:PlayCall;a=7,b=3	true
chat_allowed	tut=Bottom;chat=47:PlayCall;a=7,b=4	true
chat_allowed	tut=Bottom;chat=47:PlayCall;a=7,b=5	true
chat_allowed	tut=Bottom;chat=47:PlayCall;a=7,b=6	true
chat_allowed	tut=Bottom;chat=47:PlayCall;a=7,b=7	true
chat_allowed	tut=Bottom;chat=48:PlayPhaseChange;a=0,b=0	false
chat_allowed	tut=Bottom;chat=48:PlayPhaseChange;a=0,b=1	false
chat_allowed	tut=Bottom;chat=48:PlayPhaseChange;a=0,b=2	false
chat_allowed	tut=Bottom;chat=48:PlayPhaseChange;a=0,b=3	false
chat_allowed	tut=Bottom;chat=48:PlayPhaseChange;a=0,b=4	false
chat_allowed	tut=Bottom;chat=48:PlayPhaseChange;a=0,b=5	false
chat_allowed	tut=Bottom;chat=48:PlayPhaseChange;a=0,b=6	false
chat_allowed	tut=Bottom;chat=48:PlayPhaseChange;a=0,b=7	false
chat_allowed	tut=Bottom;chat=48:PlayPhaseChange;a=1,b=0	false
chat_allowed	tut=Bottom;chat=48:PlayPhaseChange;a=1,b=1	false
chat_allowed	tut=Bottom;chat=48:PlayPhaseChange;a=1,b=2	false
chat_allowed	tut=Bottom;chat=48:PlayPhaseChange;a=1,b=3	false
chat_allowed	tut=Bottom;chat=48:PlayPhaseChange;a=1,b=4	false
chat_allowed	tut=Bottom;chat=48:PlayPhaseChange;a=1,b=5	false
chat_allowed	tut=Bottom;chat=48:PlayPhaseChange;a=1,b=6	false
chat_allowed	tut=Bottom;chat=48:PlayPhaseChange;a=1,b=7	false
chat_allowed	tut=Bottom;chat=48:PlayPhaseChange;a=2,b=0	false
chat_allowed	tut=Bottom;chat=48:PlayPhaseChange;a=2,b=1	false
chat_allowed	tut=Bottom;chat=48:PlayPhaseChange;a=2,b=2	false
chat_allowed	tut=Bottom;chat=48:PlayPhaseChange;a=2,b=3	false
chat_allowed	tut=Bottom;chat=48:PlayPhaseChange;a=2,b=4	false
chat_allowed	tut=Bottom;chat=48:PlayPhaseChange;a=2,b=5	false
chat_allowed	tut=Bottom;chat=48:PlayPhaseChange;a=2,b=6	false
chat_allowed	tut=Bottom;chat=48:PlayPhaseChange;a=2,b=7	false
chat_allowed	tut=Bottom;chat=48:PlayPhaseChange;a=3,b=0	false
chat_allowed	tut=Bottom;chat=48:PlayPhaseChange;a=3,b=1	false
chat_allowed	tut=Bottom;chat=48:PlayPhaseChange;a=3,b=2	false
chat_allowed	tut=Bottom;chat=48:PlayPhaseChange;a=3,b=3	false
chat_allowed	tut=Bottom;chat=48:PlayPhaseChange;a=3,b=4	false
chat_allowed	tut=Bottom;chat=48:PlayPhaseChange;a=3,b=5	false
chat_allowed	tut=Bottom;chat=48:PlayPhaseChange;a=3,b=6	false
chat_allowed	tut=Bottom;chat=48:PlayPhaseChange;a=3,b=7	false
chat_allowed	tut=Bottom;chat=48:PlayPhaseChange;a=4,b=0	false
chat_allowed	tut=Bottom;chat=48:PlayPhaseChange;a=4,b=1	false
chat_allowed	tut=Bottom;chat=48:PlayPhaseChange;a=4,b=2	true
chat_allowed	tut=Bottom;chat=48:PlayPhaseChange;a=4,b=3	true
chat_allowed	tut=Bottom;chat=48:PlayPhaseChange;a=4,b=4	true
chat_allowed	tut=Bottom;chat=48:PlayPhaseChange;a=4,b=5	true
chat_allowed	tut=Bottom;chat=48:PlayPhaseChange;a=4,b=6	true
chat_allowed	tut=Bottom;chat=48:PlayPhaseChange;a=4,b=7	true
chat_allowed	tut=Bottom;chat=48:PlayPhaseChange;a=5,b=0	false
chat_allowed	tut=Bottom;chat=48:PlayPhaseChange;a=5,b=1	false
chat_allowed	tut=Bottom;chat=48:PlayPhaseChange;a=5,b=2	true
chat_allowed	tut=Bottom;chat=48:PlayPhaseChange;a=5,b=3	true
chat_allowed	tut=Bottom;chat=48:PlayPhaseChange;a=5,b=4	true
chat_allowed	tut=Bottom;chat=48:PlayPhaseChange;a=5,b=5	true
chat_allowed	tut=Bottom;chat=48:PlayPhaseChange;a=5,b=6	true
chat_allowed	tut=Bottom;chat=48:PlayPhaseChange;a=5,b=7	true
chat_allowed	tut=Bottom;chat=48:PlayPhaseChange;a=6,b=0	false
chat_allowed	tut=Bottom;chat=48:PlayPhaseChange;a=6,b=1	false
chat_allowed	tut=Bottom;chat=48:PlayPhaseChange;a=6,b=2	true
chat_allowed	tut=Bottom;chat=48:PlayPhaseChange;a=6,b=3	true
chat_allowed	tut=Bottom;chat=48:PlayPhaseChange;a=6,b=4	true
chat_allowed	tut=Bottom;chat=48:PlayPhaseChange;a=6,b=5	true
chat_allowed	tut=Bottom;chat=48:PlayPhaseChange;a=6,b=6	true
chat_allowed	tut=Bottom;chat=48:PlayPhaseChange;a=6,b=7	true
chat_allowed	tut=Bottom;chat=48:PlayPhaseChange;a=7,b=0	false
chat_allowed	tut=Bottom;chat=48:PlayPhaseChange;a=7,b=1	false
chat_allowed	tut=Bottom;chat=48:PlayPhaseChange;a=7,b=2	true
chat_allowed	tut=Bottom;chat=48:PlayPhaseChange;a=7,b=3	true
chat_allowed	tut=Bottom;chat=48:PlayPhaseChange;a=7,b=4	true
chat_allowed	tut=Bottom;chat=48:PlayPhaseChange;a=7,b=5	true
chat_allowed	tut=Bottom;chat=48:PlayPhaseChange;a=7,b=6	true
chat_allowed	tut=Bottom;chat=48:PlayPhaseChange;a=7,b=7	true
chat_allowed	tut=Bottom;chat=49:PlayPropose;a=0,b=0,c=0	false
chat_allowed	tut=Bottom;chat=49:PlayPropose;a=0,b=0,c=1	false
chat_allowed	tut=Bottom;chat=49:PlayPropose;a=0,b=0,c=2	false
chat_allowed	tut=Bottom;chat=49:PlayPropose;a=0,b=0,c=3	false
chat_allowed	tut=Bottom;chat=49:PlayPropose;a=0,b=1,c=0	false
chat_allowed	tut=Bottom;chat=49:PlayPropose;a=0,b=1,c=1	false
chat_allowed	tut=Bottom;chat=49:PlayPropose;a=0,b=1,c=2	false
chat_allowed	tut=Bottom;chat=49:PlayPropose;a=0,b=1,c=3	false
chat_allowed	tut=Bottom;chat=49:PlayPropose;a=0,b=2,c=0	false
chat_allowed	tut=Bottom;chat=49:PlayPropose;a=0,b=2,c=1	false
chat_allowed	tut=Bottom;chat=49:PlayPropose;a=0,b=2,c=2	false
chat_allowed	tut=Bottom;chat=49:PlayPropose;a=0,b=2,c=3	false
chat_allowed	tut=Bottom;chat=49:PlayPropose;a=0,b=3,c=0	false
chat_allowed	tut=Bottom;chat=49:PlayPropose;a=0,b=3,c=1	false
chat_allowed	tut=Bottom;chat=49:PlayPropose;a=0,b=3,c=2	false
chat_allowed	tut=Bottom;chat=49:PlayPropose;a=0,b=3,c=3	false
chat_allowed	tut=Bottom;chat=49:PlayPropose;a=0,b=4,c=0	false
chat_allowed	tut=Bottom;chat=49:PlayPropose;a=0,b=4,c=1	false
chat_allowed	tut=Bottom;chat=49:PlayPropose;a=0,b=4,c=2	false
chat_allowed	tut=Bottom;chat=49:PlayPropose;a=0,b=4,c=3	false
chat_allowed	tut=Bottom;chat=49:PlayPropose;a=0,b=5,c=0	false
chat_allowed	tut=Bottom;chat=49:PlayPropose;a=0,b=5,c=1	false
chat_allowed	tut=Bottom;chat=49:PlayPropose;a=0,b=5,c=2	false
chat_allowed	tut=Bottom;chat=49:PlayPropose;a=0,b=5,c=3	false
chat_allowed	tut=Bottom;chat=49:PlayPropose;a=0,b=6,c=0	false
chat_allowed	tut=Bottom;chat=49:PlayPropose;a=0,b=6,c=1	false
chat_allowed	tut=Bottom;chat=49:PlayPropose;a=0,b=6,c=2	false
chat_allowed	tut=Bottom;chat=49:PlayPropose;a=0,b=6,c=3	false
chat_allowed	tut=Bottom;chat=49:PlayPropose;a=0,b=7,c=0	false
chat_allowed	tut=Bottom;chat=49:PlayPropose;a=0,b=7,c=1	false
chat_allowed	tut=Bottom;chat=49:PlayPropose;a=0,b=7,c=2	false
chat_allowed	tut=Bottom;chat=49:PlayPropose;a=0,b=7,c=3	false
chat_allowed	tut=Bottom;chat=49:PlayPropose;a=1,b=0,c=0	false
chat_allowed	tut=Bottom;chat=49:PlayPropose;a=1,b=0,c=1	false
chat_allowed	tut=Bottom;chat=49:PlayPropose;a=1,b=0,c=2	false
chat_allowed	tut=Bottom;chat=49:PlayPropose;a=1,b=0,c=3	false
chat_allowed	tut=Bottom;chat=49:PlayPropose;a=1,b=1,c=0	false
chat_allowed	tut=Bottom;chat=49:PlayPropose;a=1,b=1,c=1	false
chat_allowed	tut=Bottom;chat=49:PlayPropose;a=1,b=1,c=2	false
chat_allowed	tut=Bottom;chat=49:PlayPropose;a=1,b=1,c=3	false
chat_allowed	tut=Bottom;chat=49:PlayPropose;a=1,b=2,c=0	false
chat_allowed	tut=Bottom;chat=49:PlayPropose;a=1,b=2,c=1	false
chat_allowed	tut=Bottom;chat=49:PlayPropose;a=1,b=2,c=2	false
chat_allowed	tut=Bottom;chat=49:PlayPropose;a=1,b=2,c=3	false
chat_allowed	tut=Bottom;chat=49:PlayPropose;a=1,b=3,c=0	false
chat_allowed	tut=Bottom;chat=49:PlayPropose;a=1,b=3,c=1	false
chat_allowed	tut=Bottom;chat=49:PlayPropose;a=1,b=3,c=2	false
chat_allowed	tut=Bottom;chat=49:PlayPropose;a=1,b=3,c=3	false
chat_allowed	tut=Bottom;chat=49:PlayPropose;a=1,b=4,c=0	false
chat_allowed	tut=Bottom;chat=49:PlayPropose;a=1,b=4,c=1	false
chat_allowed	tut=Bottom;chat=49:PlayPropose;a=1,b=4,c=2	false
chat_allowed	tut=Bottom;chat=49:PlayPropose;a=1,b=4,c=3	false
chat_allowed	tut=Bottom;chat=49:PlayPropose;a=1,b=5,c=0	false
chat_allowed	tut=Bottom;chat=49:PlayPropose;a=1,b=5,c=1	false
chat_allowed	tut=Bottom;chat=49:PlayPropose;a=1,b=5,c=2	false
chat_allowed	tut=Bottom;chat=49:PlayPropose;a=1,b=5,c=3	false
chat_allowed	tut=Bottom;chat=49:PlayPropose;a=1,b=6,c=0	false
chat_allowed	tut=Bottom;chat=49:PlayPropose;a=1,b=6,c=1	false
chat_allowed	tut=Bottom;chat=49:PlayPropose;a=1,b=6,c=2	false
chat_allowed	tut=Bottom;chat=49:PlayPropose;a=1,b=6,c=3	false
chat_allowed	tut=Bottom;chat=49:PlayPropose;a=1,b=7,c=0	false
chat_allowed	tut=Bottom;chat=49:PlayPropose;a=1,b=7,c=1	false
chat_allowed	tut=Bottom;chat=49:PlayPropose;a=1,b=7,c=2	false
chat_allowed	tut=Bottom;chat=49:PlayPropose;a=1,b=7,c=3	false
chat_allowed	tut=Bottom;chat=49:PlayPropose;a=2,b=0,c=0	false
chat_allowed	tut=Bottom;chat=49:PlayPropose;a=2,b=0,c=1	false
chat_allowed	tut=Bottom;chat=49:PlayPropose;a=2,b=0,c=2	false
chat_allowed	tut=Bottom;chat=49:PlayPropose;a=2,b=0,c=3	false
chat_allowed	tut=Bottom;chat=49:PlayPropose;a=2,b=1,c=0	false
chat_allowed	tut=Bottom;chat=49:PlayPropose;a=2,b=1,c=1	false
chat_allowed	tut=Bottom;chat=49:PlayPropose;a=2,b=1,c=2	false
chat_allowed	tut=Bottom;chat=49:PlayPropose;a=2,b=1,c=3	false
chat_allowed	tut=Bottom;chat=49:PlayPropose;a=2,b=2,c=0	false
chat_allowed	tut=Bottom;chat=49:PlayPropose;a=2,b=2,c=1	false
chat_allowed	tut=Bottom;chat=49:PlayPropose;a=2,b=2,c=2	false
chat_allowed	tut=Bottom;chat=49:PlayPropose;a=2,b=2,c=3	false
chat_allowed	tut=Bottom;chat=49:PlayPropose;a=2,b=3,c=0	false
chat_allowed	tut=Bottom;chat=49:PlayPropose;a=2,b=3,c=1	false
chat_allowed	tut=Bottom;chat=49:PlayPropose;a=2,b=3,c=2	false
chat_allowed	tut=Bottom;chat=49:PlayPropose;a=2,b=3,c=3	false
chat_allowed	tut=Bottom;chat=49:PlayPropose;a=2,b=4,c=0	false
chat_allowed	tut=Bottom;chat=49:PlayPropose;a=2,b=4,c=1	false
chat_allowed	tut=Bottom;chat=49:PlayPropose;a=2,b=4,c=2	false
chat_allowed	tut=Bottom;chat=49:PlayPropose;a=2,b=4,c=3	false
chat_allowed	tut=Bottom;chat=49:PlayPropose;a=2,b=5,c=0	false
chat_allowed	tut=Bottom;chat=49:PlayPropose;a=2,b=5,c=1	false
chat_allowed	tut=Bottom;chat=49:PlayPropose;a=2,b=5,c=2	false
chat_allowed	tut=Bottom;chat=49:PlayPropose;a=2,b=5,c=3	false
chat_allowed	tut=Bottom;chat=49:PlayPropose;a=2,b=6,c=0	false
chat_allowed	tut=Bottom;chat=49:PlayPropose;a=2,b=6,c=1	false
chat_allowed	tut=Bottom;chat=49:PlayPropose;a=2,b=6,c=2	false
chat_allowed	tut=Bottom;chat=49:PlayPropose;a=2,b=6,c=3	false
chat_allowed	tut=Bottom;chat=49:PlayPropose;a=2,b=7,c=0	false
chat_allowed	tut=Bottom;chat=49:PlayPropose;a=2,b=7,c=1	false
chat_allowed	tut=Bottom;chat=49:PlayPropose;a=2,b=7,c=2	false
chat_allowed	tut=Bottom;chat=49:PlayPropose;a=2,b=7,c=3	false
chat_allowed	tut=Bottom;chat=49:PlayPropose;a=3,b=0,c=0	false
chat_allowed	tut=Bottom;chat=49:PlayPropose;a=3,b=0,c=1	false
chat_allowed	tut=Bottom;chat=49:PlayPropose;a=3,b=0,c=2	false
chat_allowed	tut=Bottom;chat=49:PlayPropose;a=3,b=0,c=3	false
chat_allowed	tut=Bottom;chat=49:PlayPropose;a=3,b=1,c=0	false
chat_allowed	tut=Bottom;chat=49:PlayPropose;a=3,b=1,c=1	false
chat_allowed	tut=Bottom;chat=49:PlayPropose;a=3,b=1,c=2	false
chat_allowed	tut=Bottom;chat=49:PlayPropose;a=3,b=1,c=3	false
chat_allowed	tut=Bottom;chat=49:PlayPropose;a=3,b=2,c=0	false
chat_allowed	tut=Bottom;chat=49:PlayPropose;a=3,b=2,c=1	false
chat_allowed	tut=Bottom;chat=49:PlayPropose;a=3,b=2,c=2	false
chat_allowed	tut=Bottom;chat=49:PlayPropose;a=3,b=2,c=3	false
chat_allowed	tut=Bottom;chat=49:PlayPropose;a=3,b=3,c=0	false
chat_allowed	tut=Bottom;chat=49:PlayPropose;a=3,b=3,c=1	false
chat_allowed	tut=Bottom;chat=49:PlayPropose;a=3,b=3,c=2	false
chat_allowed	tut=Bottom;chat=49:PlayPropose;a=3,b=3,c=3	false
chat_allowed	tut=Bottom;chat=49:PlayPropose;a=3,b=4,c=0	false
chat_allowed	tut=Bottom;chat=49:PlayPropose;a=3,b=4,c=1	false
chat_allowed	tut=Bottom;chat=49:PlayPropose;a=3,b=4,c=2	false
chat_allowed	tut=Bottom;chat=49:PlayPropose;a=3,b=4,c=3	false
chat_allowed	tut=Bottom;chat=49:PlayPropose;a=3,b=5,c=0	false
chat_allowed	tut=Bottom;chat=49:PlayPropose;a=3,b=5,c=1	false
chat_allowed	tut=Bottom;chat=49:PlayPropose;a=3,b=5,c=2	false
chat_allowed	tut=Bottom;chat=49:PlayPropose;a=3,b=5,c=3	false
chat_allowed	tut=Bottom;chat=49:PlayPropose;a=3,b=6,c=0	false
chat_allowed	tut=Bottom;chat=49:PlayPropose;a=3,b=6,c=1	false
chat_allowed	tut=Bottom;chat=49:PlayPropose;a=3,b=6,c=2	false
chat_allowed	tut=Bottom;chat=49:PlayPropose;a=3,b=6,c=3	false
chat_allowed	tut=Bottom;chat=49:PlayPropose;a=3,b=7,c=0	false
chat_allowed	tut=Bottom;chat=49:PlayPropose;a=3,b=7,c=1	false
chat_allowed	tut=Bottom;chat=49:PlayPropose;a=3,b=7,c=2	false
chat_allowed	tut=Bottom;chat=49:PlayPropose;a=3,b=7,c=3	false
chat_allowed	tut=Bottom;chat=49:PlayPropose;a=4,b=0,c=0	false
chat_allowed	tut=Bottom;chat=49:PlayPropose;a=4,b=0,c=1	false
chat_allowed	tut=Bottom;chat=49:PlayPropose;a=4,b=0,c=2	false
chat_allowed	tut=Bottom;chat=49:PlayPropose;a=4,b=0,c=3	false
chat_allowed	tut=Bottom;chat=49:PlayPropose;a=4,b=1,c=0	false
chat_allowed	tut=Bottom;chat=49:PlayPropose;a=4,b=1,c=1	false
chat_allowed	tut=Bottom;chat=49:PlayPropose;a=4,b=1,c=2	false
chat_allowed	tut=Bottom;chat=49:PlayPropose;a=4,b=1,c=3	false
chat_allowed	tut=Bottom;chat=49:PlayPropose;a=4,b=2,c=0	true
chat_allowed	tut=Bottom;chat=49:PlayPropose;a=4,b=2,c=1	true
chat_allowed	tut=Bottom;chat=49:PlayPropose;a=4,b=2,c=2	true
chat_allowed	tut=Bottom;chat=49:PlayPropose;a=4,b=2,c=3	true
chat_allowed	tut=Bottom;chat=49:PlayPropose;a=4,b=3,c=0	true
chat_allowed	tut=Bottom;chat=49:PlayPropose;a=4,b=3,c=1	true
chat_allowed	tut=Bottom;chat=49:PlayPropose;a=4,b=3,c=2	true
chat_allowed	tut=Bottom;chat=49:PlayPropose;a=4,b=3,c=3	true
chat_allowed	tut=Bottom;chat=49:PlayPropose;a=4,b=4,c=0	true
chat_allowed	tut=Bottom;chat=49:PlayPropose;a=4,b=4,c=1	true
chat_allowed	tut=Bottom;chat=49:PlayPropose;a=4,b=4,c=2	true
chat_allowed	tut=Bottom;chat=49:PlayPropose;a=4,b=4,c=3	true
chat_allowed	tut=Bottom;chat=49:PlayPropose;a=4,b=5,c=0	true
chat_allowed	tut=Bottom;chat=49:PlayPropose;a=4,b=5,c=1	true
chat_allowed	tut=Bottom;chat=49:PlayPropose;a=4,b=5,c=2	true
chat_allowed	tut=Bottom;chat=49:PlayPropose;a=4,b=5,c=3	true
chat_allowed	tut=Bottom;chat=49:PlayPropose;a=4,b=6,c=0	true
chat_allowed	tut=Bottom;chat=49:PlayPropose;a=4,b=6,c=1	true
chat_allowed	tut=Bottom;chat=49:PlayPropose;a=4,b=6,c=2	true
chat_allowed	tut=Bottom;chat=49:PlayPropose;a=4,b=6,c=3	true
chat_allowed	tut=Bottom;chat=49:PlayPropose;a=4,b=7,c=0	true
chat_allowed	tut=Bottom;chat=49:PlayPropose;a=4,b=7,c=1	true
chat_allowed	tut=Bottom;chat=49:PlayPropose;a=4,b=7,c=2	true
chat_allowed	tut=Bottom;chat=49:PlayPropose;a=4,b=7,c=3	true
chat_allowed	tut=Bottom;chat=49:PlayPropose;a=5,b=0,c=0	false
chat_allowed	tut=Bottom;chat=49:PlayPropose;a=5,b=0,c=1	false
chat_allowed	tut=Bottom;chat=49:PlayPropose;a=5,b=0,c=2	false
chat_allowed	tut=Bottom;chat=49:PlayPropose;a=5,b=0,c=3	false
chat_allowed	tut=Bottom;chat=49:PlayPropose;a=5,b=1,c=0	false
chat_allowed	tut=Bottom;chat=49:PlayPropose;a=5,b=1,c=1	false
chat_allowed	tut=Bottom;chat=49:PlayPropose;a=5,b=1,c=2	false
chat_allowed	tut=Bottom;chat=49:PlayPropose;a=5,b=1,c=3	false
chat_allowed	tut=Bottom;chat=49:PlayPropose;a=5,b=2,c=0	true
chat_allowed	tut=Bottom;chat=49:PlayPropose;a=5,b=2,c=1	true
chat_allowed	tut=Bottom;chat=49:PlayPropose;a=5,b=2,c=2	true
chat_allowed	tut=Bottom;chat=49:PlayPropose;a=5,b=2,c=3	true
chat_allowed	tut=Bottom;chat=49:PlayPropose;a=5,b=3,c=0	true
chat_allowed	tut=Bottom;chat=49:PlayPropose;a=5,b=3,c=1	true
chat_allowed	tut=Bottom;chat=49:PlayPropose;a=5,b=3,c=2	true
chat_allowed	tut=Bottom;chat=49:PlayPropose;a=5,b=3,c=3	true
chat_allowed	tut=Bottom;chat=49:PlayPropose;a=5,b=4,c=0	true
chat_allowed	tut=Bottom;chat=49:PlayPropose;a=5,b=4,c=1	true
chat_allowed	tut=Bottom;chat=49:PlayPropose;a=5,b=4,c=2	true
chat_allowed	tut=Bottom;chat=49:PlayPropose;a=5,b=4,c=3	true
chat_allowed	tut=Bottom;chat=49:PlayPropose;a=5,b=5,c=0	true
chat_allowed	tut=Bottom;chat=49:PlayPropose;a=5,b=5,c=1	true
chat_allowed	tut=Bottom;chat=49:PlayPropose;a=5,b=5,c=2	true
chat_allowed	tut=Bottom;chat=49:PlayPropose;a=5,b=5,c=3	true
chat_allowed	tut=Bottom;chat=49:PlayPropose;a=5,b=6,c=0	true
chat_allowed	tut=Bottom;chat=49:PlayPropose;a=5,b=6,c=1	true
chat_allowed	tut=Bottom;chat=49:PlayPropose;a=5,b=6,c=2	true
chat_allowed	tut=Bottom;chat=49:PlayPropose;a=5,b=6,c=3	true
chat_allowed	tut=Bottom;chat=49:PlayPropose;a=5,b=7,c=0	true
chat_allowed	tut=Bottom;chat=49:PlayPropose;a=5,b=7,c=1	true
chat_allowed	tut=Bottom;chat=49:PlayPropose;a=5,b=7,c=2	true
chat_allowed	tut=Bottom;chat=49:PlayPropose;a=5,b=7,c=3	true
chat_allowed	tut=Bottom;chat=49:PlayPropose;a=6,b=0,c=0	false
chat_allowed	tut=Bottom;chat=49:PlayPropose;a=6,b=0,c=1	false
chat_allowed	tut=Bottom;chat=49:PlayPropose;a=6,b=0,c=2	false
chat_allowed	tut=Bottom;chat=49:PlayPropose;a=6,b=0,c=3	false
chat_allowed	tut=Bottom;chat=49:PlayPropose;a=6,b=1,c=0	false
chat_allowed	tut=Bottom;chat=49:PlayPropose;a=6,b=1,c=1	false
chat_allowed	tut=Bottom;chat=49:PlayPropose;a=6,b=1,c=2	false
chat_allowed	tut=Bottom;chat=49:PlayPropose;a=6,b=1,c=3	false
chat_allowed	tut=Bottom;chat=49:PlayPropose;a=6,b=2,c=0	true
chat_allowed	tut=Bottom;chat=49:PlayPropose;a=6,b=2,c=1	true
chat_allowed	tut=Bottom;chat=49:PlayPropose;a=6,b=2,c=2	true
chat_allowed	tut=Bottom;chat=49:PlayPropose;a=6,b=2,c=3	true
chat_allowed	tut=Bottom;chat=49:PlayPropose;a=6,b=3,c=0	true
chat_allowed	tut=Bottom;chat=49:PlayPropose;a=6,b=3,c=1	true
chat_allowed	tut=Bottom;chat=49:PlayPropose;a=6,b=3,c=2	true
chat_allowed	tut=Bottom;chat=49:PlayPropose;a=6,b=3,c=3	true
chat_allowed	tut=Bottom;chat=49:PlayPropose;a=6,b=4,c=0	true
chat_allowed	tut=Bottom;chat=49:PlayPropose;a=6,b=4,c=1	true
chat_allowed	tut=Bottom;chat=49:PlayPropose;a=6,b=4,c=2	true
chat_allowed	tut=Bottom;chat=49:PlayPropose;a=6,b=4,c=3	true
chat_allowed	tut=Bottom;chat=49:PlayPropose;a=6,b=5,c=0	true
chat_allowed	tut=Bottom;chat=49:PlayPropose;a=6,b=5,c=1	true
chat_allowed	tut=Bottom;chat=49:PlayPropose;a=6,b=5,c=2	true
chat_allowed	tut=Bottom;chat=49:PlayPropose;a=6,b=5,c=3	true
chat_allowed	tut=Bottom;chat=49:PlayPropose;a=6,b=6,c=0	true
chat_allowed	tut=Bottom;chat=49:PlayPropose;a=6,b=6,c=1	true
chat_allowed	tut=Bottom;chat=49:PlayPropose;a=6,b=6,c=2	true
chat_allowed	tut=Bottom;chat=49:PlayPropose;a=6,b=6,c=3	true
chat_allowed	tut=Bottom;chat=49:PlayPropose;a=6,b=7,c=0	true
chat_allowed	tut=Bottom;chat=49:PlayPropose;a=6,b=7,c=1	true
chat_allowed	tut=Bottom;chat=49:PlayPropose;a=6,b=7,c=2	true
chat_allowed	tut=Bottom;chat=49:PlayPropose;a=6,b=7,c=3	true
chat_allowed	tut=Bottom;chat=49:PlayPropose;a=7,b=0,c=0	false
chat_allowed	tut=Bottom;chat=49:PlayPropose;a=7,b=0,c=1	false
chat_allowed	tut=Bottom;chat=49:PlayPropose;a=7,b=0,c=2	false
chat_allowed	tut=Bottom;chat=49:PlayPropose;a=7,b=0,c=3	false
chat_allowed	tut=Bottom;chat=49:PlayPropose;a=7,b=1,c=0	false
chat_allowed	tut=Bottom;chat=49:PlayPropose;a=7,b=1,c=1	false
chat_allowed	tut=Bottom;chat=49:PlayPropose;a=7,b=1,c=2	false
chat_allowed	tut=Bottom;chat=49:PlayPropose;a=7,b=1,c=3	false
chat_allowed	tut=Bottom;chat=49:PlayPropose;a=7,b=2,c=0	true
chat_allowed	tut=Bottom;chat=49:PlayPropose;a=7,b=2,c=1	true
chat_allowed	tut=Bottom;chat=49:PlayPropose;a=7,b=2,c=2	true
chat_allowed	tut=Bottom;chat=49:PlayPropose;a=7,b=2,c=3	true
chat_allowed	tut=Bottom;chat=49:PlayPropose;a=7,b=3,c=0	true
chat_allowed	tut=Bottom;chat=49:PlayPropose;a=7,b=3,c=1	true
chat_allowed	tut=Bottom;chat=49:PlayPropose;a=7,b=3,c=2	true
chat_allowed	tut=Bottom;chat=49:PlayPropose;a=7,b=3,c=3	true
chat_allowed	tut=Bottom;chat=49:PlayPropose;a=7,b=4,c=0	true
chat_allowed	tut=Bottom;chat=49:PlayPropose;a=7,b=4,c=1	true
chat_allowed	tut=Bottom;chat=49:PlayPropose;a=7,b=4,c=2	true
chat_allowed	tut=Bottom;chat=49:PlayPropose;a=7,b=4,c=3	true
chat_allowed	tut=Bottom;chat=49:PlayPropose;a=7,b=5,c=0	true
chat_allowed	tut=Bottom;chat=49:PlayPropose;a=7,b=5,c=1	true
chat_allowed	tut=Bottom;chat=49:PlayPropose;a=7,b=5,c=2	true
chat_allowed	tut=Bottom;chat=49:PlayPropose;a=7,b=5,c=3	true
chat_allowed	tut=Bottom;chat=49:PlayPropose;a=7,b=6,c=0	true
chat_allowed	tut=Bottom;chat=49:PlayPropose;a=7,b=6,c=1	true
chat_allowed	tut=Bottom;chat=49:PlayPropose;a=7,b=6,c=2	true
chat_allowed	tut=Bottom;chat=49:PlayPropose;a=7,b=6,c=3	true
chat_allowed	tut=Bottom;chat=49:PlayPropose;a=7,b=7,c=0	true
chat_allowed	tut=Bottom;chat=49:PlayPropose;a=7,b=7,c=1	true
chat_allowed	tut=Bottom;chat=49:PlayPropose;a=7,b=7,c=2	true
chat_allowed	tut=Bottom;chat=49:PlayPropose;a=7,b=7,c=3	true
chat_allowed	tut=Bottom;chat=50:GankPlan;line=Mid,a=0	false
chat_allowed	tut=Bottom;chat=50:GankPlan;line=Mid,a=1	false
chat_allowed	tut=Bottom;chat=50:GankPlan;line=Mid,a=2	false
chat_allowed	tut=Bottom;chat=50:GankPlan;line=Mid,a=3	false
chat_allowed	tut=Bottom;chat=50:GankPlan;line=Mid,a=4	false
chat_allowed	tut=Bottom;chat=50:GankPlan;line=Mid,a=5	false
chat_allowed	tut=Bottom;chat=50:GankPlan;line=Mid,a=6	false
chat_allowed	tut=Bottom;chat=50:GankPlan;line=Mid,a=7	false
chat_allowed	tut=Bottom;chat=50:GankPlan;line=Bottom,a=0	true
chat_allowed	tut=Bottom;chat=50:GankPlan;line=Bottom,a=1	true
chat_allowed	tut=Bottom;chat=50:GankPlan;line=Bottom,a=2	true
chat_allowed	tut=Bottom;chat=50:GankPlan;line=Bottom,a=3	true
chat_allowed	tut=Bottom;chat=50:GankPlan;line=Bottom,a=4	true
chat_allowed	tut=Bottom;chat=50:GankPlan;line=Bottom,a=5	true
chat_allowed	tut=Bottom;chat=50:GankPlan;line=Bottom,a=6	true
chat_allowed	tut=Bottom;chat=50:GankPlan;line=Bottom,a=7	true
chat_allowed	tut=Bottom;chat=50:GankPlan;line=Top,a=0	false
chat_allowed	tut=Bottom;chat=50:GankPlan;line=Top,a=1	false
chat_allowed	tut=Bottom;chat=50:GankPlan;line=Top,a=2	false
chat_allowed	tut=Bottom;chat=50:GankPlan;line=Top,a=3	false
chat_allowed	tut=Bottom;chat=50:GankPlan;line=Top,a=4	false
chat_allowed	tut=Bottom;chat=50:GankPlan;line=Top,a=5	false
chat_allowed	tut=Bottom;chat=50:GankPlan;line=Top,a=6	false
chat_allowed	tut=Bottom;chat=50:GankPlan;line=Top,a=7	false
chat_allowed	tut=Bottom;chat=51:EarlyPlan;a=0	true
chat_allowed	tut=Bottom;chat=51:EarlyPlan;a=1	false
chat_allowed	tut=Bottom;chat=51:EarlyPlan;a=2	false
chat_allowed	tut=Bottom;chat=51:EarlyPlan;a=3	true
chat_allowed	tut=Bottom;chat=51:EarlyPlan;a=4	false
chat_allowed	tut=Bottom;chat=51:EarlyPlan;a=5	true
chat_allowed	tut=Bottom;chat=51:EarlyPlan;a=6	true
chat_allowed	tut=Bottom;chat=51:EarlyPlan;a=7	true
chat_allowed	tut=Bottom;chat=52:EarlyPlanChange;a=0	true
chat_allowed	tut=Bottom;chat=52:EarlyPlanChange;a=1	true
chat_allowed	tut=Bottom;chat=52:EarlyPlanChange;a=2	true
chat_allowed	tut=Bottom;chat=52:EarlyPlanChange;a=3	true
chat_allowed	tut=Bottom;chat=52:EarlyPlanChange;a=4	true
chat_allowed	tut=Bottom;chat=52:EarlyPlanChange;a=5	true
chat_allowed	tut=Bottom;chat=52:EarlyPlanChange;a=6	true
chat_allowed	tut=Bottom;chat=52:EarlyPlanChange;a=7	true
chat_allowed	tut=Bottom;chat=53:AcceptAfterTask;a=0	true
chat_allowed	tut=Bottom;chat=53:AcceptAfterTask;a=1	true
chat_allowed	tut=Bottom;chat=53:AcceptAfterTask;a=2	true
chat_allowed	tut=Bottom;chat=53:AcceptAfterTask;a=3	true
chat_allowed	tut=Bottom;chat=53:AcceptAfterTask;a=4	true
chat_allowed	tut=Bottom;chat=53:AcceptAfterTask;a=5	true
chat_allowed	tut=Bottom;chat=53:AcceptAfterTask;a=6	true
chat_allowed	tut=Bottom;chat=53:AcceptAfterTask;a=7	true
chat_allowed	tut=Bottom;chat=54:DeclineWithReason;a=0	true
chat_allowed	tut=Bottom;chat=54:DeclineWithReason;a=1	true
chat_allowed	tut=Bottom;chat=54:DeclineWithReason;a=2	true
chat_allowed	tut=Bottom;chat=54:DeclineWithReason;a=3	true
chat_allowed	tut=Bottom;chat=54:DeclineWithReason;a=4	true
chat_allowed	tut=Bottom;chat=54:DeclineWithReason;a=5	true
chat_allowed	tut=Bottom;chat=54:DeclineWithReason;a=6	true
chat_allowed	tut=Bottom;chat=54:DeclineWithReason;a=7	true
chat_allowed	tut=Bottom;chat=56:ReadySignal;a=0	true
chat_allowed	tut=Bottom;chat=56:ReadySignal;a=1	true
chat_allowed	tut=Bottom;chat=56:ReadySignal;a=2	true
chat_allowed	tut=Bottom;chat=56:ReadySignal;a=3	true
chat_allowed	tut=Bottom;chat=56:ReadySignal;a=4	true
chat_allowed	tut=Bottom;chat=56:ReadySignal;a=5	true
chat_allowed	tut=Bottom;chat=56:ReadySignal;a=6	true
chat_allowed	tut=Bottom;chat=56:ReadySignal;a=7	true
chat_allowed	tut=Bottom;chat=55:CounterRequest;a=0,b=0	false
chat_allowed	tut=Bottom;chat=55:CounterRequest;a=0,b=1	false
chat_allowed	tut=Bottom;chat=55:CounterRequest;a=0,b=2	true
chat_allowed	tut=Bottom;chat=55:CounterRequest;a=0,b=3	true
chat_allowed	tut=Bottom;chat=55:CounterRequest;a=0,b=4	true
chat_allowed	tut=Bottom;chat=55:CounterRequest;a=0,b=5	true
chat_allowed	tut=Bottom;chat=55:CounterRequest;a=0,b=6	true
chat_allowed	tut=Bottom;chat=55:CounterRequest;a=0,b=7	true
chat_allowed	tut=Bottom;chat=55:CounterRequest;a=1,b=0	false
chat_allowed	tut=Bottom;chat=55:CounterRequest;a=1,b=1	false
chat_allowed	tut=Bottom;chat=55:CounterRequest;a=1,b=2	true
chat_allowed	tut=Bottom;chat=55:CounterRequest;a=1,b=3	true
chat_allowed	tut=Bottom;chat=55:CounterRequest;a=1,b=4	true
chat_allowed	tut=Bottom;chat=55:CounterRequest;a=1,b=5	true
chat_allowed	tut=Bottom;chat=55:CounterRequest;a=1,b=6	true
chat_allowed	tut=Bottom;chat=55:CounterRequest;a=1,b=7	true
chat_allowed	tut=Bottom;chat=55:CounterRequest;a=2,b=0	false
chat_allowed	tut=Bottom;chat=55:CounterRequest;a=2,b=1	false
chat_allowed	tut=Bottom;chat=55:CounterRequest;a=2,b=2	true
chat_allowed	tut=Bottom;chat=55:CounterRequest;a=2,b=3	true
chat_allowed	tut=Bottom;chat=55:CounterRequest;a=2,b=4	true
chat_allowed	tut=Bottom;chat=55:CounterRequest;a=2,b=5	true
chat_allowed	tut=Bottom;chat=55:CounterRequest;a=2,b=6	true
chat_allowed	tut=Bottom;chat=55:CounterRequest;a=2,b=7	true
chat_allowed	tut=Bottom;chat=55:CounterRequest;a=3,b=0	false
chat_allowed	tut=Bottom;chat=55:CounterRequest;a=3,b=1	false
chat_allowed	tut=Bottom;chat=55:CounterRequest;a=3,b=2	true
chat_allowed	tut=Bottom;chat=55:CounterRequest;a=3,b=3	true
chat_allowed	tut=Bottom;chat=55:CounterRequest;a=3,b=4	true
chat_allowed	tut=Bottom;chat=55:CounterRequest;a=3,b=5	true
chat_allowed	tut=Bottom;chat=55:CounterRequest;a=3,b=6	true
chat_allowed	tut=Bottom;chat=55:CounterRequest;a=3,b=7	true
chat_allowed	tut=Bottom;chat=55:CounterRequest;a=4,b=0	false
chat_allowed	tut=Bottom;chat=55:CounterRequest;a=4,b=1	false
chat_allowed	tut=Bottom;chat=55:CounterRequest;a=4,b=2	true
chat_allowed	tut=Bottom;chat=55:CounterRequest;a=4,b=3	true
chat_allowed	tut=Bottom;chat=55:CounterRequest;a=4,b=4	true
chat_allowed	tut=Bottom;chat=55:CounterRequest;a=4,b=5	true
chat_allowed	tut=Bottom;chat=55:CounterRequest;a=4,b=6	true
chat_allowed	tut=Bottom;chat=55:CounterRequest;a=4,b=7	true
chat_allowed	tut=Bottom;chat=55:CounterRequest;a=5,b=0	false
chat_allowed	tut=Bottom;chat=55:CounterRequest;a=5,b=1	false
chat_allowed	tut=Bottom;chat=55:CounterRequest;a=5,b=2	true
chat_allowed	tut=Bottom;chat=55:CounterRequest;a=5,b=3	true
chat_allowed	tut=Bottom;chat=55:CounterRequest;a=5,b=4	true
chat_allowed	tut=Bottom;chat=55:CounterRequest;a=5,b=5	true
chat_allowed	tut=Bottom;chat=55:CounterRequest;a=5,b=6	true
chat_allowed	tut=Bottom;chat=55:CounterRequest;a=5,b=7	true
chat_allowed	tut=Bottom;chat=55:CounterRequest;a=6,b=0	false
chat_allowed	tut=Bottom;chat=55:CounterRequest;a=6,b=1	false
chat_allowed	tut=Bottom;chat=55:CounterRequest;a=6,b=2	true
chat_allowed	tut=Bottom;chat=55:CounterRequest;a=6,b=3	true
chat_allowed	tut=Bottom;chat=55:CounterRequest;a=6,b=4	true
chat_allowed	tut=Bottom;chat=55:CounterRequest;a=6,b=5	true
chat_allowed	tut=Bottom;chat=55:CounterRequest;a=6,b=6	true
chat_allowed	tut=Bottom;chat=55:CounterRequest;a=6,b=7	true
chat_allowed	tut=Bottom;chat=55:CounterRequest;a=7,b=0	false
chat_allowed	tut=Bottom;chat=55:CounterRequest;a=7,b=1	false
chat_allowed	tut=Bottom;chat=55:CounterRequest;a=7,b=2	true
chat_allowed	tut=Bottom;chat=55:CounterRequest;a=7,b=3	true
chat_allowed	tut=Bottom;chat=55:CounterRequest;a=7,b=4	true
chat_allowed	tut=Bottom;chat=55:CounterRequest;a=7,b=5	true
chat_allowed	tut=Bottom;chat=55:CounterRequest;a=7,b=6	true
chat_allowed	tut=Bottom;chat=55:CounterRequest;a=7,b=7	true
valid_lines	tut=MidSolo	Mid
line_exists	tut=MidSolo;line=Mid	true
fallback_line	tut=MidSolo;line=Mid	Mid
line_exists	tut=MidSolo;line=Bottom	false
fallback_line	tut=MidSolo;line=Bottom	Mid
line_exists	tut=MidSolo;line=Top	false
fallback_line	tut=MidSolo;line=Top	Mid
position_exists	tut=MidSolo;pos=Top	false
position_exists	tut=MidSolo;pos=Jungle	false
position_exists	tut=MidSolo;pos=Mid	true
position_exists	tut=MidSolo;pos=Bottom	false
position_exists	tut=MidSolo;pos=Support	false
morgard_exists	tut=MidSolo	false
serpen_exists	tut=MidSolo	false
steal_target_allowed	tut=MidSolo;tgt=Epic	false
steal_target_allowed	tut=MidSolo;tgt=Serpen	false
steal_action_allowed	tut=MidSolo;act=None	true
steal_action_allowed	tut=MidSolo;act=Lurk(Epic)	false
steal_action_allowed	tut=MidSolo;act=Lurk(Serpen)	false
steal_action_allowed	tut=MidSolo;act=Commit(Epic)	false
steal_action_allowed	tut=MidSolo;act=Commit(Serpen)	false
goal_allowed	tut=MidSolo;goal=Line(Mid)	true
goal_allowed	tut=MidSolo;goal=Line(Bottom)	false
goal_allowed	tut=MidSolo;goal=Line(Top)	false
goal_allowed	tut=MidSolo;goal=Jungle(Rhino,0)	false
goal_allowed	tut=MidSolo;goal=Jungle(Rhino,1)	false
goal_allowed	tut=MidSolo;goal=Jungle(Mushroom,0)	false
goal_allowed	tut=MidSolo;goal=Jungle(Mushroom,1)	false
goal_allowed	tut=MidSolo;goal=Jungle(Stump,0)	false
goal_allowed	tut=MidSolo;goal=Jungle(Stump,1)	false
goal_allowed	tut=MidSolo;goal=Jungle(Bee,0)	false
goal_allowed	tut=MidSolo;goal=Jungle(Bee,1)	false
goal_allowed	tut=MidSolo;goal=Jungle(Morgard,0)	false
goal_allowed	tut=MidSolo;goal=Jungle(Morgard,1)	false
goal_allowed	tut=MidSolo;goal=Jungle(Serpen,0)	false
goal_allowed	tut=MidSolo;goal=Jungle(Serpen,1)	false
goal_allowed	tut=MidSolo;goal=Epic	false
goal_allowed	tut=MidSolo;goal=Serpen	false
goal_allowed	tut=MidSolo;goal=Nexus(0)	true
goal_allowed	tut=MidSolo;goal=Nexus(1)	true
goal_allowed	tut=MidSolo;goal=Battle(None)	true
goal_allowed	tut=MidSolo;goal=Battle(Some(0))	true
goal_allowed	tut=MidSolo;goal=Recall	true
main_objective_allowed	tut=MidSolo;mo=Morgard(ph=Setup,wb=false)	false
main_objective_allowed	tut=MidSolo;mo=Morgard(ph=Setup,wb=true)	false
main_objective_allowed	tut=MidSolo;mo=Morgard(ph=Assemble,wb=false)	false
main_objective_allowed	tut=MidSolo;mo=Morgard(ph=Assemble,wb=true)	false
main_objective_allowed	tut=MidSolo;mo=Morgard(ph=Hunt,wb=false)	false
main_objective_allowed	tut=MidSolo;mo=Morgard(ph=Hunt,wb=true)	false
main_objective_allowed	tut=MidSolo;mo=Morgard(ph=None,wb=false)	false
main_objective_allowed	tut=MidSolo;mo=Morgard(ph=None,wb=true)	false
main_objective_allowed	tut=MidSolo;mo=Serpen(ph=Setup,wb=false)	false
main_objective_allowed	tut=MidSolo;mo=Serpen(ph=Setup,wb=true)	false
main_objective_allowed	tut=MidSolo;mo=Serpen(ph=Assemble,wb=false)	false
main_objective_allowed	tut=MidSolo;mo=Serpen(ph=Assemble,wb=true)	false
main_objective_allowed	tut=MidSolo;mo=Serpen(ph=Hunt,wb=false)	false
main_objective_allowed	tut=MidSolo;mo=Serpen(ph=Hunt,wb=true)	false
main_objective_allowed	tut=MidSolo;mo=Serpen(ph=None,wb=false)	false
main_objective_allowed	tut=MidSolo;mo=Serpen(ph=None,wb=true)	false
main_objective_allowed	tut=MidSolo;mo=Defense	true
main_objective_allowed	tut=MidSolo;mo=Repair	true
main_objective_allowed	tut=MidSolo;mo=DefenseLine(Mid)	true
main_objective_allowed	tut=MidSolo;mo=DefenseLine(Bottom)	false
main_objective_allowed	tut=MidSolo;mo=DefenseLine(Top)	false
main_objective_allowed	tut=MidSolo;mo=Nexus(Mid)	true
main_objective_allowed	tut=MidSolo;mo=Nexus(Bottom)	false
main_objective_allowed	tut=MidSolo;mo=Nexus(Top)	false
main_objective_allowed	tut=MidSolo;mo=PressEpic(Mid)	false
main_objective_allowed	tut=MidSolo;mo=PressEpic(Bottom)	false
main_objective_allowed	tut=MidSolo;mo=PressEpic(Top)	false
main_objective_allowed	tut=MidSolo;mo=SplitEpic(Mid)	false
main_objective_allowed	tut=MidSolo;mo=SplitEpic(Bottom)	false
main_objective_allowed	tut=MidSolo;mo=SplitEpic(Top)	false
main_objective_allowed	tut=MidSolo;mo=Gank(Mid)	true
main_objective_allowed	tut=MidSolo;mo=Gank(Bottom)	false
main_objective_allowed	tut=MidSolo;mo=Gank(Top)	false
main_objective_allowed	tut=MidSolo;mo=Dive(Mid)	true
main_objective_allowed	tut=MidSolo;mo=Dive(Bottom)	false
main_objective_allowed	tut=MidSolo;mo=Dive(Top)	false
main_objective_allowed	tut=MidSolo;mo=PressTower(Mid)	true
main_objective_allowed	tut=MidSolo;mo=PressTower(Bottom)	false
main_objective_allowed	tut=MidSolo;mo=PressTower(Top)	false
main_objective_allowed	tut=MidSolo;mo=ComebackPick(Mid,ready=false)	true
main_objective_allowed	tut=MidSolo;mo=ComebackPick(Mid,ready=true)	true
main_objective_allowed	tut=MidSolo;mo=ComebackPick(Bottom,ready=false)	false
main_objective_allowed	tut=MidSolo;mo=ComebackPick(Bottom,ready=true)	false
main_objective_allowed	tut=MidSolo;mo=ComebackPick(Top,ready=false)	false
main_objective_allowed	tut=MidSolo;mo=ComebackPick(Top,ready=true)	false
sub_objective_allowed	tut=MidSolo;so=LineBattle(Mid,dive=false)	true
sub_objective_allowed	tut=MidSolo;so=LineBattle(Mid,dive=true)	true
sub_objective_allowed	tut=MidSolo;so=LineBattle(Bottom,dive=false)	false
sub_objective_allowed	tut=MidSolo;so=LineBattle(Bottom,dive=true)	false
sub_objective_allowed	tut=MidSolo;so=LineBattle(Top,dive=false)	false
sub_objective_allowed	tut=MidSolo;so=LineBattle(Top,dive=true)	false
sub_objective_allowed	tut=MidSolo;so=JungleBattle(Rhino,0)	false
sub_objective_allowed	tut=MidSolo;so=JungleBattle(Rhino,1)	false
sub_objective_allowed	tut=MidSolo;so=JungleBattle(Mushroom,0)	false
sub_objective_allowed	tut=MidSolo;so=JungleBattle(Mushroom,1)	false
sub_objective_allowed	tut=MidSolo;so=JungleBattle(Stump,0)	false
sub_objective_allowed	tut=MidSolo;so=JungleBattle(Stump,1)	false
sub_objective_allowed	tut=MidSolo;so=JungleBattle(Bee,0)	false
sub_objective_allowed	tut=MidSolo;so=JungleBattle(Bee,1)	false
sub_objective_allowed	tut=MidSolo;so=JungleBattle(Morgard,0)	false
sub_objective_allowed	tut=MidSolo;so=JungleBattle(Morgard,1)	false
sub_objective_allowed	tut=MidSolo;so=JungleBattle(Serpen,0)	false
sub_objective_allowed	tut=MidSolo;so=JungleBattle(Serpen,1)	false
chat_allowed	tut=MidSolo;chat=0:Start	true
chat_allowed	tut=MidSolo;chat=1:Mia;pos=Top	false
chat_allowed	tut=MidSolo;chat=1:Mia;pos=Jungle	false
chat_allowed	tut=MidSolo;chat=1:Mia;pos=Mid	true
chat_allowed	tut=MidSolo;chat=1:Mia;pos=Bottom	false
chat_allowed	tut=MidSolo;chat=1:Mia;pos=Support	false
chat_allowed	tut=MidSolo;chat=2:JungleCheck;line=Mid	true
chat_allowed	tut=MidSolo;chat=2:JungleCheck;line=Bottom	false
chat_allowed	tut=MidSolo;chat=2:JungleCheck;line=Top	false
chat_allowed	tut=MidSolo;chat=3:Battle	true
chat_allowed	tut=MidSolo;chat=4:BattleDive	true
chat_allowed	tut=MidSolo;chat=5:BattleLine;line=Mid	true
chat_allowed	tut=MidSolo;chat=5:BattleLine;line=Bottom	false
chat_allowed	tut=MidSolo;chat=5:BattleLine;line=Top	false
chat_allowed	tut=MidSolo;chat=6:BattleHelp	true
chat_allowed	tut=MidSolo;chat=7:BattleStop;r=TowerFocused	true
chat_allowed	tut=MidSolo;chat=7:BattleStop;r=TowerDiveFail	true
chat_allowed	tut=MidSolo;chat=7:BattleStop;r=Outnumbered	true
chat_allowed	tut=MidSolo;chat=7:BattleStop;r=LowHp	true
chat_allowed	tut=MidSolo;chat=7:BattleStop;r=BurstRisk	true
chat_allowed	tut=MidSolo;chat=7:BattleStop;r=LowHpMatch	true
chat_allowed	tut=MidSolo;chat=8:GankRequest;line=Mid	true
chat_allowed	tut=MidSolo;chat=8:GankRequest;line=Bottom	false
chat_allowed	tut=MidSolo;chat=8:GankRequest;line=Top	false
chat_allowed	tut=MidSolo;chat=9:CoverLine;line=Mid	true
chat_allowed	tut=MidSolo;chat=9:CoverLine;line=Bottom	false
chat_allowed	tut=MidSolo;chat=9:CoverLine;line=Top	false
chat_allowed	tut=MidSolo;chat=10:GankLineCover;line=Mid	true
chat_allowed	tut=MidSolo;chat=10:GankLineCover;line=Bottom	false
chat_allowed	tut=MidSolo;chat=10:GankLineCover;line=Top	false
chat_allowed	tut=MidSolo;chat=11:HideLine;line=Mid	true
chat_allowed	tut=MidSolo;chat=11:HideLine;line=Bottom	false
chat_allowed	tut=MidSolo;chat=11:HideLine;line=Top	false
chat_allowed	tut=MidSolo;chat=12:HideLineToo;line=Mid	true
chat_allowed	tut=MidSolo;chat=12:HideLineToo;line=Bottom	false
chat_allowed	tut=MidSolo;chat=12:HideLineToo;line=Top	false
chat_allowed	tut=MidSolo;chat=13:LineCover;line=Mid	true
chat_allowed	tut=MidSolo;chat=13:LineCover;line=Bottom	false
chat_allowed	tut=MidSolo;chat=13:LineCover;line=Top	false
chat_allowed	tut=MidSolo;chat=14:DefenseLine;line=Mid	true
chat_allowed	tut=MidSolo;chat=14:DefenseLine;line=Bottom	false
chat_allowed	tut=MidSolo;chat=14:DefenseLine;line=Top	false
chat_allowed	tut=MidSolo;chat=15:Ok	true
chat_allowed	tut=MidSolo;chat=16:Reject	true
chat_allowed	tut=MidSolo;chat=17:Cancel;r=LowHpSelf	true
chat_allowed	tut=MidSolo;chat=17:Cancel;r=LowHpAlly	true
chat_allowed	tut=MidSolo;chat=17:Cancel;r=TargetMissing	true
chat_allowed	tut=MidSolo;chat=17:Cancel;r=PlanChange	true
chat_allowed	tut=MidSolo;chat=17:Cancel;r=OperationAbort	true
chat_allowed	tut=MidSolo;chat=18:CounterJungle;camp=Rhino	false
chat_allowed	tut=MidSolo;chat=18:CounterJungle;camp=Mushroom	false
chat_allowed	tut=MidSolo;chat=18:CounterJungle;camp=Stump	false
chat_allowed	tut=MidSolo;chat=18:CounterJungle;camp=Bee	false
chat_allowed	tut=MidSolo;chat=18:CounterJungle;camp=Morgard	false
chat_allowed	tut=MidSolo;chat=18:CounterJungle;camp=Serpen	false
chat_allowed	tut=MidSolo;chat=19:Lead	true
chat_allowed	tut=MidSolo;chat=20:Split;line=Mid	false
chat_allowed	tut=MidSolo;chat=20:Split;line=Bottom	false
chat_allowed	tut=MidSolo;chat=20:Split;line=Top	false
chat_allowed	tut=MidSolo;chat=21:Press;line=Mid	false
chat_allowed	tut=MidSolo;chat=21:Press;line=Bottom	false
chat_allowed	tut=MidSolo;chat=21:Press;line=Top	false
chat_allowed	tut=MidSolo;chat=22:PressChange;line=Mid	false
chat_allowed	tut=MidSolo;chat=22:PressChange;line=Bottom	false
chat_allowed	tut=MidSolo;chat=22:PressChange;line=Top	false
chat_allowed	tut=MidSolo;chat=23:Repair	true
chat_allowed	tut=MidSolo;chat=24:SerpenPrepare	false
chat_allowed	tut=MidSolo;chat=25:SerpenSetup	false
chat_allowed	tut=MidSolo;chat=26:SerpenCheck	false
chat_allowed	tut=MidSolo;chat=27:SerpenEnemyHunt	false
chat_allowed	tut=MidSolo;chat=28:SerpenAssemble	false
chat_allowed	tut=MidSolo;chat=29:SerpenHunt	false
chat_allowed	tut=MidSolo;chat=30:SerpenBattle	false
chat_allowed	tut=MidSolo;chat=31:SerpenGiveUp;r=StackAhead	false
chat_allowed	tut=MidSolo;chat=31:SerpenGiveUp;r=Outnumbered	false
chat_allowed	tut=MidSolo;chat=32:SerpenSteal;k=Lurk	false
chat_allowed	tut=MidSolo;chat=32:SerpenSteal;k=Commit	false
chat_allowed	tut=MidSolo;chat=33:MorgardPrepare	false
chat_allowed	tut=MidSolo;chat=34:MorgardSetup	false
chat_allowed	tut=MidSolo;chat=35:MorgardCheck	false
chat_allowed	tut=MidSolo;chat=36:MorgardEnemyHunt	false
chat_allowed	tut=MidSolo;chat=37:MorgardAssemble	false
chat_allowed	tut=MidSolo;chat=38:MorgardHunt	false
chat_allowed	tut=MidSolo;chat=39:MorgardBattle	false
chat_allowed	tut=MidSolo;chat=40:MorgardGiveUp	false
chat_allowed	tut=MidSolo;chat=41:MorgardSteal;k=Lurk	false
chat_allowed	tut=MidSolo;chat=41:MorgardSteal;k=Commit	false
chat_allowed	tut=MidSolo;chat=42:AttackNexus;line=Mid	true
chat_allowed	tut=MidSolo;chat=42:AttackNexus;line=Bottom	false
chat_allowed	tut=MidSolo;chat=42:AttackNexus;line=Top	false
chat_allowed	tut=MidSolo;chat=43:DefenseNexus	true
chat_allowed	tut=MidSolo;chat=44:GankDive;line=Mid	true
chat_allowed	tut=MidSolo;chat=44:GankDive;line=Bottom	false
chat_allowed	tut=MidSolo;chat=44:GankDive;line=Top	false
chat_allowed	tut=MidSolo;chat=45:PressTower;line=Mid	true
chat_allowed	tut=MidSolo;chat=45:PressTower;line=Bottom	false
chat_allowed	tut=MidSolo;chat=45:PressTower;line=Top	false
chat_allowed	tut=MidSolo;chat=46:ComebackPick;line=Mid	true
chat_allowed	tut=MidSolo;chat=46:ComebackPick;line=Bottom	false
chat_allowed	tut=MidSolo;chat=46:ComebackPick;line=Top	false
chat_allowed	tut=MidSolo;chat=47:PlayCall;a=0,b=0	false
chat_allowed	tut=MidSolo;chat=47:PlayCall;a=0,b=1	false
chat_allowed	tut=MidSolo;chat=47:PlayCall;a=0,b=2	false
chat_allowed	tut=MidSolo;chat=47:PlayCall;a=0,b=3	false
chat_allowed	tut=MidSolo;chat=47:PlayCall;a=0,b=4	false
chat_allowed	tut=MidSolo;chat=47:PlayCall;a=0,b=5	false
chat_allowed	tut=MidSolo;chat=47:PlayCall;a=0,b=6	false
chat_allowed	tut=MidSolo;chat=47:PlayCall;a=0,b=7	false
chat_allowed	tut=MidSolo;chat=47:PlayCall;a=1,b=0	false
chat_allowed	tut=MidSolo;chat=47:PlayCall;a=1,b=1	false
chat_allowed	tut=MidSolo;chat=47:PlayCall;a=1,b=2	false
chat_allowed	tut=MidSolo;chat=47:PlayCall;a=1,b=3	false
chat_allowed	tut=MidSolo;chat=47:PlayCall;a=1,b=4	false
chat_allowed	tut=MidSolo;chat=47:PlayCall;a=1,b=5	false
chat_allowed	tut=MidSolo;chat=47:PlayCall;a=1,b=6	false
chat_allowed	tut=MidSolo;chat=47:PlayCall;a=1,b=7	false
chat_allowed	tut=MidSolo;chat=47:PlayCall;a=2,b=0	false
chat_allowed	tut=MidSolo;chat=47:PlayCall;a=2,b=1	false
chat_allowed	tut=MidSolo;chat=47:PlayCall;a=2,b=2	false
chat_allowed	tut=MidSolo;chat=47:PlayCall;a=2,b=3	false
chat_allowed	tut=MidSolo;chat=47:PlayCall;a=2,b=4	false
chat_allowed	tut=MidSolo;chat=47:PlayCall;a=2,b=5	false
chat_allowed	tut=MidSolo;chat=47:PlayCall;a=2,b=6	false
chat_allowed	tut=MidSolo;chat=47:PlayCall;a=2,b=7	false
chat_allowed	tut=MidSolo;chat=47:PlayCall;a=3,b=0	false
chat_allowed	tut=MidSolo;chat=47:PlayCall;a=3,b=1	true
chat_allowed	tut=MidSolo;chat=47:PlayCall;a=3,b=2	false
chat_allowed	tut=MidSolo;chat=47:PlayCall;a=3,b=3	true
chat_allowed	tut=MidSolo;chat=47:PlayCall;a=3,b=4	true
chat_allowed	tut=MidSolo;chat=47:PlayCall;a=3,b=5	true
chat_allowed	tut=MidSolo;chat=47:PlayCall;a=3,b=6	true
chat_allowed	tut=MidSolo;chat=47:PlayCall;a=3,b=7	true
chat_allowed	tut=MidSolo;chat=47:PlayCall;a=4,b=0	false
chat_allowed	tut=MidSolo;chat=47:PlayCall;a=4,b=1	false
chat_allowed	tut=MidSolo;chat=47:PlayCall;a=4,b=2	false
chat_allowed	tut=MidSolo;chat=47:PlayCall;a=4,b=3	false
chat_allowed	tut=MidSolo;chat=47:PlayCall;a=4,b=4	false
chat_allowed	tut=MidSolo;chat=47:PlayCall;a=4,b=5	false
chat_allowed	tut=MidSolo;chat=47:PlayCall;a=4,b=6	false
chat_allowed	tut=MidSolo;chat=47:PlayCall;a=4,b=7	false
chat_allowed	tut=MidSolo;chat=47:PlayCall;a=5,b=0	false
chat_allowed	tut=MidSolo;chat=47:PlayCall;a=5,b=1	true
chat_allowed	tut=MidSolo;chat=47:PlayCall;a=5,b=2	false
chat_allowed	tut=MidSolo;chat=47:PlayCall;a=5,b=3	true
chat_allowed	tut=MidSolo;chat=47:PlayCall;a=5,b=4	true
chat_allowed	tut=MidSolo;chat=47:PlayCall;a=5,b=5	true
chat_allowed	tut=MidSolo;chat=47:PlayCall;a=5,b=6	true
chat_allowed	tut=MidSolo;chat=47:PlayCall;a=5,b=7	true
chat_allowed	tut=MidSolo;chat=47:PlayCall;a=6,b=0	false
chat_allowed	tut=MidSolo;chat=47:PlayCall;a=6,b=1	true
chat_allowed	tut=MidSolo;chat=47:PlayCall;a=6,b=2	false
chat_allowed	tut=MidSolo;chat=47:PlayCall;a=6,b=3	true
chat_allowed	tut=MidSolo;chat=47:PlayCall;a=6,b=4	true
chat_allowed	tut=MidSolo;chat=47:PlayCall;a=6,b=5	true
chat_allowed	tut=MidSolo;chat=47:PlayCall;a=6,b=6	true
chat_allowed	tut=MidSolo;chat=47:PlayCall;a=6,b=7	true
chat_allowed	tut=MidSolo;chat=47:PlayCall;a=7,b=0	false
chat_allowed	tut=MidSolo;chat=47:PlayCall;a=7,b=1	true
chat_allowed	tut=MidSolo;chat=47:PlayCall;a=7,b=2	false
chat_allowed	tut=MidSolo;chat=47:PlayCall;a=7,b=3	true
chat_allowed	tut=MidSolo;chat=47:PlayCall;a=7,b=4	true
chat_allowed	tut=MidSolo;chat=47:PlayCall;a=7,b=5	true
chat_allowed	tut=MidSolo;chat=47:PlayCall;a=7,b=6	true
chat_allowed	tut=MidSolo;chat=47:PlayCall;a=7,b=7	true
chat_allowed	tut=MidSolo;chat=48:PlayPhaseChange;a=0,b=0	false
chat_allowed	tut=MidSolo;chat=48:PlayPhaseChange;a=0,b=1	false
chat_allowed	tut=MidSolo;chat=48:PlayPhaseChange;a=0,b=2	false
chat_allowed	tut=MidSolo;chat=48:PlayPhaseChange;a=0,b=3	false
chat_allowed	tut=MidSolo;chat=48:PlayPhaseChange;a=0,b=4	false
chat_allowed	tut=MidSolo;chat=48:PlayPhaseChange;a=0,b=5	false
chat_allowed	tut=MidSolo;chat=48:PlayPhaseChange;a=0,b=6	false
chat_allowed	tut=MidSolo;chat=48:PlayPhaseChange;a=0,b=7	false
chat_allowed	tut=MidSolo;chat=48:PlayPhaseChange;a=1,b=0	false
chat_allowed	tut=MidSolo;chat=48:PlayPhaseChange;a=1,b=1	false
chat_allowed	tut=MidSolo;chat=48:PlayPhaseChange;a=1,b=2	false
chat_allowed	tut=MidSolo;chat=48:PlayPhaseChange;a=1,b=3	false
chat_allowed	tut=MidSolo;chat=48:PlayPhaseChange;a=1,b=4	false
chat_allowed	tut=MidSolo;chat=48:PlayPhaseChange;a=1,b=5	false
chat_allowed	tut=MidSolo;chat=48:PlayPhaseChange;a=1,b=6	false
chat_allowed	tut=MidSolo;chat=48:PlayPhaseChange;a=1,b=7	false
chat_allowed	tut=MidSolo;chat=48:PlayPhaseChange;a=2,b=0	false
chat_allowed	tut=MidSolo;chat=48:PlayPhaseChange;a=2,b=1	false
chat_allowed	tut=MidSolo;chat=48:PlayPhaseChange;a=2,b=2	false
chat_allowed	tut=MidSolo;chat=48:PlayPhaseChange;a=2,b=3	false
chat_allowed	tut=MidSolo;chat=48:PlayPhaseChange;a=2,b=4	false
chat_allowed	tut=MidSolo;chat=48:PlayPhaseChange;a=2,b=5	false
chat_allowed	tut=MidSolo;chat=48:PlayPhaseChange;a=2,b=6	false
chat_allowed	tut=MidSolo;chat=48:PlayPhaseChange;a=2,b=7	false
chat_allowed	tut=MidSolo;chat=48:PlayPhaseChange;a=3,b=0	false
chat_allowed	tut=MidSolo;chat=48:PlayPhaseChange;a=3,b=1	true
chat_allowed	tut=MidSolo;chat=48:PlayPhaseChange;a=3,b=2	false
chat_allowed	tut=MidSolo;chat=48:PlayPhaseChange;a=3,b=3	true
chat_allowed	tut=MidSolo;chat=48:PlayPhaseChange;a=3,b=4	true
chat_allowed	tut=MidSolo;chat=48:PlayPhaseChange;a=3,b=5	true
chat_allowed	tut=MidSolo;chat=48:PlayPhaseChange;a=3,b=6	true
chat_allowed	tut=MidSolo;chat=48:PlayPhaseChange;a=3,b=7	true
chat_allowed	tut=MidSolo;chat=48:PlayPhaseChange;a=4,b=0	false
chat_allowed	tut=MidSolo;chat=48:PlayPhaseChange;a=4,b=1	false
chat_allowed	tut=MidSolo;chat=48:PlayPhaseChange;a=4,b=2	false
chat_allowed	tut=MidSolo;chat=48:PlayPhaseChange;a=4,b=3	false
chat_allowed	tut=MidSolo;chat=48:PlayPhaseChange;a=4,b=4	false
chat_allowed	tut=MidSolo;chat=48:PlayPhaseChange;a=4,b=5	false
chat_allowed	tut=MidSolo;chat=48:PlayPhaseChange;a=4,b=6	false
chat_allowed	tut=MidSolo;chat=48:PlayPhaseChange;a=4,b=7	false
chat_allowed	tut=MidSolo;chat=48:PlayPhaseChange;a=5,b=0	false
chat_allowed	tut=MidSolo;chat=48:PlayPhaseChange;a=5,b=1	true
chat_allowed	tut=MidSolo;chat=48:PlayPhaseChange;a=5,b=2	false
chat_allowed	tut=MidSolo;chat=48:PlayPhaseChange;a=5,b=3	true
chat_allowed	tut=MidSolo;chat=48:PlayPhaseChange;a=5,b=4	true
chat_allowed	tut=MidSolo;chat=48:PlayPhaseChange;a=5,b=5	true
chat_allowed	tut=MidSolo;chat=48:PlayPhaseChange;a=5,b=6	true
chat_allowed	tut=MidSolo;chat=48:PlayPhaseChange;a=5,b=7	true
chat_allowed	tut=MidSolo;chat=48:PlayPhaseChange;a=6,b=0	false
chat_allowed	tut=MidSolo;chat=48:PlayPhaseChange;a=6,b=1	true
chat_allowed	tut=MidSolo;chat=48:PlayPhaseChange;a=6,b=2	false
chat_allowed	tut=MidSolo;chat=48:PlayPhaseChange;a=6,b=3	true
chat_allowed	tut=MidSolo;chat=48:PlayPhaseChange;a=6,b=4	true
chat_allowed	tut=MidSolo;chat=48:PlayPhaseChange;a=6,b=5	true
chat_allowed	tut=MidSolo;chat=48:PlayPhaseChange;a=6,b=6	true
chat_allowed	tut=MidSolo;chat=48:PlayPhaseChange;a=6,b=7	true
chat_allowed	tut=MidSolo;chat=48:PlayPhaseChange;a=7,b=0	false
chat_allowed	tut=MidSolo;chat=48:PlayPhaseChange;a=7,b=1	true
chat_allowed	tut=MidSolo;chat=48:PlayPhaseChange;a=7,b=2	false
chat_allowed	tut=MidSolo;chat=48:PlayPhaseChange;a=7,b=3	true
chat_allowed	tut=MidSolo;chat=48:PlayPhaseChange;a=7,b=4	true
chat_allowed	tut=MidSolo;chat=48:PlayPhaseChange;a=7,b=5	true
chat_allowed	tut=MidSolo;chat=48:PlayPhaseChange;a=7,b=6	true
chat_allowed	tut=MidSolo;chat=48:PlayPhaseChange;a=7,b=7	true
chat_allowed	tut=MidSolo;chat=49:PlayPropose;a=0,b=0,c=0	false
chat_allowed	tut=MidSolo;chat=49:PlayPropose;a=0,b=0,c=1	false
chat_allowed	tut=MidSolo;chat=49:PlayPropose;a=0,b=0,c=2	false
chat_allowed	tut=MidSolo;chat=49:PlayPropose;a=0,b=0,c=3	false
chat_allowed	tut=MidSolo;chat=49:PlayPropose;a=0,b=1,c=0	false
chat_allowed	tut=MidSolo;chat=49:PlayPropose;a=0,b=1,c=1	false
chat_allowed	tut=MidSolo;chat=49:PlayPropose;a=0,b=1,c=2	false
chat_allowed	tut=MidSolo;chat=49:PlayPropose;a=0,b=1,c=3	false
chat_allowed	tut=MidSolo;chat=49:PlayPropose;a=0,b=2,c=0	false
chat_allowed	tut=MidSolo;chat=49:PlayPropose;a=0,b=2,c=1	false
chat_allowed	tut=MidSolo;chat=49:PlayPropose;a=0,b=2,c=2	false
chat_allowed	tut=MidSolo;chat=49:PlayPropose;a=0,b=2,c=3	false
chat_allowed	tut=MidSolo;chat=49:PlayPropose;a=0,b=3,c=0	false
chat_allowed	tut=MidSolo;chat=49:PlayPropose;a=0,b=3,c=1	false
chat_allowed	tut=MidSolo;chat=49:PlayPropose;a=0,b=3,c=2	false
chat_allowed	tut=MidSolo;chat=49:PlayPropose;a=0,b=3,c=3	false
chat_allowed	tut=MidSolo;chat=49:PlayPropose;a=0,b=4,c=0	false
chat_allowed	tut=MidSolo;chat=49:PlayPropose;a=0,b=4,c=1	false
chat_allowed	tut=MidSolo;chat=49:PlayPropose;a=0,b=4,c=2	false
chat_allowed	tut=MidSolo;chat=49:PlayPropose;a=0,b=4,c=3	false
chat_allowed	tut=MidSolo;chat=49:PlayPropose;a=0,b=5,c=0	false
chat_allowed	tut=MidSolo;chat=49:PlayPropose;a=0,b=5,c=1	false
chat_allowed	tut=MidSolo;chat=49:PlayPropose;a=0,b=5,c=2	false
chat_allowed	tut=MidSolo;chat=49:PlayPropose;a=0,b=5,c=3	false
chat_allowed	tut=MidSolo;chat=49:PlayPropose;a=0,b=6,c=0	false
chat_allowed	tut=MidSolo;chat=49:PlayPropose;a=0,b=6,c=1	false
chat_allowed	tut=MidSolo;chat=49:PlayPropose;a=0,b=6,c=2	false
chat_allowed	tut=MidSolo;chat=49:PlayPropose;a=0,b=6,c=3	false
chat_allowed	tut=MidSolo;chat=49:PlayPropose;a=0,b=7,c=0	false
chat_allowed	tut=MidSolo;chat=49:PlayPropose;a=0,b=7,c=1	false
chat_allowed	tut=MidSolo;chat=49:PlayPropose;a=0,b=7,c=2	false
chat_allowed	tut=MidSolo;chat=49:PlayPropose;a=0,b=7,c=3	false
chat_allowed	tut=MidSolo;chat=49:PlayPropose;a=1,b=0,c=0	false
chat_allowed	tut=MidSolo;chat=49:PlayPropose;a=1,b=0,c=1	false
chat_allowed	tut=MidSolo;chat=49:PlayPropose;a=1,b=0,c=2	false
chat_allowed	tut=MidSolo;chat=49:PlayPropose;a=1,b=0,c=3	false
chat_allowed	tut=MidSolo;chat=49:PlayPropose;a=1,b=1,c=0	false
chat_allowed	tut=MidSolo;chat=49:PlayPropose;a=1,b=1,c=1	false
chat_allowed	tut=MidSolo;chat=49:PlayPropose;a=1,b=1,c=2	false
chat_allowed	tut=MidSolo;chat=49:PlayPropose;a=1,b=1,c=3	false
chat_allowed	tut=MidSolo;chat=49:PlayPropose;a=1,b=2,c=0	false
chat_allowed	tut=MidSolo;chat=49:PlayPropose;a=1,b=2,c=1	false
chat_allowed	tut=MidSolo;chat=49:PlayPropose;a=1,b=2,c=2	false
chat_allowed	tut=MidSolo;chat=49:PlayPropose;a=1,b=2,c=3	false
chat_allowed	tut=MidSolo;chat=49:PlayPropose;a=1,b=3,c=0	false
chat_allowed	tut=MidSolo;chat=49:PlayPropose;a=1,b=3,c=1	false
chat_allowed	tut=MidSolo;chat=49:PlayPropose;a=1,b=3,c=2	false
chat_allowed	tut=MidSolo;chat=49:PlayPropose;a=1,b=3,c=3	false
chat_allowed	tut=MidSolo;chat=49:PlayPropose;a=1,b=4,c=0	false
chat_allowed	tut=MidSolo;chat=49:PlayPropose;a=1,b=4,c=1	false
chat_allowed	tut=MidSolo;chat=49:PlayPropose;a=1,b=4,c=2	false
chat_allowed	tut=MidSolo;chat=49:PlayPropose;a=1,b=4,c=3	false
chat_allowed	tut=MidSolo;chat=49:PlayPropose;a=1,b=5,c=0	false
chat_allowed	tut=MidSolo;chat=49:PlayPropose;a=1,b=5,c=1	false
chat_allowed	tut=MidSolo;chat=49:PlayPropose;a=1,b=5,c=2	false
chat_allowed	tut=MidSolo;chat=49:PlayPropose;a=1,b=5,c=3	false
chat_allowed	tut=MidSolo;chat=49:PlayPropose;a=1,b=6,c=0	false
chat_allowed	tut=MidSolo;chat=49:PlayPropose;a=1,b=6,c=1	false
chat_allowed	tut=MidSolo;chat=49:PlayPropose;a=1,b=6,c=2	false
chat_allowed	tut=MidSolo;chat=49:PlayPropose;a=1,b=6,c=3	false
chat_allowed	tut=MidSolo;chat=49:PlayPropose;a=1,b=7,c=0	false
chat_allowed	tut=MidSolo;chat=49:PlayPropose;a=1,b=7,c=1	false
chat_allowed	tut=MidSolo;chat=49:PlayPropose;a=1,b=7,c=2	false
chat_allowed	tut=MidSolo;chat=49:PlayPropose;a=1,b=7,c=3	false
chat_allowed	tut=MidSolo;chat=49:PlayPropose;a=2,b=0,c=0	false
chat_allowed	tut=MidSolo;chat=49:PlayPropose;a=2,b=0,c=1	false
chat_allowed	tut=MidSolo;chat=49:PlayPropose;a=2,b=0,c=2	false
chat_allowed	tut=MidSolo;chat=49:PlayPropose;a=2,b=0,c=3	false
chat_allowed	tut=MidSolo;chat=49:PlayPropose;a=2,b=1,c=0	false
chat_allowed	tut=MidSolo;chat=49:PlayPropose;a=2,b=1,c=1	false
chat_allowed	tut=MidSolo;chat=49:PlayPropose;a=2,b=1,c=2	false
chat_allowed	tut=MidSolo;chat=49:PlayPropose;a=2,b=1,c=3	false
chat_allowed	tut=MidSolo;chat=49:PlayPropose;a=2,b=2,c=0	false
chat_allowed	tut=MidSolo;chat=49:PlayPropose;a=2,b=2,c=1	false
chat_allowed	tut=MidSolo;chat=49:PlayPropose;a=2,b=2,c=2	false
chat_allowed	tut=MidSolo;chat=49:PlayPropose;a=2,b=2,c=3	false
chat_allowed	tut=MidSolo;chat=49:PlayPropose;a=2,b=3,c=0	false
chat_allowed	tut=MidSolo;chat=49:PlayPropose;a=2,b=3,c=1	false
chat_allowed	tut=MidSolo;chat=49:PlayPropose;a=2,b=3,c=2	false
chat_allowed	tut=MidSolo;chat=49:PlayPropose;a=2,b=3,c=3	false
chat_allowed	tut=MidSolo;chat=49:PlayPropose;a=2,b=4,c=0	false
chat_allowed	tut=MidSolo;chat=49:PlayPropose;a=2,b=4,c=1	false
chat_allowed	tut=MidSolo;chat=49:PlayPropose;a=2,b=4,c=2	false
chat_allowed	tut=MidSolo;chat=49:PlayPropose;a=2,b=4,c=3	false
chat_allowed	tut=MidSolo;chat=49:PlayPropose;a=2,b=5,c=0	false
chat_allowed	tut=MidSolo;chat=49:PlayPropose;a=2,b=5,c=1	false
chat_allowed	tut=MidSolo;chat=49:PlayPropose;a=2,b=5,c=2	false
chat_allowed	tut=MidSolo;chat=49:PlayPropose;a=2,b=5,c=3	false
chat_allowed	tut=MidSolo;chat=49:PlayPropose;a=2,b=6,c=0	false
chat_allowed	tut=MidSolo;chat=49:PlayPropose;a=2,b=6,c=1	false
chat_allowed	tut=MidSolo;chat=49:PlayPropose;a=2,b=6,c=2	false
chat_allowed	tut=MidSolo;chat=49:PlayPropose;a=2,b=6,c=3	false
chat_allowed	tut=MidSolo;chat=49:PlayPropose;a=2,b=7,c=0	false
chat_allowed	tut=MidSolo;chat=49:PlayPropose;a=2,b=7,c=1	false
chat_allowed	tut=MidSolo;chat=49:PlayPropose;a=2,b=7,c=2	false
chat_allowed	tut=MidSolo;chat=49:PlayPropose;a=2,b=7,c=3	false
chat_allowed	tut=MidSolo;chat=49:PlayPropose;a=3,b=0,c=0	false
chat_allowed	tut=MidSolo;chat=49:PlayPropose;a=3,b=0,c=1	false
chat_allowed	tut=MidSolo;chat=49:PlayPropose;a=3,b=0,c=2	false
chat_allowed	tut=MidSolo;chat=49:PlayPropose;a=3,b=0,c=3	false
chat_allowed	tut=MidSolo;chat=49:PlayPropose;a=3,b=1,c=0	true
chat_allowed	tut=MidSolo;chat=49:PlayPropose;a=3,b=1,c=1	true
chat_allowed	tut=MidSolo;chat=49:PlayPropose;a=3,b=1,c=2	true
chat_allowed	tut=MidSolo;chat=49:PlayPropose;a=3,b=1,c=3	true
chat_allowed	tut=MidSolo;chat=49:PlayPropose;a=3,b=2,c=0	false
chat_allowed	tut=MidSolo;chat=49:PlayPropose;a=3,b=2,c=1	false
chat_allowed	tut=MidSolo;chat=49:PlayPropose;a=3,b=2,c=2	false
chat_allowed	tut=MidSolo;chat=49:PlayPropose;a=3,b=2,c=3	false
chat_allowed	tut=MidSolo;chat=49:PlayPropose;a=3,b=3,c=0	true
chat_allowed	tut=MidSolo;chat=49:PlayPropose;a=3,b=3,c=1	true
chat_allowed	tut=MidSolo;chat=49:PlayPropose;a=3,b=3,c=2	true
chat_allowed	tut=MidSolo;chat=49:PlayPropose;a=3,b=3,c=3	true
chat_allowed	tut=MidSolo;chat=49:PlayPropose;a=3,b=4,c=0	true
chat_allowed	tut=MidSolo;chat=49:PlayPropose;a=3,b=4,c=1	true
chat_allowed	tut=MidSolo;chat=49:PlayPropose;a=3,b=4,c=2	true
chat_allowed	tut=MidSolo;chat=49:PlayPropose;a=3,b=4,c=3	true
chat_allowed	tut=MidSolo;chat=49:PlayPropose;a=3,b=5,c=0	true
chat_allowed	tut=MidSolo;chat=49:PlayPropose;a=3,b=5,c=1	true
chat_allowed	tut=MidSolo;chat=49:PlayPropose;a=3,b=5,c=2	true
chat_allowed	tut=MidSolo;chat=49:PlayPropose;a=3,b=5,c=3	true
chat_allowed	tut=MidSolo;chat=49:PlayPropose;a=3,b=6,c=0	true
chat_allowed	tut=MidSolo;chat=49:PlayPropose;a=3,b=6,c=1	true
chat_allowed	tut=MidSolo;chat=49:PlayPropose;a=3,b=6,c=2	true
chat_allowed	tut=MidSolo;chat=49:PlayPropose;a=3,b=6,c=3	true
chat_allowed	tut=MidSolo;chat=49:PlayPropose;a=3,b=7,c=0	true
chat_allowed	tut=MidSolo;chat=49:PlayPropose;a=3,b=7,c=1	true
chat_allowed	tut=MidSolo;chat=49:PlayPropose;a=3,b=7,c=2	true
chat_allowed	tut=MidSolo;chat=49:PlayPropose;a=3,b=7,c=3	true
chat_allowed	tut=MidSolo;chat=49:PlayPropose;a=4,b=0,c=0	false
chat_allowed	tut=MidSolo;chat=49:PlayPropose;a=4,b=0,c=1	false
chat_allowed	tut=MidSolo;chat=49:PlayPropose;a=4,b=0,c=2	false
chat_allowed	tut=MidSolo;chat=49:PlayPropose;a=4,b=0,c=3	false
chat_allowed	tut=MidSolo;chat=49:PlayPropose;a=4,b=1,c=0	false
chat_allowed	tut=MidSolo;chat=49:PlayPropose;a=4,b=1,c=1	false
chat_allowed	tut=MidSolo;chat=49:PlayPropose;a=4,b=1,c=2	false
chat_allowed	tut=MidSolo;chat=49:PlayPropose;a=4,b=1,c=3	false
chat_allowed	tut=MidSolo;chat=49:PlayPropose;a=4,b=2,c=0	false
chat_allowed	tut=MidSolo;chat=49:PlayPropose;a=4,b=2,c=1	false
chat_allowed	tut=MidSolo;chat=49:PlayPropose;a=4,b=2,c=2	false
chat_allowed	tut=MidSolo;chat=49:PlayPropose;a=4,b=2,c=3	false
chat_allowed	tut=MidSolo;chat=49:PlayPropose;a=4,b=3,c=0	false
chat_allowed	tut=MidSolo;chat=49:PlayPropose;a=4,b=3,c=1	false
chat_allowed	tut=MidSolo;chat=49:PlayPropose;a=4,b=3,c=2	false
chat_allowed	tut=MidSolo;chat=49:PlayPropose;a=4,b=3,c=3	false
chat_allowed	tut=MidSolo;chat=49:PlayPropose;a=4,b=4,c=0	false
chat_allowed	tut=MidSolo;chat=49:PlayPropose;a=4,b=4,c=1	false
chat_allowed	tut=MidSolo;chat=49:PlayPropose;a=4,b=4,c=2	false
chat_allowed	tut=MidSolo;chat=49:PlayPropose;a=4,b=4,c=3	false
chat_allowed	tut=MidSolo;chat=49:PlayPropose;a=4,b=5,c=0	false
chat_allowed	tut=MidSolo;chat=49:PlayPropose;a=4,b=5,c=1	false
chat_allowed	tut=MidSolo;chat=49:PlayPropose;a=4,b=5,c=2	false
chat_allowed	tut=MidSolo;chat=49:PlayPropose;a=4,b=5,c=3	false
chat_allowed	tut=MidSolo;chat=49:PlayPropose;a=4,b=6,c=0	false
chat_allowed	tut=MidSolo;chat=49:PlayPropose;a=4,b=6,c=1	false
chat_allowed	tut=MidSolo;chat=49:PlayPropose;a=4,b=6,c=2	false
chat_allowed	tut=MidSolo;chat=49:PlayPropose;a=4,b=6,c=3	false
chat_allowed	tut=MidSolo;chat=49:PlayPropose;a=4,b=7,c=0	false
chat_allowed	tut=MidSolo;chat=49:PlayPropose;a=4,b=7,c=1	false
chat_allowed	tut=MidSolo;chat=49:PlayPropose;a=4,b=7,c=2	false
chat_allowed	tut=MidSolo;chat=49:PlayPropose;a=4,b=7,c=3	false
chat_allowed	tut=MidSolo;chat=49:PlayPropose;a=5,b=0,c=0	false
chat_allowed	tut=MidSolo;chat=49:PlayPropose;a=5,b=0,c=1	false
chat_allowed	tut=MidSolo;chat=49:PlayPropose;a=5,b=0,c=2	false
chat_allowed	tut=MidSolo;chat=49:PlayPropose;a=5,b=0,c=3	false
chat_allowed	tut=MidSolo;chat=49:PlayPropose;a=5,b=1,c=0	true
chat_allowed	tut=MidSolo;chat=49:PlayPropose;a=5,b=1,c=1	true
chat_allowed	tut=MidSolo;chat=49:PlayPropose;a=5,b=1,c=2	true
chat_allowed	tut=MidSolo;chat=49:PlayPropose;a=5,b=1,c=3	true
chat_allowed	tut=MidSolo;chat=49:PlayPropose;a=5,b=2,c=0	false
chat_allowed	tut=MidSolo;chat=49:PlayPropose;a=5,b=2,c=1	false
chat_allowed	tut=MidSolo;chat=49:PlayPropose;a=5,b=2,c=2	false
chat_allowed	tut=MidSolo;chat=49:PlayPropose;a=5,b=2,c=3	false
chat_allowed	tut=MidSolo;chat=49:PlayPropose;a=5,b=3,c=0	true
chat_allowed	tut=MidSolo;chat=49:PlayPropose;a=5,b=3,c=1	true
chat_allowed	tut=MidSolo;chat=49:PlayPropose;a=5,b=3,c=2	true
chat_allowed	tut=MidSolo;chat=49:PlayPropose;a=5,b=3,c=3	true
chat_allowed	tut=MidSolo;chat=49:PlayPropose;a=5,b=4,c=0	true
chat_allowed	tut=MidSolo;chat=49:PlayPropose;a=5,b=4,c=1	true
chat_allowed	tut=MidSolo;chat=49:PlayPropose;a=5,b=4,c=2	true
chat_allowed	tut=MidSolo;chat=49:PlayPropose;a=5,b=4,c=3	true
chat_allowed	tut=MidSolo;chat=49:PlayPropose;a=5,b=5,c=0	true
chat_allowed	tut=MidSolo;chat=49:PlayPropose;a=5,b=5,c=1	true
chat_allowed	tut=MidSolo;chat=49:PlayPropose;a=5,b=5,c=2	true
chat_allowed	tut=MidSolo;chat=49:PlayPropose;a=5,b=5,c=3	true
chat_allowed	tut=MidSolo;chat=49:PlayPropose;a=5,b=6,c=0	true
chat_allowed	tut=MidSolo;chat=49:PlayPropose;a=5,b=6,c=1	true
chat_allowed	tut=MidSolo;chat=49:PlayPropose;a=5,b=6,c=2	true
chat_allowed	tut=MidSolo;chat=49:PlayPropose;a=5,b=6,c=3	true
chat_allowed	tut=MidSolo;chat=49:PlayPropose;a=5,b=7,c=0	true
chat_allowed	tut=MidSolo;chat=49:PlayPropose;a=5,b=7,c=1	true
chat_allowed	tut=MidSolo;chat=49:PlayPropose;a=5,b=7,c=2	true
chat_allowed	tut=MidSolo;chat=49:PlayPropose;a=5,b=7,c=3	true
chat_allowed	tut=MidSolo;chat=49:PlayPropose;a=6,b=0,c=0	false
chat_allowed	tut=MidSolo;chat=49:PlayPropose;a=6,b=0,c=1	false
chat_allowed	tut=MidSolo;chat=49:PlayPropose;a=6,b=0,c=2	false
chat_allowed	tut=MidSolo;chat=49:PlayPropose;a=6,b=0,c=3	false
chat_allowed	tut=MidSolo;chat=49:PlayPropose;a=6,b=1,c=0	true
chat_allowed	tut=MidSolo;chat=49:PlayPropose;a=6,b=1,c=1	true
chat_allowed	tut=MidSolo;chat=49:PlayPropose;a=6,b=1,c=2	true
chat_allowed	tut=MidSolo;chat=49:PlayPropose;a=6,b=1,c=3	true
chat_allowed	tut=MidSolo;chat=49:PlayPropose;a=6,b=2,c=0	false
chat_allowed	tut=MidSolo;chat=49:PlayPropose;a=6,b=2,c=1	false
chat_allowed	tut=MidSolo;chat=49:PlayPropose;a=6,b=2,c=2	false
chat_allowed	tut=MidSolo;chat=49:PlayPropose;a=6,b=2,c=3	false
chat_allowed	tut=MidSolo;chat=49:PlayPropose;a=6,b=3,c=0	true
chat_allowed	tut=MidSolo;chat=49:PlayPropose;a=6,b=3,c=1	true
chat_allowed	tut=MidSolo;chat=49:PlayPropose;a=6,b=3,c=2	true
chat_allowed	tut=MidSolo;chat=49:PlayPropose;a=6,b=3,c=3	true
chat_allowed	tut=MidSolo;chat=49:PlayPropose;a=6,b=4,c=0	true
chat_allowed	tut=MidSolo;chat=49:PlayPropose;a=6,b=4,c=1	true
chat_allowed	tut=MidSolo;chat=49:PlayPropose;a=6,b=4,c=2	true
chat_allowed	tut=MidSolo;chat=49:PlayPropose;a=6,b=4,c=3	true
chat_allowed	tut=MidSolo;chat=49:PlayPropose;a=6,b=5,c=0	true
chat_allowed	tut=MidSolo;chat=49:PlayPropose;a=6,b=5,c=1	true
chat_allowed	tut=MidSolo;chat=49:PlayPropose;a=6,b=5,c=2	true
chat_allowed	tut=MidSolo;chat=49:PlayPropose;a=6,b=5,c=3	true
chat_allowed	tut=MidSolo;chat=49:PlayPropose;a=6,b=6,c=0	true
chat_allowed	tut=MidSolo;chat=49:PlayPropose;a=6,b=6,c=1	true
chat_allowed	tut=MidSolo;chat=49:PlayPropose;a=6,b=6,c=2	true
chat_allowed	tut=MidSolo;chat=49:PlayPropose;a=6,b=6,c=3	true
chat_allowed	tut=MidSolo;chat=49:PlayPropose;a=6,b=7,c=0	true
chat_allowed	tut=MidSolo;chat=49:PlayPropose;a=6,b=7,c=1	true
chat_allowed	tut=MidSolo;chat=49:PlayPropose;a=6,b=7,c=2	true
chat_allowed	tut=MidSolo;chat=49:PlayPropose;a=6,b=7,c=3	true
chat_allowed	tut=MidSolo;chat=49:PlayPropose;a=7,b=0,c=0	false
chat_allowed	tut=MidSolo;chat=49:PlayPropose;a=7,b=0,c=1	false
chat_allowed	tut=MidSolo;chat=49:PlayPropose;a=7,b=0,c=2	false
chat_allowed	tut=MidSolo;chat=49:PlayPropose;a=7,b=0,c=3	false
chat_allowed	tut=MidSolo;chat=49:PlayPropose;a=7,b=1,c=0	true
chat_allowed	tut=MidSolo;chat=49:PlayPropose;a=7,b=1,c=1	true
chat_allowed	tut=MidSolo;chat=49:PlayPropose;a=7,b=1,c=2	true
chat_allowed	tut=MidSolo;chat=49:PlayPropose;a=7,b=1,c=3	true
chat_allowed	tut=MidSolo;chat=49:PlayPropose;a=7,b=2,c=0	false
chat_allowed	tut=MidSolo;chat=49:PlayPropose;a=7,b=2,c=1	false
chat_allowed	tut=MidSolo;chat=49:PlayPropose;a=7,b=2,c=2	false
chat_allowed	tut=MidSolo;chat=49:PlayPropose;a=7,b=2,c=3	false
chat_allowed	tut=MidSolo;chat=49:PlayPropose;a=7,b=3,c=0	true
chat_allowed	tut=MidSolo;chat=49:PlayPropose;a=7,b=3,c=1	true
chat_allowed	tut=MidSolo;chat=49:PlayPropose;a=7,b=3,c=2	true
chat_allowed	tut=MidSolo;chat=49:PlayPropose;a=7,b=3,c=3	true
chat_allowed	tut=MidSolo;chat=49:PlayPropose;a=7,b=4,c=0	true
chat_allowed	tut=MidSolo;chat=49:PlayPropose;a=7,b=4,c=1	true
chat_allowed	tut=MidSolo;chat=49:PlayPropose;a=7,b=4,c=2	true
chat_allowed	tut=MidSolo;chat=49:PlayPropose;a=7,b=4,c=3	true
chat_allowed	tut=MidSolo;chat=49:PlayPropose;a=7,b=5,c=0	true
chat_allowed	tut=MidSolo;chat=49:PlayPropose;a=7,b=5,c=1	true
chat_allowed	tut=MidSolo;chat=49:PlayPropose;a=7,b=5,c=2	true
chat_allowed	tut=MidSolo;chat=49:PlayPropose;a=7,b=5,c=3	true
chat_allowed	tut=MidSolo;chat=49:PlayPropose;a=7,b=6,c=0	true
chat_allowed	tut=MidSolo;chat=49:PlayPropose;a=7,b=6,c=1	true
chat_allowed	tut=MidSolo;chat=49:PlayPropose;a=7,b=6,c=2	true
chat_allowed	tut=MidSolo;chat=49:PlayPropose;a=7,b=6,c=3	true
chat_allowed	tut=MidSolo;chat=49:PlayPropose;a=7,b=7,c=0	true
chat_allowed	tut=MidSolo;chat=49:PlayPropose;a=7,b=7,c=1	true
chat_allowed	tut=MidSolo;chat=49:PlayPropose;a=7,b=7,c=2	true
chat_allowed	tut=MidSolo;chat=49:PlayPropose;a=7,b=7,c=3	true
chat_allowed	tut=MidSolo;chat=50:GankPlan;line=Mid,a=0	true
chat_allowed	tut=MidSolo;chat=50:GankPlan;line=Mid,a=1	true
chat_allowed	tut=MidSolo;chat=50:GankPlan;line=Mid,a=2	true
chat_allowed	tut=MidSolo;chat=50:GankPlan;line=Mid,a=3	true
chat_allowed	tut=MidSolo;chat=50:GankPlan;line=Mid,a=4	true
chat_allowed	tut=MidSolo;chat=50:GankPlan;line=Mid,a=5	true
chat_allowed	tut=MidSolo;chat=50:GankPlan;line=Mid,a=6	true
chat_allowed	tut=MidSolo;chat=50:GankPlan;line=Mid,a=7	true
chat_allowed	tut=MidSolo;chat=50:GankPlan;line=Bottom,a=0	false
chat_allowed	tut=MidSolo;chat=50:GankPlan;line=Bottom,a=1	false
chat_allowed	tut=MidSolo;chat=50:GankPlan;line=Bottom,a=2	false
chat_allowed	tut=MidSolo;chat=50:GankPlan;line=Bottom,a=3	false
chat_allowed	tut=MidSolo;chat=50:GankPlan;line=Bottom,a=4	false
chat_allowed	tut=MidSolo;chat=50:GankPlan;line=Bottom,a=5	false
chat_allowed	tut=MidSolo;chat=50:GankPlan;line=Bottom,a=6	false
chat_allowed	tut=MidSolo;chat=50:GankPlan;line=Bottom,a=7	false
chat_allowed	tut=MidSolo;chat=50:GankPlan;line=Top,a=0	false
chat_allowed	tut=MidSolo;chat=50:GankPlan;line=Top,a=1	false
chat_allowed	tut=MidSolo;chat=50:GankPlan;line=Top,a=2	false
chat_allowed	tut=MidSolo;chat=50:GankPlan;line=Top,a=3	false
chat_allowed	tut=MidSolo;chat=50:GankPlan;line=Top,a=4	false
chat_allowed	tut=MidSolo;chat=50:GankPlan;line=Top,a=5	false
chat_allowed	tut=MidSolo;chat=50:GankPlan;line=Top,a=6	false
chat_allowed	tut=MidSolo;chat=50:GankPlan;line=Top,a=7	false
chat_allowed	tut=MidSolo;chat=51:EarlyPlan;a=0	true
chat_allowed	tut=MidSolo;chat=51:EarlyPlan;a=1	false
chat_allowed	tut=MidSolo;chat=51:EarlyPlan;a=2	true
chat_allowed	tut=MidSolo;chat=51:EarlyPlan;a=3	false
chat_allowed	tut=MidSolo;chat=51:EarlyPlan;a=4	false
chat_allowed	tut=MidSolo;chat=51:EarlyPlan;a=5	true
chat_allowed	tut=MidSolo;chat=51:EarlyPlan;a=6	true
chat_allowed	tut=MidSolo;chat=51:EarlyPlan;a=7	true
chat_allowed	tut=MidSolo;chat=52:EarlyPlanChange;a=0	true
chat_allowed	tut=MidSolo;chat=52:EarlyPlanChange;a=1	true
chat_allowed	tut=MidSolo;chat=52:EarlyPlanChange;a=2	true
chat_allowed	tut=MidSolo;chat=52:EarlyPlanChange;a=3	true
chat_allowed	tut=MidSolo;chat=52:EarlyPlanChange;a=4	true
chat_allowed	tut=MidSolo;chat=52:EarlyPlanChange;a=5	true
chat_allowed	tut=MidSolo;chat=52:EarlyPlanChange;a=6	true
chat_allowed	tut=MidSolo;chat=52:EarlyPlanChange;a=7	true
chat_allowed	tut=MidSolo;chat=53:AcceptAfterTask;a=0	true
chat_allowed	tut=MidSolo;chat=53:AcceptAfterTask;a=1	true
chat_allowed	tut=MidSolo;chat=53:AcceptAfterTask;a=2	true
chat_allowed	tut=MidSolo;chat=53:AcceptAfterTask;a=3	true
chat_allowed	tut=MidSolo;chat=53:AcceptAfterTask;a=4	true
chat_allowed	tut=MidSolo;chat=53:AcceptAfterTask;a=5	true
chat_allowed	tut=MidSolo;chat=53:AcceptAfterTask;a=6	true
chat_allowed	tut=MidSolo;chat=53:AcceptAfterTask;a=7	true
chat_allowed	tut=MidSolo;chat=54:DeclineWithReason;a=0	true
chat_allowed	tut=MidSolo;chat=54:DeclineWithReason;a=1	true
chat_allowed	tut=MidSolo;chat=54:DeclineWithReason;a=2	true
chat_allowed	tut=MidSolo;chat=54:DeclineWithReason;a=3	true
chat_allowed	tut=MidSolo;chat=54:DeclineWithReason;a=4	true
chat_allowed	tut=MidSolo;chat=54:DeclineWithReason;a=5	true
chat_allowed	tut=MidSolo;chat=54:DeclineWithReason;a=6	true
chat_allowed	tut=MidSolo;chat=54:DeclineWithReason;a=7	true
chat_allowed	tut=MidSolo;chat=56:ReadySignal;a=0	true
chat_allowed	tut=MidSolo;chat=56:ReadySignal;a=1	true
chat_allowed	tut=MidSolo;chat=56:ReadySignal;a=2	true
chat_allowed	tut=MidSolo;chat=56:ReadySignal;a=3	true
chat_allowed	tut=MidSolo;chat=56:ReadySignal;a=4	true
chat_allowed	tut=MidSolo;chat=56:ReadySignal;a=5	true
chat_allowed	tut=MidSolo;chat=56:ReadySignal;a=6	true
chat_allowed	tut=MidSolo;chat=56:ReadySignal;a=7	true
chat_allowed	tut=MidSolo;chat=55:CounterRequest;a=0,b=0	false
chat_allowed	tut=MidSolo;chat=55:CounterRequest;a=0,b=1	true
chat_allowed	tut=MidSolo;chat=55:CounterRequest;a=0,b=2	false
chat_allowed	tut=MidSolo;chat=55:CounterRequest;a=0,b=3	true
chat_allowed	tut=MidSolo;chat=55:CounterRequest;a=0,b=4	true
chat_allowed	tut=MidSolo;chat=55:CounterRequest;a=0,b=5	true
chat_allowed	tut=MidSolo;chat=55:CounterRequest;a=0,b=6	true
chat_allowed	tut=MidSolo;chat=55:CounterRequest;a=0,b=7	true
chat_allowed	tut=MidSolo;chat=55:CounterRequest;a=1,b=0	false
chat_allowed	tut=MidSolo;chat=55:CounterRequest;a=1,b=1	true
chat_allowed	tut=MidSolo;chat=55:CounterRequest;a=1,b=2	false
chat_allowed	tut=MidSolo;chat=55:CounterRequest;a=1,b=3	true
chat_allowed	tut=MidSolo;chat=55:CounterRequest;a=1,b=4	true
chat_allowed	tut=MidSolo;chat=55:CounterRequest;a=1,b=5	true
chat_allowed	tut=MidSolo;chat=55:CounterRequest;a=1,b=6	true
chat_allowed	tut=MidSolo;chat=55:CounterRequest;a=1,b=7	true
chat_allowed	tut=MidSolo;chat=55:CounterRequest;a=2,b=0	false
chat_allowed	tut=MidSolo;chat=55:CounterRequest;a=2,b=1	true
chat_allowed	tut=MidSolo;chat=55:CounterRequest;a=2,b=2	false
chat_allowed	tut=MidSolo;chat=55:CounterRequest;a=2,b=3	true
chat_allowed	tut=MidSolo;chat=55:CounterRequest;a=2,b=4	true
chat_allowed	tut=MidSolo;chat=55:CounterRequest;a=2,b=5	true
chat_allowed	tut=MidSolo;chat=55:CounterRequest;a=2,b=6	true
chat_allowed	tut=MidSolo;chat=55:CounterRequest;a=2,b=7	true
chat_allowed	tut=MidSolo;chat=55:CounterRequest;a=3,b=0	false
chat_allowed	tut=MidSolo;chat=55:CounterRequest;a=3,b=1	true
chat_allowed	tut=MidSolo;chat=55:CounterRequest;a=3,b=2	false
chat_allowed	tut=MidSolo;chat=55:CounterRequest;a=3,b=3	true
chat_allowed	tut=MidSolo;chat=55:CounterRequest;a=3,b=4	true
chat_allowed	tut=MidSolo;chat=55:CounterRequest;a=3,b=5	true
chat_allowed	tut=MidSolo;chat=55:CounterRequest;a=3,b=6	true
chat_allowed	tut=MidSolo;chat=55:CounterRequest;a=3,b=7	true
chat_allowed	tut=MidSolo;chat=55:CounterRequest;a=4,b=0	false
chat_allowed	tut=MidSolo;chat=55:CounterRequest;a=4,b=1	true
chat_allowed	tut=MidSolo;chat=55:CounterRequest;a=4,b=2	false
chat_allowed	tut=MidSolo;chat=55:CounterRequest;a=4,b=3	true
chat_allowed	tut=MidSolo;chat=55:CounterRequest;a=4,b=4	true
chat_allowed	tut=MidSolo;chat=55:CounterRequest;a=4,b=5	true
chat_allowed	tut=MidSolo;chat=55:CounterRequest;a=4,b=6	true
chat_allowed	tut=MidSolo;chat=55:CounterRequest;a=4,b=7	true
chat_allowed	tut=MidSolo;chat=55:CounterRequest;a=5,b=0	false
chat_allowed	tut=MidSolo;chat=55:CounterRequest;a=5,b=1	true
chat_allowed	tut=MidSolo;chat=55:CounterRequest;a=5,b=2	false
chat_allowed	tut=MidSolo;chat=55:CounterRequest;a=5,b=3	true
chat_allowed	tut=MidSolo;chat=55:CounterRequest;a=5,b=4	true
chat_allowed	tut=MidSolo;chat=55:CounterRequest;a=5,b=5	true
chat_allowed	tut=MidSolo;chat=55:CounterRequest;a=5,b=6	true
chat_allowed	tut=MidSolo;chat=55:CounterRequest;a=5,b=7	true
chat_allowed	tut=MidSolo;chat=55:CounterRequest;a=6,b=0	false
chat_allowed	tut=MidSolo;chat=55:CounterRequest;a=6,b=1	true
chat_allowed	tut=MidSolo;chat=55:CounterRequest;a=6,b=2	false
chat_allowed	tut=MidSolo;chat=55:CounterRequest;a=6,b=3	true
chat_allowed	tut=MidSolo;chat=55:CounterRequest;a=6,b=4	true
chat_allowed	tut=MidSolo;chat=55:CounterRequest;a=6,b=5	true
chat_allowed	tut=MidSolo;chat=55:CounterRequest;a=6,b=6	true
chat_allowed	tut=MidSolo;chat=55:CounterRequest;a=6,b=7	true
chat_allowed	tut=MidSolo;chat=55:CounterRequest;a=7,b=0	false
chat_allowed	tut=MidSolo;chat=55:CounterRequest;a=7,b=1	true
chat_allowed	tut=MidSolo;chat=55:CounterRequest;a=7,b=2	false
chat_allowed	tut=MidSolo;chat=55:CounterRequest;a=7,b=3	true
chat_allowed	tut=MidSolo;chat=55:CounterRequest;a=7,b=4	true
chat_allowed	tut=MidSolo;chat=55:CounterRequest;a=7,b=5	true
chat_allowed	tut=MidSolo;chat=55:CounterRequest;a=7,b=6	true
chat_allowed	tut=MidSolo;chat=55:CounterRequest;a=7,b=7	true
valid_lines	tut=MidBottom	Mid,Bottom
line_exists	tut=MidBottom;line=Mid	true
fallback_line	tut=MidBottom;line=Mid	Mid
line_exists	tut=MidBottom;line=Bottom	true
fallback_line	tut=MidBottom;line=Bottom	Bottom
line_exists	tut=MidBottom;line=Top	false
fallback_line	tut=MidBottom;line=Top	Bottom
position_exists	tut=MidBottom;pos=Top	false
position_exists	tut=MidBottom;pos=Jungle	false
position_exists	tut=MidBottom;pos=Mid	true
position_exists	tut=MidBottom;pos=Bottom	true
position_exists	tut=MidBottom;pos=Support	true
morgard_exists	tut=MidBottom	false
serpen_exists	tut=MidBottom	true
steal_target_allowed	tut=MidBottom;tgt=Epic	false
steal_target_allowed	tut=MidBottom;tgt=Serpen	true
steal_action_allowed	tut=MidBottom;act=None	true
steal_action_allowed	tut=MidBottom;act=Lurk(Epic)	false
steal_action_allowed	tut=MidBottom;act=Lurk(Serpen)	true
steal_action_allowed	tut=MidBottom;act=Commit(Epic)	false
steal_action_allowed	tut=MidBottom;act=Commit(Serpen)	true
goal_allowed	tut=MidBottom;goal=Line(Mid)	true
goal_allowed	tut=MidBottom;goal=Line(Bottom)	true
goal_allowed	tut=MidBottom;goal=Line(Top)	false
goal_allowed	tut=MidBottom;goal=Jungle(Rhino,0)	false
goal_allowed	tut=MidBottom;goal=Jungle(Rhino,1)	false
goal_allowed	tut=MidBottom;goal=Jungle(Mushroom,0)	false
goal_allowed	tut=MidBottom;goal=Jungle(Mushroom,1)	false
goal_allowed	tut=MidBottom;goal=Jungle(Stump,0)	false
goal_allowed	tut=MidBottom;goal=Jungle(Stump,1)	false
goal_allowed	tut=MidBottom;goal=Jungle(Bee,0)	false
goal_allowed	tut=MidBottom;goal=Jungle(Bee,1)	false
goal_allowed	tut=MidBottom;goal=Jungle(Morgard,0)	false
goal_allowed	tut=MidBottom;goal=Jungle(Morgard,1)	false
goal_allowed	tut=MidBottom;goal=Jungle(Serpen,0)	false
goal_allowed	tut=MidBottom;goal=Jungle(Serpen,1)	false
goal_allowed	tut=MidBottom;goal=Epic	false
goal_allowed	tut=MidBottom;goal=Serpen	true
goal_allowed	tut=MidBottom;goal=Nexus(0)	true
goal_allowed	tut=MidBottom;goal=Nexus(1)	true
goal_allowed	tut=MidBottom;goal=Battle(None)	true
goal_allowed	tut=MidBottom;goal=Battle(Some(0))	true
goal_allowed	tut=MidBottom;goal=Recall	true
main_objective_allowed	tut=MidBottom;mo=Morgard(ph=Setup,wb=false)	false
main_objective_allowed	tut=MidBottom;mo=Morgard(ph=Setup,wb=true)	false
main_objective_allowed	tut=MidBottom;mo=Morgard(ph=Assemble,wb=false)	false
main_objective_allowed	tut=MidBottom;mo=Morgard(ph=Assemble,wb=true)	false
main_objective_allowed	tut=MidBottom;mo=Morgard(ph=Hunt,wb=false)	false
main_objective_allowed	tut=MidBottom;mo=Morgard(ph=Hunt,wb=true)	false
main_objective_allowed	tut=MidBottom;mo=Morgard(ph=None,wb=false)	false
main_objective_allowed	tut=MidBottom;mo=Morgard(ph=None,wb=true)	false
main_objective_allowed	tut=MidBottom;mo=Serpen(ph=Setup,wb=false)	true
main_objective_allowed	tut=MidBottom;mo=Serpen(ph=Setup,wb=true)	true
main_objective_allowed	tut=MidBottom;mo=Serpen(ph=Assemble,wb=false)	true
main_objective_allowed	tut=MidBottom;mo=Serpen(ph=Assemble,wb=true)	true
main_objective_allowed	tut=MidBottom;mo=Serpen(ph=Hunt,wb=false)	true
main_objective_allowed	tut=MidBottom;mo=Serpen(ph=Hunt,wb=true)	true
main_objective_allowed	tut=MidBottom;mo=Serpen(ph=None,wb=false)	true
main_objective_allowed	tut=MidBottom;mo=Serpen(ph=None,wb=true)	true
main_objective_allowed	tut=MidBottom;mo=Defense	true
main_objective_allowed	tut=MidBottom;mo=Repair	true
main_objective_allowed	tut=MidBottom;mo=DefenseLine(Mid)	true
main_objective_allowed	tut=MidBottom;mo=DefenseLine(Bottom)	true
main_objective_allowed	tut=MidBottom;mo=DefenseLine(Top)	false
main_objective_allowed	tut=MidBottom;mo=Nexus(Mid)	true
main_objective_allowed	tut=MidBottom;mo=Nexus(Bottom)	true
main_objective_allowed	tut=MidBottom;mo=Nexus(Top)	false
main_objective_allowed	tut=MidBottom;mo=PressEpic(Mid)	false
main_objective_allowed	tut=MidBottom;mo=PressEpic(Bottom)	false
main_objective_allowed	tut=MidBottom;mo=PressEpic(Top)	false
main_objective_allowed	tut=MidBottom;mo=SplitEpic(Mid)	false
main_objective_allowed	tut=MidBottom;mo=SplitEpic(Bottom)	false
main_objective_allowed	tut=MidBottom;mo=SplitEpic(Top)	false
main_objective_allowed	tut=MidBottom;mo=Gank(Mid)	true
main_objective_allowed	tut=MidBottom;mo=Gank(Bottom)	true
main_objective_allowed	tut=MidBottom;mo=Gank(Top)	false
main_objective_allowed	tut=MidBottom;mo=Dive(Mid)	true
main_objective_allowed	tut=MidBottom;mo=Dive(Bottom)	true
main_objective_allowed	tut=MidBottom;mo=Dive(Top)	false
main_objective_allowed	tut=MidBottom;mo=PressTower(Mid)	true
main_objective_allowed	tut=MidBottom;mo=PressTower(Bottom)	true
main_objective_allowed	tut=MidBottom;mo=PressTower(Top)	false
main_objective_allowed	tut=MidBottom;mo=ComebackPick(Mid,ready=false)	true
main_objective_allowed	tut=MidBottom;mo=ComebackPick(Mid,ready=true)	true
main_objective_allowed	tut=MidBottom;mo=ComebackPick(Bottom,ready=false)	true
main_objective_allowed	tut=MidBottom;mo=ComebackPick(Bottom,ready=true)	true
main_objective_allowed	tut=MidBottom;mo=ComebackPick(Top,ready=false)	false
main_objective_allowed	tut=MidBottom;mo=ComebackPick(Top,ready=true)	false
sub_objective_allowed	tut=MidBottom;so=LineBattle(Mid,dive=false)	true
sub_objective_allowed	tut=MidBottom;so=LineBattle(Mid,dive=true)	true
sub_objective_allowed	tut=MidBottom;so=LineBattle(Bottom,dive=false)	true
sub_objective_allowed	tut=MidBottom;so=LineBattle(Bottom,dive=true)	true
sub_objective_allowed	tut=MidBottom;so=LineBattle(Top,dive=false)	false
sub_objective_allowed	tut=MidBottom;so=LineBattle(Top,dive=true)	false
sub_objective_allowed	tut=MidBottom;so=JungleBattle(Rhino,0)	false
sub_objective_allowed	tut=MidBottom;so=JungleBattle(Rhino,1)	false
sub_objective_allowed	tut=MidBottom;so=JungleBattle(Mushroom,0)	false
sub_objective_allowed	tut=MidBottom;so=JungleBattle(Mushroom,1)	false
sub_objective_allowed	tut=MidBottom;so=JungleBattle(Stump,0)	false
sub_objective_allowed	tut=MidBottom;so=JungleBattle(Stump,1)	false
sub_objective_allowed	tut=MidBottom;so=JungleBattle(Bee,0)	false
sub_objective_allowed	tut=MidBottom;so=JungleBattle(Bee,1)	false
sub_objective_allowed	tut=MidBottom;so=JungleBattle(Morgard,0)	false
sub_objective_allowed	tut=MidBottom;so=JungleBattle(Morgard,1)	false
sub_objective_allowed	tut=MidBottom;so=JungleBattle(Serpen,0)	false
sub_objective_allowed	tut=MidBottom;so=JungleBattle(Serpen,1)	false
chat_allowed	tut=MidBottom;chat=0:Start	true
chat_allowed	tut=MidBottom;chat=1:Mia;pos=Top	false
chat_allowed	tut=MidBottom;chat=1:Mia;pos=Jungle	false
chat_allowed	tut=MidBottom;chat=1:Mia;pos=Mid	true
chat_allowed	tut=MidBottom;chat=1:Mia;pos=Bottom	true
chat_allowed	tut=MidBottom;chat=1:Mia;pos=Support	true
chat_allowed	tut=MidBottom;chat=2:JungleCheck;line=Mid	true
chat_allowed	tut=MidBottom;chat=2:JungleCheck;line=Bottom	true
chat_allowed	tut=MidBottom;chat=2:JungleCheck;line=Top	false
chat_allowed	tut=MidBottom;chat=3:Battle	true
chat_allowed	tut=MidBottom;chat=4:BattleDive	true
chat_allowed	tut=MidBottom;chat=5:BattleLine;line=Mid	true
chat_allowed	tut=MidBottom;chat=5:BattleLine;line=Bottom	true
chat_allowed	tut=MidBottom;chat=5:BattleLine;line=Top	false
chat_allowed	tut=MidBottom;chat=6:BattleHelp	true
chat_allowed	tut=MidBottom;chat=7:BattleStop;r=TowerFocused	true
chat_allowed	tut=MidBottom;chat=7:BattleStop;r=TowerDiveFail	true
chat_allowed	tut=MidBottom;chat=7:BattleStop;r=Outnumbered	true
chat_allowed	tut=MidBottom;chat=7:BattleStop;r=LowHp	true
chat_allowed	tut=MidBottom;chat=7:BattleStop;r=BurstRisk	true
chat_allowed	tut=MidBottom;chat=7:BattleStop;r=LowHpMatch	true
chat_allowed	tut=MidBottom;chat=8:GankRequest;line=Mid	true
chat_allowed	tut=MidBottom;chat=8:GankRequest;line=Bottom	true
chat_allowed	tut=MidBottom;chat=8:GankRequest;line=Top	false
chat_allowed	tut=MidBottom;chat=9:CoverLine;line=Mid	true
chat_allowed	tut=MidBottom;chat=9:CoverLine;line=Bottom	true
chat_allowed	tut=MidBottom;chat=9:CoverLine;line=Top	false
chat_allowed	tut=MidBottom;chat=10:GankLineCover;line=Mid	true
chat_allowed	tut=MidBottom;chat=10:GankLineCover;line=Bottom	true
chat_allowed	tut=MidBottom;chat=10:GankLineCover;line=Top	false
chat_allowed	tut=MidBottom;chat=11:HideLine;line=Mid	true
chat_allowed	tut=MidBottom;chat=11:HideLine;line=Bottom	true
chat_allowed	tut=MidBottom;chat=11:HideLine;line=Top	false
chat_allowed	tut=MidBottom;chat=12:HideLineToo;line=Mid	true
chat_allowed	tut=MidBottom;chat=12:HideLineToo;line=Bottom	true
chat_allowed	tut=MidBottom;chat=12:HideLineToo;line=Top	false
chat_allowed	tut=MidBottom;chat=13:LineCover;line=Mid	true
chat_allowed	tut=MidBottom;chat=13:LineCover;line=Bottom	true
chat_allowed	tut=MidBottom;chat=13:LineCover;line=Top	false
chat_allowed	tut=MidBottom;chat=14:DefenseLine;line=Mid	true
chat_allowed	tut=MidBottom;chat=14:DefenseLine;line=Bottom	true
chat_allowed	tut=MidBottom;chat=14:DefenseLine;line=Top	false
chat_allowed	tut=MidBottom;chat=15:Ok	true
chat_allowed	tut=MidBottom;chat=16:Reject	true
chat_allowed	tut=MidBottom;chat=17:Cancel;r=LowHpSelf	true
chat_allowed	tut=MidBottom;chat=17:Cancel;r=LowHpAlly	true
chat_allowed	tut=MidBottom;chat=17:Cancel;r=TargetMissing	true
chat_allowed	tut=MidBottom;chat=17:Cancel;r=PlanChange	true
chat_allowed	tut=MidBottom;chat=17:Cancel;r=OperationAbort	true
chat_allowed	tut=MidBottom;chat=18:CounterJungle;camp=Rhino	false
chat_allowed	tut=MidBottom;chat=18:CounterJungle;camp=Mushroom	false
chat_allowed	tut=MidBottom;chat=18:CounterJungle;camp=Stump	false
chat_allowed	tut=MidBottom;chat=18:CounterJungle;camp=Bee	false
chat_allowed	tut=MidBottom;chat=18:CounterJungle;camp=Morgard	false
chat_allowed	tut=MidBottom;chat=18:CounterJungle;camp=Serpen	true
chat_allowed	tut=MidBottom;chat=19:Lead	true
chat_allowed	tut=MidBottom;chat=20:Split;line=Mid	false
chat_allowed	tut=MidBottom;chat=20:Split;line=Bottom	false
chat_allowed	tut=MidBottom;chat=20:Split;line=Top	false
chat_allowed	tut=MidBottom;chat=21:Press;line=Mid	false
chat_allowed	tut=MidBottom;chat=21:Press;line=Bottom	false
chat_allowed	tut=MidBottom;chat=21:Press;line=Top	false
chat_allowed	tut=MidBottom;chat=22:PressChange;line=Mid	false
chat_allowed	tut=MidBottom;chat=22:PressChange;line=Bottom	false
chat_allowed	tut=MidBottom;chat=22:PressChange;line=Top	false
chat_allowed	tut=MidBottom;chat=23:Repair	true
chat_allowed	tut=MidBottom;chat=24:SerpenPrepare	true
chat_allowed	tut=MidBottom;chat=25:SerpenSetup	true
chat_allowed	tut=MidBottom;chat=26:SerpenCheck	true
chat_allowed	tut=MidBottom;chat=27:SerpenEnemyHunt	true
chat_allowed	tut=MidBottom;chat=28:SerpenAssemble	true
chat_allowed	tut=MidBottom;chat=29:SerpenHunt	true
chat_allowed	tut=MidBottom;chat=30:SerpenBattle	true
chat_allowed	tut=MidBottom;chat=31:SerpenGiveUp;r=StackAhead	true
chat_allowed	tut=MidBottom;chat=31:SerpenGiveUp;r=Outnumbered	true
chat_allowed	tut=MidBottom;chat=32:SerpenSteal;k=Lurk	true
chat_allowed	tut=MidBottom;chat=32:SerpenSteal;k=Commit	true
chat_allowed	tut=MidBottom;chat=33:MorgardPrepare	false
chat_allowed	tut=MidBottom;chat=34:MorgardSetup	false
chat_allowed	tut=MidBottom;chat=35:MorgardCheck	false
chat_allowed	tut=MidBottom;chat=36:MorgardEnemyHunt	false
chat_allowed	tut=MidBottom;chat=37:MorgardAssemble	false
chat_allowed	tut=MidBottom;chat=38:MorgardHunt	false
chat_allowed	tut=MidBottom;chat=39:MorgardBattle	false
chat_allowed	tut=MidBottom;chat=40:MorgardGiveUp	false
chat_allowed	tut=MidBottom;chat=41:MorgardSteal;k=Lurk	false
chat_allowed	tut=MidBottom;chat=41:MorgardSteal;k=Commit	false
chat_allowed	tut=MidBottom;chat=42:AttackNexus;line=Mid	true
chat_allowed	tut=MidBottom;chat=42:AttackNexus;line=Bottom	true
chat_allowed	tut=MidBottom;chat=42:AttackNexus;line=Top	false
chat_allowed	tut=MidBottom;chat=43:DefenseNexus	true
chat_allowed	tut=MidBottom;chat=44:GankDive;line=Mid	true
chat_allowed	tut=MidBottom;chat=44:GankDive;line=Bottom	true
chat_allowed	tut=MidBottom;chat=44:GankDive;line=Top	false
chat_allowed	tut=MidBottom;chat=45:PressTower;line=Mid	true
chat_allowed	tut=MidBottom;chat=45:PressTower;line=Bottom	true
chat_allowed	tut=MidBottom;chat=45:PressTower;line=Top	false
chat_allowed	tut=MidBottom;chat=46:ComebackPick;line=Mid	true
chat_allowed	tut=MidBottom;chat=46:ComebackPick;line=Bottom	true
chat_allowed	tut=MidBottom;chat=46:ComebackPick;line=Top	false
chat_allowed	tut=MidBottom;chat=47:PlayCall;a=0,b=0	false
chat_allowed	tut=MidBottom;chat=47:PlayCall;a=0,b=1	false
chat_allowed	tut=MidBottom;chat=47:PlayCall;a=0,b=2	false
chat_allowed	tut=MidBottom;chat=47:PlayCall;a=0,b=3	false
chat_allowed	tut=MidBottom;chat=47:PlayCall;a=0,b=4	false
chat_allowed	tut=MidBottom;chat=47:PlayCall;a=0,b=5	false
chat_allowed	tut=MidBottom;chat=47:PlayCall;a=0,b=6	false
chat_allowed	tut=MidBottom;chat=47:PlayCall;a=0,b=7	false
chat_allowed	tut=MidBottom;chat=47:PlayCall;a=1,b=0	false
chat_allowed	tut=MidBottom;chat=47:PlayCall;a=1,b=1	true
chat_allowed	tut=MidBottom;chat=47:PlayCall;a=1,b=2	true
chat_allowed	tut=MidBottom;chat=47:PlayCall;a=1,b=3	true
chat_allowed	tut=MidBottom;chat=47:PlayCall;a=1,b=4	true
chat_allowed	tut=MidBottom;chat=47:PlayCall;a=1,b=5	true
chat_allowed	tut=MidBottom;chat=47:PlayCall;a=1,b=6	true
chat_allowed	tut=MidBottom;chat=47:PlayCall;a=1,b=7	true
chat_allowed	tut=MidBottom;chat=47:PlayCall;a=2,b=0	false
chat_allowed	tut=MidBottom;chat=47:PlayCall;a=2,b=1	false
chat_allowed	tut=MidBottom;chat=47:PlayCall;a=2,b=2	false
chat_allowed	tut=MidBottom;chat=47:PlayCall;a=2,b=3	false
chat_allowed	tut=MidBottom;chat=47:PlayCall;a=2,b=4	false
chat_allowed	tut=MidBottom;chat=47:PlayCall;a=2,b=5	false
chat_allowed	tut=MidBottom;chat=47:PlayCall;a=2,b=6	false
chat_allowed	tut=MidBottom;chat=47:PlayCall;a=2,b=7	false
chat_allowed	tut=MidBottom;chat=47:PlayCall;a=3,b=0	false
chat_allowed	tut=MidBottom;chat=47:PlayCall;a=3,b=1	true
chat_allowed	tut=MidBottom;chat=47:PlayCall;a=3,b=2	true
chat_allowed	tut=MidBottom;chat=47:PlayCall;a=3,b=3	true
chat_allowed	tut=MidBottom;chat=47:PlayCall;a=3,b=4	true
chat_allowed	tut=MidBottom;chat=47:PlayCall;a=3,b=5	true
chat_allowed	tut=MidBottom;chat=47:PlayCall;a=3,b=6	true
chat_allowed	tut=MidBottom;chat=47:PlayCall;a=3,b=7	true
chat_allowed	tut=MidBottom;chat=47:PlayCall;a=4,b=0	false
chat_allowed	tut=MidBottom;chat=47:PlayCall;a=4,b=1	true
chat_allowed	tut=MidBottom;chat=47:PlayCall;a=4,b=2	true
chat_allowed	tut=MidBottom;chat=47:PlayCall;a=4,b=3	true
chat_allowed	tut=MidBottom;chat=47:PlayCall;a=4,b=4	true
chat_allowed	tut=MidBottom;chat=47:PlayCall;a=4,b=5	true
chat_allowed	tut=MidBottom;chat=47:PlayCall;a=4,b=6	true
chat_allowed	tut=MidBottom;chat=47:PlayCall;a=4,b=7	true
chat_allowed	tut=MidBottom;chat=47:PlayCall;a=5,b=0	false
chat_allowed	tut=MidBottom;chat=47:PlayCall;a=5,b=1	true
chat_allowed	tut=MidBottom;chat=47:PlayCall;a=5,b=2	true
chat_allowed	tut=MidBottom;chat=47:PlayCall;a=5,b=3	true
chat_allowed	tut=MidBottom;chat=47:PlayCall;a=5,b=4	true
chat_allowed	tut=MidBottom;chat=47:PlayCall;a=5,b=5	true
chat_allowed	tut=MidBottom;chat=47:PlayCall;a=5,b=6	true
chat_allowed	tut=MidBottom;chat=47:PlayCall;a=5,b=7	true
chat_allowed	tut=MidBottom;chat=47:PlayCall;a=6,b=0	false
chat_allowed	tut=MidBottom;chat=47:PlayCall;a=6,b=1	true
chat_allowed	tut=MidBottom;chat=47:PlayCall;a=6,b=2	true
chat_allowed	tut=MidBottom;chat=47:PlayCall;a=6,b=3	true
chat_allowed	tut=MidBottom;chat=47:PlayCall;a=6,b=4	true
chat_allowed	tut=MidBottom;chat=47:PlayCall;a=6,b=5	true
chat_allowed	tut=MidBottom;chat=47:PlayCall;a=6,b=6	true
chat_allowed	tut=MidBottom;chat=47:PlayCall;a=6,b=7	true
chat_allowed	tut=MidBottom;chat=47:PlayCall;a=7,b=0	false
chat_allowed	tut=MidBottom;chat=47:PlayCall;a=7,b=1	true
chat_allowed	tut=MidBottom;chat=47:PlayCall;a=7,b=2	true
chat_allowed	tut=MidBottom;chat=47:PlayCall;a=7,b=3	true
chat_allowed	tut=MidBottom;chat=47:PlayCall;a=7,b=4	true
chat_allowed	tut=MidBottom;chat=47:PlayCall;a=7,b=5	true
chat_allowed	tut=MidBottom;chat=47:PlayCall;a=7,b=6	true
chat_allowed	tut=MidBottom;chat=47:PlayCall;a=7,b=7	true
chat_allowed	tut=MidBottom;chat=48:PlayPhaseChange;a=0,b=0	false
chat_allowed	tut=MidBottom;chat=48:PlayPhaseChange;a=0,b=1	false
chat_allowed	tut=MidBottom;chat=48:PlayPhaseChange;a=0,b=2	false
chat_allowed	tut=MidBottom;chat=48:PlayPhaseChange;a=0,b=3	false
chat_allowed	tut=MidBottom;chat=48:PlayPhaseChange;a=0,b=4	false
chat_allowed	tut=MidBottom;chat=48:PlayPhaseChange;a=0,b=5	false
chat_allowed	tut=MidBottom;chat=48:PlayPhaseChange;a=0,b=6	false
chat_allowed	tut=MidBottom;chat=48:PlayPhaseChange;a=0,b=7	false
chat_allowed	tut=MidBottom;chat=48:PlayPhaseChange;a=1,b=0	false
chat_allowed	tut=MidBottom;chat=48:PlayPhaseChange;a=1,b=1	true
chat_allowed	tut=MidBottom;chat=48:PlayPhaseChange;a=1,b=2	true
chat_allowed	tut=MidBottom;chat=48:PlayPhaseChange;a=1,b=3	true
chat_allowed	tut=MidBottom;chat=48:PlayPhaseChange;a=1,b=4	true
chat_allowed	tut=MidBottom;chat=48:PlayPhaseChange;a=1,b=5	true
chat_allowed	tut=MidBottom;chat=48:PlayPhaseChange;a=1,b=6	true
chat_allowed	tut=MidBottom;chat=48:PlayPhaseChange;a=1,b=7	true
chat_allowed	tut=MidBottom;chat=48:PlayPhaseChange;a=2,b=0	false
chat_allowed	tut=MidBottom;chat=48:PlayPhaseChange;a=2,b=1	false
chat_allowed	tut=MidBottom;chat=48:PlayPhaseChange;a=2,b=2	false
chat_allowed	tut=MidBottom;chat=48:PlayPhaseChange;a=2,b=3	false
chat_allowed	tut=MidBottom;chat=48:PlayPhaseChange;a=2,b=4	false
chat_allowed	tut=MidBottom;chat=48:PlayPhaseChange;a=2,b=5	false
chat_allowed	tut=MidBottom;chat=48:PlayPhaseChange;a=2,b=6	false
chat_allowed	tut=MidBottom;chat=48:PlayPhaseChange;a=2,b=7	false
chat_allowed	tut=MidBottom;chat=48:PlayPhaseChange;a=3,b=0	false
chat_allowed	tut=MidBottom;chat=48:PlayPhaseChange;a=3,b=1	true
chat_allowed	tut=MidBottom;chat=48:PlayPhaseChange;a=3,b=2	true
chat_allowed	tut=MidBottom;chat=48:PlayPhaseChange;a=3,b=3	true
chat_allowed	tut=MidBottom;chat=48:PlayPhaseChange;a=3,b=4	true
chat_allowed	tut=MidBottom;chat=48:PlayPhaseChange;a=3,b=5	true
chat_allowed	tut=MidBottom;chat=48:PlayPhaseChange;a=3,b=6	true
chat_allowed	tut=MidBottom;chat=48:PlayPhaseChange;a=3,b=7	true
chat_allowed	tut=MidBottom;chat=48:PlayPhaseChange;a=4,b=0	false
chat_allowed	tut=MidBottom;chat=48:PlayPhaseChange;a=4,b=1	true
chat_allowed	tut=MidBottom;chat=48:PlayPhaseChange;a=4,b=2	true
chat_allowed	tut=MidBottom;chat=48:PlayPhaseChange;a=4,b=3	true
chat_allowed	tut=MidBottom;chat=48:PlayPhaseChange;a=4,b=4	true
chat_allowed	tut=MidBottom;chat=48:PlayPhaseChange;a=4,b=5	true
chat_allowed	tut=MidBottom;chat=48:PlayPhaseChange;a=4,b=6	true
chat_allowed	tut=MidBottom;chat=48:PlayPhaseChange;a=4,b=7	true
chat_allowed	tut=MidBottom;chat=48:PlayPhaseChange;a=5,b=0	false
chat_allowed	tut=MidBottom;chat=48:PlayPhaseChange;a=5,b=1	true
chat_allowed	tut=MidBottom;chat=48:PlayPhaseChange;a=5,b=2	true
chat_allowed	tut=MidBottom;chat=48:PlayPhaseChange;a=5,b=3	true
chat_allowed	tut=MidBottom;chat=48:PlayPhaseChange;a=5,b=4	true
chat_allowed	tut=MidBottom;chat=48:PlayPhaseChange;a=5,b=5	true
chat_allowed	tut=MidBottom;chat=48:PlayPhaseChange;a=5,b=6	true
chat_allowed	tut=MidBottom;chat=48:PlayPhaseChange;a=5,b=7	true
chat_allowed	tut=MidBottom;chat=48:PlayPhaseChange;a=6,b=0	false
chat_allowed	tut=MidBottom;chat=48:PlayPhaseChange;a=6,b=1	true
chat_allowed	tut=MidBottom;chat=48:PlayPhaseChange;a=6,b=2	true
chat_allowed	tut=MidBottom;chat=48:PlayPhaseChange;a=6,b=3	true
chat_allowed	tut=MidBottom;chat=48:PlayPhaseChange;a=6,b=4	true
chat_allowed	tut=MidBottom;chat=48:PlayPhaseChange;a=6,b=5	true
chat_allowed	tut=MidBottom;chat=48:PlayPhaseChange;a=6,b=6	true
chat_allowed	tut=MidBottom;chat=48:PlayPhaseChange;a=6,b=7	true
chat_allowed	tut=MidBottom;chat=48:PlayPhaseChange;a=7,b=0	false
chat_allowed	tut=MidBottom;chat=48:PlayPhaseChange;a=7,b=1	true
chat_allowed	tut=MidBottom;chat=48:PlayPhaseChange;a=7,b=2	true
chat_allowed	tut=MidBottom;chat=48:PlayPhaseChange;a=7,b=3	true
chat_allowed	tut=MidBottom;chat=48:PlayPhaseChange;a=7,b=4	true
chat_allowed	tut=MidBottom;chat=48:PlayPhaseChange;a=7,b=5	true
chat_allowed	tut=MidBottom;chat=48:PlayPhaseChange;a=7,b=6	true
chat_allowed	tut=MidBottom;chat=48:PlayPhaseChange;a=7,b=7	true
chat_allowed	tut=MidBottom;chat=49:PlayPropose;a=0,b=0,c=0	false
chat_allowed	tut=MidBottom;chat=49:PlayPropose;a=0,b=0,c=1	false
chat_allowed	tut=MidBottom;chat=49:PlayPropose;a=0,b=0,c=2	false
chat_allowed	tut=MidBottom;chat=49:PlayPropose;a=0,b=0,c=3	false
chat_allowed	tut=MidBottom;chat=49:PlayPropose;a=0,b=1,c=0	false
chat_allowed	tut=MidBottom;chat=49:PlayPropose;a=0,b=1,c=1	false
chat_allowed	tut=MidBottom;chat=49:PlayPropose;a=0,b=1,c=2	false
chat_allowed	tut=MidBottom;chat=49:PlayPropose;a=0,b=1,c=3	false
chat_allowed	tut=MidBottom;chat=49:PlayPropose;a=0,b=2,c=0	false
chat_allowed	tut=MidBottom;chat=49:PlayPropose;a=0,b=2,c=1	false
chat_allowed	tut=MidBottom;chat=49:PlayPropose;a=0,b=2,c=2	false
chat_allowed	tut=MidBottom;chat=49:PlayPropose;a=0,b=2,c=3	false
chat_allowed	tut=MidBottom;chat=49:PlayPropose;a=0,b=3,c=0	false
chat_allowed	tut=MidBottom;chat=49:PlayPropose;a=0,b=3,c=1	false
chat_allowed	tut=MidBottom;chat=49:PlayPropose;a=0,b=3,c=2	false
chat_allowed	tut=MidBottom;chat=49:PlayPropose;a=0,b=3,c=3	false
chat_allowed	tut=MidBottom;chat=49:PlayPropose;a=0,b=4,c=0	false
chat_allowed	tut=MidBottom;chat=49:PlayPropose;a=0,b=4,c=1	false
chat_allowed	tut=MidBottom;chat=49:PlayPropose;a=0,b=4,c=2	false
chat_allowed	tut=MidBottom;chat=49:PlayPropose;a=0,b=4,c=3	false
chat_allowed	tut=MidBottom;chat=49:PlayPropose;a=0,b=5,c=0	false
chat_allowed	tut=MidBottom;chat=49:PlayPropose;a=0,b=5,c=1	false
chat_allowed	tut=MidBottom;chat=49:PlayPropose;a=0,b=5,c=2	false
chat_allowed	tut=MidBottom;chat=49:PlayPropose;a=0,b=5,c=3	false
chat_allowed	tut=MidBottom;chat=49:PlayPropose;a=0,b=6,c=0	false
chat_allowed	tut=MidBottom;chat=49:PlayPropose;a=0,b=6,c=1	false
chat_allowed	tut=MidBottom;chat=49:PlayPropose;a=0,b=6,c=2	false
chat_allowed	tut=MidBottom;chat=49:PlayPropose;a=0,b=6,c=3	false
chat_allowed	tut=MidBottom;chat=49:PlayPropose;a=0,b=7,c=0	false
chat_allowed	tut=MidBottom;chat=49:PlayPropose;a=0,b=7,c=1	false
chat_allowed	tut=MidBottom;chat=49:PlayPropose;a=0,b=7,c=2	false
chat_allowed	tut=MidBottom;chat=49:PlayPropose;a=0,b=7,c=3	false
chat_allowed	tut=MidBottom;chat=49:PlayPropose;a=1,b=0,c=0	false
chat_allowed	tut=MidBottom;chat=49:PlayPropose;a=1,b=0,c=1	false
chat_allowed	tut=MidBottom;chat=49:PlayPropose;a=1,b=0,c=2	false
chat_allowed	tut=MidBottom;chat=49:PlayPropose;a=1,b=0,c=3	false
chat_allowed	tut=MidBottom;chat=49:PlayPropose;a=1,b=1,c=0	true
chat_allowed	tut=MidBottom;chat=49:PlayPropose;a=1,b=1,c=1	true
chat_allowed	tut=MidBottom;chat=49:PlayPropose;a=1,b=1,c=2	true
chat_allowed	tut=MidBottom;chat=49:PlayPropose;a=1,b=1,c=3	true
chat_allowed	tut=MidBottom;chat=49:PlayPropose;a=1,b=2,c=0	true
chat_allowed	tut=MidBottom;chat=49:PlayPropose;a=1,b=2,c=1	true
chat_allowed	tut=MidBottom;chat=49:PlayPropose;a=1,b=2,c=2	true
chat_allowed	tut=MidBottom;chat=49:PlayPropose;a=1,b=2,c=3	true
chat_allowed	tut=MidBottom;chat=49:PlayPropose;a=1,b=3,c=0	true
chat_allowed	tut=MidBottom;chat=49:PlayPropose;a=1,b=3,c=1	true
chat_allowed	tut=MidBottom;chat=49:PlayPropose;a=1,b=3,c=2	true
chat_allowed	tut=MidBottom;chat=49:PlayPropose;a=1,b=3,c=3	true
chat_allowed	tut=MidBottom;chat=49:PlayPropose;a=1,b=4,c=0	true
chat_allowed	tut=MidBottom;chat=49:PlayPropose;a=1,b=4,c=1	true
chat_allowed	tut=MidBottom;chat=49:PlayPropose;a=1,b=4,c=2	true
chat_allowed	tut=MidBottom;chat=49:PlayPropose;a=1,b=4,c=3	true
chat_allowed	tut=MidBottom;chat=49:PlayPropose;a=1,b=5,c=0	true
chat_allowed	tut=MidBottom;chat=49:PlayPropose;a=1,b=5,c=1	true
chat_allowed	tut=MidBottom;chat=49:PlayPropose;a=1,b=5,c=2	true
chat_allowed	tut=MidBottom;chat=49:PlayPropose;a=1,b=5,c=3	true
chat_allowed	tut=MidBottom;chat=49:PlayPropose;a=1,b=6,c=0	true
chat_allowed	tut=MidBottom;chat=49:PlayPropose;a=1,b=6,c=1	true
chat_allowed	tut=MidBottom;chat=49:PlayPropose;a=1,b=6,c=2	true
chat_allowed	tut=MidBottom;chat=49:PlayPropose;a=1,b=6,c=3	true
chat_allowed	tut=MidBottom;chat=49:PlayPropose;a=1,b=7,c=0	true
chat_allowed	tut=MidBottom;chat=49:PlayPropose;a=1,b=7,c=1	true
chat_allowed	tut=MidBottom;chat=49:PlayPropose;a=1,b=7,c=2	true
chat_allowed	tut=MidBottom;chat=49:PlayPropose;a=1,b=7,c=3	true
chat_allowed	tut=MidBottom;chat=49:PlayPropose;a=2,b=0,c=0	false
chat_allowed	tut=MidBottom;chat=49:PlayPropose;a=2,b=0,c=1	false
chat_allowed	tut=MidBottom;chat=49:PlayPropose;a=2,b=0,c=2	false
chat_allowed	tut=MidBottom;chat=49:PlayPropose;a=2,b=0,c=3	false
chat_allowed	tut=MidBottom;chat=49:PlayPropose;a=2,b=1,c=0	false
chat_allowed	tut=MidBottom;chat=49:PlayPropose;a=2,b=1,c=1	false
chat_allowed	tut=MidBottom;chat=49:PlayPropose;a=2,b=1,c=2	false
chat_allowed	tut=MidBottom;chat=49:PlayPropose;a=2,b=1,c=3	false
chat_allowed	tut=MidBottom;chat=49:PlayPropose;a=2,b=2,c=0	false
chat_allowed	tut=MidBottom;chat=49:PlayPropose;a=2,b=2,c=1	false
chat_allowed	tut=MidBottom;chat=49:PlayPropose;a=2,b=2,c=2	false
chat_allowed	tut=MidBottom;chat=49:PlayPropose;a=2,b=2,c=3	false
chat_allowed	tut=MidBottom;chat=49:PlayPropose;a=2,b=3,c=0	false
chat_allowed	tut=MidBottom;chat=49:PlayPropose;a=2,b=3,c=1	false
chat_allowed	tut=MidBottom;chat=49:PlayPropose;a=2,b=3,c=2	false
chat_allowed	tut=MidBottom;chat=49:PlayPropose;a=2,b=3,c=3	false
chat_allowed	tut=MidBottom;chat=49:PlayPropose;a=2,b=4,c=0	false
chat_allowed	tut=MidBottom;chat=49:PlayPropose;a=2,b=4,c=1	false
chat_allowed	tut=MidBottom;chat=49:PlayPropose;a=2,b=4,c=2	false
chat_allowed	tut=MidBottom;chat=49:PlayPropose;a=2,b=4,c=3	false
chat_allowed	tut=MidBottom;chat=49:PlayPropose;a=2,b=5,c=0	false
chat_allowed	tut=MidBottom;chat=49:PlayPropose;a=2,b=5,c=1	false
chat_allowed	tut=MidBottom;chat=49:PlayPropose;a=2,b=5,c=2	false
chat_allowed	tut=MidBottom;chat=49:PlayPropose;a=2,b=5,c=3	false
chat_allowed	tut=MidBottom;chat=49:PlayPropose;a=2,b=6,c=0	false
chat_allowed	tut=MidBottom;chat=49:PlayPropose;a=2,b=6,c=1	false
chat_allowed	tut=MidBottom;chat=49:PlayPropose;a=2,b=6,c=2	false
chat_allowed	tut=MidBottom;chat=49:PlayPropose;a=2,b=6,c=3	false
chat_allowed	tut=MidBottom;chat=49:PlayPropose;a=2,b=7,c=0	false
chat_allowed	tut=MidBottom;chat=49:PlayPropose;a=2,b=7,c=1	false
chat_allowed	tut=MidBottom;chat=49:PlayPropose;a=2,b=7,c=2	false
chat_allowed	tut=MidBottom;chat=49:PlayPropose;a=2,b=7,c=3	false
chat_allowed	tut=MidBottom;chat=49:PlayPropose;a=3,b=0,c=0	false
chat_allowed	tut=MidBottom;chat=49:PlayPropose;a=3,b=0,c=1	false
chat_allowed	tut=MidBottom;chat=49:PlayPropose;a=3,b=0,c=2	false
chat_allowed	tut=MidBottom;chat=49:PlayPropose;a=3,b=0,c=3	false
chat_allowed	tut=MidBottom;chat=49:PlayPropose;a=3,b=1,c=0	true
chat_allowed	tut=MidBottom;chat=49:PlayPropose;a=3,b=1,c=1	true
chat_allowed	tut=MidBottom;chat=49:PlayPropose;a=3,b=1,c=2	true
chat_allowed	tut=MidBottom;chat=49:PlayPropose;a=3,b=1,c=3	true
chat_allowed	tut=MidBottom;chat=49:PlayPropose;a=3,b=2,c=0	true
chat_allowed	tut=MidBottom;chat=49:PlayPropose;a=3,b=2,c=1	true
chat_allowed	tut=MidBottom;chat=49:PlayPropose;a=3,b=2,c=2	true
chat_allowed	tut=MidBottom;chat=49:PlayPropose;a=3,b=2,c=3	true
chat_allowed	tut=MidBottom;chat=49:PlayPropose;a=3,b=3,c=0	true
chat_allowed	tut=MidBottom;chat=49:PlayPropose;a=3,b=3,c=1	true
chat_allowed	tut=MidBottom;chat=49:PlayPropose;a=3,b=3,c=2	true
chat_allowed	tut=MidBottom;chat=49:PlayPropose;a=3,b=3,c=3	true
chat_allowed	tut=MidBottom;chat=49:PlayPropose;a=3,b=4,c=0	true
chat_allowed	tut=MidBottom;chat=49:PlayPropose;a=3,b=4,c=1	true
chat_allowed	tut=MidBottom;chat=49:PlayPropose;a=3,b=4,c=2	true
chat_allowed	tut=MidBottom;chat=49:PlayPropose;a=3,b=4,c=3	true
chat_allowed	tut=MidBottom;chat=49:PlayPropose;a=3,b=5,c=0	true
chat_allowed	tut=MidBottom;chat=49:PlayPropose;a=3,b=5,c=1	true
chat_allowed	tut=MidBottom;chat=49:PlayPropose;a=3,b=5,c=2	true
chat_allowed	tut=MidBottom;chat=49:PlayPropose;a=3,b=5,c=3	true
chat_allowed	tut=MidBottom;chat=49:PlayPropose;a=3,b=6,c=0	true
chat_allowed	tut=MidBottom;chat=49:PlayPropose;a=3,b=6,c=1	true
chat_allowed	tut=MidBottom;chat=49:PlayPropose;a=3,b=6,c=2	true
chat_allowed	tut=MidBottom;chat=49:PlayPropose;a=3,b=6,c=3	true
chat_allowed	tut=MidBottom;chat=49:PlayPropose;a=3,b=7,c=0	true
chat_allowed	tut=MidBottom;chat=49:PlayPropose;a=3,b=7,c=1	true
chat_allowed	tut=MidBottom;chat=49:PlayPropose;a=3,b=7,c=2	true
chat_allowed	tut=MidBottom;chat=49:PlayPropose;a=3,b=7,c=3	true
chat_allowed	tut=MidBottom;chat=49:PlayPropose;a=4,b=0,c=0	false
chat_allowed	tut=MidBottom;chat=49:PlayPropose;a=4,b=0,c=1	false
chat_allowed	tut=MidBottom;chat=49:PlayPropose;a=4,b=0,c=2	false
chat_allowed	tut=MidBottom;chat=49:PlayPropose;a=4,b=0,c=3	false
chat_allowed	tut=MidBottom;chat=49:PlayPropose;a=4,b=1,c=0	true
chat_allowed	tut=MidBottom;chat=49:PlayPropose;a=4,b=1,c=1	true
chat_allowed	tut=MidBottom;chat=49:PlayPropose;a=4,b=1,c=2	true
chat_allowed	tut=MidBottom;chat=49:PlayPropose;a=4,b=1,c=3	true
chat_allowed	tut=MidBottom;chat=49:PlayPropose;a=4,b=2,c=0	true
chat_allowed	tut=MidBottom;chat=49:PlayPropose;a=4,b=2,c=1	true
chat_allowed	tut=MidBottom;chat=49:PlayPropose;a=4,b=2,c=2	true
chat_allowed	tut=MidBottom;chat=49:PlayPropose;a=4,b=2,c=3	true
chat_allowed	tut=MidBottom;chat=49:PlayPropose;a=4,b=3,c=0	true
chat_allowed	tut=MidBottom;chat=49:PlayPropose;a=4,b=3,c=1	true
chat_allowed	tut=MidBottom;chat=49:PlayPropose;a=4,b=3,c=2	true
chat_allowed	tut=MidBottom;chat=49:PlayPropose;a=4,b=3,c=3	true
chat_allowed	tut=MidBottom;chat=49:PlayPropose;a=4,b=4,c=0	true
chat_allowed	tut=MidBottom;chat=49:PlayPropose;a=4,b=4,c=1	true
chat_allowed	tut=MidBottom;chat=49:PlayPropose;a=4,b=4,c=2	true
chat_allowed	tut=MidBottom;chat=49:PlayPropose;a=4,b=4,c=3	true
chat_allowed	tut=MidBottom;chat=49:PlayPropose;a=4,b=5,c=0	true
chat_allowed	tut=MidBottom;chat=49:PlayPropose;a=4,b=5,c=1	true
chat_allowed	tut=MidBottom;chat=49:PlayPropose;a=4,b=5,c=2	true
chat_allowed	tut=MidBottom;chat=49:PlayPropose;a=4,b=5,c=3	true
chat_allowed	tut=MidBottom;chat=49:PlayPropose;a=4,b=6,c=0	true
chat_allowed	tut=MidBottom;chat=49:PlayPropose;a=4,b=6,c=1	true
chat_allowed	tut=MidBottom;chat=49:PlayPropose;a=4,b=6,c=2	true
chat_allowed	tut=MidBottom;chat=49:PlayPropose;a=4,b=6,c=3	true
chat_allowed	tut=MidBottom;chat=49:PlayPropose;a=4,b=7,c=0	true
chat_allowed	tut=MidBottom;chat=49:PlayPropose;a=4,b=7,c=1	true
chat_allowed	tut=MidBottom;chat=49:PlayPropose;a=4,b=7,c=2	true
chat_allowed	tut=MidBottom;chat=49:PlayPropose;a=4,b=7,c=3	true
chat_allowed	tut=MidBottom;chat=49:PlayPropose;a=5,b=0,c=0	false
chat_allowed	tut=MidBottom;chat=49:PlayPropose;a=5,b=0,c=1	false
chat_allowed	tut=MidBottom;chat=49:PlayPropose;a=5,b=0,c=2	false
chat_allowed	tut=MidBottom;chat=49:PlayPropose;a=5,b=0,c=3	false
chat_allowed	tut=MidBottom;chat=49:PlayPropose;a=5,b=1,c=0	true
chat_allowed	tut=MidBottom;chat=49:PlayPropose;a=5,b=1,c=1	true
chat_allowed	tut=MidBottom;chat=49:PlayPropose;a=5,b=1,c=2	true
chat_allowed	tut=MidBottom;chat=49:PlayPropose;a=5,b=1,c=3	true
chat_allowed	tut=MidBottom;chat=49:PlayPropose;a=5,b=2,c=0	true
chat_allowed	tut=MidBottom;chat=49:PlayPropose;a=5,b=2,c=1	true
chat_allowed	tut=MidBottom;chat=49:PlayPropose;a=5,b=2,c=2	true
chat_allowed	tut=MidBottom;chat=49:PlayPropose;a=5,b=2,c=3	true
chat_allowed	tut=MidBottom;chat=49:PlayPropose;a=5,b=3,c=0	true
chat_allowed	tut=MidBottom;chat=49:PlayPropose;a=5,b=3,c=1	true
chat_allowed	tut=MidBottom;chat=49:PlayPropose;a=5,b=3,c=2	true
chat_allowed	tut=MidBottom;chat=49:PlayPropose;a=5,b=3,c=3	true
chat_allowed	tut=MidBottom;chat=49:PlayPropose;a=5,b=4,c=0	true
chat_allowed	tut=MidBottom;chat=49:PlayPropose;a=5,b=4,c=1	true
chat_allowed	tut=MidBottom;chat=49:PlayPropose;a=5,b=4,c=2	true
chat_allowed	tut=MidBottom;chat=49:PlayPropose;a=5,b=4,c=3	true
chat_allowed	tut=MidBottom;chat=49:PlayPropose;a=5,b=5,c=0	true
chat_allowed	tut=MidBottom;chat=49:PlayPropose;a=5,b=5,c=1	true
chat_allowed	tut=MidBottom;chat=49:PlayPropose;a=5,b=5,c=2	true
chat_allowed	tut=MidBottom;chat=49:PlayPropose;a=5,b=5,c=3	true
chat_allowed	tut=MidBottom;chat=49:PlayPropose;a=5,b=6,c=0	true
chat_allowed	tut=MidBottom;chat=49:PlayPropose;a=5,b=6,c=1	true
chat_allowed	tut=MidBottom;chat=49:PlayPropose;a=5,b=6,c=2	true
chat_allowed	tut=MidBottom;chat=49:PlayPropose;a=5,b=6,c=3	true
chat_allowed	tut=MidBottom;chat=49:PlayPropose;a=5,b=7,c=0	true
chat_allowed	tut=MidBottom;chat=49:PlayPropose;a=5,b=7,c=1	true
chat_allowed	tut=MidBottom;chat=49:PlayPropose;a=5,b=7,c=2	true
chat_allowed	tut=MidBottom;chat=49:PlayPropose;a=5,b=7,c=3	true
chat_allowed	tut=MidBottom;chat=49:PlayPropose;a=6,b=0,c=0	false
chat_allowed	tut=MidBottom;chat=49:PlayPropose;a=6,b=0,c=1	false
chat_allowed	tut=MidBottom;chat=49:PlayPropose;a=6,b=0,c=2	false
chat_allowed	tut=MidBottom;chat=49:PlayPropose;a=6,b=0,c=3	false
chat_allowed	tut=MidBottom;chat=49:PlayPropose;a=6,b=1,c=0	true
chat_allowed	tut=MidBottom;chat=49:PlayPropose;a=6,b=1,c=1	true
chat_allowed	tut=MidBottom;chat=49:PlayPropose;a=6,b=1,c=2	true
chat_allowed	tut=MidBottom;chat=49:PlayPropose;a=6,b=1,c=3	true
chat_allowed	tut=MidBottom;chat=49:PlayPropose;a=6,b=2,c=0	true
chat_allowed	tut=MidBottom;chat=49:PlayPropose;a=6,b=2,c=1	true
chat_allowed	tut=MidBottom;chat=49:PlayPropose;a=6,b=2,c=2	true
chat_allowed	tut=MidBottom;chat=49:PlayPropose;a=6,b=2,c=3	true
chat_allowed	tut=MidBottom;chat=49:PlayPropose;a=6,b=3,c=0	true
chat_allowed	tut=MidBottom;chat=49:PlayPropose;a=6,b=3,c=1	true
chat_allowed	tut=MidBottom;chat=49:PlayPropose;a=6,b=3,c=2	true
chat_allowed	tut=MidBottom;chat=49:PlayPropose;a=6,b=3,c=3	true
chat_allowed	tut=MidBottom;chat=49:PlayPropose;a=6,b=4,c=0	true
chat_allowed	tut=MidBottom;chat=49:PlayPropose;a=6,b=4,c=1	true
chat_allowed	tut=MidBottom;chat=49:PlayPropose;a=6,b=4,c=2	true
chat_allowed	tut=MidBottom;chat=49:PlayPropose;a=6,b=4,c=3	true
chat_allowed	tut=MidBottom;chat=49:PlayPropose;a=6,b=5,c=0	true
chat_allowed	tut=MidBottom;chat=49:PlayPropose;a=6,b=5,c=1	true
chat_allowed	tut=MidBottom;chat=49:PlayPropose;a=6,b=5,c=2	true
chat_allowed	tut=MidBottom;chat=49:PlayPropose;a=6,b=5,c=3	true
chat_allowed	tut=MidBottom;chat=49:PlayPropose;a=6,b=6,c=0	true
chat_allowed	tut=MidBottom;chat=49:PlayPropose;a=6,b=6,c=1	true
chat_allowed	tut=MidBottom;chat=49:PlayPropose;a=6,b=6,c=2	true
chat_allowed	tut=MidBottom;chat=49:PlayPropose;a=6,b=6,c=3	true
chat_allowed	tut=MidBottom;chat=49:PlayPropose;a=6,b=7,c=0	true
chat_allowed	tut=MidBottom;chat=49:PlayPropose;a=6,b=7,c=1	true
chat_allowed	tut=MidBottom;chat=49:PlayPropose;a=6,b=7,c=2	true
chat_allowed	tut=MidBottom;chat=49:PlayPropose;a=6,b=7,c=3	true
chat_allowed	tut=MidBottom;chat=49:PlayPropose;a=7,b=0,c=0	false
chat_allowed	tut=MidBottom;chat=49:PlayPropose;a=7,b=0,c=1	false
chat_allowed	tut=MidBottom;chat=49:PlayPropose;a=7,b=0,c=2	false
chat_allowed	tut=MidBottom;chat=49:PlayPropose;a=7,b=0,c=3	false
chat_allowed	tut=MidBottom;chat=49:PlayPropose;a=7,b=1,c=0	true
chat_allowed	tut=MidBottom;chat=49:PlayPropose;a=7,b=1,c=1	true
chat_allowed	tut=MidBottom;chat=49:PlayPropose;a=7,b=1,c=2	true
chat_allowed	tut=MidBottom;chat=49:PlayPropose;a=7,b=1,c=3	true
chat_allowed	tut=MidBottom;chat=49:PlayPropose;a=7,b=2,c=0	true
chat_allowed	tut=MidBottom;chat=49:PlayPropose;a=7,b=2,c=1	true
chat_allowed	tut=MidBottom;chat=49:PlayPropose;a=7,b=2,c=2	true
chat_allowed	tut=MidBottom;chat=49:PlayPropose;a=7,b=2,c=3	true
chat_allowed	tut=MidBottom;chat=49:PlayPropose;a=7,b=3,c=0	true
chat_allowed	tut=MidBottom;chat=49:PlayPropose;a=7,b=3,c=1	true
chat_allowed	tut=MidBottom;chat=49:PlayPropose;a=7,b=3,c=2	true
chat_allowed	tut=MidBottom;chat=49:PlayPropose;a=7,b=3,c=3	true
chat_allowed	tut=MidBottom;chat=49:PlayPropose;a=7,b=4,c=0	true
chat_allowed	tut=MidBottom;chat=49:PlayPropose;a=7,b=4,c=1	true
chat_allowed	tut=MidBottom;chat=49:PlayPropose;a=7,b=4,c=2	true
chat_allowed	tut=MidBottom;chat=49:PlayPropose;a=7,b=4,c=3	true
chat_allowed	tut=MidBottom;chat=49:PlayPropose;a=7,b=5,c=0	true
chat_allowed	tut=MidBottom;chat=49:PlayPropose;a=7,b=5,c=1	true
chat_allowed	tut=MidBottom;chat=49:PlayPropose;a=7,b=5,c=2	true
chat_allowed	tut=MidBottom;chat=49:PlayPropose;a=7,b=5,c=3	true
chat_allowed	tut=MidBottom;chat=49:PlayPropose;a=7,b=6,c=0	true
chat_allowed	tut=MidBottom;chat=49:PlayPropose;a=7,b=6,c=1	true
chat_allowed	tut=MidBottom;chat=49:PlayPropose;a=7,b=6,c=2	true
chat_allowed	tut=MidBottom;chat=49:PlayPropose;a=7,b=6,c=3	true
chat_allowed	tut=MidBottom;chat=49:PlayPropose;a=7,b=7,c=0	true
chat_allowed	tut=MidBottom;chat=49:PlayPropose;a=7,b=7,c=1	true
chat_allowed	tut=MidBottom;chat=49:PlayPropose;a=7,b=7,c=2	true
chat_allowed	tut=MidBottom;chat=49:PlayPropose;a=7,b=7,c=3	true
chat_allowed	tut=MidBottom;chat=50:GankPlan;line=Mid,a=0	true
chat_allowed	tut=MidBottom;chat=50:GankPlan;line=Mid,a=1	true
chat_allowed	tut=MidBottom;chat=50:GankPlan;line=Mid,a=2	true
chat_allowed	tut=MidBottom;chat=50:GankPlan;line=Mid,a=3	true
chat_allowed	tut=MidBottom;chat=50:GankPlan;line=Mid,a=4	true
chat_allowed	tut=MidBottom;chat=50:GankPlan;line=Mid,a=5	true
chat_allowed	tut=MidBottom;chat=50:GankPlan;line=Mid,a=6	true
chat_allowed	tut=MidBottom;chat=50:GankPlan;line=Mid,a=7	true
chat_allowed	tut=MidBottom;chat=50:GankPlan;line=Bottom,a=0	true
chat_allowed	tut=MidBottom;chat=50:GankPlan;line=Bottom,a=1	true
chat_allowed	tut=MidBottom;chat=50:GankPlan;line=Bottom,a=2	true
chat_allowed	tut=MidBottom;chat=50:GankPlan;line=Bottom,a=3	true
chat_allowed	tut=MidBottom;chat=50:GankPlan;line=Bottom,a=4	true
chat_allowed	tut=MidBottom;chat=50:GankPlan;line=Bottom,a=5	true
chat_allowed	tut=MidBottom;chat=50:GankPlan;line=Bottom,a=6	true
chat_allowed	tut=MidBottom;chat=50:GankPlan;line=Bottom,a=7	true
chat_allowed	tut=MidBottom;chat=50:GankPlan;line=Top,a=0	false
chat_allowed	tut=MidBottom;chat=50:GankPlan;line=Top,a=1	false
chat_allowed	tut=MidBottom;chat=50:GankPlan;line=Top,a=2	false
chat_allowed	tut=MidBottom;chat=50:GankPlan;line=Top,a=3	false
chat_allowed	tut=MidBottom;chat=50:GankPlan;line=Top,a=4	false
chat_allowed	tut=MidBottom;chat=50:GankPlan;line=Top,a=5	false
chat_allowed	tut=MidBottom;chat=50:GankPlan;line=Top,a=6	false
chat_allowed	tut=MidBottom;chat=50:GankPlan;line=Top,a=7	false
chat_allowed	tut=MidBottom;chat=51:EarlyPlan;a=0	true
chat_allowed	tut=MidBottom;chat=51:EarlyPlan;a=1	false
chat_allowed	tut=MidBottom;chat=51:EarlyPlan;a=2	true
chat_allowed	tut=MidBottom;chat=51:EarlyPlan;a=3	true
chat_allowed	tut=MidBottom;chat=51:EarlyPlan;a=4	false
chat_allowed	tut=MidBottom;chat=51:EarlyPlan;a=5	true
chat_allowed	tut=MidBottom;chat=51:EarlyPlan;a=6	true
chat_allowed	tut=MidBottom;chat=51:EarlyPlan;a=7	true
chat_allowed	tut=MidBottom;chat=52:EarlyPlanChange;a=0	true
chat_allowed	tut=MidBottom;chat=52:EarlyPlanChange;a=1	true
chat_allowed	tut=MidBottom;chat=52:EarlyPlanChange;a=2	true
chat_allowed	tut=MidBottom;chat=52:EarlyPlanChange;a=3	true
chat_allowed	tut=MidBottom;chat=52:EarlyPlanChange;a=4	true
chat_allowed	tut=MidBottom;chat=52:EarlyPlanChange;a=5	true
chat_allowed	tut=MidBottom;chat=52:EarlyPlanChange;a=6	true
chat_allowed	tut=MidBottom;chat=52:EarlyPlanChange;a=7	true
chat_allowed	tut=MidBottom;chat=53:AcceptAfterTask;a=0	true
chat_allowed	tut=MidBottom;chat=53:AcceptAfterTask;a=1	true
chat_allowed	tut=MidBottom;chat=53:AcceptAfterTask;a=2	true
chat_allowed	tut=MidBottom;chat=53:AcceptAfterTask;a=3	true
chat_allowed	tut=MidBottom;chat=53:AcceptAfterTask;a=4	true
chat_allowed	tut=MidBottom;chat=53:AcceptAfterTask;a=5	true
chat_allowed	tut=MidBottom;chat=53:AcceptAfterTask;a=6	true
chat_allowed	tut=MidBottom;chat=53:AcceptAfterTask;a=7	true
chat_allowed	tut=MidBottom;chat=54:DeclineWithReason;a=0	true
chat_allowed	tut=MidBottom;chat=54:DeclineWithReason;a=1	true
chat_allowed	tut=MidBottom;chat=54:DeclineWithReason;a=2	true
chat_allowed	tut=MidBottom;chat=54:DeclineWithReason;a=3	true
chat_allowed	tut=MidBottom;chat=54:DeclineWithReason;a=4	true
chat_allowed	tut=MidBottom;chat=54:DeclineWithReason;a=5	true
chat_allowed	tut=MidBottom;chat=54:DeclineWithReason;a=6	true
chat_allowed	tut=MidBottom;chat=54:DeclineWithReason;a=7	true
chat_allowed	tut=MidBottom;chat=56:ReadySignal;a=0	true
chat_allowed	tut=MidBottom;chat=56:ReadySignal;a=1	true
chat_allowed	tut=MidBottom;chat=56:ReadySignal;a=2	true
chat_allowed	tut=MidBottom;chat=56:ReadySignal;a=3	true
chat_allowed	tut=MidBottom;chat=56:ReadySignal;a=4	true
chat_allowed	tut=MidBottom;chat=56:ReadySignal;a=5	true
chat_allowed	tut=MidBottom;chat=56:ReadySignal;a=6	true
chat_allowed	tut=MidBottom;chat=56:ReadySignal;a=7	true
chat_allowed	tut=MidBottom;chat=55:CounterRequest;a=0,b=0	false
chat_allowed	tut=MidBottom;chat=55:CounterRequest;a=0,b=1	true
chat_allowed	tut=MidBottom;chat=55:CounterRequest;a=0,b=2	true
chat_allowed	tut=MidBottom;chat=55:CounterRequest;a=0,b=3	true
chat_allowed	tut=MidBottom;chat=55:CounterRequest;a=0,b=4	true
chat_allowed	tut=MidBottom;chat=55:CounterRequest;a=0,b=5	true
chat_allowed	tut=MidBottom;chat=55:CounterRequest;a=0,b=6	true
chat_allowed	tut=MidBottom;chat=55:CounterRequest;a=0,b=7	true
chat_allowed	tut=MidBottom;chat=55:CounterRequest;a=1,b=0	false
chat_allowed	tut=MidBottom;chat=55:CounterRequest;a=1,b=1	true
chat_allowed	tut=MidBottom;chat=55:CounterRequest;a=1,b=2	true
chat_allowed	tut=MidBottom;chat=55:CounterRequest;a=1,b=3	true
chat_allowed	tut=MidBottom;chat=55:CounterRequest;a=1,b=4	true
chat_allowed	tut=MidBottom;chat=55:CounterRequest;a=1,b=5	true
chat_allowed	tut=MidBottom;chat=55:CounterRequest;a=1,b=6	true
chat_allowed	tut=MidBottom;chat=55:CounterRequest;a=1,b=7	true
chat_allowed	tut=MidBottom;chat=55:CounterRequest;a=2,b=0	false
chat_allowed	tut=MidBottom;chat=55:CounterRequest;a=2,b=1	true
chat_allowed	tut=MidBottom;chat=55:CounterRequest;a=2,b=2	true
chat_allowed	tut=MidBottom;chat=55:CounterRequest;a=2,b=3	true
chat_allowed	tut=MidBottom;chat=55:CounterRequest;a=2,b=4	true
chat_allowed	tut=MidBottom;chat=55:CounterRequest;a=2,b=5	true
chat_allowed	tut=MidBottom;chat=55:CounterRequest;a=2,b=6	true
chat_allowed	tut=MidBottom;chat=55:CounterRequest;a=2,b=7	true
chat_allowed	tut=MidBottom;chat=55:CounterRequest;a=3,b=0	false
chat_allowed	tut=MidBottom;chat=55:CounterRequest;a=3,b=1	true
chat_allowed	tut=MidBottom;chat=55:CounterRequest;a=3,b=2	true
chat_allowed	tut=MidBottom;chat=55:CounterRequest;a=3,b=3	true
chat_allowed	tut=MidBottom;chat=55:CounterRequest;a=3,b=4	true
chat_allowed	tut=MidBottom;chat=55:CounterRequest;a=3,b=5	true
chat_allowed	tut=MidBottom;chat=55:CounterRequest;a=3,b=6	true
chat_allowed	tut=MidBottom;chat=55:CounterRequest;a=3,b=7	true
chat_allowed	tut=MidBottom;chat=55:CounterRequest;a=4,b=0	false
chat_allowed	tut=MidBottom;chat=55:CounterRequest;a=4,b=1	true
chat_allowed	tut=MidBottom;chat=55:CounterRequest;a=4,b=2	true
chat_allowed	tut=MidBottom;chat=55:CounterRequest;a=4,b=3	true
chat_allowed	tut=MidBottom;chat=55:CounterRequest;a=4,b=4	true
chat_allowed	tut=MidBottom;chat=55:CounterRequest;a=4,b=5	true
chat_allowed	tut=MidBottom;chat=55:CounterRequest;a=4,b=6	true
chat_allowed	tut=MidBottom;chat=55:CounterRequest;a=4,b=7	true
chat_allowed	tut=MidBottom;chat=55:CounterRequest;a=5,b=0	false
chat_allowed	tut=MidBottom;chat=55:CounterRequest;a=5,b=1	true
chat_allowed	tut=MidBottom;chat=55:CounterRequest;a=5,b=2	true
chat_allowed	tut=MidBottom;chat=55:CounterRequest;a=5,b=3	true
chat_allowed	tut=MidBottom;chat=55:CounterRequest;a=5,b=4	true
chat_allowed	tut=MidBottom;chat=55:CounterRequest;a=5,b=5	true
chat_allowed	tut=MidBottom;chat=55:CounterRequest;a=5,b=6	true
chat_allowed	tut=MidBottom;chat=55:CounterRequest;a=5,b=7	true
chat_allowed	tut=MidBottom;chat=55:CounterRequest;a=6,b=0	false
chat_allowed	tut=MidBottom;chat=55:CounterRequest;a=6,b=1	true
chat_allowed	tut=MidBottom;chat=55:CounterRequest;a=6,b=2	true
chat_allowed	tut=MidBottom;chat=55:CounterRequest;a=6,b=3	true
chat_allowed	tut=MidBottom;chat=55:CounterRequest;a=6,b=4	true
chat_allowed	tut=MidBottom;chat=55:CounterRequest;a=6,b=5	true
chat_allowed	tut=MidBottom;chat=55:CounterRequest;a=6,b=6	true
chat_allowed	tut=MidBottom;chat=55:CounterRequest;a=6,b=7	true
chat_allowed	tut=MidBottom;chat=55:CounterRequest;a=7,b=0	false
chat_allowed	tut=MidBottom;chat=55:CounterRequest;a=7,b=1	true
chat_allowed	tut=MidBottom;chat=55:CounterRequest;a=7,b=2	true
chat_allowed	tut=MidBottom;chat=55:CounterRequest;a=7,b=3	true
chat_allowed	tut=MidBottom;chat=55:CounterRequest;a=7,b=4	true
chat_allowed	tut=MidBottom;chat=55:CounterRequest;a=7,b=5	true
chat_allowed	tut=MidBottom;chat=55:CounterRequest;a=7,b=6	true
chat_allowed	tut=MidBottom;chat=55:CounterRequest;a=7,b=7	true
valid_lines	tut=JungleOnly	
line_exists	tut=JungleOnly;line=Mid	false
fallback_line	tut=JungleOnly;line=Mid	Bottom
line_exists	tut=JungleOnly;line=Bottom	false
fallback_line	tut=JungleOnly;line=Bottom	Bottom
line_exists	tut=JungleOnly;line=Top	false
fallback_line	tut=JungleOnly;line=Top	Bottom
position_exists	tut=JungleOnly;pos=Top	false
position_exists	tut=JungleOnly;pos=Jungle	true
position_exists	tut=JungleOnly;pos=Mid	false
position_exists	tut=JungleOnly;pos=Bottom	false
position_exists	tut=JungleOnly;pos=Support	false
morgard_exists	tut=JungleOnly	false
serpen_exists	tut=JungleOnly	false
steal_target_allowed	tut=JungleOnly;tgt=Epic	false
steal_target_allowed	tut=JungleOnly;tgt=Serpen	false
steal_action_allowed	tut=JungleOnly;act=None	true
steal_action_allowed	tut=JungleOnly;act=Lurk(Epic)	false
steal_action_allowed	tut=JungleOnly;act=Lurk(Serpen)	false
steal_action_allowed	tut=JungleOnly;act=Commit(Epic)	false
steal_action_allowed	tut=JungleOnly;act=Commit(Serpen)	false
goal_allowed	tut=JungleOnly;goal=Line(Mid)	false
goal_allowed	tut=JungleOnly;goal=Line(Bottom)	false
goal_allowed	tut=JungleOnly;goal=Line(Top)	false
goal_allowed	tut=JungleOnly;goal=Jungle(Rhino,0)	true
goal_allowed	tut=JungleOnly;goal=Jungle(Rhino,1)	true
goal_allowed	tut=JungleOnly;goal=Jungle(Mushroom,0)	true
goal_allowed	tut=JungleOnly;goal=Jungle(Mushroom,1)	true
goal_allowed	tut=JungleOnly;goal=Jungle(Stump,0)	true
goal_allowed	tut=JungleOnly;goal=Jungle(Stump,1)	true
goal_allowed	tut=JungleOnly;goal=Jungle(Bee,0)	true
goal_allowed	tut=JungleOnly;goal=Jungle(Bee,1)	true
goal_allowed	tut=JungleOnly;goal=Jungle(Morgard,0)	true
goal_allowed	tut=JungleOnly;goal=Jungle(Morgard,1)	true
goal_allowed	tut=JungleOnly;goal=Jungle(Serpen,0)	true
goal_allowed	tut=JungleOnly;goal=Jungle(Serpen,1)	true
goal_allowed	tut=JungleOnly;goal=Epic	false
goal_allowed	tut=JungleOnly;goal=Serpen	false
goal_allowed	tut=JungleOnly;goal=Nexus(0)	true
goal_allowed	tut=JungleOnly;goal=Nexus(1)	true
goal_allowed	tut=JungleOnly;goal=Battle(None)	true
goal_allowed	tut=JungleOnly;goal=Battle(Some(0))	true
goal_allowed	tut=JungleOnly;goal=Recall	true
main_objective_allowed	tut=JungleOnly;mo=Morgard(ph=Setup,wb=false)	false
main_objective_allowed	tut=JungleOnly;mo=Morgard(ph=Setup,wb=true)	false
main_objective_allowed	tut=JungleOnly;mo=Morgard(ph=Assemble,wb=false)	false
main_objective_allowed	tut=JungleOnly;mo=Morgard(ph=Assemble,wb=true)	false
main_objective_allowed	tut=JungleOnly;mo=Morgard(ph=Hunt,wb=false)	false
main_objective_allowed	tut=JungleOnly;mo=Morgard(ph=Hunt,wb=true)	false
main_objective_allowed	tut=JungleOnly;mo=Morgard(ph=None,wb=false)	false
main_objective_allowed	tut=JungleOnly;mo=Morgard(ph=None,wb=true)	false
main_objective_allowed	tut=JungleOnly;mo=Serpen(ph=Setup,wb=false)	false
main_objective_allowed	tut=JungleOnly;mo=Serpen(ph=Setup,wb=true)	false
main_objective_allowed	tut=JungleOnly;mo=Serpen(ph=Assemble,wb=false)	false
main_objective_allowed	tut=JungleOnly;mo=Serpen(ph=Assemble,wb=true)	false
main_objective_allowed	tut=JungleOnly;mo=Serpen(ph=Hunt,wb=false)	false
main_objective_allowed	tut=JungleOnly;mo=Serpen(ph=Hunt,wb=true)	false
main_objective_allowed	tut=JungleOnly;mo=Serpen(ph=None,wb=false)	false
main_objective_allowed	tut=JungleOnly;mo=Serpen(ph=None,wb=true)	false
main_objective_allowed	tut=JungleOnly;mo=Defense	true
main_objective_allowed	tut=JungleOnly;mo=Repair	true
main_objective_allowed	tut=JungleOnly;mo=DefenseLine(Mid)	false
main_objective_allowed	tut=JungleOnly;mo=DefenseLine(Bottom)	false
main_objective_allowed	tut=JungleOnly;mo=DefenseLine(Top)	false
main_objective_allowed	tut=JungleOnly;mo=Nexus(Mid)	false
main_objective_allowed	tut=JungleOnly;mo=Nexus(Bottom)	false
main_objective_allowed	tut=JungleOnly;mo=Nexus(Top)	false
main_objective_allowed	tut=JungleOnly;mo=PressEpic(Mid)	false
main_objective_allowed	tut=JungleOnly;mo=PressEpic(Bottom)	false
main_objective_allowed	tut=JungleOnly;mo=PressEpic(Top)	false
main_objective_allowed	tut=JungleOnly;mo=SplitEpic(Mid)	false
main_objective_allowed	tut=JungleOnly;mo=SplitEpic(Bottom)	false
main_objective_allowed	tut=JungleOnly;mo=SplitEpic(Top)	false
main_objective_allowed	tut=JungleOnly;mo=Gank(Mid)	false
main_objective_allowed	tut=JungleOnly;mo=Gank(Bottom)	false
main_objective_allowed	tut=JungleOnly;mo=Gank(Top)	false
main_objective_allowed	tut=JungleOnly;mo=Dive(Mid)	false
main_objective_allowed	tut=JungleOnly;mo=Dive(Bottom)	false
main_objective_allowed	tut=JungleOnly;mo=Dive(Top)	false
main_objective_allowed	tut=JungleOnly;mo=PressTower(Mid)	false
main_objective_allowed	tut=JungleOnly;mo=PressTower(Bottom)	false
main_objective_allowed	tut=JungleOnly;mo=PressTower(Top)	false
main_objective_allowed	tut=JungleOnly;mo=ComebackPick(Mid,ready=false)	false
main_objective_allowed	tut=JungleOnly;mo=ComebackPick(Mid,ready=true)	false
main_objective_allowed	tut=JungleOnly;mo=ComebackPick(Bottom,ready=false)	false
main_objective_allowed	tut=JungleOnly;mo=ComebackPick(Bottom,ready=true)	false
main_objective_allowed	tut=JungleOnly;mo=ComebackPick(Top,ready=false)	false
main_objective_allowed	tut=JungleOnly;mo=ComebackPick(Top,ready=true)	false
sub_objective_allowed	tut=JungleOnly;so=LineBattle(Mid,dive=false)	false
sub_objective_allowed	tut=JungleOnly;so=LineBattle(Mid,dive=true)	false
sub_objective_allowed	tut=JungleOnly;so=LineBattle(Bottom,dive=false)	false
sub_objective_allowed	tut=JungleOnly;so=LineBattle(Bottom,dive=true)	false
sub_objective_allowed	tut=JungleOnly;so=LineBattle(Top,dive=false)	false
sub_objective_allowed	tut=JungleOnly;so=LineBattle(Top,dive=true)	false
sub_objective_allowed	tut=JungleOnly;so=JungleBattle(Rhino,0)	true
sub_objective_allowed	tut=JungleOnly;so=JungleBattle(Rhino,1)	true
sub_objective_allowed	tut=JungleOnly;so=JungleBattle(Mushroom,0)	true
sub_objective_allowed	tut=JungleOnly;so=JungleBattle(Mushroom,1)	true
sub_objective_allowed	tut=JungleOnly;so=JungleBattle(Stump,0)	true
sub_objective_allowed	tut=JungleOnly;so=JungleBattle(Stump,1)	true
sub_objective_allowed	tut=JungleOnly;so=JungleBattle(Bee,0)	true
sub_objective_allowed	tut=JungleOnly;so=JungleBattle(Bee,1)	true
sub_objective_allowed	tut=JungleOnly;so=JungleBattle(Morgard,0)	true
sub_objective_allowed	tut=JungleOnly;so=JungleBattle(Morgard,1)	true
sub_objective_allowed	tut=JungleOnly;so=JungleBattle(Serpen,0)	true
sub_objective_allowed	tut=JungleOnly;so=JungleBattle(Serpen,1)	true
chat_allowed	tut=JungleOnly;chat=0:Start	true
chat_allowed	tut=JungleOnly;chat=1:Mia;pos=Top	false
chat_allowed	tut=JungleOnly;chat=1:Mia;pos=Jungle	true
chat_allowed	tut=JungleOnly;chat=1:Mia;pos=Mid	false
chat_allowed	tut=JungleOnly;chat=1:Mia;pos=Bottom	false
chat_allowed	tut=JungleOnly;chat=1:Mia;pos=Support	false
chat_allowed	tut=JungleOnly;chat=2:JungleCheck;line=Mid	false
chat_allowed	tut=JungleOnly;chat=2:JungleCheck;line=Bottom	false
chat_allowed	tut=JungleOnly;chat=2:JungleCheck;line=Top	false
chat_allowed	tut=JungleOnly;chat=3:Battle	true
chat_allowed	tut=JungleOnly;chat=4:BattleDive	true
chat_allowed	tut=JungleOnly;chat=5:BattleLine;line=Mid	false
chat_allowed	tut=JungleOnly;chat=5:BattleLine;line=Bottom	false
chat_allowed	tut=JungleOnly;chat=5:BattleLine;line=Top	false
chat_allowed	tut=JungleOnly;chat=6:BattleHelp	true
chat_allowed	tut=JungleOnly;chat=7:BattleStop;r=TowerFocused	true
chat_allowed	tut=JungleOnly;chat=7:BattleStop;r=TowerDiveFail	true
chat_allowed	tut=JungleOnly;chat=7:BattleStop;r=Outnumbered	true
chat_allowed	tut=JungleOnly;chat=7:BattleStop;r=LowHp	true
chat_allowed	tut=JungleOnly;chat=7:BattleStop;r=BurstRisk	true
chat_allowed	tut=JungleOnly;chat=7:BattleStop;r=LowHpMatch	true
chat_allowed	tut=JungleOnly;chat=8:GankRequest;line=Mid	false
chat_allowed	tut=JungleOnly;chat=8:GankRequest;line=Bottom	false
chat_allowed	tut=JungleOnly;chat=8:GankRequest;line=Top	false
chat_allowed	tut=JungleOnly;chat=9:CoverLine;line=Mid	false
chat_allowed	tut=JungleOnly;chat=9:CoverLine;line=Bottom	false
chat_allowed	tut=JungleOnly;chat=9:CoverLine;line=Top	false
chat_allowed	tut=JungleOnly;chat=10:GankLineCover;line=Mid	false
chat_allowed	tut=JungleOnly;chat=10:GankLineCover;line=Bottom	false
chat_allowed	tut=JungleOnly;chat=10:GankLineCover;line=Top	false
chat_allowed	tut=JungleOnly;chat=11:HideLine;line=Mid	false
chat_allowed	tut=JungleOnly;chat=11:HideLine;line=Bottom	false
chat_allowed	tut=JungleOnly;chat=11:HideLine;line=Top	false
chat_allowed	tut=JungleOnly;chat=12:HideLineToo;line=Mid	false
chat_allowed	tut=JungleOnly;chat=12:HideLineToo;line=Bottom	false
chat_allowed	tut=JungleOnly;chat=12:HideLineToo;line=Top	false
chat_allowed	tut=JungleOnly;chat=13:LineCover;line=Mid	false
chat_allowed	tut=JungleOnly;chat=13:LineCover;line=Bottom	false
chat_allowed	tut=JungleOnly;chat=13:LineCover;line=Top	false
chat_allowed	tut=JungleOnly;chat=14:DefenseLine;line=Mid	false
chat_allowed	tut=JungleOnly;chat=14:DefenseLine;line=Bottom	false
chat_allowed	tut=JungleOnly;chat=14:DefenseLine;line=Top	false
chat_allowed	tut=JungleOnly;chat=15:Ok	true
chat_allowed	tut=JungleOnly;chat=16:Reject	true
chat_allowed	tut=JungleOnly;chat=17:Cancel;r=LowHpSelf	true
chat_allowed	tut=JungleOnly;chat=17:Cancel;r=LowHpAlly	true
chat_allowed	tut=JungleOnly;chat=17:Cancel;r=TargetMissing	true
chat_allowed	tut=JungleOnly;chat=17:Cancel;r=PlanChange	true
chat_allowed	tut=JungleOnly;chat=17:Cancel;r=OperationAbort	true
chat_allowed	tut=JungleOnly;chat=18:CounterJungle;camp=Rhino	true
chat_allowed	tut=JungleOnly;chat=18:CounterJungle;camp=Mushroom	true
chat_allowed	tut=JungleOnly;chat=18:CounterJungle;camp=Stump	true
chat_allowed	tut=JungleOnly;chat=18:CounterJungle;camp=Bee	true
chat_allowed	tut=JungleOnly;chat=18:CounterJungle;camp=Morgard	false
chat_allowed	tut=JungleOnly;chat=18:CounterJungle;camp=Serpen	false
chat_allowed	tut=JungleOnly;chat=19:Lead	true
chat_allowed	tut=JungleOnly;chat=20:Split;line=Mid	false
chat_allowed	tut=JungleOnly;chat=20:Split;line=Bottom	false
chat_allowed	tut=JungleOnly;chat=20:Split;line=Top	false
chat_allowed	tut=JungleOnly;chat=21:Press;line=Mid	false
chat_allowed	tut=JungleOnly;chat=21:Press;line=Bottom	false
chat_allowed	tut=JungleOnly;chat=21:Press;line=Top	false
chat_allowed	tut=JungleOnly;chat=22:PressChange;line=Mid	false
chat_allowed	tut=JungleOnly;chat=22:PressChange;line=Bottom	false
chat_allowed	tut=JungleOnly;chat=22:PressChange;line=Top	false
chat_allowed	tut=JungleOnly;chat=23:Repair	true
chat_allowed	tut=JungleOnly;chat=24:SerpenPrepare	false
chat_allowed	tut=JungleOnly;chat=25:SerpenSetup	false
chat_allowed	tut=JungleOnly;chat=26:SerpenCheck	false
chat_allowed	tut=JungleOnly;chat=27:SerpenEnemyHunt	false
chat_allowed	tut=JungleOnly;chat=28:SerpenAssemble	false
chat_allowed	tut=JungleOnly;chat=29:SerpenHunt	false
chat_allowed	tut=JungleOnly;chat=30:SerpenBattle	false
chat_allowed	tut=JungleOnly;chat=31:SerpenGiveUp;r=StackAhead	false
chat_allowed	tut=JungleOnly;chat=31:SerpenGiveUp;r=Outnumbered	false
chat_allowed	tut=JungleOnly;chat=32:SerpenSteal;k=Lurk	false
chat_allowed	tut=JungleOnly;chat=32:SerpenSteal;k=Commit	false
chat_allowed	tut=JungleOnly;chat=33:MorgardPrepare	false
chat_allowed	tut=JungleOnly;chat=34:MorgardSetup	false
chat_allowed	tut=JungleOnly;chat=35:MorgardCheck	false
chat_allowed	tut=JungleOnly;chat=36:MorgardEnemyHunt	false
chat_allowed	tut=JungleOnly;chat=37:MorgardAssemble	false
chat_allowed	tut=JungleOnly;chat=38:MorgardHunt	false
chat_allowed	tut=JungleOnly;chat=39:MorgardBattle	false
chat_allowed	tut=JungleOnly;chat=40:MorgardGiveUp	false
chat_allowed	tut=JungleOnly;chat=41:MorgardSteal;k=Lurk	false
chat_allowed	tut=JungleOnly;chat=41:MorgardSteal;k=Commit	false
chat_allowed	tut=JungleOnly;chat=42:AttackNexus;line=Mid	false
chat_allowed	tut=JungleOnly;chat=42:AttackNexus;line=Bottom	false
chat_allowed	tut=JungleOnly;chat=42:AttackNexus;line=Top	false
chat_allowed	tut=JungleOnly;chat=43:DefenseNexus	true
chat_allowed	tut=JungleOnly;chat=44:GankDive;line=Mid	false
chat_allowed	tut=JungleOnly;chat=44:GankDive;line=Bottom	false
chat_allowed	tut=JungleOnly;chat=44:GankDive;line=Top	false
chat_allowed	tut=JungleOnly;chat=45:PressTower;line=Mid	false
chat_allowed	tut=JungleOnly;chat=45:PressTower;line=Bottom	false
chat_allowed	tut=JungleOnly;chat=45:PressTower;line=Top	false
chat_allowed	tut=JungleOnly;chat=46:ComebackPick;line=Mid	false
chat_allowed	tut=JungleOnly;chat=46:ComebackPick;line=Bottom	false
chat_allowed	tut=JungleOnly;chat=46:ComebackPick;line=Top	false
chat_allowed	tut=JungleOnly;chat=47:PlayCall;a=0,b=0	false
chat_allowed	tut=JungleOnly;chat=47:PlayCall;a=0,b=1	false
chat_allowed	tut=JungleOnly;chat=47:PlayCall;a=0,b=2	false
chat_allowed	tut=JungleOnly;chat=47:PlayCall;a=0,b=3	false
chat_allowed	tut=JungleOnly;chat=47:PlayCall;a=0,b=4	false
chat_allowed	tut=JungleOnly;chat=47:PlayCall;a=0,b=5	false
chat_allowed	tut=JungleOnly;chat=47:PlayCall;a=0,b=6	false
chat_allowed	tut=JungleOnly;chat=47:PlayCall;a=0,b=7	false
chat_allowed	tut=JungleOnly;chat=47:PlayCall;a=1,b=0	false
chat_allowed	tut=JungleOnly;chat=47:PlayCall;a=1,b=1	false
chat_allowed	tut=JungleOnly;chat=47:PlayCall;a=1,b=2	false
chat_allowed	tut=JungleOnly;chat=47:PlayCall;a=1,b=3	false
chat_allowed	tut=JungleOnly;chat=47:PlayCall;a=1,b=4	false
chat_allowed	tut=JungleOnly;chat=47:PlayCall;a=1,b=5	false
chat_allowed	tut=JungleOnly;chat=47:PlayCall;a=1,b=6	false
chat_allowed	tut=JungleOnly;chat=47:PlayCall;a=1,b=7	false
chat_allowed	tut=JungleOnly;chat=47:PlayCall;a=2,b=0	false
chat_allowed	tut=JungleOnly;chat=47:PlayCall;a=2,b=1	false
chat_allowed	tut=JungleOnly;chat=47:PlayCall;a=2,b=2	false
chat_allowed	tut=JungleOnly;chat=47:PlayCall;a=2,b=3	false
chat_allowed	tut=JungleOnly;chat=47:PlayCall;a=2,b=4	false
chat_allowed	tut=JungleOnly;chat=47:PlayCall;a=2,b=5	false
chat_allowed	tut=JungleOnly;chat=47:PlayCall;a=2,b=6	false
chat_allowed	tut=JungleOnly;chat=47:PlayCall;a=2,b=7	false
chat_allowed	tut=JungleOnly;chat=47:PlayCall;a=3,b=0	false
chat_allowed	tut=JungleOnly;chat=47:PlayCall;a=3,b=1	false
chat_allowed	tut=JungleOnly;chat=47:PlayCall;a=3,b=2	false
chat_allowed	tut=JungleOnly;chat=47:PlayCall;a=3,b=3	false
chat_allowed	tut=JungleOnly;chat=47:PlayCall;a=3,b=4	false
chat_allowed	tut=JungleOnly;chat=47:PlayCall;a=3,b=5	false
chat_allowed	tut=JungleOnly;chat=47:PlayCall;a=3,b=6	false
chat_allowed	tut=JungleOnly;chat=47:PlayCall;a=3,b=7	false
chat_allowed	tut=JungleOnly;chat=47:PlayCall;a=4,b=0	false
chat_allowed	tut=JungleOnly;chat=47:PlayCall;a=4,b=1	false
chat_allowed	tut=JungleOnly;chat=47:PlayCall;a=4,b=2	false
chat_allowed	tut=JungleOnly;chat=47:PlayCall;a=4,b=3	false
chat_allowed	tut=JungleOnly;chat=47:PlayCall;a=4,b=4	false
chat_allowed	tut=JungleOnly;chat=47:PlayCall;a=4,b=5	false
chat_allowed	tut=JungleOnly;chat=47:PlayCall;a=4,b=6	false
chat_allowed	tut=JungleOnly;chat=47:PlayCall;a=4,b=7	false
chat_allowed	tut=JungleOnly;chat=47:PlayCall;a=5,b=0	false
chat_allowed	tut=JungleOnly;chat=47:PlayCall;a=5,b=1	false
chat_allowed	tut=JungleOnly;chat=47:PlayCall;a=5,b=2	false
chat_allowed	tut=JungleOnly;chat=47:PlayCall;a=5,b=3	true
chat_allowed	tut=JungleOnly;chat=47:PlayCall;a=5,b=4	true
chat_allowed	tut=JungleOnly;chat=47:PlayCall;a=5,b=5	true
chat_allowed	tut=JungleOnly;chat=47:PlayCall;a=5,b=6	true
chat_allowed	tut=JungleOnly;chat=47:PlayCall;a=5,b=7	true
chat_allowed	tut=JungleOnly;chat=47:PlayCall;a=6,b=0	false
chat_allowed	tut=JungleOnly;chat=47:PlayCall;a=6,b=1	false
chat_allowed	tut=JungleOnly;chat=47:PlayCall;a=6,b=2	false
chat_allowed	tut=JungleOnly;chat=47:PlayCall;a=6,b=3	true
chat_allowed	tut=JungleOnly;chat=47:PlayCall;a=6,b=4	true
chat_allowed	tut=JungleOnly;chat=47:PlayCall;a=6,b=5	true
chat_allowed	tut=JungleOnly;chat=47:PlayCall;a=6,b=6	true
chat_allowed	tut=JungleOnly;chat=47:PlayCall;a=6,b=7	true
chat_allowed	tut=JungleOnly;chat=47:PlayCall;a=7,b=0	false
chat_allowed	tut=JungleOnly;chat=47:PlayCall;a=7,b=1	false
chat_allowed	tut=JungleOnly;chat=47:PlayCall;a=7,b=2	false
chat_allowed	tut=JungleOnly;chat=47:PlayCall;a=7,b=3	true
chat_allowed	tut=JungleOnly;chat=47:PlayCall;a=7,b=4	true
chat_allowed	tut=JungleOnly;chat=47:PlayCall;a=7,b=5	true
chat_allowed	tut=JungleOnly;chat=47:PlayCall;a=7,b=6	true
chat_allowed	tut=JungleOnly;chat=47:PlayCall;a=7,b=7	true
chat_allowed	tut=JungleOnly;chat=48:PlayPhaseChange;a=0,b=0	false
chat_allowed	tut=JungleOnly;chat=48:PlayPhaseChange;a=0,b=1	false
chat_allowed	tut=JungleOnly;chat=48:PlayPhaseChange;a=0,b=2	false
chat_allowed	tut=JungleOnly;chat=48:PlayPhaseChange;a=0,b=3	false
chat_allowed	tut=JungleOnly;chat=48:PlayPhaseChange;a=0,b=4	false
chat_allowed	tut=JungleOnly;chat=48:PlayPhaseChange;a=0,b=5	false
chat_allowed	tut=JungleOnly;chat=48:PlayPhaseChange;a=0,b=6	false
chat_allowed	tut=JungleOnly;chat=48:PlayPhaseChange;a=0,b=7	false
chat_allowed	tut=JungleOnly;chat=48:PlayPhaseChange;a=1,b=0	false
chat_allowed	tut=JungleOnly;chat=48:PlayPhaseChange;a=1,b=1	false
chat_allowed	tut=JungleOnly;chat=48:PlayPhaseChange;a=1,b=2	false
chat_allowed	tut=JungleOnly;chat=48:PlayPhaseChange;a=1,b=3	false
chat_allowed	tut=JungleOnly;chat=48:PlayPhaseChange;a=1,b=4	false
chat_allowed	tut=JungleOnly;chat=48:PlayPhaseChange;a=1,b=5	false
chat_allowed	tut=JungleOnly;chat=48:PlayPhaseChange;a=1,b=6	false
chat_allowed	tut=JungleOnly;chat=48:PlayPhaseChange;a=1,b=7	false
chat_allowed	tut=JungleOnly;chat=48:PlayPhaseChange;a=2,b=0	false
chat_allowed	tut=JungleOnly;chat=48:PlayPhaseChange;a=2,b=1	false
chat_allowed	tut=JungleOnly;chat=48:PlayPhaseChange;a=2,b=2	false
chat_allowed	tut=JungleOnly;chat=48:PlayPhaseChange;a=2,b=3	false
chat_allowed	tut=JungleOnly;chat=48:PlayPhaseChange;a=2,b=4	false
chat_allowed	tut=JungleOnly;chat=48:PlayPhaseChange;a=2,b=5	false
chat_allowed	tut=JungleOnly;chat=48:PlayPhaseChange;a=2,b=6	false
chat_allowed	tut=JungleOnly;chat=48:PlayPhaseChange;a=2,b=7	false
chat_allowed	tut=JungleOnly;chat=48:PlayPhaseChange;a=3,b=0	false
chat_allowed	tut=JungleOnly;chat=48:PlayPhaseChange;a=3,b=1	false
chat_allowed	tut=JungleOnly;chat=48:PlayPhaseChange;a=3,b=2	false
chat_allowed	tut=JungleOnly;chat=48:PlayPhaseChange;a=3,b=3	false
chat_allowed	tut=JungleOnly;chat=48:PlayPhaseChange;a=3,b=4	false
chat_allowed	tut=JungleOnly;chat=48:PlayPhaseChange;a=3,b=5	false
chat_allowed	tut=JungleOnly;chat=48:PlayPhaseChange;a=3,b=6	false
chat_allowed	tut=JungleOnly;chat=48:PlayPhaseChange;a=3,b=7	false
chat_allowed	tut=JungleOnly;chat=48:PlayPhaseChange;a=4,b=0	false
chat_allowed	tut=JungleOnly;chat=48:PlayPhaseChange;a=4,b=1	false
chat_allowed	tut=JungleOnly;chat=48:PlayPhaseChange;a=4,b=2	false
chat_allowed	tut=JungleOnly;chat=48:PlayPhaseChange;a=4,b=3	false
chat_allowed	tut=JungleOnly;chat=48:PlayPhaseChange;a=4,b=4	false
chat_allowed	tut=JungleOnly;chat=48:PlayPhaseChange;a=4,b=5	false
chat_allowed	tut=JungleOnly;chat=48:PlayPhaseChange;a=4,b=6	false
chat_allowed	tut=JungleOnly;chat=48:PlayPhaseChange;a=4,b=7	false
chat_allowed	tut=JungleOnly;chat=48:PlayPhaseChange;a=5,b=0	false
chat_allowed	tut=JungleOnly;chat=48:PlayPhaseChange;a=5,b=1	false
chat_allowed	tut=JungleOnly;chat=48:PlayPhaseChange;a=5,b=2	false
chat_allowed	tut=JungleOnly;chat=48:PlayPhaseChange;a=5,b=3	true
chat_allowed	tut=JungleOnly;chat=48:PlayPhaseChange;a=5,b=4	true
chat_allowed	tut=JungleOnly;chat=48:PlayPhaseChange;a=5,b=5	true
chat_allowed	tut=JungleOnly;chat=48:PlayPhaseChange;a=5,b=6	true
chat_allowed	tut=JungleOnly;chat=48:PlayPhaseChange;a=5,b=7	true
chat_allowed	tut=JungleOnly;chat=48:PlayPhaseChange;a=6,b=0	false
chat_allowed	tut=JungleOnly;chat=48:PlayPhaseChange;a=6,b=1	false
chat_allowed	tut=JungleOnly;chat=48:PlayPhaseChange;a=6,b=2	false
chat_allowed	tut=JungleOnly;chat=48:PlayPhaseChange;a=6,b=3	true
chat_allowed	tut=JungleOnly;chat=48:PlayPhaseChange;a=6,b=4	true
chat_allowed	tut=JungleOnly;chat=48:PlayPhaseChange;a=6,b=5	true
chat_allowed	tut=JungleOnly;chat=48:PlayPhaseChange;a=6,b=6	true
chat_allowed	tut=JungleOnly;chat=48:PlayPhaseChange;a=6,b=7	true
chat_allowed	tut=JungleOnly;chat=48:PlayPhaseChange;a=7,b=0	false
chat_allowed	tut=JungleOnly;chat=48:PlayPhaseChange;a=7,b=1	false
chat_allowed	tut=JungleOnly;chat=48:PlayPhaseChange;a=7,b=2	false
chat_allowed	tut=JungleOnly;chat=48:PlayPhaseChange;a=7,b=3	true
chat_allowed	tut=JungleOnly;chat=48:PlayPhaseChange;a=7,b=4	true
chat_allowed	tut=JungleOnly;chat=48:PlayPhaseChange;a=7,b=5	true
chat_allowed	tut=JungleOnly;chat=48:PlayPhaseChange;a=7,b=6	true
chat_allowed	tut=JungleOnly;chat=48:PlayPhaseChange;a=7,b=7	true
chat_allowed	tut=JungleOnly;chat=49:PlayPropose;a=0,b=0,c=0	false
chat_allowed	tut=JungleOnly;chat=49:PlayPropose;a=0,b=0,c=1	false
chat_allowed	tut=JungleOnly;chat=49:PlayPropose;a=0,b=0,c=2	false
chat_allowed	tut=JungleOnly;chat=49:PlayPropose;a=0,b=0,c=3	false
chat_allowed	tut=JungleOnly;chat=49:PlayPropose;a=0,b=1,c=0	false
chat_allowed	tut=JungleOnly;chat=49:PlayPropose;a=0,b=1,c=1	false
chat_allowed	tut=JungleOnly;chat=49:PlayPropose;a=0,b=1,c=2	false
chat_allowed	tut=JungleOnly;chat=49:PlayPropose;a=0,b=1,c=3	false
chat_allowed	tut=JungleOnly;chat=49:PlayPropose;a=0,b=2,c=0	false
chat_allowed	tut=JungleOnly;chat=49:PlayPropose;a=0,b=2,c=1	false
chat_allowed	tut=JungleOnly;chat=49:PlayPropose;a=0,b=2,c=2	false
chat_allowed	tut=JungleOnly;chat=49:PlayPropose;a=0,b=2,c=3	false
chat_allowed	tut=JungleOnly;chat=49:PlayPropose;a=0,b=3,c=0	false
chat_allowed	tut=JungleOnly;chat=49:PlayPropose;a=0,b=3,c=1	false
chat_allowed	tut=JungleOnly;chat=49:PlayPropose;a=0,b=3,c=2	false
chat_allowed	tut=JungleOnly;chat=49:PlayPropose;a=0,b=3,c=3	false
chat_allowed	tut=JungleOnly;chat=49:PlayPropose;a=0,b=4,c=0	false
chat_allowed	tut=JungleOnly;chat=49:PlayPropose;a=0,b=4,c=1	false
chat_allowed	tut=JungleOnly;chat=49:PlayPropose;a=0,b=4,c=2	false
chat_allowed	tut=JungleOnly;chat=49:PlayPropose;a=0,b=4,c=3	false
chat_allowed	tut=JungleOnly;chat=49:PlayPropose;a=0,b=5,c=0	false
chat_allowed	tut=JungleOnly;chat=49:PlayPropose;a=0,b=5,c=1	false
chat_allowed	tut=JungleOnly;chat=49:PlayPropose;a=0,b=5,c=2	false
chat_allowed	tut=JungleOnly;chat=49:PlayPropose;a=0,b=5,c=3	false
chat_allowed	tut=JungleOnly;chat=49:PlayPropose;a=0,b=6,c=0	false
chat_allowed	tut=JungleOnly;chat=49:PlayPropose;a=0,b=6,c=1	false
chat_allowed	tut=JungleOnly;chat=49:PlayPropose;a=0,b=6,c=2	false
chat_allowed	tut=JungleOnly;chat=49:PlayPropose;a=0,b=6,c=3	false
chat_allowed	tut=JungleOnly;chat=49:PlayPropose;a=0,b=7,c=0	false
chat_allowed	tut=JungleOnly;chat=49:PlayPropose;a=0,b=7,c=1	false
chat_allowed	tut=JungleOnly;chat=49:PlayPropose;a=0,b=7,c=2	false
chat_allowed	tut=JungleOnly;chat=49:PlayPropose;a=0,b=7,c=3	false
chat_allowed	tut=JungleOnly;chat=49:PlayPropose;a=1,b=0,c=0	false
chat_allowed	tut=JungleOnly;chat=49:PlayPropose;a=1,b=0,c=1	false
chat_allowed	tut=JungleOnly;chat=49:PlayPropose;a=1,b=0,c=2	false
chat_allowed	tut=JungleOnly;chat=49:PlayPropose;a=1,b=0,c=3	false
chat_allowed	tut=JungleOnly;chat=49:PlayPropose;a=1,b=1,c=0	false
chat_allowed	tut=JungleOnly;chat=49:PlayPropose;a=1,b=1,c=1	false
chat_allowed	tut=JungleOnly;chat=49:PlayPropose;a=1,b=1,c=2	false
chat_allowed	tut=JungleOnly;chat=49:PlayPropose;a=1,b=1,c=3	false
chat_allowed	tut=JungleOnly;chat=49:PlayPropose;a=1,b=2,c=0	false
chat_allowed	tut=JungleOnly;chat=49:PlayPropose;a=1,b=2,c=1	false
chat_allowed	tut=JungleOnly;chat=49:PlayPropose;a=1,b=2,c=2	false
chat_allowed	tut=JungleOnly;chat=49:PlayPropose;a=1,b=2,c=3	false
chat_allowed	tut=JungleOnly;chat=49:PlayPropose;a=1,b=3,c=0	false
chat_allowed	tut=JungleOnly;chat=49:PlayPropose;a=1,b=3,c=1	false
chat_allowed	tut=JungleOnly;chat=49:PlayPropose;a=1,b=3,c=2	false
chat_allowed	tut=JungleOnly;chat=49:PlayPropose;a=1,b=3,c=3	false
chat_allowed	tut=JungleOnly;chat=49:PlayPropose;a=1,b=4,c=0	false
chat_allowed	tut=JungleOnly;chat=49:PlayPropose;a=1,b=4,c=1	false
chat_allowed	tut=JungleOnly;chat=49:PlayPropose;a=1,b=4,c=2	false
chat_allowed	tut=JungleOnly;chat=49:PlayPropose;a=1,b=4,c=3	false
chat_allowed	tut=JungleOnly;chat=49:PlayPropose;a=1,b=5,c=0	false
chat_allowed	tut=JungleOnly;chat=49:PlayPropose;a=1,b=5,c=1	false
chat_allowed	tut=JungleOnly;chat=49:PlayPropose;a=1,b=5,c=2	false
chat_allowed	tut=JungleOnly;chat=49:PlayPropose;a=1,b=5,c=3	false
chat_allowed	tut=JungleOnly;chat=49:PlayPropose;a=1,b=6,c=0	false
chat_allowed	tut=JungleOnly;chat=49:PlayPropose;a=1,b=6,c=1	false
chat_allowed	tut=JungleOnly;chat=49:PlayPropose;a=1,b=6,c=2	false
chat_allowed	tut=JungleOnly;chat=49:PlayPropose;a=1,b=6,c=3	false
chat_allowed	tut=JungleOnly;chat=49:PlayPropose;a=1,b=7,c=0	false
chat_allowed	tut=JungleOnly;chat=49:PlayPropose;a=1,b=7,c=1	false
chat_allowed	tut=JungleOnly;chat=49:PlayPropose;a=1,b=7,c=2	false
chat_allowed	tut=JungleOnly;chat=49:PlayPropose;a=1,b=7,c=3	false
chat_allowed	tut=JungleOnly;chat=49:PlayPropose;a=2,b=0,c=0	false
chat_allowed	tut=JungleOnly;chat=49:PlayPropose;a=2,b=0,c=1	false
chat_allowed	tut=JungleOnly;chat=49:PlayPropose;a=2,b=0,c=2	false
chat_allowed	tut=JungleOnly;chat=49:PlayPropose;a=2,b=0,c=3	false
chat_allowed	tut=JungleOnly;chat=49:PlayPropose;a=2,b=1,c=0	false
chat_allowed	tut=JungleOnly;chat=49:PlayPropose;a=2,b=1,c=1	false
chat_allowed	tut=JungleOnly;chat=49:PlayPropose;a=2,b=1,c=2	false
chat_allowed	tut=JungleOnly;chat=49:PlayPropose;a=2,b=1,c=3	false
chat_allowed	tut=JungleOnly;chat=49:PlayPropose;a=2,b=2,c=0	false
chat_allowed	tut=JungleOnly;chat=49:PlayPropose;a=2,b=2,c=1	false
chat_allowed	tut=JungleOnly;chat=49:PlayPropose;a=2,b=2,c=2	false
chat_allowed	tut=JungleOnly;chat=49:PlayPropose;a=2,b=2,c=3	false
chat_allowed	tut=JungleOnly;chat=49:PlayPropose;a=2,b=3,c=0	false
chat_allowed	tut=JungleOnly;chat=49:PlayPropose;a=2,b=3,c=1	false
chat_allowed	tut=JungleOnly;chat=49:PlayPropose;a=2,b=3,c=2	false
chat_allowed	tut=JungleOnly;chat=49:PlayPropose;a=2,b=3,c=3	false
chat_allowed	tut=JungleOnly;chat=49:PlayPropose;a=2,b=4,c=0	false
chat_allowed	tut=JungleOnly;chat=49:PlayPropose;a=2,b=4,c=1	false
chat_allowed	tut=JungleOnly;chat=49:PlayPropose;a=2,b=4,c=2	false
chat_allowed	tut=JungleOnly;chat=49:PlayPropose;a=2,b=4,c=3	false
chat_allowed	tut=JungleOnly;chat=49:PlayPropose;a=2,b=5,c=0	false
chat_allowed	tut=JungleOnly;chat=49:PlayPropose;a=2,b=5,c=1	false
chat_allowed	tut=JungleOnly;chat=49:PlayPropose;a=2,b=5,c=2	false
chat_allowed	tut=JungleOnly;chat=49:PlayPropose;a=2,b=5,c=3	false
chat_allowed	tut=JungleOnly;chat=49:PlayPropose;a=2,b=6,c=0	false
chat_allowed	tut=JungleOnly;chat=49:PlayPropose;a=2,b=6,c=1	false
chat_allowed	tut=JungleOnly;chat=49:PlayPropose;a=2,b=6,c=2	false
chat_allowed	tut=JungleOnly;chat=49:PlayPropose;a=2,b=6,c=3	false
chat_allowed	tut=JungleOnly;chat=49:PlayPropose;a=2,b=7,c=0	false
chat_allowed	tut=JungleOnly;chat=49:PlayPropose;a=2,b=7,c=1	false
chat_allowed	tut=JungleOnly;chat=49:PlayPropose;a=2,b=7,c=2	false
chat_allowed	tut=JungleOnly;chat=49:PlayPropose;a=2,b=7,c=3	false
chat_allowed	tut=JungleOnly;chat=49:PlayPropose;a=3,b=0,c=0	false
chat_allowed	tut=JungleOnly;chat=49:PlayPropose;a=3,b=0,c=1	false
chat_allowed	tut=JungleOnly;chat=49:PlayPropose;a=3,b=0,c=2	false
chat_allowed	tut=JungleOnly;chat=49:PlayPropose;a=3,b=0,c=3	false
chat_allowed	tut=JungleOnly;chat=49:PlayPropose;a=3,b=1,c=0	false
chat_allowed	tut=JungleOnly;chat=49:PlayPropose;a=3,b=1,c=1	false
chat_allowed	tut=JungleOnly;chat=49:PlayPropose;a=3,b=1,c=2	false
chat_allowed	tut=JungleOnly;chat=49:PlayPropose;a=3,b=1,c=3	false
chat_allowed	tut=JungleOnly;chat=49:PlayPropose;a=3,b=2,c=0	false
chat_allowed	tut=JungleOnly;chat=49:PlayPropose;a=3,b=2,c=1	false
chat_allowed	tut=JungleOnly;chat=49:PlayPropose;a=3,b=2,c=2	false
chat_allowed	tut=JungleOnly;chat=49:PlayPropose;a=3,b=2,c=3	false
chat_allowed	tut=JungleOnly;chat=49:PlayPropose;a=3,b=3,c=0	false
chat_allowed	tut=JungleOnly;chat=49:PlayPropose;a=3,b=3,c=1	false
chat_allowed	tut=JungleOnly;chat=49:PlayPropose;a=3,b=3,c=2	false
chat_allowed	tut=JungleOnly;chat=49:PlayPropose;a=3,b=3,c=3	false
chat_allowed	tut=JungleOnly;chat=49:PlayPropose;a=3,b=4,c=0	false
chat_allowed	tut=JungleOnly;chat=49:PlayPropose;a=3,b=4,c=1	false
chat_allowed	tut=JungleOnly;chat=49:PlayPropose;a=3,b=4,c=2	false
chat_allowed	tut=JungleOnly;chat=49:PlayPropose;a=3,b=4,c=3	false
chat_allowed	tut=JungleOnly;chat=49:PlayPropose;a=3,b=5,c=0	false
chat_allowed	tut=JungleOnly;chat=49:PlayPropose;a=3,b=5,c=1	false
chat_allowed	tut=JungleOnly;chat=49:PlayPropose;a=3,b=5,c=2	false
chat_allowed	tut=JungleOnly;chat=49:PlayPropose;a=3,b=5,c=3	false
chat_allowed	tut=JungleOnly;chat=49:PlayPropose;a=3,b=6,c=0	false
chat_allowed	tut=JungleOnly;chat=49:PlayPropose;a=3,b=6,c=1	false
chat_allowed	tut=JungleOnly;chat=49:PlayPropose;a=3,b=6,c=2	false
chat_allowed	tut=JungleOnly;chat=49:PlayPropose;a=3,b=6,c=3	false
chat_allowed	tut=JungleOnly;chat=49:PlayPropose;a=3,b=7,c=0	false
chat_allowed	tut=JungleOnly;chat=49:PlayPropose;a=3,b=7,c=1	false
chat_allowed	tut=JungleOnly;chat=49:PlayPropose;a=3,b=7,c=2	false
chat_allowed	tut=JungleOnly;chat=49:PlayPropose;a=3,b=7,c=3	false
chat_allowed	tut=JungleOnly;chat=49:PlayPropose;a=4,b=0,c=0	false
chat_allowed	tut=JungleOnly;chat=49:PlayPropose;a=4,b=0,c=1	false
chat_allowed	tut=JungleOnly;chat=49:PlayPropose;a=4,b=0,c=2	false
chat_allowed	tut=JungleOnly;chat=49:PlayPropose;a=4,b=0,c=3	false
chat_allowed	tut=JungleOnly;chat=49:PlayPropose;a=4,b=1,c=0	false
chat_allowed	tut=JungleOnly;chat=49:PlayPropose;a=4,b=1,c=1	false
chat_allowed	tut=JungleOnly;chat=49:PlayPropose;a=4,b=1,c=2	false
chat_allowed	tut=JungleOnly;chat=49:PlayPropose;a=4,b=1,c=3	false
chat_allowed	tut=JungleOnly;chat=49:PlayPropose;a=4,b=2,c=0	false
chat_allowed	tut=JungleOnly;chat=49:PlayPropose;a=4,b=2,c=1	false
chat_allowed	tut=JungleOnly;chat=49:PlayPropose;a=4,b=2,c=2	false
chat_allowed	tut=JungleOnly;chat=49:PlayPropose;a=4,b=2,c=3	false
chat_allowed	tut=JungleOnly;chat=49:PlayPropose;a=4,b=3,c=0	false
chat_allowed	tut=JungleOnly;chat=49:PlayPropose;a=4,b=3,c=1	false
chat_allowed	tut=JungleOnly;chat=49:PlayPropose;a=4,b=3,c=2	false
chat_allowed	tut=JungleOnly;chat=49:PlayPropose;a=4,b=3,c=3	false
chat_allowed	tut=JungleOnly;chat=49:PlayPropose;a=4,b=4,c=0	false
chat_allowed	tut=JungleOnly;chat=49:PlayPropose;a=4,b=4,c=1	false
chat_allowed	tut=JungleOnly;chat=49:PlayPropose;a=4,b=4,c=2	false
chat_allowed	tut=JungleOnly;chat=49:PlayPropose;a=4,b=4,c=3	false
chat_allowed	tut=JungleOnly;chat=49:PlayPropose;a=4,b=5,c=0	false
chat_allowed	tut=JungleOnly;chat=49:PlayPropose;a=4,b=5,c=1	false
chat_allowed	tut=JungleOnly;chat=49:PlayPropose;a=4,b=5,c=2	false
chat_allowed	tut=JungleOnly;chat=49:PlayPropose;a=4,b=5,c=3	false
chat_allowed	tut=JungleOnly;chat=49:PlayPropose;a=4,b=6,c=0	false
chat_allowed	tut=JungleOnly;chat=49:PlayPropose;a=4,b=6,c=1	false
chat_allowed	tut=JungleOnly;chat=49:PlayPropose;a=4,b=6,c=2	false
chat_allowed	tut=JungleOnly;chat=49:PlayPropose;a=4,b=6,c=3	false
chat_allowed	tut=JungleOnly;chat=49:PlayPropose;a=4,b=7,c=0	false
chat_allowed	tut=JungleOnly;chat=49:PlayPropose;a=4,b=7,c=1	false
chat_allowed	tut=JungleOnly;chat=49:PlayPropose;a=4,b=7,c=2	false
chat_allowed	tut=JungleOnly;chat=49:PlayPropose;a=4,b=7,c=3	false
chat_allowed	tut=JungleOnly;chat=49:PlayPropose;a=5,b=0,c=0	false
chat_allowed	tut=JungleOnly;chat=49:PlayPropose;a=5,b=0,c=1	false
chat_allowed	tut=JungleOnly;chat=49:PlayPropose;a=5,b=0,c=2	false
chat_allowed	tut=JungleOnly;chat=49:PlayPropose;a=5,b=0,c=3	false
chat_allowed	tut=JungleOnly;chat=49:PlayPropose;a=5,b=1,c=0	false
chat_allowed	tut=JungleOnly;chat=49:PlayPropose;a=5,b=1,c=1	false
chat_allowed	tut=JungleOnly;chat=49:PlayPropose;a=5,b=1,c=2	false
chat_allowed	tut=JungleOnly;chat=49:PlayPropose;a=5,b=1,c=3	false
chat_allowed	tut=JungleOnly;chat=49:PlayPropose;a=5,b=2,c=0	false
chat_allowed	tut=JungleOnly;chat=49:PlayPropose;a=5,b=2,c=1	false
chat_allowed	tut=JungleOnly;chat=49:PlayPropose;a=5,b=2,c=2	false
chat_allowed	tut=JungleOnly;chat=49:PlayPropose;a=5,b=2,c=3	false
chat_allowed	tut=JungleOnly;chat=49:PlayPropose;a=5,b=3,c=0	true
chat_allowed	tut=JungleOnly;chat=49:PlayPropose;a=5,b=3,c=1	true
chat_allowed	tut=JungleOnly;chat=49:PlayPropose;a=5,b=3,c=2	true
chat_allowed	tut=JungleOnly;chat=49:PlayPropose;a=5,b=3,c=3	true
chat_allowed	tut=JungleOnly;chat=49:PlayPropose;a=5,b=4,c=0	true
chat_allowed	tut=JungleOnly;chat=49:PlayPropose;a=5,b=4,c=1	true
chat_allowed	tut=JungleOnly;chat=49:PlayPropose;a=5,b=4,c=2	true
chat_allowed	tut=JungleOnly;chat=49:PlayPropose;a=5,b=4,c=3	true
chat_allowed	tut=JungleOnly;chat=49:PlayPropose;a=5,b=5,c=0	true
chat_allowed	tut=JungleOnly;chat=49:PlayPropose;a=5,b=5,c=1	true
chat_allowed	tut=JungleOnly;chat=49:PlayPropose;a=5,b=5,c=2	true
chat_allowed	tut=JungleOnly;chat=49:PlayPropose;a=5,b=5,c=3	true
chat_allowed	tut=JungleOnly;chat=49:PlayPropose;a=5,b=6,c=0	true
chat_allowed	tut=JungleOnly;chat=49:PlayPropose;a=5,b=6,c=1	true
chat_allowed	tut=JungleOnly;chat=49:PlayPropose;a=5,b=6,c=2	true
chat_allowed	tut=JungleOnly;chat=49:PlayPropose;a=5,b=6,c=3	true
chat_allowed	tut=JungleOnly;chat=49:PlayPropose;a=5,b=7,c=0	true
chat_allowed	tut=JungleOnly;chat=49:PlayPropose;a=5,b=7,c=1	true
chat_allowed	tut=JungleOnly;chat=49:PlayPropose;a=5,b=7,c=2	true
chat_allowed	tut=JungleOnly;chat=49:PlayPropose;a=5,b=7,c=3	true
chat_allowed	tut=JungleOnly;chat=49:PlayPropose;a=6,b=0,c=0	false
chat_allowed	tut=JungleOnly;chat=49:PlayPropose;a=6,b=0,c=1	false
chat_allowed	tut=JungleOnly;chat=49:PlayPropose;a=6,b=0,c=2	false
chat_allowed	tut=JungleOnly;chat=49:PlayPropose;a=6,b=0,c=3	false
chat_allowed	tut=JungleOnly;chat=49:PlayPropose;a=6,b=1,c=0	false
chat_allowed	tut=JungleOnly;chat=49:PlayPropose;a=6,b=1,c=1	false
chat_allowed	tut=JungleOnly;chat=49:PlayPropose;a=6,b=1,c=2	false
chat_allowed	tut=JungleOnly;chat=49:PlayPropose;a=6,b=1,c=3	false
chat_allowed	tut=JungleOnly;chat=49:PlayPropose;a=6,b=2,c=0	false
chat_allowed	tut=JungleOnly;chat=49:PlayPropose;a=6,b=2,c=1	false
chat_allowed	tut=JungleOnly;chat=49:PlayPropose;a=6,b=2,c=2	false
chat_allowed	tut=JungleOnly;chat=49:PlayPropose;a=6,b=2,c=3	false
chat_allowed	tut=JungleOnly;chat=49:PlayPropose;a=6,b=3,c=0	true
chat_allowed	tut=JungleOnly;chat=49:PlayPropose;a=6,b=3,c=1	true
chat_allowed	tut=JungleOnly;chat=49:PlayPropose;a=6,b=3,c=2	true
chat_allowed	tut=JungleOnly;chat=49:PlayPropose;a=6,b=3,c=3	true
chat_allowed	tut=JungleOnly;chat=49:PlayPropose;a=6,b=4,c=0	true
chat_allowed	tut=JungleOnly;chat=49:PlayPropose;a=6,b=4,c=1	true
chat_allowed	tut=JungleOnly;chat=49:PlayPropose;a=6,b=4,c=2	true
chat_allowed	tut=JungleOnly;chat=49:PlayPropose;a=6,b=4,c=3	true
chat_allowed	tut=JungleOnly;chat=49:PlayPropose;a=6,b=5,c=0	true
chat_allowed	tut=JungleOnly;chat=49:PlayPropose;a=6,b=5,c=1	true
chat_allowed	tut=JungleOnly;chat=49:PlayPropose;a=6,b=5,c=2	true
chat_allowed	tut=JungleOnly;chat=49:PlayPropose;a=6,b=5,c=3	true
chat_allowed	tut=JungleOnly;chat=49:PlayPropose;a=6,b=6,c=0	true
chat_allowed	tut=JungleOnly;chat=49:PlayPropose;a=6,b=6,c=1	true
chat_allowed	tut=JungleOnly;chat=49:PlayPropose;a=6,b=6,c=2	true
chat_allowed	tut=JungleOnly;chat=49:PlayPropose;a=6,b=6,c=3	true
chat_allowed	tut=JungleOnly;chat=49:PlayPropose;a=6,b=7,c=0	true
chat_allowed	tut=JungleOnly;chat=49:PlayPropose;a=6,b=7,c=1	true
chat_allowed	tut=JungleOnly;chat=49:PlayPropose;a=6,b=7,c=2	true
chat_allowed	tut=JungleOnly;chat=49:PlayPropose;a=6,b=7,c=3	true
chat_allowed	tut=JungleOnly;chat=49:PlayPropose;a=7,b=0,c=0	false
chat_allowed	tut=JungleOnly;chat=49:PlayPropose;a=7,b=0,c=1	false
chat_allowed	tut=JungleOnly;chat=49:PlayPropose;a=7,b=0,c=2	false
chat_allowed	tut=JungleOnly;chat=49:PlayPropose;a=7,b=0,c=3	false
chat_allowed	tut=JungleOnly;chat=49:PlayPropose;a=7,b=1,c=0	false
chat_allowed	tut=JungleOnly;chat=49:PlayPropose;a=7,b=1,c=1	false
chat_allowed	tut=JungleOnly;chat=49:PlayPropose;a=7,b=1,c=2	false
chat_allowed	tut=JungleOnly;chat=49:PlayPropose;a=7,b=1,c=3	false
chat_allowed	tut=JungleOnly;chat=49:PlayPropose;a=7,b=2,c=0	false
chat_allowed	tut=JungleOnly;chat=49:PlayPropose;a=7,b=2,c=1	false
chat_allowed	tut=JungleOnly;chat=49:PlayPropose;a=7,b=2,c=2	false
chat_allowed	tut=JungleOnly;chat=49:PlayPropose;a=7,b=2,c=3	false
chat_allowed	tut=JungleOnly;chat=49:PlayPropose;a=7,b=3,c=0	true
chat_allowed	tut=JungleOnly;chat=49:PlayPropose;a=7,b=3,c=1	true
chat_allowed	tut=JungleOnly;chat=49:PlayPropose;a=7,b=3,c=2	true
chat_allowed	tut=JungleOnly;chat=49:PlayPropose;a=7,b=3,c=3	true
chat_allowed	tut=JungleOnly;chat=49:PlayPropose;a=7,b=4,c=0	true
chat_allowed	tut=JungleOnly;chat=49:PlayPropose;a=7,b=4,c=1	true
chat_allowed	tut=JungleOnly;chat=49:PlayPropose;a=7,b=4,c=2	true
chat_allowed	tut=JungleOnly;chat=49:PlayPropose;a=7,b=4,c=3	true
chat_allowed	tut=JungleOnly;chat=49:PlayPropose;a=7,b=5,c=0	true
chat_allowed	tut=JungleOnly;chat=49:PlayPropose;a=7,b=5,c=1	true
chat_allowed	tut=JungleOnly;chat=49:PlayPropose;a=7,b=5,c=2	true
chat_allowed	tut=JungleOnly;chat=49:PlayPropose;a=7,b=5,c=3	true
chat_allowed	tut=JungleOnly;chat=49:PlayPropose;a=7,b=6,c=0	true
chat_allowed	tut=JungleOnly;chat=49:PlayPropose;a=7,b=6,c=1	true
chat_allowed	tut=JungleOnly;chat=49:PlayPropose;a=7,b=6,c=2	true
chat_allowed	tut=JungleOnly;chat=49:PlayPropose;a=7,b=6,c=3	true
chat_allowed	tut=JungleOnly;chat=49:PlayPropose;a=7,b=7,c=0	true
chat_allowed	tut=JungleOnly;chat=49:PlayPropose;a=7,b=7,c=1	true
chat_allowed	tut=JungleOnly;chat=49:PlayPropose;a=7,b=7,c=2	true
chat_allowed	tut=JungleOnly;chat=49:PlayPropose;a=7,b=7,c=3	true
chat_allowed	tut=JungleOnly;chat=50:GankPlan;line=Mid,a=0	false
chat_allowed	tut=JungleOnly;chat=50:GankPlan;line=Mid,a=1	false
chat_allowed	tut=JungleOnly;chat=50:GankPlan;line=Mid,a=2	false
chat_allowed	tut=JungleOnly;chat=50:GankPlan;line=Mid,a=3	false
chat_allowed	tut=JungleOnly;chat=50:GankPlan;line=Mid,a=4	false
chat_allowed	tut=JungleOnly;chat=50:GankPlan;line=Mid,a=5	false
chat_allowed	tut=JungleOnly;chat=50:GankPlan;line=Mid,a=6	false
chat_allowed	tut=JungleOnly;chat=50:GankPlan;line=Mid,a=7	false
chat_allowed	tut=JungleOnly;chat=50:GankPlan;line=Bottom,a=0	false
chat_allowed	tut=JungleOnly;chat=50:GankPlan;line=Bottom,a=1	false
chat_allowed	tut=JungleOnly;chat=50:GankPlan;line=Bottom,a=2	false
chat_allowed	tut=JungleOnly;chat=50:GankPlan;line=Bottom,a=3	false
chat_allowed	tut=JungleOnly;chat=50:GankPlan;line=Bottom,a=4	false
chat_allowed	tut=JungleOnly;chat=50:GankPlan;line=Bottom,a=5	false
chat_allowed	tut=JungleOnly;chat=50:GankPlan;line=Bottom,a=6	false
chat_allowed	tut=JungleOnly;chat=50:GankPlan;line=Bottom,a=7	false
chat_allowed	tut=JungleOnly;chat=50:GankPlan;line=Top,a=0	false
chat_allowed	tut=JungleOnly;chat=50:GankPlan;line=Top,a=1	false
chat_allowed	tut=JungleOnly;chat=50:GankPlan;line=Top,a=2	false
chat_allowed	tut=JungleOnly;chat=50:GankPlan;line=Top,a=3	false
chat_allowed	tut=JungleOnly;chat=50:GankPlan;line=Top,a=4	false
chat_allowed	tut=JungleOnly;chat=50:GankPlan;line=Top,a=5	false
chat_allowed	tut=JungleOnly;chat=50:GankPlan;line=Top,a=6	false
chat_allowed	tut=JungleOnly;chat=50:GankPlan;line=Top,a=7	false
chat_allowed	tut=JungleOnly;chat=51:EarlyPlan;a=0	true
chat_allowed	tut=JungleOnly;chat=51:EarlyPlan;a=1	false
chat_allowed	tut=JungleOnly;chat=51:EarlyPlan;a=2	false
chat_allowed	tut=JungleOnly;chat=51:EarlyPlan;a=3	false
chat_allowed	tut=JungleOnly;chat=51:EarlyPlan;a=4	true
chat_allowed	tut=JungleOnly;chat=51:EarlyPlan;a=5	true
chat_allowed	tut=JungleOnly;chat=51:EarlyPlan;a=6	true
chat_allowed	tut=JungleOnly;chat=51:EarlyPlan;a=7	true
chat_allowed	tut=JungleOnly;chat=52:EarlyPlanChange;a=0	true
chat_allowed	tut=JungleOnly;chat=52:EarlyPlanChange;a=1	true
chat_allowed	tut=JungleOnly;chat=52:EarlyPlanChange;a=2	true
chat_allowed	tut=JungleOnly;chat=52:EarlyPlanChange;a=3	true
chat_allowed	tut=JungleOnly;chat=52:EarlyPlanChange;a=4	true
chat_allowed	tut=JungleOnly;chat=52:EarlyPlanChange;a=5	true
chat_allowed	tut=JungleOnly;chat=52:EarlyPlanChange;a=6	true
chat_allowed	tut=JungleOnly;chat=52:EarlyPlanChange;a=7	true
chat_allowed	tut=JungleOnly;chat=53:AcceptAfterTask;a=0	true
chat_allowed	tut=JungleOnly;chat=53:AcceptAfterTask;a=1	true
chat_allowed	tut=JungleOnly;chat=53:AcceptAfterTask;a=2	true
chat_allowed	tut=JungleOnly;chat=53:AcceptAfterTask;a=3	true
chat_allowed	tut=JungleOnly;chat=53:AcceptAfterTask;a=4	true
chat_allowed	tut=JungleOnly;chat=53:AcceptAfterTask;a=5	true
chat_allowed	tut=JungleOnly;chat=53:AcceptAfterTask;a=6	true
chat_allowed	tut=JungleOnly;chat=53:AcceptAfterTask;a=7	true
chat_allowed	tut=JungleOnly;chat=54:DeclineWithReason;a=0	true
chat_allowed	tut=JungleOnly;chat=54:DeclineWithReason;a=1	true
chat_allowed	tut=JungleOnly;chat=54:DeclineWithReason;a=2	true
chat_allowed	tut=JungleOnly;chat=54:DeclineWithReason;a=3	true
chat_allowed	tut=JungleOnly;chat=54:DeclineWithReason;a=4	true
chat_allowed	tut=JungleOnly;chat=54:DeclineWithReason;a=5	true
chat_allowed	tut=JungleOnly;chat=54:DeclineWithReason;a=6	true
chat_allowed	tut=JungleOnly;chat=54:DeclineWithReason;a=7	true
chat_allowed	tut=JungleOnly;chat=56:ReadySignal;a=0	true
chat_allowed	tut=JungleOnly;chat=56:ReadySignal;a=1	true
chat_allowed	tut=JungleOnly;chat=56:ReadySignal;a=2	true
chat_allowed	tut=JungleOnly;chat=56:ReadySignal;a=3	true
chat_allowed	tut=JungleOnly;chat=56:ReadySignal;a=4	true
chat_allowed	tut=JungleOnly;chat=56:ReadySignal;a=5	true
chat_allowed	tut=JungleOnly;chat=56:ReadySignal;a=6	true
chat_allowed	tut=JungleOnly;chat=56:ReadySignal;a=7	true
chat_allowed	tut=JungleOnly;chat=55:CounterRequest;a=0,b=0	false
chat_allowed	tut=JungleOnly;chat=55:CounterRequest;a=0,b=1	false
chat_allowed	tut=JungleOnly;chat=55:CounterRequest;a=0,b=2	false
chat_allowed	tut=JungleOnly;chat=55:CounterRequest;a=0,b=3	true
chat_allowed	tut=JungleOnly;chat=55:CounterRequest;a=0,b=4	true
chat_allowed	tut=JungleOnly;chat=55:CounterRequest;a=0,b=5	true
chat_allowed	tut=JungleOnly;chat=55:CounterRequest;a=0,b=6	true
chat_allowed	tut=JungleOnly;chat=55:CounterRequest;a=0,b=7	true
chat_allowed	tut=JungleOnly;chat=55:CounterRequest;a=1,b=0	false
chat_allowed	tut=JungleOnly;chat=55:CounterRequest;a=1,b=1	false
chat_allowed	tut=JungleOnly;chat=55:CounterRequest;a=1,b=2	false
chat_allowed	tut=JungleOnly;chat=55:CounterRequest;a=1,b=3	true
chat_allowed	tut=JungleOnly;chat=55:CounterRequest;a=1,b=4	true
chat_allowed	tut=JungleOnly;chat=55:CounterRequest;a=1,b=5	true
chat_allowed	tut=JungleOnly;chat=55:CounterRequest;a=1,b=6	true
chat_allowed	tut=JungleOnly;chat=55:CounterRequest;a=1,b=7	true
chat_allowed	tut=JungleOnly;chat=55:CounterRequest;a=2,b=0	false
chat_allowed	tut=JungleOnly;chat=55:CounterRequest;a=2,b=1	false
chat_allowed	tut=JungleOnly;chat=55:CounterRequest;a=2,b=2	false
chat_allowed	tut=JungleOnly;chat=55:CounterRequest;a=2,b=3	true
chat_allowed	tut=JungleOnly;chat=55:CounterRequest;a=2,b=4	true
chat_allowed	tut=JungleOnly;chat=55:CounterRequest;a=2,b=5	true
chat_allowed	tut=JungleOnly;chat=55:CounterRequest;a=2,b=6	true
chat_allowed	tut=JungleOnly;chat=55:CounterRequest;a=2,b=7	true
chat_allowed	tut=JungleOnly;chat=55:CounterRequest;a=3,b=0	false
chat_allowed	tut=JungleOnly;chat=55:CounterRequest;a=3,b=1	false
chat_allowed	tut=JungleOnly;chat=55:CounterRequest;a=3,b=2	false
chat_allowed	tut=JungleOnly;chat=55:CounterRequest;a=3,b=3	true
chat_allowed	tut=JungleOnly;chat=55:CounterRequest;a=3,b=4	true
chat_allowed	tut=JungleOnly;chat=55:CounterRequest;a=3,b=5	true
chat_allowed	tut=JungleOnly;chat=55:CounterRequest;a=3,b=6	true
chat_allowed	tut=JungleOnly;chat=55:CounterRequest;a=3,b=7	true
chat_allowed	tut=JungleOnly;chat=55:CounterRequest;a=4,b=0	false
chat_allowed	tut=JungleOnly;chat=55:CounterRequest;a=4,b=1	false
chat_allowed	tut=JungleOnly;chat=55:CounterRequest;a=4,b=2	false
chat_allowed	tut=JungleOnly;chat=55:CounterRequest;a=4,b=3	true
chat_allowed	tut=JungleOnly;chat=55:CounterRequest;a=4,b=4	true
chat_allowed	tut=JungleOnly;chat=55:CounterRequest;a=4,b=5	true
chat_allowed	tut=JungleOnly;chat=55:CounterRequest;a=4,b=6	true
chat_allowed	tut=JungleOnly;chat=55:CounterRequest;a=4,b=7	true
chat_allowed	tut=JungleOnly;chat=55:CounterRequest;a=5,b=0	false
chat_allowed	tut=JungleOnly;chat=55:CounterRequest;a=5,b=1	false
chat_allowed	tut=JungleOnly;chat=55:CounterRequest;a=5,b=2	false
chat_allowed	tut=JungleOnly;chat=55:CounterRequest;a=5,b=3	true
chat_allowed	tut=JungleOnly;chat=55:CounterRequest;a=5,b=4	true
chat_allowed	tut=JungleOnly;chat=55:CounterRequest;a=5,b=5	true
chat_allowed	tut=JungleOnly;chat=55:CounterRequest;a=5,b=6	true
chat_allowed	tut=JungleOnly;chat=55:CounterRequest;a=5,b=7	true
chat_allowed	tut=JungleOnly;chat=55:CounterRequest;a=6,b=0	false
chat_allowed	tut=JungleOnly;chat=55:CounterRequest;a=6,b=1	false
chat_allowed	tut=JungleOnly;chat=55:CounterRequest;a=6,b=2	false
chat_allowed	tut=JungleOnly;chat=55:CounterRequest;a=6,b=3	true
chat_allowed	tut=JungleOnly;chat=55:CounterRequest;a=6,b=4	true
chat_allowed	tut=JungleOnly;chat=55:CounterRequest;a=6,b=5	true
chat_allowed	tut=JungleOnly;chat=55:CounterRequest;a=6,b=6	true
chat_allowed	tut=JungleOnly;chat=55:CounterRequest;a=6,b=7	true
chat_allowed	tut=JungleOnly;chat=55:CounterRequest;a=7,b=0	false
chat_allowed	tut=JungleOnly;chat=55:CounterRequest;a=7,b=1	false
chat_allowed	tut=JungleOnly;chat=55:CounterRequest;a=7,b=2	false
chat_allowed	tut=JungleOnly;chat=55:CounterRequest;a=7,b=3	true
chat_allowed	tut=JungleOnly;chat=55:CounterRequest;a=7,b=4	true
chat_allowed	tut=JungleOnly;chat=55:CounterRequest;a=7,b=5	true
chat_allowed	tut=JungleOnly;chat=55:CounterRequest;a=7,b=6	true
chat_allowed	tut=JungleOnly;chat=55:CounterRequest;a=7,b=7	true
valid_lines	tut=Line	Top,Mid,Bottom
line_exists	tut=Line;line=Mid	true
fallback_line	tut=Line;line=Mid	Mid
line_exists	tut=Line;line=Bottom	true
fallback_line	tut=Line;line=Bottom	Bottom
line_exists	tut=Line;line=Top	true
fallback_line	tut=Line;line=Top	Top
position_exists	tut=Line;pos=Top	true
position_exists	tut=Line;pos=Jungle	false
position_exists	tut=Line;pos=Mid	true
position_exists	tut=Line;pos=Bottom	true
position_exists	tut=Line;pos=Support	true
morgard_exists	tut=Line	true
serpen_exists	tut=Line	true
steal_target_allowed	tut=Line;tgt=Epic	true
steal_target_allowed	tut=Line;tgt=Serpen	true
steal_action_allowed	tut=Line;act=None	true
steal_action_allowed	tut=Line;act=Lurk(Epic)	true
steal_action_allowed	tut=Line;act=Lurk(Serpen)	true
steal_action_allowed	tut=Line;act=Commit(Epic)	true
steal_action_allowed	tut=Line;act=Commit(Serpen)	true
goal_allowed	tut=Line;goal=Line(Mid)	true
goal_allowed	tut=Line;goal=Line(Bottom)	true
goal_allowed	tut=Line;goal=Line(Top)	true
goal_allowed	tut=Line;goal=Jungle(Rhino,0)	false
goal_allowed	tut=Line;goal=Jungle(Rhino,1)	false
goal_allowed	tut=Line;goal=Jungle(Mushroom,0)	false
goal_allowed	tut=Line;goal=Jungle(Mushroom,1)	false
goal_allowed	tut=Line;goal=Jungle(Stump,0)	false
goal_allowed	tut=Line;goal=Jungle(Stump,1)	false
goal_allowed	tut=Line;goal=Jungle(Bee,0)	false
goal_allowed	tut=Line;goal=Jungle(Bee,1)	false
goal_allowed	tut=Line;goal=Jungle(Morgard,0)	false
goal_allowed	tut=Line;goal=Jungle(Morgard,1)	false
goal_allowed	tut=Line;goal=Jungle(Serpen,0)	false
goal_allowed	tut=Line;goal=Jungle(Serpen,1)	false
goal_allowed	tut=Line;goal=Epic	true
goal_allowed	tut=Line;goal=Serpen	true
goal_allowed	tut=Line;goal=Nexus(0)	true
goal_allowed	tut=Line;goal=Nexus(1)	true
goal_allowed	tut=Line;goal=Battle(None)	true
goal_allowed	tut=Line;goal=Battle(Some(0))	true
goal_allowed	tut=Line;goal=Recall	true
main_objective_allowed	tut=Line;mo=Morgard(ph=Setup,wb=false)	true
main_objective_allowed	tut=Line;mo=Morgard(ph=Setup,wb=true)	true
main_objective_allowed	tut=Line;mo=Morgard(ph=Assemble,wb=false)	true
main_objective_allowed	tut=Line;mo=Morgard(ph=Assemble,wb=true)	true
main_objective_allowed	tut=Line;mo=Morgard(ph=Hunt,wb=false)	true
main_objective_allowed	tut=Line;mo=Morgard(ph=Hunt,wb=true)	true
main_objective_allowed	tut=Line;mo=Morgard(ph=None,wb=false)	true
main_objective_allowed	tut=Line;mo=Morgard(ph=None,wb=true)	true
main_objective_allowed	tut=Line;mo=Serpen(ph=Setup,wb=false)	true
main_objective_allowed	tut=Line;mo=Serpen(ph=Setup,wb=true)	true
main_objective_allowed	tut=Line;mo=Serpen(ph=Assemble,wb=false)	true
main_objective_allowed	tut=Line;mo=Serpen(ph=Assemble,wb=true)	true
main_objective_allowed	tut=Line;mo=Serpen(ph=Hunt,wb=false)	true
main_objective_allowed	tut=Line;mo=Serpen(ph=Hunt,wb=true)	true
main_objective_allowed	tut=Line;mo=Serpen(ph=None,wb=false)	true
main_objective_allowed	tut=Line;mo=Serpen(ph=None,wb=true)	true
main_objective_allowed	tut=Line;mo=Defense	true
main_objective_allowed	tut=Line;mo=Repair	true
main_objective_allowed	tut=Line;mo=DefenseLine(Mid)	true
main_objective_allowed	tut=Line;mo=DefenseLine(Bottom)	true
main_objective_allowed	tut=Line;mo=DefenseLine(Top)	true
main_objective_allowed	tut=Line;mo=Nexus(Mid)	true
main_objective_allowed	tut=Line;mo=Nexus(Bottom)	true
main_objective_allowed	tut=Line;mo=Nexus(Top)	true
main_objective_allowed	tut=Line;mo=PressEpic(Mid)	true
main_objective_allowed	tut=Line;mo=PressEpic(Bottom)	true
main_objective_allowed	tut=Line;mo=PressEpic(Top)	true
main_objective_allowed	tut=Line;mo=SplitEpic(Mid)	true
main_objective_allowed	tut=Line;mo=SplitEpic(Bottom)	true
main_objective_allowed	tut=Line;mo=SplitEpic(Top)	true
main_objective_allowed	tut=Line;mo=Gank(Mid)	true
main_objective_allowed	tut=Line;mo=Gank(Bottom)	true
main_objective_allowed	tut=Line;mo=Gank(Top)	true
main_objective_allowed	tut=Line;mo=Dive(Mid)	true
main_objective_allowed	tut=Line;mo=Dive(Bottom)	true
main_objective_allowed	tut=Line;mo=Dive(Top)	true
main_objective_allowed	tut=Line;mo=PressTower(Mid)	true
main_objective_allowed	tut=Line;mo=PressTower(Bottom)	true
main_objective_allowed	tut=Line;mo=PressTower(Top)	true
main_objective_allowed	tut=Line;mo=ComebackPick(Mid,ready=false)	true
main_objective_allowed	tut=Line;mo=ComebackPick(Mid,ready=true)	true
main_objective_allowed	tut=Line;mo=ComebackPick(Bottom,ready=false)	true
main_objective_allowed	tut=Line;mo=ComebackPick(Bottom,ready=true)	true
main_objective_allowed	tut=Line;mo=ComebackPick(Top,ready=false)	true
main_objective_allowed	tut=Line;mo=ComebackPick(Top,ready=true)	true
sub_objective_allowed	tut=Line;so=LineBattle(Mid,dive=false)	true
sub_objective_allowed	tut=Line;so=LineBattle(Mid,dive=true)	true
sub_objective_allowed	tut=Line;so=LineBattle(Bottom,dive=false)	true
sub_objective_allowed	tut=Line;so=LineBattle(Bottom,dive=true)	true
sub_objective_allowed	tut=Line;so=LineBattle(Top,dive=false)	true
sub_objective_allowed	tut=Line;so=LineBattle(Top,dive=true)	true
sub_objective_allowed	tut=Line;so=JungleBattle(Rhino,0)	false
sub_objective_allowed	tut=Line;so=JungleBattle(Rhino,1)	false
sub_objective_allowed	tut=Line;so=JungleBattle(Mushroom,0)	false
sub_objective_allowed	tut=Line;so=JungleBattle(Mushroom,1)	false
sub_objective_allowed	tut=Line;so=JungleBattle(Stump,0)	false
sub_objective_allowed	tut=Line;so=JungleBattle(Stump,1)	false
sub_objective_allowed	tut=Line;so=JungleBattle(Bee,0)	false
sub_objective_allowed	tut=Line;so=JungleBattle(Bee,1)	false
sub_objective_allowed	tut=Line;so=JungleBattle(Morgard,0)	false
sub_objective_allowed	tut=Line;so=JungleBattle(Morgard,1)	false
sub_objective_allowed	tut=Line;so=JungleBattle(Serpen,0)	false
sub_objective_allowed	tut=Line;so=JungleBattle(Serpen,1)	false
chat_allowed	tut=Line;chat=0:Start	true
chat_allowed	tut=Line;chat=1:Mia;pos=Top	true
chat_allowed	tut=Line;chat=1:Mia;pos=Jungle	false
chat_allowed	tut=Line;chat=1:Mia;pos=Mid	true
chat_allowed	tut=Line;chat=1:Mia;pos=Bottom	true
chat_allowed	tut=Line;chat=1:Mia;pos=Support	true
chat_allowed	tut=Line;chat=2:JungleCheck;line=Mid	true
chat_allowed	tut=Line;chat=2:JungleCheck;line=Bottom	true
chat_allowed	tut=Line;chat=2:JungleCheck;line=Top	true
chat_allowed	tut=Line;chat=3:Battle	true
chat_allowed	tut=Line;chat=4:BattleDive	true
chat_allowed	tut=Line;chat=5:BattleLine;line=Mid	true
chat_allowed	tut=Line;chat=5:BattleLine;line=Bottom	true
chat_allowed	tut=Line;chat=5:BattleLine;line=Top	true
chat_allowed	tut=Line;chat=6:BattleHelp	true
chat_allowed	tut=Line;chat=7:BattleStop;r=TowerFocused	true
chat_allowed	tut=Line;chat=7:BattleStop;r=TowerDiveFail	true
chat_allowed	tut=Line;chat=7:BattleStop;r=Outnumbered	true
chat_allowed	tut=Line;chat=7:BattleStop;r=LowHp	true
chat_allowed	tut=Line;chat=7:BattleStop;r=BurstRisk	true
chat_allowed	tut=Line;chat=7:BattleStop;r=LowHpMatch	true
chat_allowed	tut=Line;chat=8:GankRequest;line=Mid	true
chat_allowed	tut=Line;chat=8:GankRequest;line=Bottom	true
chat_allowed	tut=Line;chat=8:GankRequest;line=Top	true
chat_allowed	tut=Line;chat=9:CoverLine;line=Mid	true
chat_allowed	tut=Line;chat=9:CoverLine;line=Bottom	true
chat_allowed	tut=Line;chat=9:CoverLine;line=Top	true
chat_allowed	tut=Line;chat=10:GankLineCover;line=Mid	true
chat_allowed	tut=Line;chat=10:GankLineCover;line=Bottom	true
chat_allowed	tut=Line;chat=10:GankLineCover;line=Top	true
chat_allowed	tut=Line;chat=11:HideLine;line=Mid	true
chat_allowed	tut=Line;chat=11:HideLine;line=Bottom	true
chat_allowed	tut=Line;chat=11:HideLine;line=Top	true
chat_allowed	tut=Line;chat=12:HideLineToo;line=Mid	true
chat_allowed	tut=Line;chat=12:HideLineToo;line=Bottom	true
chat_allowed	tut=Line;chat=12:HideLineToo;line=Top	true
chat_allowed	tut=Line;chat=13:LineCover;line=Mid	true
chat_allowed	tut=Line;chat=13:LineCover;line=Bottom	true
chat_allowed	tut=Line;chat=13:LineCover;line=Top	true
chat_allowed	tut=Line;chat=14:DefenseLine;line=Mid	true
chat_allowed	tut=Line;chat=14:DefenseLine;line=Bottom	true
chat_allowed	tut=Line;chat=14:DefenseLine;line=Top	true
chat_allowed	tut=Line;chat=15:Ok	true
chat_allowed	tut=Line;chat=16:Reject	true
chat_allowed	tut=Line;chat=17:Cancel;r=LowHpSelf	true
chat_allowed	tut=Line;chat=17:Cancel;r=LowHpAlly	true
chat_allowed	tut=Line;chat=17:Cancel;r=TargetMissing	true
chat_allowed	tut=Line;chat=17:Cancel;r=PlanChange	true
chat_allowed	tut=Line;chat=17:Cancel;r=OperationAbort	true
chat_allowed	tut=Line;chat=18:CounterJungle;camp=Rhino	false
chat_allowed	tut=Line;chat=18:CounterJungle;camp=Mushroom	false
chat_allowed	tut=Line;chat=18:CounterJungle;camp=Stump	false
chat_allowed	tut=Line;chat=18:CounterJungle;camp=Bee	false
chat_allowed	tut=Line;chat=18:CounterJungle;camp=Morgard	true
chat_allowed	tut=Line;chat=18:CounterJungle;camp=Serpen	true
chat_allowed	tut=Line;chat=19:Lead	true
chat_allowed	tut=Line;chat=20:Split;line=Mid	true
chat_allowed	tut=Line;chat=20:Split;line=Bottom	true
chat_allowed	tut=Line;chat=20:Split;line=Top	true
chat_allowed	tut=Line;chat=21:Press;line=Mid	true
chat_allowed	tut=Line;chat=21:Press;line=Bottom	true
chat_allowed	tut=Line;chat=21:Press;line=Top	true
chat_allowed	tut=Line;chat=22:PressChange;line=Mid	true
chat_allowed	tut=Line;chat=22:PressChange;line=Bottom	true
chat_allowed	tut=Line;chat=22:PressChange;line=Top	true
chat_allowed	tut=Line;chat=23:Repair	true
chat_allowed	tut=Line;chat=24:SerpenPrepare	true
chat_allowed	tut=Line;chat=25:SerpenSetup	true
chat_allowed	tut=Line;chat=26:SerpenCheck	true
chat_allowed	tut=Line;chat=27:SerpenEnemyHunt	true
chat_allowed	tut=Line;chat=28:SerpenAssemble	true
chat_allowed	tut=Line;chat=29:SerpenHunt	true
chat_allowed	tut=Line;chat=30:SerpenBattle	true
chat_allowed	tut=Line;chat=31:SerpenGiveUp;r=StackAhead	true
chat_allowed	tut=Line;chat=31:SerpenGiveUp;r=Outnumbered	true
chat_allowed	tut=Line;chat=32:SerpenSteal;k=Lurk	true
chat_allowed	tut=Line;chat=32:SerpenSteal;k=Commit	true
chat_allowed	tut=Line;chat=33:MorgardPrepare	true
chat_allowed	tut=Line;chat=34:MorgardSetup	true
chat_allowed	tut=Line;chat=35:MorgardCheck	true
chat_allowed	tut=Line;chat=36:MorgardEnemyHunt	true
chat_allowed	tut=Line;chat=37:MorgardAssemble	true
chat_allowed	tut=Line;chat=38:MorgardHunt	true
chat_allowed	tut=Line;chat=39:MorgardBattle	true
chat_allowed	tut=Line;chat=40:MorgardGiveUp	true
chat_allowed	tut=Line;chat=41:MorgardSteal;k=Lurk	true
chat_allowed	tut=Line;chat=41:MorgardSteal;k=Commit	true
chat_allowed	tut=Line;chat=42:AttackNexus;line=Mid	true
chat_allowed	tut=Line;chat=42:AttackNexus;line=Bottom	true
chat_allowed	tut=Line;chat=42:AttackNexus;line=Top	true
chat_allowed	tut=Line;chat=43:DefenseNexus	true
chat_allowed	tut=Line;chat=44:GankDive;line=Mid	true
chat_allowed	tut=Line;chat=44:GankDive;line=Bottom	true
chat_allowed	tut=Line;chat=44:GankDive;line=Top	true
chat_allowed	tut=Line;chat=45:PressTower;line=Mid	true
chat_allowed	tut=Line;chat=45:PressTower;line=Bottom	true
chat_allowed	tut=Line;chat=45:PressTower;line=Top	true
chat_allowed	tut=Line;chat=46:ComebackPick;line=Mid	true
chat_allowed	tut=Line;chat=46:ComebackPick;line=Bottom	true
chat_allowed	tut=Line;chat=46:ComebackPick;line=Top	true
chat_allowed	tut=Line;chat=47:PlayCall;a=0,b=0	true
chat_allowed	tut=Line;chat=47:PlayCall;a=0,b=1	true
chat_allowed	tut=Line;chat=47:PlayCall;a=0,b=2	true
chat_allowed	tut=Line;chat=47:PlayCall;a=0,b=3	true
chat_allowed	tut=Line;chat=47:PlayCall;a=0,b=4	true
chat_allowed	tut=Line;chat=47:PlayCall;a=0,b=5	true
chat_allowed	tut=Line;chat=47:PlayCall;a=0,b=6	true
chat_allowed	tut=Line;chat=47:PlayCall;a=0,b=7	true
chat_allowed	tut=Line;chat=47:PlayCall;a=1,b=0	true
chat_allowed	tut=Line;chat=47:PlayCall;a=1,b=1	true
chat_allowed	tut=Line;chat=47:PlayCall;a=1,b=2	true
chat_allowed	tut=Line;chat=47:PlayCall;a=1,b=3	true
chat_allowed	tut=Line;chat=47:PlayCall;a=1,b=4	true
chat_allowed	tut=Line;chat=47:PlayCall;a=1,b=5	true
chat_allowed	tut=Line;chat=47:PlayCall;a=1,b=6	true
chat_allowed	tut=Line;chat=47:PlayCall;a=1,b=7	true
chat_allowed	tut=Line;chat=47:PlayCall;a=2,b=0	true
chat_allowed	tut=Line;chat=47:PlayCall;a=2,b=1	true
chat_allowed	tut=Line;chat=47:PlayCall;a=2,b=2	true
chat_allowed	tut=Line;chat=47:PlayCall;a=2,b=3	true
chat_allowed	tut=Line;chat=47:PlayCall;a=2,b=4	true
chat_allowed	tut=Line;chat=47:PlayCall;a=2,b=5	true
chat_allowed	tut=Line;chat=47:PlayCall;a=2,b=6	true
chat_allowed	tut=Line;chat=47:PlayCall;a=2,b=7	true
chat_allowed	tut=Line;chat=47:PlayCall;a=3,b=0	true
chat_allowed	tut=Line;chat=47:PlayCall;a=3,b=1	true
chat_allowed	tut=Line;chat=47:PlayCall;a=3,b=2	true
chat_allowed	tut=Line;chat=47:PlayCall;a=3,b=3	true
chat_allowed	tut=Line;chat=47:PlayCall;a=3,b=4	true
chat_allowed	tut=Line;chat=47:PlayCall;a=3,b=5	true
chat_allowed	tut=Line;chat=47:PlayCall;a=3,b=6	true
chat_allowed	tut=Line;chat=47:PlayCall;a=3,b=7	true
chat_allowed	tut=Line;chat=47:PlayCall;a=4,b=0	true
chat_allowed	tut=Line;chat=47:PlayCall;a=4,b=1	true
chat_allowed	tut=Line;chat=47:PlayCall;a=4,b=2	true
chat_allowed	tut=Line;chat=47:PlayCall;a=4,b=3	true
chat_allowed	tut=Line;chat=47:PlayCall;a=4,b=4	true
chat_allowed	tut=Line;chat=47:PlayCall;a=4,b=5	true
chat_allowed	tut=Line;chat=47:PlayCall;a=4,b=6	true
chat_allowed	tut=Line;chat=47:PlayCall;a=4,b=7	true
chat_allowed	tut=Line;chat=47:PlayCall;a=5,b=0	true
chat_allowed	tut=Line;chat=47:PlayCall;a=5,b=1	true
chat_allowed	tut=Line;chat=47:PlayCall;a=5,b=2	true
chat_allowed	tut=Line;chat=47:PlayCall;a=5,b=3	true
chat_allowed	tut=Line;chat=47:PlayCall;a=5,b=4	true
chat_allowed	tut=Line;chat=47:PlayCall;a=5,b=5	true
chat_allowed	tut=Line;chat=47:PlayCall;a=5,b=6	true
chat_allowed	tut=Line;chat=47:PlayCall;a=5,b=7	true
chat_allowed	tut=Line;chat=47:PlayCall;a=6,b=0	true
chat_allowed	tut=Line;chat=47:PlayCall;a=6,b=1	true
chat_allowed	tut=Line;chat=47:PlayCall;a=6,b=2	true
chat_allowed	tut=Line;chat=47:PlayCall;a=6,b=3	true
chat_allowed	tut=Line;chat=47:PlayCall;a=6,b=4	true
chat_allowed	tut=Line;chat=47:PlayCall;a=6,b=5	true
chat_allowed	tut=Line;chat=47:PlayCall;a=6,b=6	true
chat_allowed	tut=Line;chat=47:PlayCall;a=6,b=7	true
chat_allowed	tut=Line;chat=47:PlayCall;a=7,b=0	true
chat_allowed	tut=Line;chat=47:PlayCall;a=7,b=1	true
chat_allowed	tut=Line;chat=47:PlayCall;a=7,b=2	true
chat_allowed	tut=Line;chat=47:PlayCall;a=7,b=3	true
chat_allowed	tut=Line;chat=47:PlayCall;a=7,b=4	true
chat_allowed	tut=Line;chat=47:PlayCall;a=7,b=5	true
chat_allowed	tut=Line;chat=47:PlayCall;a=7,b=6	true
chat_allowed	tut=Line;chat=47:PlayCall;a=7,b=7	true
chat_allowed	tut=Line;chat=48:PlayPhaseChange;a=0,b=0	true
chat_allowed	tut=Line;chat=48:PlayPhaseChange;a=0,b=1	true
chat_allowed	tut=Line;chat=48:PlayPhaseChange;a=0,b=2	true
chat_allowed	tut=Line;chat=48:PlayPhaseChange;a=0,b=3	true
chat_allowed	tut=Line;chat=48:PlayPhaseChange;a=0,b=4	true
chat_allowed	tut=Line;chat=48:PlayPhaseChange;a=0,b=5	true
chat_allowed	tut=Line;chat=48:PlayPhaseChange;a=0,b=6	true
chat_allowed	tut=Line;chat=48:PlayPhaseChange;a=0,b=7	true
chat_allowed	tut=Line;chat=48:PlayPhaseChange;a=1,b=0	true
chat_allowed	tut=Line;chat=48:PlayPhaseChange;a=1,b=1	true
chat_allowed	tut=Line;chat=48:PlayPhaseChange;a=1,b=2	true
chat_allowed	tut=Line;chat=48:PlayPhaseChange;a=1,b=3	true
chat_allowed	tut=Line;chat=48:PlayPhaseChange;a=1,b=4	true
chat_allowed	tut=Line;chat=48:PlayPhaseChange;a=1,b=5	true
chat_allowed	tut=Line;chat=48:PlayPhaseChange;a=1,b=6	true
chat_allowed	tut=Line;chat=48:PlayPhaseChange;a=1,b=7	true
chat_allowed	tut=Line;chat=48:PlayPhaseChange;a=2,b=0	true
chat_allowed	tut=Line;chat=48:PlayPhaseChange;a=2,b=1	true
chat_allowed	tut=Line;chat=48:PlayPhaseChange;a=2,b=2	true
chat_allowed	tut=Line;chat=48:PlayPhaseChange;a=2,b=3	true
chat_allowed	tut=Line;chat=48:PlayPhaseChange;a=2,b=4	true
chat_allowed	tut=Line;chat=48:PlayPhaseChange;a=2,b=5	true
chat_allowed	tut=Line;chat=48:PlayPhaseChange;a=2,b=6	true
chat_allowed	tut=Line;chat=48:PlayPhaseChange;a=2,b=7	true
chat_allowed	tut=Line;chat=48:PlayPhaseChange;a=3,b=0	true
chat_allowed	tut=Line;chat=48:PlayPhaseChange;a=3,b=1	true
chat_allowed	tut=Line;chat=48:PlayPhaseChange;a=3,b=2	true
chat_allowed	tut=Line;chat=48:PlayPhaseChange;a=3,b=3	true
chat_allowed	tut=Line;chat=48:PlayPhaseChange;a=3,b=4	true
chat_allowed	tut=Line;chat=48:PlayPhaseChange;a=3,b=5	true
chat_allowed	tut=Line;chat=48:PlayPhaseChange;a=3,b=6	true
chat_allowed	tut=Line;chat=48:PlayPhaseChange;a=3,b=7	true
chat_allowed	tut=Line;chat=48:PlayPhaseChange;a=4,b=0	true
chat_allowed	tut=Line;chat=48:PlayPhaseChange;a=4,b=1	true
chat_allowed	tut=Line;chat=48:PlayPhaseChange;a=4,b=2	true
chat_allowed	tut=Line;chat=48:PlayPhaseChange;a=4,b=3	true
chat_allowed	tut=Line;chat=48:PlayPhaseChange;a=4,b=4	true
chat_allowed	tut=Line;chat=48:PlayPhaseChange;a=4,b=5	true
chat_allowed	tut=Line;chat=48:PlayPhaseChange;a=4,b=6	true
chat_allowed	tut=Line;chat=48:PlayPhaseChange;a=4,b=7	true
chat_allowed	tut=Line;chat=48:PlayPhaseChange;a=5,b=0	true
chat_allowed	tut=Line;chat=48:PlayPhaseChange;a=5,b=1	true
chat_allowed	tut=Line;chat=48:PlayPhaseChange;a=5,b=2	true
chat_allowed	tut=Line;chat=48:PlayPhaseChange;a=5,b=3	true
chat_allowed	tut=Line;chat=48:PlayPhaseChange;a=5,b=4	true
chat_allowed	tut=Line;chat=48:PlayPhaseChange;a=5,b=5	true
chat_allowed	tut=Line;chat=48:PlayPhaseChange;a=5,b=6	true
chat_allowed	tut=Line;chat=48:PlayPhaseChange;a=5,b=7	true
chat_allowed	tut=Line;chat=48:PlayPhaseChange;a=6,b=0	true
chat_allowed	tut=Line;chat=48:PlayPhaseChange;a=6,b=1	true
chat_allowed	tut=Line;chat=48:PlayPhaseChange;a=6,b=2	true
chat_allowed	tut=Line;chat=48:PlayPhaseChange;a=6,b=3	true
chat_allowed	tut=Line;chat=48:PlayPhaseChange;a=6,b=4	true
chat_allowed	tut=Line;chat=48:PlayPhaseChange;a=6,b=5	true
chat_allowed	tut=Line;chat=48:PlayPhaseChange;a=6,b=6	true
chat_allowed	tut=Line;chat=48:PlayPhaseChange;a=6,b=7	true
chat_allowed	tut=Line;chat=48:PlayPhaseChange;a=7,b=0	true
chat_allowed	tut=Line;chat=48:PlayPhaseChange;a=7,b=1	true
chat_allowed	tut=Line;chat=48:PlayPhaseChange;a=7,b=2	true
chat_allowed	tut=Line;chat=48:PlayPhaseChange;a=7,b=3	true
chat_allowed	tut=Line;chat=48:PlayPhaseChange;a=7,b=4	true
chat_allowed	tut=Line;chat=48:PlayPhaseChange;a=7,b=5	true
chat_allowed	tut=Line;chat=48:PlayPhaseChange;a=7,b=6	true
chat_allowed	tut=Line;chat=48:PlayPhaseChange;a=7,b=7	true
chat_allowed	tut=Line;chat=49:PlayPropose;a=0,b=0,c=0	true
chat_allowed	tut=Line;chat=49:PlayPropose;a=0,b=0,c=1	true
chat_allowed	tut=Line;chat=49:PlayPropose;a=0,b=0,c=2	true
chat_allowed	tut=Line;chat=49:PlayPropose;a=0,b=0,c=3	true
chat_allowed	tut=Line;chat=49:PlayPropose;a=0,b=1,c=0	true
chat_allowed	tut=Line;chat=49:PlayPropose;a=0,b=1,c=1	true
chat_allowed	tut=Line;chat=49:PlayPropose;a=0,b=1,c=2	true
chat_allowed	tut=Line;chat=49:PlayPropose;a=0,b=1,c=3	true
chat_allowed	tut=Line;chat=49:PlayPropose;a=0,b=2,c=0	true
chat_allowed	tut=Line;chat=49:PlayPropose;a=0,b=2,c=1	true
chat_allowed	tut=Line;chat=49:PlayPropose;a=0,b=2,c=2	true
chat_allowed	tut=Line;chat=49:PlayPropose;a=0,b=2,c=3	true
chat_allowed	tut=Line;chat=49:PlayPropose;a=0,b=3,c=0	true
chat_allowed	tut=Line;chat=49:PlayPropose;a=0,b=3,c=1	true
chat_allowed	tut=Line;chat=49:PlayPropose;a=0,b=3,c=2	true
chat_allowed	tut=Line;chat=49:PlayPropose;a=0,b=3,c=3	true
chat_allowed	tut=Line;chat=49:PlayPropose;a=0,b=4,c=0	true
chat_allowed	tut=Line;chat=49:PlayPropose;a=0,b=4,c=1	true
chat_allowed	tut=Line;chat=49:PlayPropose;a=0,b=4,c=2	true
chat_allowed	tut=Line;chat=49:PlayPropose;a=0,b=4,c=3	true
chat_allowed	tut=Line;chat=49:PlayPropose;a=0,b=5,c=0	true
chat_allowed	tut=Line;chat=49:PlayPropose;a=0,b=5,c=1	true
chat_allowed	tut=Line;chat=49:PlayPropose;a=0,b=5,c=2	true
chat_allowed	tut=Line;chat=49:PlayPropose;a=0,b=5,c=3	true
chat_allowed	tut=Line;chat=49:PlayPropose;a=0,b=6,c=0	true
chat_allowed	tut=Line;chat=49:PlayPropose;a=0,b=6,c=1	true
chat_allowed	tut=Line;chat=49:PlayPropose;a=0,b=6,c=2	true
chat_allowed	tut=Line;chat=49:PlayPropose;a=0,b=6,c=3	true
chat_allowed	tut=Line;chat=49:PlayPropose;a=0,b=7,c=0	true
chat_allowed	tut=Line;chat=49:PlayPropose;a=0,b=7,c=1	true
chat_allowed	tut=Line;chat=49:PlayPropose;a=0,b=7,c=2	true
chat_allowed	tut=Line;chat=49:PlayPropose;a=0,b=7,c=3	true
chat_allowed	tut=Line;chat=49:PlayPropose;a=1,b=0,c=0	true
chat_allowed	tut=Line;chat=49:PlayPropose;a=1,b=0,c=1	true
chat_allowed	tut=Line;chat=49:PlayPropose;a=1,b=0,c=2	true
chat_allowed	tut=Line;chat=49:PlayPropose;a=1,b=0,c=3	true
chat_allowed	tut=Line;chat=49:PlayPropose;a=1,b=1,c=0	true
chat_allowed	tut=Line;chat=49:PlayPropose;a=1,b=1,c=1	true
chat_allowed	tut=Line;chat=49:PlayPropose;a=1,b=1,c=2	true
chat_allowed	tut=Line;chat=49:PlayPropose;a=1,b=1,c=3	true
chat_allowed	tut=Line;chat=49:PlayPropose;a=1,b=2,c=0	true
chat_allowed	tut=Line;chat=49:PlayPropose;a=1,b=2,c=1	true
chat_allowed	tut=Line;chat=49:PlayPropose;a=1,b=2,c=2	true
chat_allowed	tut=Line;chat=49:PlayPropose;a=1,b=2,c=3	true
chat_allowed	tut=Line;chat=49:PlayPropose;a=1,b=3,c=0	true
chat_allowed	tut=Line;chat=49:PlayPropose;a=1,b=3,c=1	true
chat_allowed	tut=Line;chat=49:PlayPropose;a=1,b=3,c=2	true
chat_allowed	tut=Line;chat=49:PlayPropose;a=1,b=3,c=3	true
chat_allowed	tut=Line;chat=49:PlayPropose;a=1,b=4,c=0	true
chat_allowed	tut=Line;chat=49:PlayPropose;a=1,b=4,c=1	true
chat_allowed	tut=Line;chat=49:PlayPropose;a=1,b=4,c=2	true
chat_allowed	tut=Line;chat=49:PlayPropose;a=1,b=4,c=3	true
chat_allowed	tut=Line;chat=49:PlayPropose;a=1,b=5,c=0	true
chat_allowed	tut=Line;chat=49:PlayPropose;a=1,b=5,c=1	true
chat_allowed	tut=Line;chat=49:PlayPropose;a=1,b=5,c=2	true
chat_allowed	tut=Line;chat=49:PlayPropose;a=1,b=5,c=3	true
chat_allowed	tut=Line;chat=49:PlayPropose;a=1,b=6,c=0	true
chat_allowed	tut=Line;chat=49:PlayPropose;a=1,b=6,c=1	true
chat_allowed	tut=Line;chat=49:PlayPropose;a=1,b=6,c=2	true
chat_allowed	tut=Line;chat=49:PlayPropose;a=1,b=6,c=3	true
chat_allowed	tut=Line;chat=49:PlayPropose;a=1,b=7,c=0	true
chat_allowed	tut=Line;chat=49:PlayPropose;a=1,b=7,c=1	true
chat_allowed	tut=Line;chat=49:PlayPropose;a=1,b=7,c=2	true
chat_allowed	tut=Line;chat=49:PlayPropose;a=1,b=7,c=3	true
chat_allowed	tut=Line;chat=49:PlayPropose;a=2,b=0,c=0	true
chat_allowed	tut=Line;chat=49:PlayPropose;a=2,b=0,c=1	true
chat_allowed	tut=Line;chat=49:PlayPropose;a=2,b=0,c=2	true
chat_allowed	tut=Line;chat=49:PlayPropose;a=2,b=0,c=3	true
chat_allowed	tut=Line;chat=49:PlayPropose;a=2,b=1,c=0	true
chat_allowed	tut=Line;chat=49:PlayPropose;a=2,b=1,c=1	true
chat_allowed	tut=Line;chat=49:PlayPropose;a=2,b=1,c=2	true
chat_allowed	tut=Line;chat=49:PlayPropose;a=2,b=1,c=3	true
chat_allowed	tut=Line;chat=49:PlayPropose;a=2,b=2,c=0	true
chat_allowed	tut=Line;chat=49:PlayPropose;a=2,b=2,c=1	true
chat_allowed	tut=Line;chat=49:PlayPropose;a=2,b=2,c=2	true
chat_allowed	tut=Line;chat=49:PlayPropose;a=2,b=2,c=3	true
chat_allowed	tut=Line;chat=49:PlayPropose;a=2,b=3,c=0	true
chat_allowed	tut=Line;chat=49:PlayPropose;a=2,b=3,c=1	true
chat_allowed	tut=Line;chat=49:PlayPropose;a=2,b=3,c=2	true
chat_allowed	tut=Line;chat=49:PlayPropose;a=2,b=3,c=3	true
chat_allowed	tut=Line;chat=49:PlayPropose;a=2,b=4,c=0	true
chat_allowed	tut=Line;chat=49:PlayPropose;a=2,b=4,c=1	true
chat_allowed	tut=Line;chat=49:PlayPropose;a=2,b=4,c=2	true
chat_allowed	tut=Line;chat=49:PlayPropose;a=2,b=4,c=3	true
chat_allowed	tut=Line;chat=49:PlayPropose;a=2,b=5,c=0	true
chat_allowed	tut=Line;chat=49:PlayPropose;a=2,b=5,c=1	true
chat_allowed	tut=Line;chat=49:PlayPropose;a=2,b=5,c=2	true
chat_allowed	tut=Line;chat=49:PlayPropose;a=2,b=5,c=3	true
chat_allowed	tut=Line;chat=49:PlayPropose;a=2,b=6,c=0	true
chat_allowed	tut=Line;chat=49:PlayPropose;a=2,b=6,c=1	true
chat_allowed	tut=Line;chat=49:PlayPropose;a=2,b=6,c=2	true
chat_allowed	tut=Line;chat=49:PlayPropose;a=2,b=6,c=3	true
chat_allowed	tut=Line;chat=49:PlayPropose;a=2,b=7,c=0	true
chat_allowed	tut=Line;chat=49:PlayPropose;a=2,b=7,c=1	true
chat_allowed	tut=Line;chat=49:PlayPropose;a=2,b=7,c=2	true
chat_allowed	tut=Line;chat=49:PlayPropose;a=2,b=7,c=3	true
chat_allowed	tut=Line;chat=49:PlayPropose;a=3,b=0,c=0	true
chat_allowed	tut=Line;chat=49:PlayPropose;a=3,b=0,c=1	true
chat_allowed	tut=Line;chat=49:PlayPropose;a=3,b=0,c=2	true
chat_allowed	tut=Line;chat=49:PlayPropose;a=3,b=0,c=3	true
chat_allowed	tut=Line;chat=49:PlayPropose;a=3,b=1,c=0	true
chat_allowed	tut=Line;chat=49:PlayPropose;a=3,b=1,c=1	true
chat_allowed	tut=Line;chat=49:PlayPropose;a=3,b=1,c=2	true
chat_allowed	tut=Line;chat=49:PlayPropose;a=3,b=1,c=3	true
chat_allowed	tut=Line;chat=49:PlayPropose;a=3,b=2,c=0	true
chat_allowed	tut=Line;chat=49:PlayPropose;a=3,b=2,c=1	true
chat_allowed	tut=Line;chat=49:PlayPropose;a=3,b=2,c=2	true
chat_allowed	tut=Line;chat=49:PlayPropose;a=3,b=2,c=3	true
chat_allowed	tut=Line;chat=49:PlayPropose;a=3,b=3,c=0	true
chat_allowed	tut=Line;chat=49:PlayPropose;a=3,b=3,c=1	true
chat_allowed	tut=Line;chat=49:PlayPropose;a=3,b=3,c=2	true
chat_allowed	tut=Line;chat=49:PlayPropose;a=3,b=3,c=3	true
chat_allowed	tut=Line;chat=49:PlayPropose;a=3,b=4,c=0	true
chat_allowed	tut=Line;chat=49:PlayPropose;a=3,b=4,c=1	true
chat_allowed	tut=Line;chat=49:PlayPropose;a=3,b=4,c=2	true
chat_allowed	tut=Line;chat=49:PlayPropose;a=3,b=4,c=3	true
chat_allowed	tut=Line;chat=49:PlayPropose;a=3,b=5,c=0	true
chat_allowed	tut=Line;chat=49:PlayPropose;a=3,b=5,c=1	true
chat_allowed	tut=Line;chat=49:PlayPropose;a=3,b=5,c=2	true
chat_allowed	tut=Line;chat=49:PlayPropose;a=3,b=5,c=3	true
chat_allowed	tut=Line;chat=49:PlayPropose;a=3,b=6,c=0	true
chat_allowed	tut=Line;chat=49:PlayPropose;a=3,b=6,c=1	true
chat_allowed	tut=Line;chat=49:PlayPropose;a=3,b=6,c=2	true
chat_allowed	tut=Line;chat=49:PlayPropose;a=3,b=6,c=3	true
chat_allowed	tut=Line;chat=49:PlayPropose;a=3,b=7,c=0	true
chat_allowed	tut=Line;chat=49:PlayPropose;a=3,b=7,c=1	true
chat_allowed	tut=Line;chat=49:PlayPropose;a=3,b=7,c=2	true
chat_allowed	tut=Line;chat=49:PlayPropose;a=3,b=7,c=3	true
chat_allowed	tut=Line;chat=49:PlayPropose;a=4,b=0,c=0	true
chat_allowed	tut=Line;chat=49:PlayPropose;a=4,b=0,c=1	true
chat_allowed	tut=Line;chat=49:PlayPropose;a=4,b=0,c=2	true
chat_allowed	tut=Line;chat=49:PlayPropose;a=4,b=0,c=3	true
chat_allowed	tut=Line;chat=49:PlayPropose;a=4,b=1,c=0	true
chat_allowed	tut=Line;chat=49:PlayPropose;a=4,b=1,c=1	true
chat_allowed	tut=Line;chat=49:PlayPropose;a=4,b=1,c=2	true
chat_allowed	tut=Line;chat=49:PlayPropose;a=4,b=1,c=3	true
chat_allowed	tut=Line;chat=49:PlayPropose;a=4,b=2,c=0	true
chat_allowed	tut=Line;chat=49:PlayPropose;a=4,b=2,c=1	true
chat_allowed	tut=Line;chat=49:PlayPropose;a=4,b=2,c=2	true
chat_allowed	tut=Line;chat=49:PlayPropose;a=4,b=2,c=3	true
chat_allowed	tut=Line;chat=49:PlayPropose;a=4,b=3,c=0	true
chat_allowed	tut=Line;chat=49:PlayPropose;a=4,b=3,c=1	true
chat_allowed	tut=Line;chat=49:PlayPropose;a=4,b=3,c=2	true
chat_allowed	tut=Line;chat=49:PlayPropose;a=4,b=3,c=3	true
chat_allowed	tut=Line;chat=49:PlayPropose;a=4,b=4,c=0	true
chat_allowed	tut=Line;chat=49:PlayPropose;a=4,b=4,c=1	true
chat_allowed	tut=Line;chat=49:PlayPropose;a=4,b=4,c=2	true
chat_allowed	tut=Line;chat=49:PlayPropose;a=4,b=4,c=3	true
chat_allowed	tut=Line;chat=49:PlayPropose;a=4,b=5,c=0	true
chat_allowed	tut=Line;chat=49:PlayPropose;a=4,b=5,c=1	true
chat_allowed	tut=Line;chat=49:PlayPropose;a=4,b=5,c=2	true
chat_allowed	tut=Line;chat=49:PlayPropose;a=4,b=5,c=3	true
chat_allowed	tut=Line;chat=49:PlayPropose;a=4,b=6,c=0	true
chat_allowed	tut=Line;chat=49:PlayPropose;a=4,b=6,c=1	true
chat_allowed	tut=Line;chat=49:PlayPropose;a=4,b=6,c=2	true
chat_allowed	tut=Line;chat=49:PlayPropose;a=4,b=6,c=3	true
chat_allowed	tut=Line;chat=49:PlayPropose;a=4,b=7,c=0	true
chat_allowed	tut=Line;chat=49:PlayPropose;a=4,b=7,c=1	true
chat_allowed	tut=Line;chat=49:PlayPropose;a=4,b=7,c=2	true
chat_allowed	tut=Line;chat=49:PlayPropose;a=4,b=7,c=3	true
chat_allowed	tut=Line;chat=49:PlayPropose;a=5,b=0,c=0	true
chat_allowed	tut=Line;chat=49:PlayPropose;a=5,b=0,c=1	true
chat_allowed	tut=Line;chat=49:PlayPropose;a=5,b=0,c=2	true
chat_allowed	tut=Line;chat=49:PlayPropose;a=5,b=0,c=3	true
chat_allowed	tut=Line;chat=49:PlayPropose;a=5,b=1,c=0	true
chat_allowed	tut=Line;chat=49:PlayPropose;a=5,b=1,c=1	true
chat_allowed	tut=Line;chat=49:PlayPropose;a=5,b=1,c=2	true
chat_allowed	tut=Line;chat=49:PlayPropose;a=5,b=1,c=3	true
chat_allowed	tut=Line;chat=49:PlayPropose;a=5,b=2,c=0	true
chat_allowed	tut=Line;chat=49:PlayPropose;a=5,b=2,c=1	true
chat_allowed	tut=Line;chat=49:PlayPropose;a=5,b=2,c=2	true
chat_allowed	tut=Line;chat=49:PlayPropose;a=5,b=2,c=3	true
chat_allowed	tut=Line;chat=49:PlayPropose;a=5,b=3,c=0	true
chat_allowed	tut=Line;chat=49:PlayPropose;a=5,b=3,c=1	true
chat_allowed	tut=Line;chat=49:PlayPropose;a=5,b=3,c=2	true
chat_allowed	tut=Line;chat=49:PlayPropose;a=5,b=3,c=3	true
chat_allowed	tut=Line;chat=49:PlayPropose;a=5,b=4,c=0	true
chat_allowed	tut=Line;chat=49:PlayPropose;a=5,b=4,c=1	true
chat_allowed	tut=Line;chat=49:PlayPropose;a=5,b=4,c=2	true
chat_allowed	tut=Line;chat=49:PlayPropose;a=5,b=4,c=3	true
chat_allowed	tut=Line;chat=49:PlayPropose;a=5,b=5,c=0	true
chat_allowed	tut=Line;chat=49:PlayPropose;a=5,b=5,c=1	true
chat_allowed	tut=Line;chat=49:PlayPropose;a=5,b=5,c=2	true
chat_allowed	tut=Line;chat=49:PlayPropose;a=5,b=5,c=3	true
chat_allowed	tut=Line;chat=49:PlayPropose;a=5,b=6,c=0	true
chat_allowed	tut=Line;chat=49:PlayPropose;a=5,b=6,c=1	true
chat_allowed	tut=Line;chat=49:PlayPropose;a=5,b=6,c=2	true
chat_allowed	tut=Line;chat=49:PlayPropose;a=5,b=6,c=3	true
chat_allowed	tut=Line;chat=49:PlayPropose;a=5,b=7,c=0	true
chat_allowed	tut=Line;chat=49:PlayPropose;a=5,b=7,c=1	true
chat_allowed	tut=Line;chat=49:PlayPropose;a=5,b=7,c=2	true
chat_allowed	tut=Line;chat=49:PlayPropose;a=5,b=7,c=3	true
chat_allowed	tut=Line;chat=49:PlayPropose;a=6,b=0,c=0	true
chat_allowed	tut=Line;chat=49:PlayPropose;a=6,b=0,c=1	true
chat_allowed	tut=Line;chat=49:PlayPropose;a=6,b=0,c=2	true
chat_allowed	tut=Line;chat=49:PlayPropose;a=6,b=0,c=3	true
chat_allowed	tut=Line;chat=49:PlayPropose;a=6,b=1,c=0	true
chat_allowed	tut=Line;chat=49:PlayPropose;a=6,b=1,c=1	true
chat_allowed	tut=Line;chat=49:PlayPropose;a=6,b=1,c=2	true
chat_allowed	tut=Line;chat=49:PlayPropose;a=6,b=1,c=3	true
chat_allowed	tut=Line;chat=49:PlayPropose;a=6,b=2,c=0	true
chat_allowed	tut=Line;chat=49:PlayPropose;a=6,b=2,c=1	true
chat_allowed	tut=Line;chat=49:PlayPropose;a=6,b=2,c=2	true
chat_allowed	tut=Line;chat=49:PlayPropose;a=6,b=2,c=3	true
chat_allowed	tut=Line;chat=49:PlayPropose;a=6,b=3,c=0	true
chat_allowed	tut=Line;chat=49:PlayPropose;a=6,b=3,c=1	true
chat_allowed	tut=Line;chat=49:PlayPropose;a=6,b=3,c=2	true
chat_allowed	tut=Line;chat=49:PlayPropose;a=6,b=3,c=3	true
chat_allowed	tut=Line;chat=49:PlayPropose;a=6,b=4,c=0	true
chat_allowed	tut=Line;chat=49:PlayPropose;a=6,b=4,c=1	true
chat_allowed	tut=Line;chat=49:PlayPropose;a=6,b=4,c=2	true
chat_allowed	tut=Line;chat=49:PlayPropose;a=6,b=4,c=3	true
chat_allowed	tut=Line;chat=49:PlayPropose;a=6,b=5,c=0	true
chat_allowed	tut=Line;chat=49:PlayPropose;a=6,b=5,c=1	true
chat_allowed	tut=Line;chat=49:PlayPropose;a=6,b=5,c=2	true
chat_allowed	tut=Line;chat=49:PlayPropose;a=6,b=5,c=3	true
chat_allowed	tut=Line;chat=49:PlayPropose;a=6,b=6,c=0	true
chat_allowed	tut=Line;chat=49:PlayPropose;a=6,b=6,c=1	true
chat_allowed	tut=Line;chat=49:PlayPropose;a=6,b=6,c=2	true
chat_allowed	tut=Line;chat=49:PlayPropose;a=6,b=6,c=3	true
chat_allowed	tut=Line;chat=49:PlayPropose;a=6,b=7,c=0	true
chat_allowed	tut=Line;chat=49:PlayPropose;a=6,b=7,c=1	true
chat_allowed	tut=Line;chat=49:PlayPropose;a=6,b=7,c=2	true
chat_allowed	tut=Line;chat=49:PlayPropose;a=6,b=7,c=3	true
chat_allowed	tut=Line;chat=49:PlayPropose;a=7,b=0,c=0	true
chat_allowed	tut=Line;chat=49:PlayPropose;a=7,b=0,c=1	true
chat_allowed	tut=Line;chat=49:PlayPropose;a=7,b=0,c=2	true
chat_allowed	tut=Line;chat=49:PlayPropose;a=7,b=0,c=3	true
chat_allowed	tut=Line;chat=49:PlayPropose;a=7,b=1,c=0	true
chat_allowed	tut=Line;chat=49:PlayPropose;a=7,b=1,c=1	true
chat_allowed	tut=Line;chat=49:PlayPropose;a=7,b=1,c=2	true
chat_allowed	tut=Line;chat=49:PlayPropose;a=7,b=1,c=3	true
chat_allowed	tut=Line;chat=49:PlayPropose;a=7,b=2,c=0	true
chat_allowed	tut=Line;chat=49:PlayPropose;a=7,b=2,c=1	true
chat_allowed	tut=Line;chat=49:PlayPropose;a=7,b=2,c=2	true
chat_allowed	tut=Line;chat=49:PlayPropose;a=7,b=2,c=3	true
chat_allowed	tut=Line;chat=49:PlayPropose;a=7,b=3,c=0	true
chat_allowed	tut=Line;chat=49:PlayPropose;a=7,b=3,c=1	true
chat_allowed	tut=Line;chat=49:PlayPropose;a=7,b=3,c=2	true
chat_allowed	tut=Line;chat=49:PlayPropose;a=7,b=3,c=3	true
chat_allowed	tut=Line;chat=49:PlayPropose;a=7,b=4,c=0	true
chat_allowed	tut=Line;chat=49:PlayPropose;a=7,b=4,c=1	true
chat_allowed	tut=Line;chat=49:PlayPropose;a=7,b=4,c=2	true
chat_allowed	tut=Line;chat=49:PlayPropose;a=7,b=4,c=3	true
chat_allowed	tut=Line;chat=49:PlayPropose;a=7,b=5,c=0	true
chat_allowed	tut=Line;chat=49:PlayPropose;a=7,b=5,c=1	true
chat_allowed	tut=Line;chat=49:PlayPropose;a=7,b=5,c=2	true
chat_allowed	tut=Line;chat=49:PlayPropose;a=7,b=5,c=3	true
chat_allowed	tut=Line;chat=49:PlayPropose;a=7,b=6,c=0	true
chat_allowed	tut=Line;chat=49:PlayPropose;a=7,b=6,c=1	true
chat_allowed	tut=Line;chat=49:PlayPropose;a=7,b=6,c=2	true
chat_allowed	tut=Line;chat=49:PlayPropose;a=7,b=6,c=3	true
chat_allowed	tut=Line;chat=49:PlayPropose;a=7,b=7,c=0	true
chat_allowed	tut=Line;chat=49:PlayPropose;a=7,b=7,c=1	true
chat_allowed	tut=Line;chat=49:PlayPropose;a=7,b=7,c=2	true
chat_allowed	tut=Line;chat=49:PlayPropose;a=7,b=7,c=3	true
chat_allowed	tut=Line;chat=50:GankPlan;line=Mid,a=0	true
chat_allowed	tut=Line;chat=50:GankPlan;line=Mid,a=1	true
chat_allowed	tut=Line;chat=50:GankPlan;line=Mid,a=2	true
chat_allowed	tut=Line;chat=50:GankPlan;line=Mid,a=3	true
chat_allowed	tut=Line;chat=50:GankPlan;line=Mid,a=4	true
chat_allowed	tut=Line;chat=50:GankPlan;line=Mid,a=5	true
chat_allowed	tut=Line;chat=50:GankPlan;line=Mid,a=6	true
chat_allowed	tut=Line;chat=50:GankPlan;line=Mid,a=7	true
chat_allowed	tut=Line;chat=50:GankPlan;line=Bottom,a=0	true
chat_allowed	tut=Line;chat=50:GankPlan;line=Bottom,a=1	true
chat_allowed	tut=Line;chat=50:GankPlan;line=Bottom,a=2	true
chat_allowed	tut=Line;chat=50:GankPlan;line=Bottom,a=3	true
chat_allowed	tut=Line;chat=50:GankPlan;line=Bottom,a=4	true
chat_allowed	tut=Line;chat=50:GankPlan;line=Bottom,a=5	true
chat_allowed	tut=Line;chat=50:GankPlan;line=Bottom,a=6	true
chat_allowed	tut=Line;chat=50:GankPlan;line=Bottom,a=7	true
chat_allowed	tut=Line;chat=50:GankPlan;line=Top,a=0	true
chat_allowed	tut=Line;chat=50:GankPlan;line=Top,a=1	true
chat_allowed	tut=Line;chat=50:GankPlan;line=Top,a=2	true
chat_allowed	tut=Line;chat=50:GankPlan;line=Top,a=3	true
chat_allowed	tut=Line;chat=50:GankPlan;line=Top,a=4	true
chat_allowed	tut=Line;chat=50:GankPlan;line=Top,a=5	true
chat_allowed	tut=Line;chat=50:GankPlan;line=Top,a=6	true
chat_allowed	tut=Line;chat=50:GankPlan;line=Top,a=7	true
chat_allowed	tut=Line;chat=51:EarlyPlan;a=0	true
chat_allowed	tut=Line;chat=51:EarlyPlan;a=1	true
chat_allowed	tut=Line;chat=51:EarlyPlan;a=2	true
chat_allowed	tut=Line;chat=51:EarlyPlan;a=3	true
chat_allowed	tut=Line;chat=51:EarlyPlan;a=4	false
chat_allowed	tut=Line;chat=51:EarlyPlan;a=5	true
chat_allowed	tut=Line;chat=51:EarlyPlan;a=6	true
chat_allowed	tut=Line;chat=51:EarlyPlan;a=7	true
chat_allowed	tut=Line;chat=52:EarlyPlanChange;a=0	true
chat_allowed	tut=Line;chat=52:EarlyPlanChange;a=1	true
chat_allowed	tut=Line;chat=52:EarlyPlanChange;a=2	true
chat_allowed	tut=Line;chat=52:EarlyPlanChange;a=3	true
chat_allowed	tut=Line;chat=52:EarlyPlanChange;a=4	true
chat_allowed	tut=Line;chat=52:EarlyPlanChange;a=5	true
chat_allowed	tut=Line;chat=52:EarlyPlanChange;a=6	true
chat_allowed	tut=Line;chat=52:EarlyPlanChange;a=7	true
chat_allowed	tut=Line;chat=53:AcceptAfterTask;a=0	true
chat_allowed	tut=Line;chat=53:AcceptAfterTask;a=1	true
chat_allowed	tut=Line;chat=53:AcceptAfterTask;a=2	true
chat_allowed	tut=Line;chat=53:AcceptAfterTask;a=3	true
chat_allowed	tut=Line;chat=53:AcceptAfterTask;a=4	true
chat_allowed	tut=Line;chat=53:AcceptAfterTask;a=5	true
chat_allowed	tut=Line;chat=53:AcceptAfterTask;a=6	true
chat_allowed	tut=Line;chat=53:AcceptAfterTask;a=7	true
chat_allowed	tut=Line;chat=54:DeclineWithReason;a=0	true
chat_allowed	tut=Line;chat=54:DeclineWithReason;a=1	true
chat_allowed	tut=Line;chat=54:DeclineWithReason;a=2	true
chat_allowed	tut=Line;chat=54:DeclineWithReason;a=3	true
chat_allowed	tut=Line;chat=54:DeclineWithReason;a=4	true
chat_allowed	tut=Line;chat=54:DeclineWithReason;a=5	true
chat_allowed	tut=Line;chat=54:DeclineWithReason;a=6	true
chat_allowed	tut=Line;chat=54:DeclineWithReason;a=7	true
chat_allowed	tut=Line;chat=56:ReadySignal;a=0	true
chat_allowed	tut=Line;chat=56:ReadySignal;a=1	true
chat_allowed	tut=Line;chat=56:ReadySignal;a=2	true
chat_allowed	tut=Line;chat=56:ReadySignal;a=3	true
chat_allowed	tut=Line;chat=56:ReadySignal;a=4	true
chat_allowed	tut=Line;chat=56:ReadySignal;a=5	true
chat_allowed	tut=Line;chat=56:ReadySignal;a=6	true
chat_allowed	tut=Line;chat=56:ReadySignal;a=7	true
chat_allowed	tut=Line;chat=55:CounterRequest;a=0,b=0	true
chat_allowed	tut=Line;chat=55:CounterRequest;a=0,b=1	true
chat_allowed	tut=Line;chat=55:CounterRequest;a=0,b=2	true
chat_allowed	tut=Line;chat=55:CounterRequest;a=0,b=3	true
chat_allowed	tut=Line;chat=55:CounterRequest;a=0,b=4	true
chat_allowed	tut=Line;chat=55:CounterRequest;a=0,b=5	true
chat_allowed	tut=Line;chat=55:CounterRequest;a=0,b=6	true
chat_allowed	tut=Line;chat=55:CounterRequest;a=0,b=7	true
chat_allowed	tut=Line;chat=55:CounterRequest;a=1,b=0	true
chat_allowed	tut=Line;chat=55:CounterRequest;a=1,b=1	true
chat_allowed	tut=Line;chat=55:CounterRequest;a=1,b=2	true
chat_allowed	tut=Line;chat=55:CounterRequest;a=1,b=3	true
chat_allowed	tut=Line;chat=55:CounterRequest;a=1,b=4	true
chat_allowed	tut=Line;chat=55:CounterRequest;a=1,b=5	true
chat_allowed	tut=Line;chat=55:CounterRequest;a=1,b=6	true
chat_allowed	tut=Line;chat=55:CounterRequest;a=1,b=7	true
chat_allowed	tut=Line;chat=55:CounterRequest;a=2,b=0	true
chat_allowed	tut=Line;chat=55:CounterRequest;a=2,b=1	true
chat_allowed	tut=Line;chat=55:CounterRequest;a=2,b=2	true
chat_allowed	tut=Line;chat=55:CounterRequest;a=2,b=3	true
chat_allowed	tut=Line;chat=55:CounterRequest;a=2,b=4	true
chat_allowed	tut=Line;chat=55:CounterRequest;a=2,b=5	true
chat_allowed	tut=Line;chat=55:CounterRequest;a=2,b=6	true
chat_allowed	tut=Line;chat=55:CounterRequest;a=2,b=7	true
chat_allowed	tut=Line;chat=55:CounterRequest;a=3,b=0	true
chat_allowed	tut=Line;chat=55:CounterRequest;a=3,b=1	true
chat_allowed	tut=Line;chat=55:CounterRequest;a=3,b=2	true
chat_allowed	tut=Line;chat=55:CounterRequest;a=3,b=3	true
chat_allowed	tut=Line;chat=55:CounterRequest;a=3,b=4	true
chat_allowed	tut=Line;chat=55:CounterRequest;a=3,b=5	true
chat_allowed	tut=Line;chat=55:CounterRequest;a=3,b=6	true
chat_allowed	tut=Line;chat=55:CounterRequest;a=3,b=7	true
chat_allowed	tut=Line;chat=55:CounterRequest;a=4,b=0	true
chat_allowed	tut=Line;chat=55:CounterRequest;a=4,b=1	true
chat_allowed	tut=Line;chat=55:CounterRequest;a=4,b=2	true
chat_allowed	tut=Line;chat=55:CounterRequest;a=4,b=3	true
chat_allowed	tut=Line;chat=55:CounterRequest;a=4,b=4	true
chat_allowed	tut=Line;chat=55:CounterRequest;a=4,b=5	true
chat_allowed	tut=Line;chat=55:CounterRequest;a=4,b=6	true
chat_allowed	tut=Line;chat=55:CounterRequest;a=4,b=7	true
chat_allowed	tut=Line;chat=55:CounterRequest;a=5,b=0	true
chat_allowed	tut=Line;chat=55:CounterRequest;a=5,b=1	true
chat_allowed	tut=Line;chat=55:CounterRequest;a=5,b=2	true
chat_allowed	tut=Line;chat=55:CounterRequest;a=5,b=3	true
chat_allowed	tut=Line;chat=55:CounterRequest;a=5,b=4	true
chat_allowed	tut=Line;chat=55:CounterRequest;a=5,b=5	true
chat_allowed	tut=Line;chat=55:CounterRequest;a=5,b=6	true
chat_allowed	tut=Line;chat=55:CounterRequest;a=5,b=7	true
chat_allowed	tut=Line;chat=55:CounterRequest;a=6,b=0	true
chat_allowed	tut=Line;chat=55:CounterRequest;a=6,b=1	true
chat_allowed	tut=Line;chat=55:CounterRequest;a=6,b=2	true
chat_allowed	tut=Line;chat=55:CounterRequest;a=6,b=3	true
chat_allowed	tut=Line;chat=55:CounterRequest;a=6,b=4	true
chat_allowed	tut=Line;chat=55:CounterRequest;a=6,b=5	true
chat_allowed	tut=Line;chat=55:CounterRequest;a=6,b=6	true
chat_allowed	tut=Line;chat=55:CounterRequest;a=6,b=7	true
chat_allowed	tut=Line;chat=55:CounterRequest;a=7,b=0	true
chat_allowed	tut=Line;chat=55:CounterRequest;a=7,b=1	true
chat_allowed	tut=Line;chat=55:CounterRequest;a=7,b=2	true
chat_allowed	tut=Line;chat=55:CounterRequest;a=7,b=3	true
chat_allowed	tut=Line;chat=55:CounterRequest;a=7,b=4	true
chat_allowed	tut=Line;chat=55:CounterRequest;a=7,b=5	true
chat_allowed	tut=Line;chat=55:CounterRequest;a=7,b=6	true
chat_allowed	tut=Line;chat=55:CounterRequest;a=7,b=7	true
valid_lines	tut=Total	Top,Mid,Bottom
line_exists	tut=Total;line=Mid	true
fallback_line	tut=Total;line=Mid	Mid
line_exists	tut=Total;line=Bottom	true
fallback_line	tut=Total;line=Bottom	Bottom
line_exists	tut=Total;line=Top	true
fallback_line	tut=Total;line=Top	Top
position_exists	tut=Total;pos=Top	true
position_exists	tut=Total;pos=Jungle	true
position_exists	tut=Total;pos=Mid	true
position_exists	tut=Total;pos=Bottom	true
position_exists	tut=Total;pos=Support	true
morgard_exists	tut=Total	true
serpen_exists	tut=Total	true
steal_target_allowed	tut=Total;tgt=Epic	true
steal_target_allowed	tut=Total;tgt=Serpen	true
steal_action_allowed	tut=Total;act=None	true
steal_action_allowed	tut=Total;act=Lurk(Epic)	true
steal_action_allowed	tut=Total;act=Lurk(Serpen)	true
steal_action_allowed	tut=Total;act=Commit(Epic)	true
steal_action_allowed	tut=Total;act=Commit(Serpen)	true
goal_allowed	tut=Total;goal=Line(Mid)	true
goal_allowed	tut=Total;goal=Line(Bottom)	true
goal_allowed	tut=Total;goal=Line(Top)	true
goal_allowed	tut=Total;goal=Jungle(Rhino,0)	true
goal_allowed	tut=Total;goal=Jungle(Rhino,1)	true
goal_allowed	tut=Total;goal=Jungle(Mushroom,0)	true
goal_allowed	tut=Total;goal=Jungle(Mushroom,1)	true
goal_allowed	tut=Total;goal=Jungle(Stump,0)	true
goal_allowed	tut=Total;goal=Jungle(Stump,1)	true
goal_allowed	tut=Total;goal=Jungle(Bee,0)	true
goal_allowed	tut=Total;goal=Jungle(Bee,1)	true
goal_allowed	tut=Total;goal=Jungle(Morgard,0)	true
goal_allowed	tut=Total;goal=Jungle(Morgard,1)	true
goal_allowed	tut=Total;goal=Jungle(Serpen,0)	true
goal_allowed	tut=Total;goal=Jungle(Serpen,1)	true
goal_allowed	tut=Total;goal=Epic	true
goal_allowed	tut=Total;goal=Serpen	true
goal_allowed	tut=Total;goal=Nexus(0)	true
goal_allowed	tut=Total;goal=Nexus(1)	true
goal_allowed	tut=Total;goal=Battle(None)	true
goal_allowed	tut=Total;goal=Battle(Some(0))	true
goal_allowed	tut=Total;goal=Recall	true
main_objective_allowed	tut=Total;mo=Morgard(ph=Setup,wb=false)	true
main_objective_allowed	tut=Total;mo=Morgard(ph=Setup,wb=true)	true
main_objective_allowed	tut=Total;mo=Morgard(ph=Assemble,wb=false)	true
main_objective_allowed	tut=Total;mo=Morgard(ph=Assemble,wb=true)	true
main_objective_allowed	tut=Total;mo=Morgard(ph=Hunt,wb=false)	true
main_objective_allowed	tut=Total;mo=Morgard(ph=Hunt,wb=true)	true
main_objective_allowed	tut=Total;mo=Morgard(ph=None,wb=false)	true
main_objective_allowed	tut=Total;mo=Morgard(ph=None,wb=true)	true
main_objective_allowed	tut=Total;mo=Serpen(ph=Setup,wb=false)	true
main_objective_allowed	tut=Total;mo=Serpen(ph=Setup,wb=true)	true
main_objective_allowed	tut=Total;mo=Serpen(ph=Assemble,wb=false)	true
main_objective_allowed	tut=Total;mo=Serpen(ph=Assemble,wb=true)	true
main_objective_allowed	tut=Total;mo=Serpen(ph=Hunt,wb=false)	true
main_objective_allowed	tut=Total;mo=Serpen(ph=Hunt,wb=true)	true
main_objective_allowed	tut=Total;mo=Serpen(ph=None,wb=false)	true
main_objective_allowed	tut=Total;mo=Serpen(ph=None,wb=true)	true
main_objective_allowed	tut=Total;mo=Defense	true
main_objective_allowed	tut=Total;mo=Repair	true
main_objective_allowed	tut=Total;mo=DefenseLine(Mid)	true
main_objective_allowed	tut=Total;mo=DefenseLine(Bottom)	true
main_objective_allowed	tut=Total;mo=DefenseLine(Top)	true
main_objective_allowed	tut=Total;mo=Nexus(Mid)	true
main_objective_allowed	tut=Total;mo=Nexus(Bottom)	true
main_objective_allowed	tut=Total;mo=Nexus(Top)	true
main_objective_allowed	tut=Total;mo=PressEpic(Mid)	true
main_objective_allowed	tut=Total;mo=PressEpic(Bottom)	true
main_objective_allowed	tut=Total;mo=PressEpic(Top)	true
main_objective_allowed	tut=Total;mo=SplitEpic(Mid)	true
main_objective_allowed	tut=Total;mo=SplitEpic(Bottom)	true
main_objective_allowed	tut=Total;mo=SplitEpic(Top)	true
main_objective_allowed	tut=Total;mo=Gank(Mid)	true
main_objective_allowed	tut=Total;mo=Gank(Bottom)	true
main_objective_allowed	tut=Total;mo=Gank(Top)	true
main_objective_allowed	tut=Total;mo=Dive(Mid)	true
main_objective_allowed	tut=Total;mo=Dive(Bottom)	true
main_objective_allowed	tut=Total;mo=Dive(Top)	true
main_objective_allowed	tut=Total;mo=PressTower(Mid)	true
main_objective_allowed	tut=Total;mo=PressTower(Bottom)	true
main_objective_allowed	tut=Total;mo=PressTower(Top)	true
main_objective_allowed	tut=Total;mo=ComebackPick(Mid,ready=false)	true
main_objective_allowed	tut=Total;mo=ComebackPick(Mid,ready=true)	true
main_objective_allowed	tut=Total;mo=ComebackPick(Bottom,ready=false)	true
main_objective_allowed	tut=Total;mo=ComebackPick(Bottom,ready=true)	true
main_objective_allowed	tut=Total;mo=ComebackPick(Top,ready=false)	true
main_objective_allowed	tut=Total;mo=ComebackPick(Top,ready=true)	true
sub_objective_allowed	tut=Total;so=LineBattle(Mid,dive=false)	true
sub_objective_allowed	tut=Total;so=LineBattle(Mid,dive=true)	true
sub_objective_allowed	tut=Total;so=LineBattle(Bottom,dive=false)	true
sub_objective_allowed	tut=Total;so=LineBattle(Bottom,dive=true)	true
sub_objective_allowed	tut=Total;so=LineBattle(Top,dive=false)	true
sub_objective_allowed	tut=Total;so=LineBattle(Top,dive=true)	true
sub_objective_allowed	tut=Total;so=JungleBattle(Rhino,0)	true
sub_objective_allowed	tut=Total;so=JungleBattle(Rhino,1)	true
sub_objective_allowed	tut=Total;so=JungleBattle(Mushroom,0)	true
sub_objective_allowed	tut=Total;so=JungleBattle(Mushroom,1)	true
sub_objective_allowed	tut=Total;so=JungleBattle(Stump,0)	true
sub_objective_allowed	tut=Total;so=JungleBattle(Stump,1)	true
sub_objective_allowed	tut=Total;so=JungleBattle(Bee,0)	true
sub_objective_allowed	tut=Total;so=JungleBattle(Bee,1)	true
sub_objective_allowed	tut=Total;so=JungleBattle(Morgard,0)	true
sub_objective_allowed	tut=Total;so=JungleBattle(Morgard,1)	true
sub_objective_allowed	tut=Total;so=JungleBattle(Serpen,0)	true
sub_objective_allowed	tut=Total;so=JungleBattle(Serpen,1)	true
chat_allowed	tut=Total;chat=0:Start	true
chat_allowed	tut=Total;chat=1:Mia;pos=Top	true
chat_allowed	tut=Total;chat=1:Mia;pos=Jungle	true
chat_allowed	tut=Total;chat=1:Mia;pos=Mid	true
chat_allowed	tut=Total;chat=1:Mia;pos=Bottom	true
chat_allowed	tut=Total;chat=1:Mia;pos=Support	true
chat_allowed	tut=Total;chat=2:JungleCheck;line=Mid	true
chat_allowed	tut=Total;chat=2:JungleCheck;line=Bottom	true
chat_allowed	tut=Total;chat=2:JungleCheck;line=Top	true
chat_allowed	tut=Total;chat=3:Battle	true
chat_allowed	tut=Total;chat=4:BattleDive	true
chat_allowed	tut=Total;chat=5:BattleLine;line=Mid	true
chat_allowed	tut=Total;chat=5:BattleLine;line=Bottom	true
chat_allowed	tut=Total;chat=5:BattleLine;line=Top	true
chat_allowed	tut=Total;chat=6:BattleHelp	true
chat_allowed	tut=Total;chat=7:BattleStop;r=TowerFocused	true
chat_allowed	tut=Total;chat=7:BattleStop;r=TowerDiveFail	true
chat_allowed	tut=Total;chat=7:BattleStop;r=Outnumbered	true
chat_allowed	tut=Total;chat=7:BattleStop;r=LowHp	true
chat_allowed	tut=Total;chat=7:BattleStop;r=BurstRisk	true
chat_allowed	tut=Total;chat=7:BattleStop;r=LowHpMatch	true
chat_allowed	tut=Total;chat=8:GankRequest;line=Mid	true
chat_allowed	tut=Total;chat=8:GankRequest;line=Bottom	true
chat_allowed	tut=Total;chat=8:GankRequest;line=Top	true
chat_allowed	tut=Total;chat=9:CoverLine;line=Mid	true
chat_allowed	tut=Total;chat=9:CoverLine;line=Bottom	true
chat_allowed	tut=Total;chat=9:CoverLine;line=Top	true
chat_allowed	tut=Total;chat=10:GankLineCover;line=Mid	true
chat_allowed	tut=Total;chat=10:GankLineCover;line=Bottom	true
chat_allowed	tut=Total;chat=10:GankLineCover;line=Top	true
chat_allowed	tut=Total;chat=11:HideLine;line=Mid	true
chat_allowed	tut=Total;chat=11:HideLine;line=Bottom	true
chat_allowed	tut=Total;chat=11:HideLine;line=Top	true
chat_allowed	tut=Total;chat=12:HideLineToo;line=Mid	true
chat_allowed	tut=Total;chat=12:HideLineToo;line=Bottom	true
chat_allowed	tut=Total;chat=12:HideLineToo;line=Top	true
chat_allowed	tut=Total;chat=13:LineCover;line=Mid	true
chat_allowed	tut=Total;chat=13:LineCover;line=Bottom	true
chat_allowed	tut=Total;chat=13:LineCover;line=Top	true
chat_allowed	tut=Total;chat=14:DefenseLine;line=Mid	true
chat_allowed	tut=Total;chat=14:DefenseLine;line=Bottom	true
chat_allowed	tut=Total;chat=14:DefenseLine;line=Top	true
chat_allowed	tut=Total;chat=15:Ok	true
chat_allowed	tut=Total;chat=16:Reject	true
chat_allowed	tut=Total;chat=17:Cancel;r=LowHpSelf	true
chat_allowed	tut=Total;chat=17:Cancel;r=LowHpAlly	true
chat_allowed	tut=Total;chat=17:Cancel;r=TargetMissing	true
chat_allowed	tut=Total;chat=17:Cancel;r=PlanChange	true
chat_allowed	tut=Total;chat=17:Cancel;r=OperationAbort	true
chat_allowed	tut=Total;chat=18:CounterJungle;camp=Rhino	true
chat_allowed	tut=Total;chat=18:CounterJungle;camp=Mushroom	true
chat_allowed	tut=Total;chat=18:CounterJungle;camp=Stump	true
chat_allowed	tut=Total;chat=18:CounterJungle;camp=Bee	true
chat_allowed	tut=Total;chat=18:CounterJungle;camp=Morgard	true
chat_allowed	tut=Total;chat=18:CounterJungle;camp=Serpen	true
chat_allowed	tut=Total;chat=19:Lead	true
chat_allowed	tut=Total;chat=20:Split;line=Mid	true
chat_allowed	tut=Total;chat=20:Split;line=Bottom	true
chat_allowed	tut=Total;chat=20:Split;line=Top	true
chat_allowed	tut=Total;chat=21:Press;line=Mid	true
chat_allowed	tut=Total;chat=21:Press;line=Bottom	true
chat_allowed	tut=Total;chat=21:Press;line=Top	true
chat_allowed	tut=Total;chat=22:PressChange;line=Mid	true
chat_allowed	tut=Total;chat=22:PressChange;line=Bottom	true
chat_allowed	tut=Total;chat=22:PressChange;line=Top	true
chat_allowed	tut=Total;chat=23:Repair	true
chat_allowed	tut=Total;chat=24:SerpenPrepare	true
chat_allowed	tut=Total;chat=25:SerpenSetup	true
chat_allowed	tut=Total;chat=26:SerpenCheck	true
chat_allowed	tut=Total;chat=27:SerpenEnemyHunt	true
chat_allowed	tut=Total;chat=28:SerpenAssemble	true
chat_allowed	tut=Total;chat=29:SerpenHunt	true
chat_allowed	tut=Total;chat=30:SerpenBattle	true
chat_allowed	tut=Total;chat=31:SerpenGiveUp;r=StackAhead	true
chat_allowed	tut=Total;chat=31:SerpenGiveUp;r=Outnumbered	true
chat_allowed	tut=Total;chat=32:SerpenSteal;k=Lurk	true
chat_allowed	tut=Total;chat=32:SerpenSteal;k=Commit	true
chat_allowed	tut=Total;chat=33:MorgardPrepare	true
chat_allowed	tut=Total;chat=34:MorgardSetup	true
chat_allowed	tut=Total;chat=35:MorgardCheck	true
chat_allowed	tut=Total;chat=36:MorgardEnemyHunt	true
chat_allowed	tut=Total;chat=37:MorgardAssemble	true
chat_allowed	tut=Total;chat=38:MorgardHunt	true
chat_allowed	tut=Total;chat=39:MorgardBattle	true
chat_allowed	tut=Total;chat=40:MorgardGiveUp	true
chat_allowed	tut=Total;chat=41:MorgardSteal;k=Lurk	true
chat_allowed	tut=Total;chat=41:MorgardSteal;k=Commit	true
chat_allowed	tut=Total;chat=42:AttackNexus;line=Mid	true
chat_allowed	tut=Total;chat=42:AttackNexus;line=Bottom	true
chat_allowed	tut=Total;chat=42:AttackNexus;line=Top	true
chat_allowed	tut=Total;chat=43:DefenseNexus	true
chat_allowed	tut=Total;chat=44:GankDive;line=Mid	true
chat_allowed	tut=Total;chat=44:GankDive;line=Bottom	true
chat_allowed	tut=Total;chat=44:GankDive;line=Top	true
chat_allowed	tut=Total;chat=45:PressTower;line=Mid	true
chat_allowed	tut=Total;chat=45:PressTower;line=Bottom	true
chat_allowed	tut=Total;chat=45:PressTower;line=Top	true
chat_allowed	tut=Total;chat=46:ComebackPick;line=Mid	true
chat_allowed	tut=Total;chat=46:ComebackPick;line=Bottom	true
chat_allowed	tut=Total;chat=46:ComebackPick;line=Top	true
chat_allowed	tut=Total;chat=47:PlayCall;a=0,b=0	true
chat_allowed	tut=Total;chat=47:PlayCall;a=0,b=1	true
chat_allowed	tut=Total;chat=47:PlayCall;a=0,b=2	true
chat_allowed	tut=Total;chat=47:PlayCall;a=0,b=3	true
chat_allowed	tut=Total;chat=47:PlayCall;a=0,b=4	true
chat_allowed	tut=Total;chat=47:PlayCall;a=0,b=5	true
chat_allowed	tut=Total;chat=47:PlayCall;a=0,b=6	true
chat_allowed	tut=Total;chat=47:PlayCall;a=0,b=7	true
chat_allowed	tut=Total;chat=47:PlayCall;a=1,b=0	true
chat_allowed	tut=Total;chat=47:PlayCall;a=1,b=1	true
chat_allowed	tut=Total;chat=47:PlayCall;a=1,b=2	true
chat_allowed	tut=Total;chat=47:PlayCall;a=1,b=3	true
chat_allowed	tut=Total;chat=47:PlayCall;a=1,b=4	true
chat_allowed	tut=Total;chat=47:PlayCall;a=1,b=5	true
chat_allowed	tut=Total;chat=47:PlayCall;a=1,b=6	true
chat_allowed	tut=Total;chat=47:PlayCall;a=1,b=7	true
chat_allowed	tut=Total;chat=47:PlayCall;a=2,b=0	true
chat_allowed	tut=Total;chat=47:PlayCall;a=2,b=1	true
chat_allowed	tut=Total;chat=47:PlayCall;a=2,b=2	true
chat_allowed	tut=Total;chat=47:PlayCall;a=2,b=3	true
chat_allowed	tut=Total;chat=47:PlayCall;a=2,b=4	true
chat_allowed	tut=Total;chat=47:PlayCall;a=2,b=5	true
chat_allowed	tut=Total;chat=47:PlayCall;a=2,b=6	true
chat_allowed	tut=Total;chat=47:PlayCall;a=2,b=7	true
chat_allowed	tut=Total;chat=47:PlayCall;a=3,b=0	true
chat_allowed	tut=Total;chat=47:PlayCall;a=3,b=1	true
chat_allowed	tut=Total;chat=47:PlayCall;a=3,b=2	true
chat_allowed	tut=Total;chat=47:PlayCall;a=3,b=3	true
chat_allowed	tut=Total;chat=47:PlayCall;a=3,b=4	true
chat_allowed	tut=Total;chat=47:PlayCall;a=3,b=5	true
chat_allowed	tut=Total;chat=47:PlayCall;a=3,b=6	true
chat_allowed	tut=Total;chat=47:PlayCall;a=3,b=7	true
chat_allowed	tut=Total;chat=47:PlayCall;a=4,b=0	true
chat_allowed	tut=Total;chat=47:PlayCall;a=4,b=1	true
chat_allowed	tut=Total;chat=47:PlayCall;a=4,b=2	true
chat_allowed	tut=Total;chat=47:PlayCall;a=4,b=3	true
chat_allowed	tut=Total;chat=47:PlayCall;a=4,b=4	true
chat_allowed	tut=Total;chat=47:PlayCall;a=4,b=5	true
chat_allowed	tut=Total;chat=47:PlayCall;a=4,b=6	true
chat_allowed	tut=Total;chat=47:PlayCall;a=4,b=7	true
chat_allowed	tut=Total;chat=47:PlayCall;a=5,b=0	true
chat_allowed	tut=Total;chat=47:PlayCall;a=5,b=1	true
chat_allowed	tut=Total;chat=47:PlayCall;a=5,b=2	true
chat_allowed	tut=Total;chat=47:PlayCall;a=5,b=3	true
chat_allowed	tut=Total;chat=47:PlayCall;a=5,b=4	true
chat_allowed	tut=Total;chat=47:PlayCall;a=5,b=5	true
chat_allowed	tut=Total;chat=47:PlayCall;a=5,b=6	true
chat_allowed	tut=Total;chat=47:PlayCall;a=5,b=7	true
chat_allowed	tut=Total;chat=47:PlayCall;a=6,b=0	true
chat_allowed	tut=Total;chat=47:PlayCall;a=6,b=1	true
chat_allowed	tut=Total;chat=47:PlayCall;a=6,b=2	true
chat_allowed	tut=Total;chat=47:PlayCall;a=6,b=3	true
chat_allowed	tut=Total;chat=47:PlayCall;a=6,b=4	true
chat_allowed	tut=Total;chat=47:PlayCall;a=6,b=5	true
chat_allowed	tut=Total;chat=47:PlayCall;a=6,b=6	true
chat_allowed	tut=Total;chat=47:PlayCall;a=6,b=7	true
chat_allowed	tut=Total;chat=47:PlayCall;a=7,b=0	true
chat_allowed	tut=Total;chat=47:PlayCall;a=7,b=1	true
chat_allowed	tut=Total;chat=47:PlayCall;a=7,b=2	true
chat_allowed	tut=Total;chat=47:PlayCall;a=7,b=3	true
chat_allowed	tut=Total;chat=47:PlayCall;a=7,b=4	true
chat_allowed	tut=Total;chat=47:PlayCall;a=7,b=5	true
chat_allowed	tut=Total;chat=47:PlayCall;a=7,b=6	true
chat_allowed	tut=Total;chat=47:PlayCall;a=7,b=7	true
chat_allowed	tut=Total;chat=48:PlayPhaseChange;a=0,b=0	true
chat_allowed	tut=Total;chat=48:PlayPhaseChange;a=0,b=1	true
chat_allowed	tut=Total;chat=48:PlayPhaseChange;a=0,b=2	true
chat_allowed	tut=Total;chat=48:PlayPhaseChange;a=0,b=3	true
chat_allowed	tut=Total;chat=48:PlayPhaseChange;a=0,b=4	true
chat_allowed	tut=Total;chat=48:PlayPhaseChange;a=0,b=5	true
chat_allowed	tut=Total;chat=48:PlayPhaseChange;a=0,b=6	true
chat_allowed	tut=Total;chat=48:PlayPhaseChange;a=0,b=7	true
chat_allowed	tut=Total;chat=48:PlayPhaseChange;a=1,b=0	true
chat_allowed	tut=Total;chat=48:PlayPhaseChange;a=1,b=1	true
chat_allowed	tut=Total;chat=48:PlayPhaseChange;a=1,b=2	true
chat_allowed	tut=Total;chat=48:PlayPhaseChange;a=1,b=3	true
chat_allowed	tut=Total;chat=48:PlayPhaseChange;a=1,b=4	true
chat_allowed	tut=Total;chat=48:PlayPhaseChange;a=1,b=5	true
chat_allowed	tut=Total;chat=48:PlayPhaseChange;a=1,b=6	true
chat_allowed	tut=Total;chat=48:PlayPhaseChange;a=1,b=7	true
chat_allowed	tut=Total;chat=48:PlayPhaseChange;a=2,b=0	true
chat_allowed	tut=Total;chat=48:PlayPhaseChange;a=2,b=1	true
chat_allowed	tut=Total;chat=48:PlayPhaseChange;a=2,b=2	true
chat_allowed	tut=Total;chat=48:PlayPhaseChange;a=2,b=3	true
chat_allowed	tut=Total;chat=48:PlayPhaseChange;a=2,b=4	true
chat_allowed	tut=Total;chat=48:PlayPhaseChange;a=2,b=5	true
chat_allowed	tut=Total;chat=48:PlayPhaseChange;a=2,b=6	true
chat_allowed	tut=Total;chat=48:PlayPhaseChange;a=2,b=7	true
chat_allowed	tut=Total;chat=48:PlayPhaseChange;a=3,b=0	true
chat_allowed	tut=Total;chat=48:PlayPhaseChange;a=3,b=1	true
chat_allowed	tut=Total;chat=48:PlayPhaseChange;a=3,b=2	true
chat_allowed	tut=Total;chat=48:PlayPhaseChange;a=3,b=3	true
chat_allowed	tut=Total;chat=48:PlayPhaseChange;a=3,b=4	true
chat_allowed	tut=Total;chat=48:PlayPhaseChange;a=3,b=5	true
chat_allowed	tut=Total;chat=48:PlayPhaseChange;a=3,b=6	true
chat_allowed	tut=Total;chat=48:PlayPhaseChange;a=3,b=7	true
chat_allowed	tut=Total;chat=48:PlayPhaseChange;a=4,b=0	true
chat_allowed	tut=Total;chat=48:PlayPhaseChange;a=4,b=1	true
chat_allowed	tut=Total;chat=48:PlayPhaseChange;a=4,b=2	true
chat_allowed	tut=Total;chat=48:PlayPhaseChange;a=4,b=3	true
chat_allowed	tut=Total;chat=48:PlayPhaseChange;a=4,b=4	true
chat_allowed	tut=Total;chat=48:PlayPhaseChange;a=4,b=5	true
chat_allowed	tut=Total;chat=48:PlayPhaseChange;a=4,b=6	true
chat_allowed	tut=Total;chat=48:PlayPhaseChange;a=4,b=7	true
chat_allowed	tut=Total;chat=48:PlayPhaseChange;a=5,b=0	true
chat_allowed	tut=Total;chat=48:PlayPhaseChange;a=5,b=1	true
chat_allowed	tut=Total;chat=48:PlayPhaseChange;a=5,b=2	true
chat_allowed	tut=Total;chat=48:PlayPhaseChange;a=5,b=3	true
chat_allowed	tut=Total;chat=48:PlayPhaseChange;a=5,b=4	true
chat_allowed	tut=Total;chat=48:PlayPhaseChange;a=5,b=5	true
chat_allowed	tut=Total;chat=48:PlayPhaseChange;a=5,b=6	true
chat_allowed	tut=Total;chat=48:PlayPhaseChange;a=5,b=7	true
chat_allowed	tut=Total;chat=48:PlayPhaseChange;a=6,b=0	true
chat_allowed	tut=Total;chat=48:PlayPhaseChange;a=6,b=1	true
chat_allowed	tut=Total;chat=48:PlayPhaseChange;a=6,b=2	true
chat_allowed	tut=Total;chat=48:PlayPhaseChange;a=6,b=3	true
chat_allowed	tut=Total;chat=48:PlayPhaseChange;a=6,b=4	true
chat_allowed	tut=Total;chat=48:PlayPhaseChange;a=6,b=5	true
chat_allowed	tut=Total;chat=48:PlayPhaseChange;a=6,b=6	true
chat_allowed	tut=Total;chat=48:PlayPhaseChange;a=6,b=7	true
chat_allowed	tut=Total;chat=48:PlayPhaseChange;a=7,b=0	true
chat_allowed	tut=Total;chat=48:PlayPhaseChange;a=7,b=1	true
chat_allowed	tut=Total;chat=48:PlayPhaseChange;a=7,b=2	true
chat_allowed	tut=Total;chat=48:PlayPhaseChange;a=7,b=3	true
chat_allowed	tut=Total;chat=48:PlayPhaseChange;a=7,b=4	true
chat_allowed	tut=Total;chat=48:PlayPhaseChange;a=7,b=5	true
chat_allowed	tut=Total;chat=48:PlayPhaseChange;a=7,b=6	true
chat_allowed	tut=Total;chat=48:PlayPhaseChange;a=7,b=7	true
chat_allowed	tut=Total;chat=49:PlayPropose;a=0,b=0,c=0	true
chat_allowed	tut=Total;chat=49:PlayPropose;a=0,b=0,c=1	true
chat_allowed	tut=Total;chat=49:PlayPropose;a=0,b=0,c=2	true
chat_allowed	tut=Total;chat=49:PlayPropose;a=0,b=0,c=3	true
chat_allowed	tut=Total;chat=49:PlayPropose;a=0,b=1,c=0	true
chat_allowed	tut=Total;chat=49:PlayPropose;a=0,b=1,c=1	true
chat_allowed	tut=Total;chat=49:PlayPropose;a=0,b=1,c=2	true
chat_allowed	tut=Total;chat=49:PlayPropose;a=0,b=1,c=3	true
chat_allowed	tut=Total;chat=49:PlayPropose;a=0,b=2,c=0	true
chat_allowed	tut=Total;chat=49:PlayPropose;a=0,b=2,c=1	true
chat_allowed	tut=Total;chat=49:PlayPropose;a=0,b=2,c=2	true
chat_allowed	tut=Total;chat=49:PlayPropose;a=0,b=2,c=3	true
chat_allowed	tut=Total;chat=49:PlayPropose;a=0,b=3,c=0	true
chat_allowed	tut=Total;chat=49:PlayPropose;a=0,b=3,c=1	true
chat_allowed	tut=Total;chat=49:PlayPropose;a=0,b=3,c=2	true
chat_allowed	tut=Total;chat=49:PlayPropose;a=0,b=3,c=3	true
chat_allowed	tut=Total;chat=49:PlayPropose;a=0,b=4,c=0	true
chat_allowed	tut=Total;chat=49:PlayPropose;a=0,b=4,c=1	true
chat_allowed	tut=Total;chat=49:PlayPropose;a=0,b=4,c=2	true
chat_allowed	tut=Total;chat=49:PlayPropose;a=0,b=4,c=3	true
chat_allowed	tut=Total;chat=49:PlayPropose;a=0,b=5,c=0	true
chat_allowed	tut=Total;chat=49:PlayPropose;a=0,b=5,c=1	true
chat_allowed	tut=Total;chat=49:PlayPropose;a=0,b=5,c=2	true
chat_allowed	tut=Total;chat=49:PlayPropose;a=0,b=5,c=3	true
chat_allowed	tut=Total;chat=49:PlayPropose;a=0,b=6,c=0	true
chat_allowed	tut=Total;chat=49:PlayPropose;a=0,b=6,c=1	true
chat_allowed	tut=Total;chat=49:PlayPropose;a=0,b=6,c=2	true
chat_allowed	tut=Total;chat=49:PlayPropose;a=0,b=6,c=3	true
chat_allowed	tut=Total;chat=49:PlayPropose;a=0,b=7,c=0	true
chat_allowed	tut=Total;chat=49:PlayPropose;a=0,b=7,c=1	true
chat_allowed	tut=Total;chat=49:PlayPropose;a=0,b=7,c=2	true
chat_allowed	tut=Total;chat=49:PlayPropose;a=0,b=7,c=3	true
chat_allowed	tut=Total;chat=49:PlayPropose;a=1,b=0,c=0	true
chat_allowed	tut=Total;chat=49:PlayPropose;a=1,b=0,c=1	true
chat_allowed	tut=Total;chat=49:PlayPropose;a=1,b=0,c=2	true
chat_allowed	tut=Total;chat=49:PlayPropose;a=1,b=0,c=3	true
chat_allowed	tut=Total;chat=49:PlayPropose;a=1,b=1,c=0	true
chat_allowed	tut=Total;chat=49:PlayPropose;a=1,b=1,c=1	true
chat_allowed	tut=Total;chat=49:PlayPropose;a=1,b=1,c=2	true
chat_allowed	tut=Total;chat=49:PlayPropose;a=1,b=1,c=3	true
chat_allowed	tut=Total;chat=49:PlayPropose;a=1,b=2,c=0	true
chat_allowed	tut=Total;chat=49:PlayPropose;a=1,b=2,c=1	true
chat_allowed	tut=Total;chat=49:PlayPropose;a=1,b=2,c=2	true
chat_allowed	tut=Total;chat=49:PlayPropose;a=1,b=2,c=3	true
chat_allowed	tut=Total;chat=49:PlayPropose;a=1,b=3,c=0	true
chat_allowed	tut=Total;chat=49:PlayPropose;a=1,b=3,c=1	true
chat_allowed	tut=Total;chat=49:PlayPropose;a=1,b=3,c=2	true
chat_allowed	tut=Total;chat=49:PlayPropose;a=1,b=3,c=3	true
chat_allowed	tut=Total;chat=49:PlayPropose;a=1,b=4,c=0	true
chat_allowed	tut=Total;chat=49:PlayPropose;a=1,b=4,c=1	true
chat_allowed	tut=Total;chat=49:PlayPropose;a=1,b=4,c=2	true
chat_allowed	tut=Total;chat=49:PlayPropose;a=1,b=4,c=3	true
chat_allowed	tut=Total;chat=49:PlayPropose;a=1,b=5,c=0	true
chat_allowed	tut=Total;chat=49:PlayPropose;a=1,b=5,c=1	true
chat_allowed	tut=Total;chat=49:PlayPropose;a=1,b=5,c=2	true
chat_allowed	tut=Total;chat=49:PlayPropose;a=1,b=5,c=3	true
chat_allowed	tut=Total;chat=49:PlayPropose;a=1,b=6,c=0	true
chat_allowed	tut=Total;chat=49:PlayPropose;a=1,b=6,c=1	true
chat_allowed	tut=Total;chat=49:PlayPropose;a=1,b=6,c=2	true
chat_allowed	tut=Total;chat=49:PlayPropose;a=1,b=6,c=3	true
chat_allowed	tut=Total;chat=49:PlayPropose;a=1,b=7,c=0	true
chat_allowed	tut=Total;chat=49:PlayPropose;a=1,b=7,c=1	true
chat_allowed	tut=Total;chat=49:PlayPropose;a=1,b=7,c=2	true
chat_allowed	tut=Total;chat=49:PlayPropose;a=1,b=7,c=3	true
chat_allowed	tut=Total;chat=49:PlayPropose;a=2,b=0,c=0	true
chat_allowed	tut=Total;chat=49:PlayPropose;a=2,b=0,c=1	true
chat_allowed	tut=Total;chat=49:PlayPropose;a=2,b=0,c=2	true
chat_allowed	tut=Total;chat=49:PlayPropose;a=2,b=0,c=3	true
chat_allowed	tut=Total;chat=49:PlayPropose;a=2,b=1,c=0	true
chat_allowed	tut=Total;chat=49:PlayPropose;a=2,b=1,c=1	true
chat_allowed	tut=Total;chat=49:PlayPropose;a=2,b=1,c=2	true
chat_allowed	tut=Total;chat=49:PlayPropose;a=2,b=1,c=3	true
chat_allowed	tut=Total;chat=49:PlayPropose;a=2,b=2,c=0	true
chat_allowed	tut=Total;chat=49:PlayPropose;a=2,b=2,c=1	true
chat_allowed	tut=Total;chat=49:PlayPropose;a=2,b=2,c=2	true
chat_allowed	tut=Total;chat=49:PlayPropose;a=2,b=2,c=3	true
chat_allowed	tut=Total;chat=49:PlayPropose;a=2,b=3,c=0	true
chat_allowed	tut=Total;chat=49:PlayPropose;a=2,b=3,c=1	true
chat_allowed	tut=Total;chat=49:PlayPropose;a=2,b=3,c=2	true
chat_allowed	tut=Total;chat=49:PlayPropose;a=2,b=3,c=3	true
chat_allowed	tut=Total;chat=49:PlayPropose;a=2,b=4,c=0	true
chat_allowed	tut=Total;chat=49:PlayPropose;a=2,b=4,c=1	true
chat_allowed	tut=Total;chat=49:PlayPropose;a=2,b=4,c=2	true
chat_allowed	tut=Total;chat=49:PlayPropose;a=2,b=4,c=3	true
chat_allowed	tut=Total;chat=49:PlayPropose;a=2,b=5,c=0	true
chat_allowed	tut=Total;chat=49:PlayPropose;a=2,b=5,c=1	true
chat_allowed	tut=Total;chat=49:PlayPropose;a=2,b=5,c=2	true
chat_allowed	tut=Total;chat=49:PlayPropose;a=2,b=5,c=3	true
chat_allowed	tut=Total;chat=49:PlayPropose;a=2,b=6,c=0	true
chat_allowed	tut=Total;chat=49:PlayPropose;a=2,b=6,c=1	true
chat_allowed	tut=Total;chat=49:PlayPropose;a=2,b=6,c=2	true
chat_allowed	tut=Total;chat=49:PlayPropose;a=2,b=6,c=3	true
chat_allowed	tut=Total;chat=49:PlayPropose;a=2,b=7,c=0	true
chat_allowed	tut=Total;chat=49:PlayPropose;a=2,b=7,c=1	true
chat_allowed	tut=Total;chat=49:PlayPropose;a=2,b=7,c=2	true
chat_allowed	tut=Total;chat=49:PlayPropose;a=2,b=7,c=3	true
chat_allowed	tut=Total;chat=49:PlayPropose;a=3,b=0,c=0	true
chat_allowed	tut=Total;chat=49:PlayPropose;a=3,b=0,c=1	true
chat_allowed	tut=Total;chat=49:PlayPropose;a=3,b=0,c=2	true
chat_allowed	tut=Total;chat=49:PlayPropose;a=3,b=0,c=3	true
chat_allowed	tut=Total;chat=49:PlayPropose;a=3,b=1,c=0	true
chat_allowed	tut=Total;chat=49:PlayPropose;a=3,b=1,c=1	true
chat_allowed	tut=Total;chat=49:PlayPropose;a=3,b=1,c=2	true
chat_allowed	tut=Total;chat=49:PlayPropose;a=3,b=1,c=3	true
chat_allowed	tut=Total;chat=49:PlayPropose;a=3,b=2,c=0	true
chat_allowed	tut=Total;chat=49:PlayPropose;a=3,b=2,c=1	true
chat_allowed	tut=Total;chat=49:PlayPropose;a=3,b=2,c=2	true
chat_allowed	tut=Total;chat=49:PlayPropose;a=3,b=2,c=3	true
chat_allowed	tut=Total;chat=49:PlayPropose;a=3,b=3,c=0	true
chat_allowed	tut=Total;chat=49:PlayPropose;a=3,b=3,c=1	true
chat_allowed	tut=Total;chat=49:PlayPropose;a=3,b=3,c=2	true
chat_allowed	tut=Total;chat=49:PlayPropose;a=3,b=3,c=3	true
chat_allowed	tut=Total;chat=49:PlayPropose;a=3,b=4,c=0	true
chat_allowed	tut=Total;chat=49:PlayPropose;a=3,b=4,c=1	true
chat_allowed	tut=Total;chat=49:PlayPropose;a=3,b=4,c=2	true
chat_allowed	tut=Total;chat=49:PlayPropose;a=3,b=4,c=3	true
chat_allowed	tut=Total;chat=49:PlayPropose;a=3,b=5,c=0	true
chat_allowed	tut=Total;chat=49:PlayPropose;a=3,b=5,c=1	true
chat_allowed	tut=Total;chat=49:PlayPropose;a=3,b=5,c=2	true
chat_allowed	tut=Total;chat=49:PlayPropose;a=3,b=5,c=3	true
chat_allowed	tut=Total;chat=49:PlayPropose;a=3,b=6,c=0	true
chat_allowed	tut=Total;chat=49:PlayPropose;a=3,b=6,c=1	true
chat_allowed	tut=Total;chat=49:PlayPropose;a=3,b=6,c=2	true
chat_allowed	tut=Total;chat=49:PlayPropose;a=3,b=6,c=3	true
chat_allowed	tut=Total;chat=49:PlayPropose;a=3,b=7,c=0	true
chat_allowed	tut=Total;chat=49:PlayPropose;a=3,b=7,c=1	true
chat_allowed	tut=Total;chat=49:PlayPropose;a=3,b=7,c=2	true
chat_allowed	tut=Total;chat=49:PlayPropose;a=3,b=7,c=3	true
chat_allowed	tut=Total;chat=49:PlayPropose;a=4,b=0,c=0	true
chat_allowed	tut=Total;chat=49:PlayPropose;a=4,b=0,c=1	true
chat_allowed	tut=Total;chat=49:PlayPropose;a=4,b=0,c=2	true
chat_allowed	tut=Total;chat=49:PlayPropose;a=4,b=0,c=3	true
chat_allowed	tut=Total;chat=49:PlayPropose;a=4,b=1,c=0	true
chat_allowed	tut=Total;chat=49:PlayPropose;a=4,b=1,c=1	true
chat_allowed	tut=Total;chat=49:PlayPropose;a=4,b=1,c=2	true
chat_allowed	tut=Total;chat=49:PlayPropose;a=4,b=1,c=3	true
chat_allowed	tut=Total;chat=49:PlayPropose;a=4,b=2,c=0	true
chat_allowed	tut=Total;chat=49:PlayPropose;a=4,b=2,c=1	true
chat_allowed	tut=Total;chat=49:PlayPropose;a=4,b=2,c=2	true
chat_allowed	tut=Total;chat=49:PlayPropose;a=4,b=2,c=3	true
chat_allowed	tut=Total;chat=49:PlayPropose;a=4,b=3,c=0	true
chat_allowed	tut=Total;chat=49:PlayPropose;a=4,b=3,c=1	true
chat_allowed	tut=Total;chat=49:PlayPropose;a=4,b=3,c=2	true
chat_allowed	tut=Total;chat=49:PlayPropose;a=4,b=3,c=3	true
chat_allowed	tut=Total;chat=49:PlayPropose;a=4,b=4,c=0	true
chat_allowed	tut=Total;chat=49:PlayPropose;a=4,b=4,c=1	true
chat_allowed	tut=Total;chat=49:PlayPropose;a=4,b=4,c=2	true
chat_allowed	tut=Total;chat=49:PlayPropose;a=4,b=4,c=3	true
chat_allowed	tut=Total;chat=49:PlayPropose;a=4,b=5,c=0	true
chat_allowed	tut=Total;chat=49:PlayPropose;a=4,b=5,c=1	true
chat_allowed	tut=Total;chat=49:PlayPropose;a=4,b=5,c=2	true
chat_allowed	tut=Total;chat=49:PlayPropose;a=4,b=5,c=3	true
chat_allowed	tut=Total;chat=49:PlayPropose;a=4,b=6,c=0	true
chat_allowed	tut=Total;chat=49:PlayPropose;a=4,b=6,c=1	true
chat_allowed	tut=Total;chat=49:PlayPropose;a=4,b=6,c=2	true
chat_allowed	tut=Total;chat=49:PlayPropose;a=4,b=6,c=3	true
chat_allowed	tut=Total;chat=49:PlayPropose;a=4,b=7,c=0	true
chat_allowed	tut=Total;chat=49:PlayPropose;a=4,b=7,c=1	true
chat_allowed	tut=Total;chat=49:PlayPropose;a=4,b=7,c=2	true
chat_allowed	tut=Total;chat=49:PlayPropose;a=4,b=7,c=3	true
chat_allowed	tut=Total;chat=49:PlayPropose;a=5,b=0,c=0	true
chat_allowed	tut=Total;chat=49:PlayPropose;a=5,b=0,c=1	true
chat_allowed	tut=Total;chat=49:PlayPropose;a=5,b=0,c=2	true
chat_allowed	tut=Total;chat=49:PlayPropose;a=5,b=0,c=3	true
chat_allowed	tut=Total;chat=49:PlayPropose;a=5,b=1,c=0	true
chat_allowed	tut=Total;chat=49:PlayPropose;a=5,b=1,c=1	true
chat_allowed	tut=Total;chat=49:PlayPropose;a=5,b=1,c=2	true
chat_allowed	tut=Total;chat=49:PlayPropose;a=5,b=1,c=3	true
chat_allowed	tut=Total;chat=49:PlayPropose;a=5,b=2,c=0	true
chat_allowed	tut=Total;chat=49:PlayPropose;a=5,b=2,c=1	true
chat_allowed	tut=Total;chat=49:PlayPropose;a=5,b=2,c=2	true
chat_allowed	tut=Total;chat=49:PlayPropose;a=5,b=2,c=3	true
chat_allowed	tut=Total;chat=49:PlayPropose;a=5,b=3,c=0	true
chat_allowed	tut=Total;chat=49:PlayPropose;a=5,b=3,c=1	true
chat_allowed	tut=Total;chat=49:PlayPropose;a=5,b=3,c=2	true
chat_allowed	tut=Total;chat=49:PlayPropose;a=5,b=3,c=3	true
chat_allowed	tut=Total;chat=49:PlayPropose;a=5,b=4,c=0	true
chat_allowed	tut=Total;chat=49:PlayPropose;a=5,b=4,c=1	true
chat_allowed	tut=Total;chat=49:PlayPropose;a=5,b=4,c=2	true
chat_allowed	tut=Total;chat=49:PlayPropose;a=5,b=4,c=3	true
chat_allowed	tut=Total;chat=49:PlayPropose;a=5,b=5,c=0	true
chat_allowed	tut=Total;chat=49:PlayPropose;a=5,b=5,c=1	true
chat_allowed	tut=Total;chat=49:PlayPropose;a=5,b=5,c=2	true
chat_allowed	tut=Total;chat=49:PlayPropose;a=5,b=5,c=3	true
chat_allowed	tut=Total;chat=49:PlayPropose;a=5,b=6,c=0	true
chat_allowed	tut=Total;chat=49:PlayPropose;a=5,b=6,c=1	true
chat_allowed	tut=Total;chat=49:PlayPropose;a=5,b=6,c=2	true
chat_allowed	tut=Total;chat=49:PlayPropose;a=5,b=6,c=3	true
chat_allowed	tut=Total;chat=49:PlayPropose;a=5,b=7,c=0	true
chat_allowed	tut=Total;chat=49:PlayPropose;a=5,b=7,c=1	true
chat_allowed	tut=Total;chat=49:PlayPropose;a=5,b=7,c=2	true
chat_allowed	tut=Total;chat=49:PlayPropose;a=5,b=7,c=3	true
chat_allowed	tut=Total;chat=49:PlayPropose;a=6,b=0,c=0	true
chat_allowed	tut=Total;chat=49:PlayPropose;a=6,b=0,c=1	true
chat_allowed	tut=Total;chat=49:PlayPropose;a=6,b=0,c=2	true
chat_allowed	tut=Total;chat=49:PlayPropose;a=6,b=0,c=3	true
chat_allowed	tut=Total;chat=49:PlayPropose;a=6,b=1,c=0	true
chat_allowed	tut=Total;chat=49:PlayPropose;a=6,b=1,c=1	true
chat_allowed	tut=Total;chat=49:PlayPropose;a=6,b=1,c=2	true
chat_allowed	tut=Total;chat=49:PlayPropose;a=6,b=1,c=3	true
chat_allowed	tut=Total;chat=49:PlayPropose;a=6,b=2,c=0	true
chat_allowed	tut=Total;chat=49:PlayPropose;a=6,b=2,c=1	true
chat_allowed	tut=Total;chat=49:PlayPropose;a=6,b=2,c=2	true
chat_allowed	tut=Total;chat=49:PlayPropose;a=6,b=2,c=3	true
chat_allowed	tut=Total;chat=49:PlayPropose;a=6,b=3,c=0	true
chat_allowed	tut=Total;chat=49:PlayPropose;a=6,b=3,c=1	true
chat_allowed	tut=Total;chat=49:PlayPropose;a=6,b=3,c=2	true
chat_allowed	tut=Total;chat=49:PlayPropose;a=6,b=3,c=3	true
chat_allowed	tut=Total;chat=49:PlayPropose;a=6,b=4,c=0	true
chat_allowed	tut=Total;chat=49:PlayPropose;a=6,b=4,c=1	true
chat_allowed	tut=Total;chat=49:PlayPropose;a=6,b=4,c=2	true
chat_allowed	tut=Total;chat=49:PlayPropose;a=6,b=4,c=3	true
chat_allowed	tut=Total;chat=49:PlayPropose;a=6,b=5,c=0	true
chat_allowed	tut=Total;chat=49:PlayPropose;a=6,b=5,c=1	true
chat_allowed	tut=Total;chat=49:PlayPropose;a=6,b=5,c=2	true
chat_allowed	tut=Total;chat=49:PlayPropose;a=6,b=5,c=3	true
chat_allowed	tut=Total;chat=49:PlayPropose;a=6,b=6,c=0	true
chat_allowed	tut=Total;chat=49:PlayPropose;a=6,b=6,c=1	true
chat_allowed	tut=Total;chat=49:PlayPropose;a=6,b=6,c=2	true
chat_allowed	tut=Total;chat=49:PlayPropose;a=6,b=6,c=3	true
chat_allowed	tut=Total;chat=49:PlayPropose;a=6,b=7,c=0	true
chat_allowed	tut=Total;chat=49:PlayPropose;a=6,b=7,c=1	true
chat_allowed	tut=Total;chat=49:PlayPropose;a=6,b=7,c=2	true
chat_allowed	tut=Total;chat=49:PlayPropose;a=6,b=7,c=3	true
chat_allowed	tut=Total;chat=49:PlayPropose;a=7,b=0,c=0	true
chat_allowed	tut=Total;chat=49:PlayPropose;a=7,b=0,c=1	true
chat_allowed	tut=Total;chat=49:PlayPropose;a=7,b=0,c=2	true
chat_allowed	tut=Total;chat=49:PlayPropose;a=7,b=0,c=3	true
chat_allowed	tut=Total;chat=49:PlayPropose;a=7,b=1,c=0	true
chat_allowed	tut=Total;chat=49:PlayPropose;a=7,b=1,c=1	true
chat_allowed	tut=Total;chat=49:PlayPropose;a=7,b=1,c=2	true
chat_allowed	tut=Total;chat=49:PlayPropose;a=7,b=1,c=3	true
chat_allowed	tut=Total;chat=49:PlayPropose;a=7,b=2,c=0	true
chat_allowed	tut=Total;chat=49:PlayPropose;a=7,b=2,c=1	true
chat_allowed	tut=Total;chat=49:PlayPropose;a=7,b=2,c=2	true
chat_allowed	tut=Total;chat=49:PlayPropose;a=7,b=2,c=3	true
chat_allowed	tut=Total;chat=49:PlayPropose;a=7,b=3,c=0	true
chat_allowed	tut=Total;chat=49:PlayPropose;a=7,b=3,c=1	true
chat_allowed	tut=Total;chat=49:PlayPropose;a=7,b=3,c=2	true
chat_allowed	tut=Total;chat=49:PlayPropose;a=7,b=3,c=3	true
chat_allowed	tut=Total;chat=49:PlayPropose;a=7,b=4,c=0	true
chat_allowed	tut=Total;chat=49:PlayPropose;a=7,b=4,c=1	true
chat_allowed	tut=Total;chat=49:PlayPropose;a=7,b=4,c=2	true
chat_allowed	tut=Total;chat=49:PlayPropose;a=7,b=4,c=3	true
chat_allowed	tut=Total;chat=49:PlayPropose;a=7,b=5,c=0	true
chat_allowed	tut=Total;chat=49:PlayPropose;a=7,b=5,c=1	true
chat_allowed	tut=Total;chat=49:PlayPropose;a=7,b=5,c=2	true
chat_allowed	tut=Total;chat=49:PlayPropose;a=7,b=5,c=3	true
chat_allowed	tut=Total;chat=49:PlayPropose;a=7,b=6,c=0	true
chat_allowed	tut=Total;chat=49:PlayPropose;a=7,b=6,c=1	true
chat_allowed	tut=Total;chat=49:PlayPropose;a=7,b=6,c=2	true
chat_allowed	tut=Total;chat=49:PlayPropose;a=7,b=6,c=3	true
chat_allowed	tut=Total;chat=49:PlayPropose;a=7,b=7,c=0	true
chat_allowed	tut=Total;chat=49:PlayPropose;a=7,b=7,c=1	true
chat_allowed	tut=Total;chat=49:PlayPropose;a=7,b=7,c=2	true
chat_allowed	tut=Total;chat=49:PlayPropose;a=7,b=7,c=3	true
chat_allowed	tut=Total;chat=50:GankPlan;line=Mid,a=0	true
chat_allowed	tut=Total;chat=50:GankPlan;line=Mid,a=1	true
chat_allowed	tut=Total;chat=50:GankPlan;line=Mid,a=2	true
chat_allowed	tut=Total;chat=50:GankPlan;line=Mid,a=3	true
chat_allowed	tut=Total;chat=50:GankPlan;line=Mid,a=4	true
chat_allowed	tut=Total;chat=50:GankPlan;line=Mid,a=5	true
chat_allowed	tut=Total;chat=50:GankPlan;line=Mid,a=6	true
chat_allowed	tut=Total;chat=50:GankPlan;line=Mid,a=7	true
chat_allowed	tut=Total;chat=50:GankPlan;line=Bottom,a=0	true
chat_allowed	tut=Total;chat=50:GankPlan;line=Bottom,a=1	true
chat_allowed	tut=Total;chat=50:GankPlan;line=Bottom,a=2	true
chat_allowed	tut=Total;chat=50:GankPlan;line=Bottom,a=3	true
chat_allowed	tut=Total;chat=50:GankPlan;line=Bottom,a=4	true
chat_allowed	tut=Total;chat=50:GankPlan;line=Bottom,a=5	true
chat_allowed	tut=Total;chat=50:GankPlan;line=Bottom,a=6	true
chat_allowed	tut=Total;chat=50:GankPlan;line=Bottom,a=7	true
chat_allowed	tut=Total;chat=50:GankPlan;line=Top,a=0	true
chat_allowed	tut=Total;chat=50:GankPlan;line=Top,a=1	true
chat_allowed	tut=Total;chat=50:GankPlan;line=Top,a=2	true
chat_allowed	tut=Total;chat=50:GankPlan;line=Top,a=3	true
chat_allowed	tut=Total;chat=50:GankPlan;line=Top,a=4	true
chat_allowed	tut=Total;chat=50:GankPlan;line=Top,a=5	true
chat_allowed	tut=Total;chat=50:GankPlan;line=Top,a=6	true
chat_allowed	tut=Total;chat=50:GankPlan;line=Top,a=7	true
chat_allowed	tut=Total;chat=51:EarlyPlan;a=0	true
chat_allowed	tut=Total;chat=51:EarlyPlan;a=1	true
chat_allowed	tut=Total;chat=51:EarlyPlan;a=2	true
chat_allowed	tut=Total;chat=51:EarlyPlan;a=3	true
chat_allowed	tut=Total;chat=51:EarlyPlan;a=4	true
chat_allowed	tut=Total;chat=51:EarlyPlan;a=5	true
chat_allowed	tut=Total;chat=51:EarlyPlan;a=6	true
chat_allowed	tut=Total;chat=51:EarlyPlan;a=7	true
chat_allowed	tut=Total;chat=52:EarlyPlanChange;a=0	true
chat_allowed	tut=Total;chat=52:EarlyPlanChange;a=1	true
chat_allowed	tut=Total;chat=52:EarlyPlanChange;a=2	true
chat_allowed	tut=Total;chat=52:EarlyPlanChange;a=3	true
chat_allowed	tut=Total;chat=52:EarlyPlanChange;a=4	true
chat_allowed	tut=Total;chat=52:EarlyPlanChange;a=5	true
chat_allowed	tut=Total;chat=52:EarlyPlanChange;a=6	true
chat_allowed	tut=Total;chat=52:EarlyPlanChange;a=7	true
chat_allowed	tut=Total;chat=53:AcceptAfterTask;a=0	true
chat_allowed	tut=Total;chat=53:AcceptAfterTask;a=1	true
chat_allowed	tut=Total;chat=53:AcceptAfterTask;a=2	true
chat_allowed	tut=Total;chat=53:AcceptAfterTask;a=3	true
chat_allowed	tut=Total;chat=53:AcceptAfterTask;a=4	true
chat_allowed	tut=Total;chat=53:AcceptAfterTask;a=5	true
chat_allowed	tut=Total;chat=53:AcceptAfterTask;a=6	true
chat_allowed	tut=Total;chat=53:AcceptAfterTask;a=7	true
chat_allowed	tut=Total;chat=54:DeclineWithReason;a=0	true
chat_allowed	tut=Total;chat=54:DeclineWithReason;a=1	true
chat_allowed	tut=Total;chat=54:DeclineWithReason;a=2	true
chat_allowed	tut=Total;chat=54:DeclineWithReason;a=3	true
chat_allowed	tut=Total;chat=54:DeclineWithReason;a=4	true
chat_allowed	tut=Total;chat=54:DeclineWithReason;a=5	true
chat_allowed	tut=Total;chat=54:DeclineWithReason;a=6	true
chat_allowed	tut=Total;chat=54:DeclineWithReason;a=7	true
chat_allowed	tut=Total;chat=56:ReadySignal;a=0	true
chat_allowed	tut=Total;chat=56:ReadySignal;a=1	true
chat_allowed	tut=Total;chat=56:ReadySignal;a=2	true
chat_allowed	tut=Total;chat=56:ReadySignal;a=3	true
chat_allowed	tut=Total;chat=56:ReadySignal;a=4	true
chat_allowed	tut=Total;chat=56:ReadySignal;a=5	true
chat_allowed	tut=Total;chat=56:ReadySignal;a=6	true
chat_allowed	tut=Total;chat=56:ReadySignal;a=7	true
chat_allowed	tut=Total;chat=55:CounterRequest;a=0,b=0	true
chat_allowed	tut=Total;chat=55:CounterRequest;a=0,b=1	true
chat_allowed	tut=Total;chat=55:CounterRequest;a=0,b=2	true
chat_allowed	tut=Total;chat=55:CounterRequest;a=0,b=3	true
chat_allowed	tut=Total;chat=55:CounterRequest;a=0,b=4	true
chat_allowed	tut=Total;chat=55:CounterRequest;a=0,b=5	true
chat_allowed	tut=Total;chat=55:CounterRequest;a=0,b=6	true
chat_allowed	tut=Total;chat=55:CounterRequest;a=0,b=7	true
chat_allowed	tut=Total;chat=55:CounterRequest;a=1,b=0	true
chat_allowed	tut=Total;chat=55:CounterRequest;a=1,b=1	true
chat_allowed	tut=Total;chat=55:CounterRequest;a=1,b=2	true
chat_allowed	tut=Total;chat=55:CounterRequest;a=1,b=3	true
chat_allowed	tut=Total;chat=55:CounterRequest;a=1,b=4	true
chat_allowed	tut=Total;chat=55:CounterRequest;a=1,b=5	true
chat_allowed	tut=Total;chat=55:CounterRequest;a=1,b=6	true
chat_allowed	tut=Total;chat=55:CounterRequest;a=1,b=7	true
chat_allowed	tut=Total;chat=55:CounterRequest;a=2,b=0	true
chat_allowed	tut=Total;chat=55:CounterRequest;a=2,b=1	true
chat_allowed	tut=Total;chat=55:CounterRequest;a=2,b=2	true
chat_allowed	tut=Total;chat=55:CounterRequest;a=2,b=3	true
chat_allowed	tut=Total;chat=55:CounterRequest;a=2,b=4	true
chat_allowed	tut=Total;chat=55:CounterRequest;a=2,b=5	true
chat_allowed	tut=Total;chat=55:CounterRequest;a=2,b=6	true
chat_allowed	tut=Total;chat=55:CounterRequest;a=2,b=7	true
chat_allowed	tut=Total;chat=55:CounterRequest;a=3,b=0	true
chat_allowed	tut=Total;chat=55:CounterRequest;a=3,b=1	true
chat_allowed	tut=Total;chat=55:CounterRequest;a=3,b=2	true
chat_allowed	tut=Total;chat=55:CounterRequest;a=3,b=3	true
chat_allowed	tut=Total;chat=55:CounterRequest;a=3,b=4	true
chat_allowed	tut=Total;chat=55:CounterRequest;a=3,b=5	true
chat_allowed	tut=Total;chat=55:CounterRequest;a=3,b=6	true
chat_allowed	tut=Total;chat=55:CounterRequest;a=3,b=7	true
chat_allowed	tut=Total;chat=55:CounterRequest;a=4,b=0	true
chat_allowed	tut=Total;chat=55:CounterRequest;a=4,b=1	true
chat_allowed	tut=Total;chat=55:CounterRequest;a=4,b=2	true
chat_allowed	tut=Total;chat=55:CounterRequest;a=4,b=3	true
chat_allowed	tut=Total;chat=55:CounterRequest;a=4,b=4	true
chat_allowed	tut=Total;chat=55:CounterRequest;a=4,b=5	true
chat_allowed	tut=Total;chat=55:CounterRequest;a=4,b=6	true
chat_allowed	tut=Total;chat=55:CounterRequest;a=4,b=7	true
chat_allowed	tut=Total;chat=55:CounterRequest;a=5,b=0	true
chat_allowed	tut=Total;chat=55:CounterRequest;a=5,b=1	true
chat_allowed	tut=Total;chat=55:CounterRequest;a=5,b=2	true
chat_allowed	tut=Total;chat=55:CounterRequest;a=5,b=3	true
chat_allowed	tut=Total;chat=55:CounterRequest;a=5,b=4	true
chat_allowed	tut=Total;chat=55:CounterRequest;a=5,b=5	true
chat_allowed	tut=Total;chat=55:CounterRequest;a=5,b=6	true
chat_allowed	tut=Total;chat=55:CounterRequest;a=5,b=7	true
chat_allowed	tut=Total;chat=55:CounterRequest;a=6,b=0	true
chat_allowed	tut=Total;chat=55:CounterRequest;a=6,b=1	true
chat_allowed	tut=Total;chat=55:CounterRequest;a=6,b=2	true
chat_allowed	tut=Total;chat=55:CounterRequest;a=6,b=3	true
chat_allowed	tut=Total;chat=55:CounterRequest;a=6,b=4	true
chat_allowed	tut=Total;chat=55:CounterRequest;a=6,b=5	true
chat_allowed	tut=Total;chat=55:CounterRequest;a=6,b=6	true
chat_allowed	tut=Total;chat=55:CounterRequest;a=6,b=7	true
chat_allowed	tut=Total;chat=55:CounterRequest;a=7,b=0	true
chat_allowed	tut=Total;chat=55:CounterRequest;a=7,b=1	true
chat_allowed	tut=Total;chat=55:CounterRequest;a=7,b=2	true
chat_allowed	tut=Total;chat=55:CounterRequest;a=7,b=3	true
chat_allowed	tut=Total;chat=55:CounterRequest;a=7,b=4	true
chat_allowed	tut=Total;chat=55:CounterRequest;a=7,b=5	true
chat_allowed	tut=Total;chat=55:CounterRequest;a=7,b=6	true
chat_allowed	tut=Total;chat=55:CounterRequest;a=7,b=7	true
