plan_allowed	tut=None;plan=ForcePassive	true
plan_allowed	tut=None;plan=ActiveRecall	true
plan_allowed	tut=None;plan=EpicHuntAndPoke	true
plan_allowed	tut=None;plan=EpicHuntAndBattle	true
plan_allowed	tut=None;plan=SerpenHuntAndPoke	true
plan_allowed	tut=None;plan=SerpenHuntAndBattle	true
plan_allowed	tut=None;plan=AttackNexus(default)	true
plan_allowed	tut=None;plan=DefenseNexus(default)	true
plan_allowed	tut=None;plan=PassiveLine(Mid)	true
plan_allowed	tut=None;plan=SinglePlanLine(Mid)	true
plan_allowed	tut=None;plan=LineGanker(Mid)	true
plan_allowed	tut=None;plan=LineGankCover(Mid)	true
plan_allowed	tut=None;plan=PassiveLine(Bottom)	true
plan_allowed	tut=None;plan=SinglePlanLine(Bottom)	true
plan_allowed	tut=None;plan=LineGanker(Bottom)	true
plan_allowed	tut=None;plan=LineGankCover(Bottom)	true
plan_allowed	tut=None;plan=PassiveLine(Top)	true
plan_allowed	tut=None;plan=SinglePlanLine(Top)	true
plan_allowed	tut=None;plan=LineGanker(Top)	true
plan_allowed	tut=None;plan=LineGankCover(Top)	true
plan_allowed	tut=None;plan=PassiveJungle(Rhino,0)	true
plan_allowed	tut=None;plan=PassiveJungle(Rhino,1)	true
plan_allowed	tut=None;plan=PassiveJungle(Mushroom,0)	true
plan_allowed	tut=None;plan=PassiveJungle(Mushroom,1)	true
plan_allowed	tut=None;plan=PassiveJungle(Stump,0)	true
plan_allowed	tut=None;plan=PassiveJungle(Stump,1)	true
plan_allowed	tut=None;plan=PassiveJungle(Bee,0)	true
plan_allowed	tut=None;plan=PassiveJungle(Bee,1)	true
plan_allowed	tut=None;plan=PassiveJungle(Morgard,0)	true
plan_allowed	tut=None;plan=PassiveJungle(Morgard,1)	true
plan_allowed	tut=None;plan=PassiveJungle(Serpen,0)	true
plan_allowed	tut=None;plan=PassiveJungle(Serpen,1)	true
chat_allowed	tut=None;chat=49:PlayPropose;a=0,b=0,c=0	true
chat_allowed	tut=None;chat=49:PlayPropose;a=0,b=0,c=1	true
chat_allowed	tut=None;chat=49:PlayPropose;a=0,b=0,c=2	true
chat_allowed	tut=None;chat=49:PlayPropose;a=0,b=0,c=3	true
chat_allowed	tut=None;chat=49:PlayPropose;a=0,b=0,c=4	true
chat_allowed	tut=None;chat=49:PlayPropose;a=0,b=0,c=5	true
chat_allowed	tut=None;chat=49:PlayPropose;a=0,b=0,c=6	true
chat_allowed	tut=None;chat=49:PlayPropose;a=0,b=0,c=7	true
chat_allowed	tut=None;chat=49:PlayPropose;a=0,b=1,c=0	true
chat_allowed	tut=None;chat=49:PlayPropose;a=0,b=1,c=1	true
chat_allowed	tut=None;chat=49:PlayPropose;a=0,b=1,c=2	true
chat_allowed	tut=None;chat=49:PlayPropose;a=0,b=1,c=3	true
chat_allowed	tut=None;chat=49:PlayPropose;a=0,b=1,c=4	true
chat_allowed	tut=None;chat=49:PlayPropose;a=0,b=1,c=5	true
chat_allowed	tut=None;chat=49:PlayPropose;a=0,b=1,c=6	true
chat_allowed	tut=None;chat=49:PlayPropose;a=0,b=1,c=7	true
chat_allowed	tut=None;chat=49:PlayPropose;a=0,b=2,c=0	true
chat_allowed	tut=None;chat=49:PlayPropose;a=0,b=2,c=1	true
chat_allowed	tut=None;chat=49:PlayPropose;a=0,b=2,c=2	true
chat_allowed	tut=None;chat=49:PlayPropose;a=0,b=2,c=3	true
chat_allowed	tut=None;chat=49:PlayPropose;a=0,b=2,c=4	true
chat_allowed	tut=None;chat=49:PlayPropose;a=0,b=2,c=5	true
chat_allowed	tut=None;chat=49:PlayPropose;a=0,b=2,c=6	true
chat_allowed	tut=None;chat=49:PlayPropose;a=0,b=2,c=7	true
chat_allowed	tut=None;chat=49:PlayPropose;a=0,b=3,c=0	true
chat_allowed	tut=None;chat=49:PlayPropose;a=0,b=3,c=1	true
chat_allowed	tut=None;chat=49:PlayPropose;a=0,b=3,c=2	true
chat_allowed	tut=None;chat=49:PlayPropose;a=0,b=3,c=3	true
chat_allowed	tut=None;chat=49:PlayPropose;a=0,b=3,c=4	true
chat_allowed	tut=None;chat=49:PlayPropose;a=0,b=3,c=5	true
chat_allowed	tut=None;chat=49:PlayPropose;a=0,b=3,c=6	true
chat_allowed	tut=None;chat=49:PlayPropose;a=0,b=3,c=7	true
chat_allowed	tut=None;chat=49:PlayPropose;a=0,b=4,c=0	true
chat_allowed	tut=None;chat=49:PlayPropose;a=0,b=4,c=1	true
chat_allowed	tut=None;chat=49:PlayPropose;a=0,b=4,c=2	true
chat_allowed	tut=None;chat=49:PlayPropose;a=0,b=4,c=3	true
chat_allowed	tut=None;chat=49:PlayPropose;a=0,b=4,c=4	true
chat_allowed	tut=None;chat=49:PlayPropose;a=0,b=4,c=5	true
chat_allowed	tut=None;chat=49:PlayPropose;a=0,b=4,c=6	true
chat_allowed	tut=None;chat=49:PlayPropose;a=0,b=4,c=7	true
chat_allowed	tut=None;chat=49:PlayPropose;a=0,b=5,c=0	true
chat_allowed	tut=None;chat=49:PlayPropose;a=0,b=5,c=1	true
chat_allowed	tut=None;chat=49:PlayPropose;a=0,b=5,c=2	true
chat_allowed	tut=None;chat=49:PlayPropose;a=0,b=5,c=3	true
chat_allowed	tut=None;chat=49:PlayPropose;a=0,b=5,c=4	true
chat_allowed	tut=None;chat=49:PlayPropose;a=0,b=5,c=5	true
chat_allowed	tut=None;chat=49:PlayPropose;a=0,b=5,c=6	true
chat_allowed	tut=None;chat=49:PlayPropose;a=0,b=5,c=7	true
chat_allowed	tut=None;chat=49:PlayPropose;a=0,b=6,c=0	true
chat_allowed	tut=None;chat=49:PlayPropose;a=0,b=6,c=1	true
chat_allowed	tut=None;chat=49:PlayPropose;a=0,b=6,c=2	true
chat_allowed	tut=None;chat=49:PlayPropose;a=0,b=6,c=3	true
chat_allowed	tut=None;chat=49:PlayPropose;a=0,b=6,c=4	true
chat_allowed	tut=None;chat=49:PlayPropose;a=0,b=6,c=5	true
chat_allowed	tut=None;chat=49:PlayPropose;a=0,b=6,c=6	true
chat_allowed	tut=None;chat=49:PlayPropose;a=0,b=6,c=7	true
chat_allowed	tut=None;chat=49:PlayPropose;a=0,b=7,c=0	true
chat_allowed	tut=None;chat=49:PlayPropose;a=0,b=7,c=1	true
chat_allowed	tut=None;chat=49:PlayPropose;a=0,b=7,c=2	true
chat_allowed	tut=None;chat=49:PlayPropose;a=0,b=7,c=3	true
chat_allowed	tut=None;chat=49:PlayPropose;a=0,b=7,c=4	true
chat_allowed	tut=None;chat=49:PlayPropose;a=0,b=7,c=5	true
chat_allowed	tut=None;chat=49:PlayPropose;a=0,b=7,c=6	true
chat_allowed	tut=None;chat=49:PlayPropose;a=0,b=7,c=7	true
chat_allowed	tut=None;chat=49:PlayPropose;a=1,b=0,c=0	true
chat_allowed	tut=None;chat=49:PlayPropose;a=1,b=0,c=1	true
chat_allowed	tut=None;chat=49:PlayPropose;a=1,b=0,c=2	true
chat_allowed	tut=None;chat=49:PlayPropose;a=1,b=0,c=3	true
chat_allowed	tut=None;chat=49:PlayPropose;a=1,b=0,c=4	true
chat_allowed	tut=None;chat=49:PlayPropose;a=1,b=0,c=5	true
chat_allowed	tut=None;chat=49:PlayPropose;a=1,b=0,c=6	true
chat_allowed	tut=None;chat=49:PlayPropose;a=1,b=0,c=7	true
chat_allowed	tut=None;chat=49:PlayPropose;a=1,b=1,c=0	true
chat_allowed	tut=None;chat=49:PlayPropose;a=1,b=1,c=1	true
chat_allowed	tut=None;chat=49:PlayPropose;a=1,b=1,c=2	true
chat_allowed	tut=None;chat=49:PlayPropose;a=1,b=1,c=3	true
chat_allowed	tut=None;chat=49:PlayPropose;a=1,b=1,c=4	true
chat_allowed	tut=None;chat=49:PlayPropose;a=1,b=1,c=5	true
chat_allowed	tut=None;chat=49:PlayPropose;a=1,b=1,c=6	true
chat_allowed	tut=None;chat=49:PlayPropose;a=1,b=1,c=7	true
chat_allowed	tut=None;chat=49:PlayPropose;a=1,b=2,c=0	true
chat_allowed	tut=None;chat=49:PlayPropose;a=1,b=2,c=1	true
chat_allowed	tut=None;chat=49:PlayPropose;a=1,b=2,c=2	true
chat_allowed	tut=None;chat=49:PlayPropose;a=1,b=2,c=3	true
chat_allowed	tut=None;chat=49:PlayPropose;a=1,b=2,c=4	true
chat_allowed	tut=None;chat=49:PlayPropose;a=1,b=2,c=5	true
chat_allowed	tut=None;chat=49:PlayPropose;a=1,b=2,c=6	true
chat_allowed	tut=None;chat=49:PlayPropose;a=1,b=2,c=7	true
chat_allowed	tut=None;chat=49:PlayPropose;a=1,b=3,c=0	true
chat_allowed	tut=None;chat=49:PlayPropose;a=1,b=3,c=1	true
chat_allowed	tut=None;chat=49:PlayPropose;a=1,b=3,c=2	true
chat_allowed	tut=None;chat=49:PlayPropose;a=1,b=3,c=3	true
chat_allowed	tut=None;chat=49:PlayPropose;a=1,b=3,c=4	true
chat_allowed	tut=None;chat=49:PlayPropose;a=1,b=3,c=5	true
chat_allowed	tut=None;chat=49:PlayPropose;a=1,b=3,c=6	true
chat_allowed	tut=None;chat=49:PlayPropose;a=1,b=3,c=7	true
chat_allowed	tut=None;chat=49:PlayPropose;a=1,b=4,c=0	true
chat_allowed	tut=None;chat=49:PlayPropose;a=1,b=4,c=1	true
chat_allowed	tut=None;chat=49:PlayPropose;a=1,b=4,c=2	true
chat_allowed	tut=None;chat=49:PlayPropose;a=1,b=4,c=3	true
chat_allowed	tut=None;chat=49:PlayPropose;a=1,b=4,c=4	true
chat_allowed	tut=None;chat=49:PlayPropose;a=1,b=4,c=5	true
chat_allowed	tut=None;chat=49:PlayPropose;a=1,b=4,c=6	true
chat_allowed	tut=None;chat=49:PlayPropose;a=1,b=4,c=7	true
chat_allowed	tut=None;chat=49:PlayPropose;a=1,b=5,c=0	true
chat_allowed	tut=None;chat=49:PlayPropose;a=1,b=5,c=1	true
chat_allowed	tut=None;chat=49:PlayPropose;a=1,b=5,c=2	true
chat_allowed	tut=None;chat=49:PlayPropose;a=1,b=5,c=3	true
chat_allowed	tut=None;chat=49:PlayPropose;a=1,b=5,c=4	true
chat_allowed	tut=None;chat=49:PlayPropose;a=1,b=5,c=5	true
chat_allowed	tut=None;chat=49:PlayPropose;a=1,b=5,c=6	true
chat_allowed	tut=None;chat=49:PlayPropose;a=1,b=5,c=7	true
chat_allowed	tut=None;chat=49:PlayPropose;a=1,b=6,c=0	true
chat_allowed	tut=None;chat=49:PlayPropose;a=1,b=6,c=1	true
chat_allowed	tut=None;chat=49:PlayPropose;a=1,b=6,c=2	true
chat_allowed	tut=None;chat=49:PlayPropose;a=1,b=6,c=3	true
chat_allowed	tut=None;chat=49:PlayPropose;a=1,b=6,c=4	true
chat_allowed	tut=None;chat=49:PlayPropose;a=1,b=6,c=5	true
chat_allowed	tut=None;chat=49:PlayPropose;a=1,b=6,c=6	true
chat_allowed	tut=None;chat=49:PlayPropose;a=1,b=6,c=7	true
chat_allowed	tut=None;chat=49:PlayPropose;a=1,b=7,c=0	true
chat_allowed	tut=None;chat=49:PlayPropose;a=1,b=7,c=1	true
chat_allowed	tut=None;chat=49:PlayPropose;a=1,b=7,c=2	true
chat_allowed	tut=None;chat=49:PlayPropose;a=1,b=7,c=3	true
chat_allowed	tut=None;chat=49:PlayPropose;a=1,b=7,c=4	true
chat_allowed	tut=None;chat=49:PlayPropose;a=1,b=7,c=5	true
chat_allowed	tut=None;chat=49:PlayPropose;a=1,b=7,c=6	true
chat_allowed	tut=None;chat=49:PlayPropose;a=1,b=7,c=7	true
chat_allowed	tut=None;chat=49:PlayPropose;a=2,b=0,c=0	true
chat_allowed	tut=None;chat=49:PlayPropose;a=2,b=0,c=1	true
chat_allowed	tut=None;chat=49:PlayPropose;a=2,b=0,c=2	true
chat_allowed	tut=None;chat=49:PlayPropose;a=2,b=0,c=3	true
chat_allowed	tut=None;chat=49:PlayPropose;a=2,b=0,c=4	true
chat_allowed	tut=None;chat=49:PlayPropose;a=2,b=0,c=5	true
chat_allowed	tut=None;chat=49:PlayPropose;a=2,b=0,c=6	true
chat_allowed	tut=None;chat=49:PlayPropose;a=2,b=0,c=7	true
chat_allowed	tut=None;chat=49:PlayPropose;a=2,b=1,c=0	true
chat_allowed	tut=None;chat=49:PlayPropose;a=2,b=1,c=1	true
chat_allowed	tut=None;chat=49:PlayPropose;a=2,b=1,c=2	true
chat_allowed	tut=None;chat=49:PlayPropose;a=2,b=1,c=3	true
chat_allowed	tut=None;chat=49:PlayPropose;a=2,b=1,c=4	true
chat_allowed	tut=None;chat=49:PlayPropose;a=2,b=1,c=5	true
chat_allowed	tut=None;chat=49:PlayPropose;a=2,b=1,c=6	true
chat_allowed	tut=None;chat=49:PlayPropose;a=2,b=1,c=7	true
chat_allowed	tut=None;chat=49:PlayPropose;a=2,b=2,c=0	true
chat_allowed	tut=None;chat=49:PlayPropose;a=2,b=2,c=1	true
chat_allowed	tut=None;chat=49:PlayPropose;a=2,b=2,c=2	true
chat_allowed	tut=None;chat=49:PlayPropose;a=2,b=2,c=3	true
chat_allowed	tut=None;chat=49:PlayPropose;a=2,b=2,c=4	true
chat_allowed	tut=None;chat=49:PlayPropose;a=2,b=2,c=5	true
chat_allowed	tut=None;chat=49:PlayPropose;a=2,b=2,c=6	true
chat_allowed	tut=None;chat=49:PlayPropose;a=2,b=2,c=7	true
chat_allowed	tut=None;chat=49:PlayPropose;a=2,b=3,c=0	true
chat_allowed	tut=None;chat=49:PlayPropose;a=2,b=3,c=1	true
chat_allowed	tut=None;chat=49:PlayPropose;a=2,b=3,c=2	true
chat_allowed	tut=None;chat=49:PlayPropose;a=2,b=3,c=3	true
chat_allowed	tut=None;chat=49:PlayPropose;a=2,b=3,c=4	true
chat_allowed	tut=None;chat=49:PlayPropose;a=2,b=3,c=5	true
chat_allowed	tut=None;chat=49:PlayPropose;a=2,b=3,c=6	true
chat_allowed	tut=None;chat=49:PlayPropose;a=2,b=3,c=7	true
chat_allowed	tut=None;chat=49:PlayPropose;a=2,b=4,c=0	true
chat_allowed	tut=None;chat=49:PlayPropose;a=2,b=4,c=1	true
chat_allowed	tut=None;chat=49:PlayPropose;a=2,b=4,c=2	true
chat_allowed	tut=None;chat=49:PlayPropose;a=2,b=4,c=3	true
chat_allowed	tut=None;chat=49:PlayPropose;a=2,b=4,c=4	true
chat_allowed	tut=None;chat=49:PlayPropose;a=2,b=4,c=5	true
chat_allowed	tut=None;chat=49:PlayPropose;a=2,b=4,c=6	true
chat_allowed	tut=None;chat=49:PlayPropose;a=2,b=4,c=7	true
chat_allowed	tut=None;chat=49:PlayPropose;a=2,b=5,c=0	true
chat_allowed	tut=None;chat=49:PlayPropose;a=2,b=5,c=1	true
chat_allowed	tut=None;chat=49:PlayPropose;a=2,b=5,c=2	true
chat_allowed	tut=None;chat=49:PlayPropose;a=2,b=5,c=3	true
chat_allowed	tut=None;chat=49:PlayPropose;a=2,b=5,c=4	true
chat_allowed	tut=None;chat=49:PlayPropose;a=2,b=5,c=5	true
chat_allowed	tut=None;chat=49:PlayPropose;a=2,b=5,c=6	true
chat_allowed	tut=None;chat=49:PlayPropose;a=2,b=5,c=7	true
chat_allowed	tut=None;chat=49:PlayPropose;a=2,b=6,c=0	true
chat_allowed	tut=None;chat=49:PlayPropose;a=2,b=6,c=1	true
chat_allowed	tut=None;chat=49:PlayPropose;a=2,b=6,c=2	true
chat_allowed	tut=None;chat=49:PlayPropose;a=2,b=6,c=3	true
chat_allowed	tut=None;chat=49:PlayPropose;a=2,b=6,c=4	true
chat_allowed	tut=None;chat=49:PlayPropose;a=2,b=6,c=5	true
chat_allowed	tut=None;chat=49:PlayPropose;a=2,b=6,c=6	true
chat_allowed	tut=None;chat=49:PlayPropose;a=2,b=6,c=7	true
chat_allowed	tut=None;chat=49:PlayPropose;a=2,b=7,c=0	true
chat_allowed	tut=None;chat=49:PlayPropose;a=2,b=7,c=1	true
chat_allowed	tut=None;chat=49:PlayPropose;a=2,b=7,c=2	true
chat_allowed	tut=None;chat=49:PlayPropose;a=2,b=7,c=3	true
chat_allowed	tut=None;chat=49:PlayPropose;a=2,b=7,c=4	true
chat_allowed	tut=None;chat=49:PlayPropose;a=2,b=7,c=5	true
chat_allowed	tut=None;chat=49:PlayPropose;a=2,b=7,c=6	true
chat_allowed	tut=None;chat=49:PlayPropose;a=2,b=7,c=7	true
chat_allowed	tut=None;chat=49:PlayPropose;a=3,b=0,c=0	true
chat_allowed	tut=None;chat=49:PlayPropose;a=3,b=0,c=1	true
chat_allowed	tut=None;chat=49:PlayPropose;a=3,b=0,c=2	true
chat_allowed	tut=None;chat=49:PlayPropose;a=3,b=0,c=3	true
chat_allowed	tut=None;chat=49:PlayPropose;a=3,b=0,c=4	true
chat_allowed	tut=None;chat=49:PlayPropose;a=3,b=0,c=5	true
chat_allowed	tut=None;chat=49:PlayPropose;a=3,b=0,c=6	true
chat_allowed	tut=None;chat=49:PlayPropose;a=3,b=0,c=7	true
chat_allowed	tut=None;chat=49:PlayPropose;a=3,b=1,c=0	true
chat_allowed	tut=None;chat=49:PlayPropose;a=3,b=1,c=1	true
chat_allowed	tut=None;chat=49:PlayPropose;a=3,b=1,c=2	true
chat_allowed	tut=None;chat=49:PlayPropose;a=3,b=1,c=3	true
chat_allowed	tut=None;chat=49:PlayPropose;a=3,b=1,c=4	true
chat_allowed	tut=None;chat=49:PlayPropose;a=3,b=1,c=5	true
chat_allowed	tut=None;chat=49:PlayPropose;a=3,b=1,c=6	true
chat_allowed	tut=None;chat=49:PlayPropose;a=3,b=1,c=7	true
chat_allowed	tut=None;chat=49:PlayPropose;a=3,b=2,c=0	true
chat_allowed	tut=None;chat=49:PlayPropose;a=3,b=2,c=1	true
chat_allowed	tut=None;chat=49:PlayPropose;a=3,b=2,c=2	true
chat_allowed	tut=None;chat=49:PlayPropose;a=3,b=2,c=3	true
chat_allowed	tut=None;chat=49:PlayPropose;a=3,b=2,c=4	true
chat_allowed	tut=None;chat=49:PlayPropose;a=3,b=2,c=5	true
chat_allowed	tut=None;chat=49:PlayPropose;a=3,b=2,c=6	true
chat_allowed	tut=None;chat=49:PlayPropose;a=3,b=2,c=7	true
chat_allowed	tut=None;chat=49:PlayPropose;a=3,b=3,c=0	true
chat_allowed	tut=None;chat=49:PlayPropose;a=3,b=3,c=1	true
chat_allowed	tut=None;chat=49:PlayPropose;a=3,b=3,c=2	true
chat_allowed	tut=None;chat=49:PlayPropose;a=3,b=3,c=3	true
chat_allowed	tut=None;chat=49:PlayPropose;a=3,b=3,c=4	true
chat_allowed	tut=None;chat=49:PlayPropose;a=3,b=3,c=5	true
chat_allowed	tut=None;chat=49:PlayPropose;a=3,b=3,c=6	true
chat_allowed	tut=None;chat=49:PlayPropose;a=3,b=3,c=7	true
chat_allowed	tut=None;chat=49:PlayPropose;a=3,b=4,c=0	true
chat_allowed	tut=None;chat=49:PlayPropose;a=3,b=4,c=1	true
chat_allowed	tut=None;chat=49:PlayPropose;a=3,b=4,c=2	true
chat_allowed	tut=None;chat=49:PlayPropose;a=3,b=4,c=3	true
chat_allowed	tut=None;chat=49:PlayPropose;a=3,b=4,c=4	true
chat_allowed	tut=None;chat=49:PlayPropose;a=3,b=4,c=5	true
chat_allowed	tut=None;chat=49:PlayPropose;a=3,b=4,c=6	true
chat_allowed	tut=None;chat=49:PlayPropose;a=3,b=4,c=7	true
chat_allowed	tut=None;chat=49:PlayPropose;a=3,b=5,c=0	true
chat_allowed	tut=None;chat=49:PlayPropose;a=3,b=5,c=1	true
chat_allowed	tut=None;chat=49:PlayPropose;a=3,b=5,c=2	true
chat_allowed	tut=None;chat=49:PlayPropose;a=3,b=5,c=3	true
chat_allowed	tut=None;chat=49:PlayPropose;a=3,b=5,c=4	true
chat_allowed	tut=None;chat=49:PlayPropose;a=3,b=5,c=5	true
chat_allowed	tut=None;chat=49:PlayPropose;a=3,b=5,c=6	true
chat_allowed	tut=None;chat=49:PlayPropose;a=3,b=5,c=7	true
chat_allowed	tut=None;chat=49:PlayPropose;a=3,b=6,c=0	true
chat_allowed	tut=None;chat=49:PlayPropose;a=3,b=6,c=1	true
chat_allowed	tut=None;chat=49:PlayPropose;a=3,b=6,c=2	true
chat_allowed	tut=None;chat=49:PlayPropose;a=3,b=6,c=3	true
chat_allowed	tut=None;chat=49:PlayPropose;a=3,b=6,c=4	true
chat_allowed	tut=None;chat=49:PlayPropose;a=3,b=6,c=5	true
chat_allowed	tut=None;chat=49:PlayPropose;a=3,b=6,c=6	true
chat_allowed	tut=None;chat=49:PlayPropose;a=3,b=6,c=7	true
chat_allowed	tut=None;chat=49:PlayPropose;a=3,b=7,c=0	true
chat_allowed	tut=None;chat=49:PlayPropose;a=3,b=7,c=1	true
chat_allowed	tut=None;chat=49:PlayPropose;a=3,b=7,c=2	true
chat_allowed	tut=None;chat=49:PlayPropose;a=3,b=7,c=3	true
chat_allowed	tut=None;chat=49:PlayPropose;a=3,b=7,c=4	true
chat_allowed	tut=None;chat=49:PlayPropose;a=3,b=7,c=5	true
chat_allowed	tut=None;chat=49:PlayPropose;a=3,b=7,c=6	true
chat_allowed	tut=None;chat=49:PlayPropose;a=3,b=7,c=7	true
chat_allowed	tut=None;chat=49:PlayPropose;a=4,b=0,c=0	true
chat_allowed	tut=None;chat=49:PlayPropose;a=4,b=0,c=1	true
chat_allowed	tut=None;chat=49:PlayPropose;a=4,b=0,c=2	true
chat_allowed	tut=None;chat=49:PlayPropose;a=4,b=0,c=3	true
chat_allowed	tut=None;chat=49:PlayPropose;a=4,b=0,c=4	true
chat_allowed	tut=None;chat=49:PlayPropose;a=4,b=0,c=5	true
chat_allowed	tut=None;chat=49:PlayPropose;a=4,b=0,c=6	true
chat_allowed	tut=None;chat=49:PlayPropose;a=4,b=0,c=7	true
chat_allowed	tut=None;chat=49:PlayPropose;a=4,b=1,c=0	true
chat_allowed	tut=None;chat=49:PlayPropose;a=4,b=1,c=1	true
chat_allowed	tut=None;chat=49:PlayPropose;a=4,b=1,c=2	true
chat_allowed	tut=None;chat=49:PlayPropose;a=4,b=1,c=3	true
chat_allowed	tut=None;chat=49:PlayPropose;a=4,b=1,c=4	true
chat_allowed	tut=None;chat=49:PlayPropose;a=4,b=1,c=5	true
chat_allowed	tut=None;chat=49:PlayPropose;a=4,b=1,c=6	true
chat_allowed	tut=None;chat=49:PlayPropose;a=4,b=1,c=7	true
chat_allowed	tut=None;chat=49:PlayPropose;a=4,b=2,c=0	true
chat_allowed	tut=None;chat=49:PlayPropose;a=4,b=2,c=1	true
chat_allowed	tut=None;chat=49:PlayPropose;a=4,b=2,c=2	true
chat_allowed	tut=None;chat=49:PlayPropose;a=4,b=2,c=3	true
chat_allowed	tut=None;chat=49:PlayPropose;a=4,b=2,c=4	true
chat_allowed	tut=None;chat=49:PlayPropose;a=4,b=2,c=5	true
chat_allowed	tut=None;chat=49:PlayPropose;a=4,b=2,c=6	true
chat_allowed	tut=None;chat=49:PlayPropose;a=4,b=2,c=7	true
chat_allowed	tut=None;chat=49:PlayPropose;a=4,b=3,c=0	true
chat_allowed	tut=None;chat=49:PlayPropose;a=4,b=3,c=1	true
chat_allowed	tut=None;chat=49:PlayPropose;a=4,b=3,c=2	true
chat_allowed	tut=None;chat=49:PlayPropose;a=4,b=3,c=3	true
chat_allowed	tut=None;chat=49:PlayPropose;a=4,b=3,c=4	true
chat_allowed	tut=None;chat=49:PlayPropose;a=4,b=3,c=5	true
chat_allowed	tut=None;chat=49:PlayPropose;a=4,b=3,c=6	true
chat_allowed	tut=None;chat=49:PlayPropose;a=4,b=3,c=7	true
chat_allowed	tut=None;chat=49:PlayPropose;a=4,b=4,c=0	true
chat_allowed	tut=None;chat=49:PlayPropose;a=4,b=4,c=1	true
chat_allowed	tut=None;chat=49:PlayPropose;a=4,b=4,c=2	true
chat_allowed	tut=None;chat=49:PlayPropose;a=4,b=4,c=3	true
chat_allowed	tut=None;chat=49:PlayPropose;a=4,b=4,c=4	true
chat_allowed	tut=None;chat=49:PlayPropose;a=4,b=4,c=5	true
chat_allowed	tut=None;chat=49:PlayPropose;a=4,b=4,c=6	true
chat_allowed	tut=None;chat=49:PlayPropose;a=4,b=4,c=7	true
chat_allowed	tut=None;chat=49:PlayPropose;a=4,b=5,c=0	true
chat_allowed	tut=None;chat=49:PlayPropose;a=4,b=5,c=1	true
chat_allowed	tut=None;chat=49:PlayPropose;a=4,b=5,c=2	true
chat_allowed	tut=None;chat=49:PlayPropose;a=4,b=5,c=3	true
chat_allowed	tut=None;chat=49:PlayPropose;a=4,b=5,c=4	true
chat_allowed	tut=None;chat=49:PlayPropose;a=4,b=5,c=5	true
chat_allowed	tut=None;chat=49:PlayPropose;a=4,b=5,c=6	true
chat_allowed	tut=None;chat=49:PlayPropose;a=4,b=5,c=7	true
chat_allowed	tut=None;chat=49:PlayPropose;a=4,b=6,c=0	true
chat_allowed	tut=None;chat=49:PlayPropose;a=4,b=6,c=1	true
chat_allowed	tut=None;chat=49:PlayPropose;a=4,b=6,c=2	true
chat_allowed	tut=None;chat=49:PlayPropose;a=4,b=6,c=3	true
chat_allowed	tut=None;chat=49:PlayPropose;a=4,b=6,c=4	true
chat_allowed	tut=None;chat=49:PlayPropose;a=4,b=6,c=5	true
chat_allowed	tut=None;chat=49:PlayPropose;a=4,b=6,c=6	true
chat_allowed	tut=None;chat=49:PlayPropose;a=4,b=6,c=7	true
chat_allowed	tut=None;chat=49:PlayPropose;a=4,b=7,c=0	true
chat_allowed	tut=None;chat=49:PlayPropose;a=4,b=7,c=1	true
chat_allowed	tut=None;chat=49:PlayPropose;a=4,b=7,c=2	true
chat_allowed	tut=None;chat=49:PlayPropose;a=4,b=7,c=3	true
chat_allowed	tut=None;chat=49:PlayPropose;a=4,b=7,c=4	true
chat_allowed	tut=None;chat=49:PlayPropose;a=4,b=7,c=5	true
chat_allowed	tut=None;chat=49:PlayPropose;a=4,b=7,c=6	true
chat_allowed	tut=None;chat=49:PlayPropose;a=4,b=7,c=7	true
chat_allowed	tut=None;chat=49:PlayPropose;a=5,b=0,c=0	true
chat_allowed	tut=None;chat=49:PlayPropose;a=5,b=0,c=1	true
chat_allowed	tut=None;chat=49:PlayPropose;a=5,b=0,c=2	true
chat_allowed	tut=None;chat=49:PlayPropose;a=5,b=0,c=3	true
chat_allowed	tut=None;chat=49:PlayPropose;a=5,b=0,c=4	true
chat_allowed	tut=None;chat=49:PlayPropose;a=5,b=0,c=5	true
chat_allowed	tut=None;chat=49:PlayPropose;a=5,b=0,c=6	true
chat_allowed	tut=None;chat=49:PlayPropose;a=5,b=0,c=7	true
chat_allowed	tut=None;chat=49:PlayPropose;a=5,b=1,c=0	true
chat_allowed	tut=None;chat=49:PlayPropose;a=5,b=1,c=1	true
chat_allowed	tut=None;chat=49:PlayPropose;a=5,b=1,c=2	true
chat_allowed	tut=None;chat=49:PlayPropose;a=5,b=1,c=3	true
chat_allowed	tut=None;chat=49:PlayPropose;a=5,b=1,c=4	true
chat_allowed	tut=None;chat=49:PlayPropose;a=5,b=1,c=5	true
chat_allowed	tut=None;chat=49:PlayPropose;a=5,b=1,c=6	true
chat_allowed	tut=None;chat=49:PlayPropose;a=5,b=1,c=7	true
chat_allowed	tut=None;chat=49:PlayPropose;a=5,b=2,c=0	true
chat_allowed	tut=None;chat=49:PlayPropose;a=5,b=2,c=1	true
chat_allowed	tut=None;chat=49:PlayPropose;a=5,b=2,c=2	true
chat_allowed	tut=None;chat=49:PlayPropose;a=5,b=2,c=3	true
chat_allowed	tut=None;chat=49:PlayPropose;a=5,b=2,c=4	true
chat_allowed	tut=None;chat=49:PlayPropose;a=5,b=2,c=5	true
chat_allowed	tut=None;chat=49:PlayPropose;a=5,b=2,c=6	true
chat_allowed	tut=None;chat=49:PlayPropose;a=5,b=2,c=7	true
chat_allowed	tut=None;chat=49:PlayPropose;a=5,b=3,c=0	true
chat_allowed	tut=None;chat=49:PlayPropose;a=5,b=3,c=1	true
chat_allowed	tut=None;chat=49:PlayPropose;a=5,b=3,c=2	true
chat_allowed	tut=None;chat=49:PlayPropose;a=5,b=3,c=3	true
chat_allowed	tut=None;chat=49:PlayPropose;a=5,b=3,c=4	true
chat_allowed	tut=None;chat=49:PlayPropose;a=5,b=3,c=5	true
chat_allowed	tut=None;chat=49:PlayPropose;a=5,b=3,c=6	true
chat_allowed	tut=None;chat=49:PlayPropose;a=5,b=3,c=7	true
chat_allowed	tut=None;chat=49:PlayPropose;a=5,b=4,c=0	true
chat_allowed	tut=None;chat=49:PlayPropose;a=5,b=4,c=1	true
chat_allowed	tut=None;chat=49:PlayPropose;a=5,b=4,c=2	true
chat_allowed	tut=None;chat=49:PlayPropose;a=5,b=4,c=3	true
chat_allowed	tut=None;chat=49:PlayPropose;a=5,b=4,c=4	true
chat_allowed	tut=None;chat=49:PlayPropose;a=5,b=4,c=5	true
chat_allowed	tut=None;chat=49:PlayPropose;a=5,b=4,c=6	true
chat_allowed	tut=None;chat=49:PlayPropose;a=5,b=4,c=7	true
chat_allowed	tut=None;chat=49:PlayPropose;a=5,b=5,c=0	true
chat_allowed	tut=None;chat=49:PlayPropose;a=5,b=5,c=1	true
chat_allowed	tut=None;chat=49:PlayPropose;a=5,b=5,c=2	true
chat_allowed	tut=None;chat=49:PlayPropose;a=5,b=5,c=3	true
chat_allowed	tut=None;chat=49:PlayPropose;a=5,b=5,c=4	true
chat_allowed	tut=None;chat=49:PlayPropose;a=5,b=5,c=5	true
chat_allowed	tut=None;chat=49:PlayPropose;a=5,b=5,c=6	true
chat_allowed	tut=None;chat=49:PlayPropose;a=5,b=5,c=7	true
chat_allowed	tut=None;chat=49:PlayPropose;a=5,b=6,c=0	true
chat_allowed	tut=None;chat=49:PlayPropose;a=5,b=6,c=1	true
chat_allowed	tut=None;chat=49:PlayPropose;a=5,b=6,c=2	true
chat_allowed	tut=None;chat=49:PlayPropose;a=5,b=6,c=3	true
chat_allowed	tut=None;chat=49:PlayPropose;a=5,b=6,c=4	true
chat_allowed	tut=None;chat=49:PlayPropose;a=5,b=6,c=5	true
chat_allowed	tut=None;chat=49:PlayPropose;a=5,b=6,c=6	true
chat_allowed	tut=None;chat=49:PlayPropose;a=5,b=6,c=7	true
chat_allowed	tut=None;chat=49:PlayPropose;a=5,b=7,c=0	true
chat_allowed	tut=None;chat=49:PlayPropose;a=5,b=7,c=1	true
chat_allowed	tut=None;chat=49:PlayPropose;a=5,b=7,c=2	true
chat_allowed	tut=None;chat=49:PlayPropose;a=5,b=7,c=3	true
chat_allowed	tut=None;chat=49:PlayPropose;a=5,b=7,c=4	true
chat_allowed	tut=None;chat=49:PlayPropose;a=5,b=7,c=5	true
chat_allowed	tut=None;chat=49:PlayPropose;a=5,b=7,c=6	true
chat_allowed	tut=None;chat=49:PlayPropose;a=5,b=7,c=7	true
chat_allowed	tut=None;chat=49:PlayPropose;a=6,b=0,c=0	true
chat_allowed	tut=None;chat=49:PlayPropose;a=6,b=0,c=1	true
chat_allowed	tut=None;chat=49:PlayPropose;a=6,b=0,c=2	true
chat_allowed	tut=None;chat=49:PlayPropose;a=6,b=0,c=3	true
chat_allowed	tut=None;chat=49:PlayPropose;a=6,b=0,c=4	true
chat_allowed	tut=None;chat=49:PlayPropose;a=6,b=0,c=5	true
chat_allowed	tut=None;chat=49:PlayPropose;a=6,b=0,c=6	true
chat_allowed	tut=None;chat=49:PlayPropose;a=6,b=0,c=7	true
chat_allowed	tut=None;chat=49:PlayPropose;a=6,b=1,c=0	true
chat_allowed	tut=None;chat=49:PlayPropose;a=6,b=1,c=1	true
chat_allowed	tut=None;chat=49:PlayPropose;a=6,b=1,c=2	true
chat_allowed	tut=None;chat=49:PlayPropose;a=6,b=1,c=3	true
chat_allowed	tut=None;chat=49:PlayPropose;a=6,b=1,c=4	true
chat_allowed	tut=None;chat=49:PlayPropose;a=6,b=1,c=5	true
chat_allowed	tut=None;chat=49:PlayPropose;a=6,b=1,c=6	true
chat_allowed	tut=None;chat=49:PlayPropose;a=6,b=1,c=7	true
chat_allowed	tut=None;chat=49:PlayPropose;a=6,b=2,c=0	true
chat_allowed	tut=None;chat=49:PlayPropose;a=6,b=2,c=1	true
chat_allowed	tut=None;chat=49:PlayPropose;a=6,b=2,c=2	true
chat_allowed	tut=None;chat=49:PlayPropose;a=6,b=2,c=3	true
chat_allowed	tut=None;chat=49:PlayPropose;a=6,b=2,c=4	true
chat_allowed	tut=None;chat=49:PlayPropose;a=6,b=2,c=5	true
chat_allowed	tut=None;chat=49:PlayPropose;a=6,b=2,c=6	true
chat_allowed	tut=None;chat=49:PlayPropose;a=6,b=2,c=7	true
chat_allowed	tut=None;chat=49:PlayPropose;a=6,b=3,c=0	true
chat_allowed	tut=None;chat=49:PlayPropose;a=6,b=3,c=1	true
chat_allowed	tut=None;chat=49:PlayPropose;a=6,b=3,c=2	true
chat_allowed	tut=None;chat=49:PlayPropose;a=6,b=3,c=3	true
chat_allowed	tut=None;chat=49:PlayPropose;a=6,b=3,c=4	true
chat_allowed	tut=None;chat=49:PlayPropose;a=6,b=3,c=5	true
chat_allowed	tut=None;chat=49:PlayPropose;a=6,b=3,c=6	true
chat_allowed	tut=None;chat=49:PlayPropose;a=6,b=3,c=7	true
chat_allowed	tut=None;chat=49:PlayPropose;a=6,b=4,c=0	true
chat_allowed	tut=None;chat=49:PlayPropose;a=6,b=4,c=1	true
chat_allowed	tut=None;chat=49:PlayPropose;a=6,b=4,c=2	true
chat_allowed	tut=None;chat=49:PlayPropose;a=6,b=4,c=3	true
chat_allowed	tut=None;chat=49:PlayPropose;a=6,b=4,c=4	true
chat_allowed	tut=None;chat=49:PlayPropose;a=6,b=4,c=5	true
chat_allowed	tut=None;chat=49:PlayPropose;a=6,b=4,c=6	true
chat_allowed	tut=None;chat=49:PlayPropose;a=6,b=4,c=7	true
chat_allowed	tut=None;chat=49:PlayPropose;a=6,b=5,c=0	true
chat_allowed	tut=None;chat=49:PlayPropose;a=6,b=5,c=1	true
chat_allowed	tut=None;chat=49:PlayPropose;a=6,b=5,c=2	true
chat_allowed	tut=None;chat=49:PlayPropose;a=6,b=5,c=3	true
chat_allowed	tut=None;chat=49:PlayPropose;a=6,b=5,c=4	true
chat_allowed	tut=None;chat=49:PlayPropose;a=6,b=5,c=5	true
chat_allowed	tut=None;chat=49:PlayPropose;a=6,b=5,c=6	true
chat_allowed	tut=None;chat=49:PlayPropose;a=6,b=5,c=7	true
chat_allowed	tut=None;chat=49:PlayPropose;a=6,b=6,c=0	true
chat_allowed	tut=None;chat=49:PlayPropose;a=6,b=6,c=1	true
chat_allowed	tut=None;chat=49:PlayPropose;a=6,b=6,c=2	true
chat_allowed	tut=None;chat=49:PlayPropose;a=6,b=6,c=3	true
chat_allowed	tut=None;chat=49:PlayPropose;a=6,b=6,c=4	true
chat_allowed	tut=None;chat=49:PlayPropose;a=6,b=6,c=5	true
chat_allowed	tut=None;chat=49:PlayPropose;a=6,b=6,c=6	true
chat_allowed	tut=None;chat=49:PlayPropose;a=6,b=6,c=7	true
chat_allowed	tut=None;chat=49:PlayPropose;a=6,b=7,c=0	true
chat_allowed	tut=None;chat=49:PlayPropose;a=6,b=7,c=1	true
chat_allowed	tut=None;chat=49:PlayPropose;a=6,b=7,c=2	true
chat_allowed	tut=None;chat=49:PlayPropose;a=6,b=7,c=3	true
chat_allowed	tut=None;chat=49:PlayPropose;a=6,b=7,c=4	true
chat_allowed	tut=None;chat=49:PlayPropose;a=6,b=7,c=5	true
chat_allowed	tut=None;chat=49:PlayPropose;a=6,b=7,c=6	true
chat_allowed	tut=None;chat=49:PlayPropose;a=6,b=7,c=7	true
chat_allowed	tut=None;chat=49:PlayPropose;a=7,b=0,c=0	true
chat_allowed	tut=None;chat=49:PlayPropose;a=7,b=0,c=1	true
chat_allowed	tut=None;chat=49:PlayPropose;a=7,b=0,c=2	true
chat_allowed	tut=None;chat=49:PlayPropose;a=7,b=0,c=3	true
chat_allowed	tut=None;chat=49:PlayPropose;a=7,b=0,c=4	true
chat_allowed	tut=None;chat=49:PlayPropose;a=7,b=0,c=5	true
chat_allowed	tut=None;chat=49:PlayPropose;a=7,b=0,c=6	true
chat_allowed	tut=None;chat=49:PlayPropose;a=7,b=0,c=7	true
chat_allowed	tut=None;chat=49:PlayPropose;a=7,b=1,c=0	true
chat_allowed	tut=None;chat=49:PlayPropose;a=7,b=1,c=1	true
chat_allowed	tut=None;chat=49:PlayPropose;a=7,b=1,c=2	true
chat_allowed	tut=None;chat=49:PlayPropose;a=7,b=1,c=3	true
chat_allowed	tut=None;chat=49:PlayPropose;a=7,b=1,c=4	true
chat_allowed	tut=None;chat=49:PlayPropose;a=7,b=1,c=5	true
chat_allowed	tut=None;chat=49:PlayPropose;a=7,b=1,c=6	true
chat_allowed	tut=None;chat=49:PlayPropose;a=7,b=1,c=7	true
chat_allowed	tut=None;chat=49:PlayPropose;a=7,b=2,c=0	true
chat_allowed	tut=None;chat=49:PlayPropose;a=7,b=2,c=1	true
chat_allowed	tut=None;chat=49:PlayPropose;a=7,b=2,c=2	true
chat_allowed	tut=None;chat=49:PlayPropose;a=7,b=2,c=3	true
chat_allowed	tut=None;chat=49:PlayPropose;a=7,b=2,c=4	true
chat_allowed	tut=None;chat=49:PlayPropose;a=7,b=2,c=5	true
chat_allowed	tut=None;chat=49:PlayPropose;a=7,b=2,c=6	true
chat_allowed	tut=None;chat=49:PlayPropose;a=7,b=2,c=7	true
chat_allowed	tut=None;chat=49:PlayPropose;a=7,b=3,c=0	true
chat_allowed	tut=None;chat=49:PlayPropose;a=7,b=3,c=1	true
chat_allowed	tut=None;chat=49:PlayPropose;a=7,b=3,c=2	true
chat_allowed	tut=None;chat=49:PlayPropose;a=7,b=3,c=3	true
chat_allowed	tut=None;chat=49:PlayPropose;a=7,b=3,c=4	true
chat_allowed	tut=None;chat=49:PlayPropose;a=7,b=3,c=5	true
chat_allowed	tut=None;chat=49:PlayPropose;a=7,b=3,c=6	true
chat_allowed	tut=None;chat=49:PlayPropose;a=7,b=3,c=7	true
chat_allowed	tut=None;chat=49:PlayPropose;a=7,b=4,c=0	true
chat_allowed	tut=None;chat=49:PlayPropose;a=7,b=4,c=1	true
chat_allowed	tut=None;chat=49:PlayPropose;a=7,b=4,c=2	true
chat_allowed	tut=None;chat=49:PlayPropose;a=7,b=4,c=3	true
chat_allowed	tut=None;chat=49:PlayPropose;a=7,b=4,c=4	true
chat_allowed	tut=None;chat=49:PlayPropose;a=7,b=4,c=5	true
chat_allowed	tut=None;chat=49:PlayPropose;a=7,b=4,c=6	true
chat_allowed	tut=None;chat=49:PlayPropose;a=7,b=4,c=7	true
chat_allowed	tut=None;chat=49:PlayPropose;a=7,b=5,c=0	true
chat_allowed	tut=None;chat=49:PlayPropose;a=7,b=5,c=1	true
chat_allowed	tut=None;chat=49:PlayPropose;a=7,b=5,c=2	true
chat_allowed	tut=None;chat=49:PlayPropose;a=7,b=5,c=3	true
chat_allowed	tut=None;chat=49:PlayPropose;a=7,b=5,c=4	true
chat_allowed	tut=None;chat=49:PlayPropose;a=7,b=5,c=5	true
chat_allowed	tut=None;chat=49:PlayPropose;a=7,b=5,c=6	true
chat_allowed	tut=None;chat=49:PlayPropose;a=7,b=5,c=7	true
chat_allowed	tut=None;chat=49:PlayPropose;a=7,b=6,c=0	true
chat_allowed	tut=None;chat=49:PlayPropose;a=7,b=6,c=1	true
chat_allowed	tut=None;chat=49:PlayPropose;a=7,b=6,c=2	true
chat_allowed	tut=None;chat=49:PlayPropose;a=7,b=6,c=3	true
chat_allowed	tut=None;chat=49:PlayPropose;a=7,b=6,c=4	true
chat_allowed	tut=None;chat=49:PlayPropose;a=7,b=6,c=5	true
chat_allowed	tut=None;chat=49:PlayPropose;a=7,b=6,c=6	true
chat_allowed	tut=None;chat=49:PlayPropose;a=7,b=6,c=7	true
chat_allowed	tut=None;chat=49:PlayPropose;a=7,b=7,c=0	true
chat_allowed	tut=None;chat=49:PlayPropose;a=7,b=7,c=1	true
chat_allowed	tut=None;chat=49:PlayPropose;a=7,b=7,c=2	true
chat_allowed	tut=None;chat=49:PlayPropose;a=7,b=7,c=3	true
chat_allowed	tut=None;chat=49:PlayPropose;a=7,b=7,c=4	true
chat_allowed	tut=None;chat=49:PlayPropose;a=7,b=7,c=5	true
chat_allowed	tut=None;chat=49:PlayPropose;a=7,b=7,c=6	true
chat_allowed	tut=None;chat=49:PlayPropose;a=7,b=7,c=7	true
chat_allowed	tut=None;chat=50:GankPlan;line=Mid,a=0	true
chat_allowed	tut=None;chat=50:GankPlan;line=Mid,a=1	true
chat_allowed	tut=None;chat=50:GankPlan;line=Mid,a=2	true
chat_allowed	tut=None;chat=50:GankPlan;line=Mid,a=3	true
chat_allowed	tut=None;chat=50:GankPlan;line=Mid,a=4	true
chat_allowed	tut=None;chat=50:GankPlan;line=Mid,a=5	true
chat_allowed	tut=None;chat=50:GankPlan;line=Mid,a=6	true
chat_allowed	tut=None;chat=50:GankPlan;line=Mid,a=7	true
chat_allowed	tut=None;chat=50:GankPlan;line=Mid,a=8	true
chat_allowed	tut=None;chat=50:GankPlan;line=Mid,a=9	true
chat_allowed	tut=None;chat=50:GankPlan;line=Mid,a=10	true
chat_allowed	tut=None;chat=50:GankPlan;line=Mid,a=11	true
chat_allowed	tut=None;chat=50:GankPlan;line=Mid,a=12	true
chat_allowed	tut=None;chat=50:GankPlan;line=Mid,a=13	true
chat_allowed	tut=None;chat=50:GankPlan;line=Mid,a=14	true
chat_allowed	tut=None;chat=50:GankPlan;line=Mid,a=15	true
chat_allowed	tut=None;chat=50:GankPlan;line=Bottom,a=0	true
chat_allowed	tut=None;chat=50:GankPlan;line=Bottom,a=1	true
chat_allowed	tut=None;chat=50:GankPlan;line=Bottom,a=2	true
chat_allowed	tut=None;chat=50:GankPlan;line=Bottom,a=3	true
chat_allowed	tut=None;chat=50:GankPlan;line=Bottom,a=4	true
chat_allowed	tut=None;chat=50:GankPlan;line=Bottom,a=5	true
chat_allowed	tut=None;chat=50:GankPlan;line=Bottom,a=6	true
chat_allowed	tut=None;chat=50:GankPlan;line=Bottom,a=7	true
chat_allowed	tut=None;chat=50:GankPlan;line=Bottom,a=8	true
chat_allowed	tut=None;chat=50:GankPlan;line=Bottom,a=9	true
chat_allowed	tut=None;chat=50:GankPlan;line=Bottom,a=10	true
chat_allowed	tut=None;chat=50:GankPlan;line=Bottom,a=11	true
chat_allowed	tut=None;chat=50:GankPlan;line=Bottom,a=12	true
chat_allowed	tut=None;chat=50:GankPlan;line=Bottom,a=13	true
chat_allowed	tut=None;chat=50:GankPlan;line=Bottom,a=14	true
chat_allowed	tut=None;chat=50:GankPlan;line=Bottom,a=15	true
chat_allowed	tut=None;chat=50:GankPlan;line=Top,a=0	true
chat_allowed	tut=None;chat=50:GankPlan;line=Top,a=1	true
chat_allowed	tut=None;chat=50:GankPlan;line=Top,a=2	true
chat_allowed	tut=None;chat=50:GankPlan;line=Top,a=3	true
chat_allowed	tut=None;chat=50:GankPlan;line=Top,a=4	true
chat_allowed	tut=None;chat=50:GankPlan;line=Top,a=5	true
chat_allowed	tut=None;chat=50:GankPlan;line=Top,a=6	true
chat_allowed	tut=None;chat=50:GankPlan;line=Top,a=7	true
chat_allowed	tut=None;chat=50:GankPlan;line=Top,a=8	true
chat_allowed	tut=None;chat=50:GankPlan;line=Top,a=9	true
chat_allowed	tut=None;chat=50:GankPlan;line=Top,a=10	true
chat_allowed	tut=None;chat=50:GankPlan;line=Top,a=11	true
chat_allowed	tut=None;chat=50:GankPlan;line=Top,a=12	true
chat_allowed	tut=None;chat=50:GankPlan;line=Top,a=13	true
chat_allowed	tut=None;chat=50:GankPlan;line=Top,a=14	true
chat_allowed	tut=None;chat=50:GankPlan;line=Top,a=15	true
chat_allowed	tut=None;chat=47:PlayCall;a=0,b=0	true
chat_allowed	tut=None;chat=55:CounterRequest;a=0,b=0	true
chat_allowed	tut=None;chat=47:PlayCall;a=0,b=1	true
chat_allowed	tut=None;chat=55:CounterRequest;a=0,b=1	true
chat_allowed	tut=None;chat=47:PlayCall;a=0,b=2	true
chat_allowed	tut=None;chat=55:CounterRequest;a=0,b=2	true
chat_allowed	tut=None;chat=47:PlayCall;a=0,b=3	true
chat_allowed	tut=None;chat=55:CounterRequest;a=0,b=3	true
chat_allowed	tut=None;chat=47:PlayCall;a=0,b=4	true
chat_allowed	tut=None;chat=55:CounterRequest;a=0,b=4	true
chat_allowed	tut=None;chat=47:PlayCall;a=0,b=5	true
chat_allowed	tut=None;chat=55:CounterRequest;a=0,b=5	true
chat_allowed	tut=None;chat=47:PlayCall;a=0,b=6	true
chat_allowed	tut=None;chat=55:CounterRequest;a=0,b=6	true
chat_allowed	tut=None;chat=47:PlayCall;a=0,b=7	true
chat_allowed	tut=None;chat=55:CounterRequest;a=0,b=7	true
chat_allowed	tut=None;chat=47:PlayCall;a=0,b=8	true
chat_allowed	tut=None;chat=55:CounterRequest;a=0,b=8	true
chat_allowed	tut=None;chat=47:PlayCall;a=0,b=9	true
chat_allowed	tut=None;chat=55:CounterRequest;a=0,b=9	true
chat_allowed	tut=None;chat=47:PlayCall;a=0,b=10	true
chat_allowed	tut=None;chat=55:CounterRequest;a=0,b=10	true
chat_allowed	tut=None;chat=47:PlayCall;a=0,b=11	true
chat_allowed	tut=None;chat=55:CounterRequest;a=0,b=11	true
chat_allowed	tut=None;chat=47:PlayCall;a=0,b=12	true
chat_allowed	tut=None;chat=55:CounterRequest;a=0,b=12	true
chat_allowed	tut=None;chat=47:PlayCall;a=0,b=13	true
chat_allowed	tut=None;chat=55:CounterRequest;a=0,b=13	true
chat_allowed	tut=None;chat=47:PlayCall;a=0,b=14	true
chat_allowed	tut=None;chat=55:CounterRequest;a=0,b=14	true
chat_allowed	tut=None;chat=47:PlayCall;a=0,b=15	true
chat_allowed	tut=None;chat=55:CounterRequest;a=0,b=15	true
chat_allowed	tut=None;chat=47:PlayCall;a=1,b=0	true
chat_allowed	tut=None;chat=55:CounterRequest;a=1,b=0	true
chat_allowed	tut=None;chat=47:PlayCall;a=1,b=1	true
chat_allowed	tut=None;chat=55:CounterRequest;a=1,b=1	true
chat_allowed	tut=None;chat=47:PlayCall;a=1,b=2	true
chat_allowed	tut=None;chat=55:CounterRequest;a=1,b=2	true
chat_allowed	tut=None;chat=47:PlayCall;a=1,b=3	true
chat_allowed	tut=None;chat=55:CounterRequest;a=1,b=3	true
chat_allowed	tut=None;chat=47:PlayCall;a=1,b=4	true
chat_allowed	tut=None;chat=55:CounterRequest;a=1,b=4	true
chat_allowed	tut=None;chat=47:PlayCall;a=1,b=5	true
chat_allowed	tut=None;chat=55:CounterRequest;a=1,b=5	true
chat_allowed	tut=None;chat=47:PlayCall;a=1,b=6	true
chat_allowed	tut=None;chat=55:CounterRequest;a=1,b=6	true
chat_allowed	tut=None;chat=47:PlayCall;a=1,b=7	true
chat_allowed	tut=None;chat=55:CounterRequest;a=1,b=7	true
chat_allowed	tut=None;chat=47:PlayCall;a=1,b=8	true
chat_allowed	tut=None;chat=55:CounterRequest;a=1,b=8	true
chat_allowed	tut=None;chat=47:PlayCall;a=1,b=9	true
chat_allowed	tut=None;chat=55:CounterRequest;a=1,b=9	true
chat_allowed	tut=None;chat=47:PlayCall;a=1,b=10	true
chat_allowed	tut=None;chat=55:CounterRequest;a=1,b=10	true
chat_allowed	tut=None;chat=47:PlayCall;a=1,b=11	true
chat_allowed	tut=None;chat=55:CounterRequest;a=1,b=11	true
chat_allowed	tut=None;chat=47:PlayCall;a=1,b=12	true
chat_allowed	tut=None;chat=55:CounterRequest;a=1,b=12	true
chat_allowed	tut=None;chat=47:PlayCall;a=1,b=13	true
chat_allowed	tut=None;chat=55:CounterRequest;a=1,b=13	true
chat_allowed	tut=None;chat=47:PlayCall;a=1,b=14	true
chat_allowed	tut=None;chat=55:CounterRequest;a=1,b=14	true
chat_allowed	tut=None;chat=47:PlayCall;a=1,b=15	true
chat_allowed	tut=None;chat=55:CounterRequest;a=1,b=15	true
chat_allowed	tut=None;chat=47:PlayCall;a=2,b=0	true
chat_allowed	tut=None;chat=55:CounterRequest;a=2,b=0	true
chat_allowed	tut=None;chat=47:PlayCall;a=2,b=1	true
chat_allowed	tut=None;chat=55:CounterRequest;a=2,b=1	true
chat_allowed	tut=None;chat=47:PlayCall;a=2,b=2	true
chat_allowed	tut=None;chat=55:CounterRequest;a=2,b=2	true
chat_allowed	tut=None;chat=47:PlayCall;a=2,b=3	true
chat_allowed	tut=None;chat=55:CounterRequest;a=2,b=3	true
chat_allowed	tut=None;chat=47:PlayCall;a=2,b=4	true
chat_allowed	tut=None;chat=55:CounterRequest;a=2,b=4	true
chat_allowed	tut=None;chat=47:PlayCall;a=2,b=5	true
chat_allowed	tut=None;chat=55:CounterRequest;a=2,b=5	true
chat_allowed	tut=None;chat=47:PlayCall;a=2,b=6	true
chat_allowed	tut=None;chat=55:CounterRequest;a=2,b=6	true
chat_allowed	tut=None;chat=47:PlayCall;a=2,b=7	true
chat_allowed	tut=None;chat=55:CounterRequest;a=2,b=7	true
chat_allowed	tut=None;chat=47:PlayCall;a=2,b=8	true
chat_allowed	tut=None;chat=55:CounterRequest;a=2,b=8	true
chat_allowed	tut=None;chat=47:PlayCall;a=2,b=9	true
chat_allowed	tut=None;chat=55:CounterRequest;a=2,b=9	true
chat_allowed	tut=None;chat=47:PlayCall;a=2,b=10	true
chat_allowed	tut=None;chat=55:CounterRequest;a=2,b=10	true
chat_allowed	tut=None;chat=47:PlayCall;a=2,b=11	true
chat_allowed	tut=None;chat=55:CounterRequest;a=2,b=11	true
chat_allowed	tut=None;chat=47:PlayCall;a=2,b=12	true
chat_allowed	tut=None;chat=55:CounterRequest;a=2,b=12	true
chat_allowed	tut=None;chat=47:PlayCall;a=2,b=13	true
chat_allowed	tut=None;chat=55:CounterRequest;a=2,b=13	true
chat_allowed	tut=None;chat=47:PlayCall;a=2,b=14	true
chat_allowed	tut=None;chat=55:CounterRequest;a=2,b=14	true
chat_allowed	tut=None;chat=47:PlayCall;a=2,b=15	true
chat_allowed	tut=None;chat=55:CounterRequest;a=2,b=15	true
chat_allowed	tut=None;chat=47:PlayCall;a=3,b=0	true
chat_allowed	tut=None;chat=55:CounterRequest;a=3,b=0	true
chat_allowed	tut=None;chat=47:PlayCall;a=3,b=1	true
chat_allowed	tut=None;chat=55:CounterRequest;a=3,b=1	true
chat_allowed	tut=None;chat=47:PlayCall;a=3,b=2	true
chat_allowed	tut=None;chat=55:CounterRequest;a=3,b=2	true
chat_allowed	tut=None;chat=47:PlayCall;a=3,b=3	true
chat_allowed	tut=None;chat=55:CounterRequest;a=3,b=3	true
chat_allowed	tut=None;chat=47:PlayCall;a=3,b=4	true
chat_allowed	tut=None;chat=55:CounterRequest;a=3,b=4	true
chat_allowed	tut=None;chat=47:PlayCall;a=3,b=5	true
chat_allowed	tut=None;chat=55:CounterRequest;a=3,b=5	true
chat_allowed	tut=None;chat=47:PlayCall;a=3,b=6	true
chat_allowed	tut=None;chat=55:CounterRequest;a=3,b=6	true
chat_allowed	tut=None;chat=47:PlayCall;a=3,b=7	true
chat_allowed	tut=None;chat=55:CounterRequest;a=3,b=7	true
chat_allowed	tut=None;chat=47:PlayCall;a=3,b=8	true
chat_allowed	tut=None;chat=55:CounterRequest;a=3,b=8	true
chat_allowed	tut=None;chat=47:PlayCall;a=3,b=9	true
chat_allowed	tut=None;chat=55:CounterRequest;a=3,b=9	true
chat_allowed	tut=None;chat=47:PlayCall;a=3,b=10	true
chat_allowed	tut=None;chat=55:CounterRequest;a=3,b=10	true
chat_allowed	tut=None;chat=47:PlayCall;a=3,b=11	true
chat_allowed	tut=None;chat=55:CounterRequest;a=3,b=11	true
chat_allowed	tut=None;chat=47:PlayCall;a=3,b=12	true
chat_allowed	tut=None;chat=55:CounterRequest;a=3,b=12	true
chat_allowed	tut=None;chat=47:PlayCall;a=3,b=13	true
chat_allowed	tut=None;chat=55:CounterRequest;a=3,b=13	true
chat_allowed	tut=None;chat=47:PlayCall;a=3,b=14	true
chat_allowed	tut=None;chat=55:CounterRequest;a=3,b=14	true
chat_allowed	tut=None;chat=47:PlayCall;a=3,b=15	true
chat_allowed	tut=None;chat=55:CounterRequest;a=3,b=15	true
chat_allowed	tut=None;chat=47:PlayCall;a=4,b=0	true
chat_allowed	tut=None;chat=55:CounterRequest;a=4,b=0	true
chat_allowed	tut=None;chat=47:PlayCall;a=4,b=1	true
chat_allowed	tut=None;chat=55:CounterRequest;a=4,b=1	true
chat_allowed	tut=None;chat=47:PlayCall;a=4,b=2	true
chat_allowed	tut=None;chat=55:CounterRequest;a=4,b=2	true
chat_allowed	tut=None;chat=47:PlayCall;a=4,b=3	true
chat_allowed	tut=None;chat=55:CounterRequest;a=4,b=3	true
chat_allowed	tut=None;chat=47:PlayCall;a=4,b=4	true
chat_allowed	tut=None;chat=55:CounterRequest;a=4,b=4	true
chat_allowed	tut=None;chat=47:PlayCall;a=4,b=5	true
chat_allowed	tut=None;chat=55:CounterRequest;a=4,b=5	true
chat_allowed	tut=None;chat=47:PlayCall;a=4,b=6	true
chat_allowed	tut=None;chat=55:CounterRequest;a=4,b=6	true
chat_allowed	tut=None;chat=47:PlayCall;a=4,b=7	true
chat_allowed	tut=None;chat=55:CounterRequest;a=4,b=7	true
chat_allowed	tut=None;chat=47:PlayCall;a=4,b=8	true
chat_allowed	tut=None;chat=55:CounterRequest;a=4,b=8	true
chat_allowed	tut=None;chat=47:PlayCall;a=4,b=9	true
chat_allowed	tut=None;chat=55:CounterRequest;a=4,b=9	true
chat_allowed	tut=None;chat=47:PlayCall;a=4,b=10	true
chat_allowed	tut=None;chat=55:CounterRequest;a=4,b=10	true
chat_allowed	tut=None;chat=47:PlayCall;a=4,b=11	true
chat_allowed	tut=None;chat=55:CounterRequest;a=4,b=11	true
chat_allowed	tut=None;chat=47:PlayCall;a=4,b=12	true
chat_allowed	tut=None;chat=55:CounterRequest;a=4,b=12	true
chat_allowed	tut=None;chat=47:PlayCall;a=4,b=13	true
chat_allowed	tut=None;chat=55:CounterRequest;a=4,b=13	true
chat_allowed	tut=None;chat=47:PlayCall;a=4,b=14	true
chat_allowed	tut=None;chat=55:CounterRequest;a=4,b=14	true
chat_allowed	tut=None;chat=47:PlayCall;a=4,b=15	true
chat_allowed	tut=None;chat=55:CounterRequest;a=4,b=15	true
chat_allowed	tut=None;chat=47:PlayCall;a=5,b=0	true
chat_allowed	tut=None;chat=55:CounterRequest;a=5,b=0	true
chat_allowed	tut=None;chat=47:PlayCall;a=5,b=1	true
chat_allowed	tut=None;chat=55:CounterRequest;a=5,b=1	true
chat_allowed	tut=None;chat=47:PlayCall;a=5,b=2	true
chat_allowed	tut=None;chat=55:CounterRequest;a=5,b=2	true
chat_allowed	tut=None;chat=47:PlayCall;a=5,b=3	true
chat_allowed	tut=None;chat=55:CounterRequest;a=5,b=3	true
chat_allowed	tut=None;chat=47:PlayCall;a=5,b=4	true
chat_allowed	tut=None;chat=55:CounterRequest;a=5,b=4	true
chat_allowed	tut=None;chat=47:PlayCall;a=5,b=5	true
chat_allowed	tut=None;chat=55:CounterRequest;a=5,b=5	true
chat_allowed	tut=None;chat=47:PlayCall;a=5,b=6	true
chat_allowed	tut=None;chat=55:CounterRequest;a=5,b=6	true
chat_allowed	tut=None;chat=47:PlayCall;a=5,b=7	true
chat_allowed	tut=None;chat=55:CounterRequest;a=5,b=7	true
chat_allowed	tut=None;chat=47:PlayCall;a=5,b=8	true
chat_allowed	tut=None;chat=55:CounterRequest;a=5,b=8	true
chat_allowed	tut=None;chat=47:PlayCall;a=5,b=9	true
chat_allowed	tut=None;chat=55:CounterRequest;a=5,b=9	true
chat_allowed	tut=None;chat=47:PlayCall;a=5,b=10	true
chat_allowed	tut=None;chat=55:CounterRequest;a=5,b=10	true
chat_allowed	tut=None;chat=47:PlayCall;a=5,b=11	true
chat_allowed	tut=None;chat=55:CounterRequest;a=5,b=11	true
chat_allowed	tut=None;chat=47:PlayCall;a=5,b=12	true
chat_allowed	tut=None;chat=55:CounterRequest;a=5,b=12	true
chat_allowed	tut=None;chat=47:PlayCall;a=5,b=13	true
chat_allowed	tut=None;chat=55:CounterRequest;a=5,b=13	true
chat_allowed	tut=None;chat=47:PlayCall;a=5,b=14	true
chat_allowed	tut=None;chat=55:CounterRequest;a=5,b=14	true
chat_allowed	tut=None;chat=47:PlayCall;a=5,b=15	true
chat_allowed	tut=None;chat=55:CounterRequest;a=5,b=15	true
chat_allowed	tut=None;chat=47:PlayCall;a=6,b=0	true
chat_allowed	tut=None;chat=55:CounterRequest;a=6,b=0	true
chat_allowed	tut=None;chat=47:PlayCall;a=6,b=1	true
chat_allowed	tut=None;chat=55:CounterRequest;a=6,b=1	true
chat_allowed	tut=None;chat=47:PlayCall;a=6,b=2	true
chat_allowed	tut=None;chat=55:CounterRequest;a=6,b=2	true
chat_allowed	tut=None;chat=47:PlayCall;a=6,b=3	true
chat_allowed	tut=None;chat=55:CounterRequest;a=6,b=3	true
chat_allowed	tut=None;chat=47:PlayCall;a=6,b=4	true
chat_allowed	tut=None;chat=55:CounterRequest;a=6,b=4	true
chat_allowed	tut=None;chat=47:PlayCall;a=6,b=5	true
chat_allowed	tut=None;chat=55:CounterRequest;a=6,b=5	true
chat_allowed	tut=None;chat=47:PlayCall;a=6,b=6	true
chat_allowed	tut=None;chat=55:CounterRequest;a=6,b=6	true
chat_allowed	tut=None;chat=47:PlayCall;a=6,b=7	true
chat_allowed	tut=None;chat=55:CounterRequest;a=6,b=7	true
chat_allowed	tut=None;chat=47:PlayCall;a=6,b=8	true
chat_allowed	tut=None;chat=55:CounterRequest;a=6,b=8	true
chat_allowed	tut=None;chat=47:PlayCall;a=6,b=9	true
chat_allowed	tut=None;chat=55:CounterRequest;a=6,b=9	true
chat_allowed	tut=None;chat=47:PlayCall;a=6,b=10	true
chat_allowed	tut=None;chat=55:CounterRequest;a=6,b=10	true
chat_allowed	tut=None;chat=47:PlayCall;a=6,b=11	true
chat_allowed	tut=None;chat=55:CounterRequest;a=6,b=11	true
chat_allowed	tut=None;chat=47:PlayCall;a=6,b=12	true
chat_allowed	tut=None;chat=55:CounterRequest;a=6,b=12	true
chat_allowed	tut=None;chat=47:PlayCall;a=6,b=13	true
chat_allowed	tut=None;chat=55:CounterRequest;a=6,b=13	true
chat_allowed	tut=None;chat=47:PlayCall;a=6,b=14	true
chat_allowed	tut=None;chat=55:CounterRequest;a=6,b=14	true
chat_allowed	tut=None;chat=47:PlayCall;a=6,b=15	true
chat_allowed	tut=None;chat=55:CounterRequest;a=6,b=15	true
chat_allowed	tut=None;chat=47:PlayCall;a=7,b=0	true
chat_allowed	tut=None;chat=55:CounterRequest;a=7,b=0	true
chat_allowed	tut=None;chat=47:PlayCall;a=7,b=1	true
chat_allowed	tut=None;chat=55:CounterRequest;a=7,b=1	true
chat_allowed	tut=None;chat=47:PlayCall;a=7,b=2	true
chat_allowed	tut=None;chat=55:CounterRequest;a=7,b=2	true
chat_allowed	tut=None;chat=47:PlayCall;a=7,b=3	true
chat_allowed	tut=None;chat=55:CounterRequest;a=7,b=3	true
chat_allowed	tut=None;chat=47:PlayCall;a=7,b=4	true
chat_allowed	tut=None;chat=55:CounterRequest;a=7,b=4	true
chat_allowed	tut=None;chat=47:PlayCall;a=7,b=5	true
chat_allowed	tut=None;chat=55:CounterRequest;a=7,b=5	true
chat_allowed	tut=None;chat=47:PlayCall;a=7,b=6	true
chat_allowed	tut=None;chat=55:CounterRequest;a=7,b=6	true
chat_allowed	tut=None;chat=47:PlayCall;a=7,b=7	true
chat_allowed	tut=None;chat=55:CounterRequest;a=7,b=7	true
chat_allowed	tut=None;chat=47:PlayCall;a=7,b=8	true
chat_allowed	tut=None;chat=55:CounterRequest;a=7,b=8	true
chat_allowed	tut=None;chat=47:PlayCall;a=7,b=9	true
chat_allowed	tut=None;chat=55:CounterRequest;a=7,b=9	true
chat_allowed	tut=None;chat=47:PlayCall;a=7,b=10	true
chat_allowed	tut=None;chat=55:CounterRequest;a=7,b=10	true
chat_allowed	tut=None;chat=47:PlayCall;a=7,b=11	true
chat_allowed	tut=None;chat=55:CounterRequest;a=7,b=11	true
chat_allowed	tut=None;chat=47:PlayCall;a=7,b=12	true
chat_allowed	tut=None;chat=55:CounterRequest;a=7,b=12	true
chat_allowed	tut=None;chat=47:PlayCall;a=7,b=13	true
chat_allowed	tut=None;chat=55:CounterRequest;a=7,b=13	true
chat_allowed	tut=None;chat=47:PlayCall;a=7,b=14	true
chat_allowed	tut=None;chat=55:CounterRequest;a=7,b=14	true
chat_allowed	tut=None;chat=47:PlayCall;a=7,b=15	true
chat_allowed	tut=None;chat=55:CounterRequest;a=7,b=15	true
chat_allowed	tut=None;chat=47:PlayCall;a=8,b=0	true
chat_allowed	tut=None;chat=55:CounterRequest;a=8,b=0	true
chat_allowed	tut=None;chat=47:PlayCall;a=8,b=1	true
chat_allowed	tut=None;chat=55:CounterRequest;a=8,b=1	true
chat_allowed	tut=None;chat=47:PlayCall;a=8,b=2	true
chat_allowed	tut=None;chat=55:CounterRequest;a=8,b=2	true
chat_allowed	tut=None;chat=47:PlayCall;a=8,b=3	true
chat_allowed	tut=None;chat=55:CounterRequest;a=8,b=3	true
chat_allowed	tut=None;chat=47:PlayCall;a=8,b=4	true
chat_allowed	tut=None;chat=55:CounterRequest;a=8,b=4	true
chat_allowed	tut=None;chat=47:PlayCall;a=8,b=5	true
chat_allowed	tut=None;chat=55:CounterRequest;a=8,b=5	true
chat_allowed	tut=None;chat=47:PlayCall;a=8,b=6	true
chat_allowed	tut=None;chat=55:CounterRequest;a=8,b=6	true
chat_allowed	tut=None;chat=47:PlayCall;a=8,b=7	true
chat_allowed	tut=None;chat=55:CounterRequest;a=8,b=7	true
chat_allowed	tut=None;chat=47:PlayCall;a=8,b=8	true
chat_allowed	tut=None;chat=55:CounterRequest;a=8,b=8	true
chat_allowed	tut=None;chat=47:PlayCall;a=8,b=9	true
chat_allowed	tut=None;chat=55:CounterRequest;a=8,b=9	true
chat_allowed	tut=None;chat=47:PlayCall;a=8,b=10	true
chat_allowed	tut=None;chat=55:CounterRequest;a=8,b=10	true
chat_allowed	tut=None;chat=47:PlayCall;a=8,b=11	true
chat_allowed	tut=None;chat=55:CounterRequest;a=8,b=11	true
chat_allowed	tut=None;chat=47:PlayCall;a=8,b=12	true
chat_allowed	tut=None;chat=55:CounterRequest;a=8,b=12	true
chat_allowed	tut=None;chat=47:PlayCall;a=8,b=13	true
chat_allowed	tut=None;chat=55:CounterRequest;a=8,b=13	true
chat_allowed	tut=None;chat=47:PlayCall;a=8,b=14	true
chat_allowed	tut=None;chat=55:CounterRequest;a=8,b=14	true
chat_allowed	tut=None;chat=47:PlayCall;a=8,b=15	true
chat_allowed	tut=None;chat=55:CounterRequest;a=8,b=15	true
chat_allowed	tut=None;chat=47:PlayCall;a=9,b=0	true
chat_allowed	tut=None;chat=55:CounterRequest;a=9,b=0	true
chat_allowed	tut=None;chat=47:PlayCall;a=9,b=1	true
chat_allowed	tut=None;chat=55:CounterRequest;a=9,b=1	true
chat_allowed	tut=None;chat=47:PlayCall;a=9,b=2	true
chat_allowed	tut=None;chat=55:CounterRequest;a=9,b=2	true
chat_allowed	tut=None;chat=47:PlayCall;a=9,b=3	true
chat_allowed	tut=None;chat=55:CounterRequest;a=9,b=3	true
chat_allowed	tut=None;chat=47:PlayCall;a=9,b=4	true
chat_allowed	tut=None;chat=55:CounterRequest;a=9,b=4	true
chat_allowed	tut=None;chat=47:PlayCall;a=9,b=5	true
chat_allowed	tut=None;chat=55:CounterRequest;a=9,b=5	true
chat_allowed	tut=None;chat=47:PlayCall;a=9,b=6	true
chat_allowed	tut=None;chat=55:CounterRequest;a=9,b=6	true
chat_allowed	tut=None;chat=47:PlayCall;a=9,b=7	true
chat_allowed	tut=None;chat=55:CounterRequest;a=9,b=7	true
chat_allowed	tut=None;chat=47:PlayCall;a=9,b=8	true
chat_allowed	tut=None;chat=55:CounterRequest;a=9,b=8	true
chat_allowed	tut=None;chat=47:PlayCall;a=9,b=9	true
chat_allowed	tut=None;chat=55:CounterRequest;a=9,b=9	true
chat_allowed	tut=None;chat=47:PlayCall;a=9,b=10	true
chat_allowed	tut=None;chat=55:CounterRequest;a=9,b=10	true
chat_allowed	tut=None;chat=47:PlayCall;a=9,b=11	true
chat_allowed	tut=None;chat=55:CounterRequest;a=9,b=11	true
chat_allowed	tut=None;chat=47:PlayCall;a=9,b=12	true
chat_allowed	tut=None;chat=55:CounterRequest;a=9,b=12	true
chat_allowed	tut=None;chat=47:PlayCall;a=9,b=13	true
chat_allowed	tut=None;chat=55:CounterRequest;a=9,b=13	true
chat_allowed	tut=None;chat=47:PlayCall;a=9,b=14	true
chat_allowed	tut=None;chat=55:CounterRequest;a=9,b=14	true
chat_allowed	tut=None;chat=47:PlayCall;a=9,b=15	true
chat_allowed	tut=None;chat=55:CounterRequest;a=9,b=15	true
chat_allowed	tut=None;chat=47:PlayCall;a=10,b=0	true
chat_allowed	tut=None;chat=55:CounterRequest;a=10,b=0	true
chat_allowed	tut=None;chat=47:PlayCall;a=10,b=1	true
chat_allowed	tut=None;chat=55:CounterRequest;a=10,b=1	true
chat_allowed	tut=None;chat=47:PlayCall;a=10,b=2	true
chat_allowed	tut=None;chat=55:CounterRequest;a=10,b=2	true
chat_allowed	tut=None;chat=47:PlayCall;a=10,b=3	true
chat_allowed	tut=None;chat=55:CounterRequest;a=10,b=3	true
chat_allowed	tut=None;chat=47:PlayCall;a=10,b=4	true
chat_allowed	tut=None;chat=55:CounterRequest;a=10,b=4	true
chat_allowed	tut=None;chat=47:PlayCall;a=10,b=5	true
chat_allowed	tut=None;chat=55:CounterRequest;a=10,b=5	true
chat_allowed	tut=None;chat=47:PlayCall;a=10,b=6	true
chat_allowed	tut=None;chat=55:CounterRequest;a=10,b=6	true
chat_allowed	tut=None;chat=47:PlayCall;a=10,b=7	true
chat_allowed	tut=None;chat=55:CounterRequest;a=10,b=7	true
chat_allowed	tut=None;chat=47:PlayCall;a=10,b=8	true
chat_allowed	tut=None;chat=55:CounterRequest;a=10,b=8	true
chat_allowed	tut=None;chat=47:PlayCall;a=10,b=9	true
chat_allowed	tut=None;chat=55:CounterRequest;a=10,b=9	true
chat_allowed	tut=None;chat=47:PlayCall;a=10,b=10	true
chat_allowed	tut=None;chat=55:CounterRequest;a=10,b=10	true
chat_allowed	tut=None;chat=47:PlayCall;a=10,b=11	true
chat_allowed	tut=None;chat=55:CounterRequest;a=10,b=11	true
chat_allowed	tut=None;chat=47:PlayCall;a=10,b=12	true
chat_allowed	tut=None;chat=55:CounterRequest;a=10,b=12	true
chat_allowed	tut=None;chat=47:PlayCall;a=10,b=13	true
chat_allowed	tut=None;chat=55:CounterRequest;a=10,b=13	true
chat_allowed	tut=None;chat=47:PlayCall;a=10,b=14	true
chat_allowed	tut=None;chat=55:CounterRequest;a=10,b=14	true
chat_allowed	tut=None;chat=47:PlayCall;a=10,b=15	true
chat_allowed	tut=None;chat=55:CounterRequest;a=10,b=15	true
chat_allowed	tut=None;chat=47:PlayCall;a=11,b=0	true
chat_allowed	tut=None;chat=55:CounterRequest;a=11,b=0	true
chat_allowed	tut=None;chat=47:PlayCall;a=11,b=1	true
chat_allowed	tut=None;chat=55:CounterRequest;a=11,b=1	true
chat_allowed	tut=None;chat=47:PlayCall;a=11,b=2	true
chat_allowed	tut=None;chat=55:CounterRequest;a=11,b=2	true
chat_allowed	tut=None;chat=47:PlayCall;a=11,b=3	true
chat_allowed	tut=None;chat=55:CounterRequest;a=11,b=3	true
chat_allowed	tut=None;chat=47:PlayCall;a=11,b=4	true
chat_allowed	tut=None;chat=55:CounterRequest;a=11,b=4	true
chat_allowed	tut=None;chat=47:PlayCall;a=11,b=5	true
chat_allowed	tut=None;chat=55:CounterRequest;a=11,b=5	true
chat_allowed	tut=None;chat=47:PlayCall;a=11,b=6	true
chat_allowed	tut=None;chat=55:CounterRequest;a=11,b=6	true
chat_allowed	tut=None;chat=47:PlayCall;a=11,b=7	true
chat_allowed	tut=None;chat=55:CounterRequest;a=11,b=7	true
chat_allowed	tut=None;chat=47:PlayCall;a=11,b=8	true
chat_allowed	tut=None;chat=55:CounterRequest;a=11,b=8	true
chat_allowed	tut=None;chat=47:PlayCall;a=11,b=9	true
chat_allowed	tut=None;chat=55:CounterRequest;a=11,b=9	true
chat_allowed	tut=None;chat=47:PlayCall;a=11,b=10	true
chat_allowed	tut=None;chat=55:CounterRequest;a=11,b=10	true
chat_allowed	tut=None;chat=47:PlayCall;a=11,b=11	true
chat_allowed	tut=None;chat=55:CounterRequest;a=11,b=11	true
chat_allowed	tut=None;chat=47:PlayCall;a=11,b=12	true
chat_allowed	tut=None;chat=55:CounterRequest;a=11,b=12	true
chat_allowed	tut=None;chat=47:PlayCall;a=11,b=13	true
chat_allowed	tut=None;chat=55:CounterRequest;a=11,b=13	true
chat_allowed	tut=None;chat=47:PlayCall;a=11,b=14	true
chat_allowed	tut=None;chat=55:CounterRequest;a=11,b=14	true
chat_allowed	tut=None;chat=47:PlayCall;a=11,b=15	true
chat_allowed	tut=None;chat=55:CounterRequest;a=11,b=15	true
chat_allowed	tut=None;chat=47:PlayCall;a=12,b=0	true
chat_allowed	tut=None;chat=55:CounterRequest;a=12,b=0	true
chat_allowed	tut=None;chat=47:PlayCall;a=12,b=1	true
chat_allowed	tut=None;chat=55:CounterRequest;a=12,b=1	true
chat_allowed	tut=None;chat=47:PlayCall;a=12,b=2	true
chat_allowed	tut=None;chat=55:CounterRequest;a=12,b=2	true
chat_allowed	tut=None;chat=47:PlayCall;a=12,b=3	true
chat_allowed	tut=None;chat=55:CounterRequest;a=12,b=3	true
chat_allowed	tut=None;chat=47:PlayCall;a=12,b=4	true
chat_allowed	tut=None;chat=55:CounterRequest;a=12,b=4	true
chat_allowed	tut=None;chat=47:PlayCall;a=12,b=5	true
chat_allowed	tut=None;chat=55:CounterRequest;a=12,b=5	true
chat_allowed	tut=None;chat=47:PlayCall;a=12,b=6	true
chat_allowed	tut=None;chat=55:CounterRequest;a=12,b=6	true
chat_allowed	tut=None;chat=47:PlayCall;a=12,b=7	true
chat_allowed	tut=None;chat=55:CounterRequest;a=12,b=7	true
chat_allowed	tut=None;chat=47:PlayCall;a=12,b=8	true
chat_allowed	tut=None;chat=55:CounterRequest;a=12,b=8	true
chat_allowed	tut=None;chat=47:PlayCall;a=12,b=9	true
chat_allowed	tut=None;chat=55:CounterRequest;a=12,b=9	true
chat_allowed	tut=None;chat=47:PlayCall;a=12,b=10	true
chat_allowed	tut=None;chat=55:CounterRequest;a=12,b=10	true
chat_allowed	tut=None;chat=47:PlayCall;a=12,b=11	true
chat_allowed	tut=None;chat=55:CounterRequest;a=12,b=11	true
chat_allowed	tut=None;chat=47:PlayCall;a=12,b=12	true
chat_allowed	tut=None;chat=55:CounterRequest;a=12,b=12	true
chat_allowed	tut=None;chat=47:PlayCall;a=12,b=13	true
chat_allowed	tut=None;chat=55:CounterRequest;a=12,b=13	true
chat_allowed	tut=None;chat=47:PlayCall;a=12,b=14	true
chat_allowed	tut=None;chat=55:CounterRequest;a=12,b=14	true
chat_allowed	tut=None;chat=47:PlayCall;a=12,b=15	true
chat_allowed	tut=None;chat=55:CounterRequest;a=12,b=15	true
chat_allowed	tut=None;chat=47:PlayCall;a=13,b=0	true
chat_allowed	tut=None;chat=55:CounterRequest;a=13,b=0	true
chat_allowed	tut=None;chat=47:PlayCall;a=13,b=1	true
chat_allowed	tut=None;chat=55:CounterRequest;a=13,b=1	true
chat_allowed	tut=None;chat=47:PlayCall;a=13,b=2	true
chat_allowed	tut=None;chat=55:CounterRequest;a=13,b=2	true
chat_allowed	tut=None;chat=47:PlayCall;a=13,b=3	true
chat_allowed	tut=None;chat=55:CounterRequest;a=13,b=3	true
chat_allowed	tut=None;chat=47:PlayCall;a=13,b=4	true
chat_allowed	tut=None;chat=55:CounterRequest;a=13,b=4	true
chat_allowed	tut=None;chat=47:PlayCall;a=13,b=5	true
chat_allowed	tut=None;chat=55:CounterRequest;a=13,b=5	true
chat_allowed	tut=None;chat=47:PlayCall;a=13,b=6	true
chat_allowed	tut=None;chat=55:CounterRequest;a=13,b=6	true
chat_allowed	tut=None;chat=47:PlayCall;a=13,b=7	true
chat_allowed	tut=None;chat=55:CounterRequest;a=13,b=7	true
chat_allowed	tut=None;chat=47:PlayCall;a=13,b=8	true
chat_allowed	tut=None;chat=55:CounterRequest;a=13,b=8	true
chat_allowed	tut=None;chat=47:PlayCall;a=13,b=9	true
chat_allowed	tut=None;chat=55:CounterRequest;a=13,b=9	true
chat_allowed	tut=None;chat=47:PlayCall;a=13,b=10	true
chat_allowed	tut=None;chat=55:CounterRequest;a=13,b=10	true
chat_allowed	tut=None;chat=47:PlayCall;a=13,b=11	true
chat_allowed	tut=None;chat=55:CounterRequest;a=13,b=11	true
chat_allowed	tut=None;chat=47:PlayCall;a=13,b=12	true
chat_allowed	tut=None;chat=55:CounterRequest;a=13,b=12	true
chat_allowed	tut=None;chat=47:PlayCall;a=13,b=13	true
chat_allowed	tut=None;chat=55:CounterRequest;a=13,b=13	true
chat_allowed	tut=None;chat=47:PlayCall;a=13,b=14	true
chat_allowed	tut=None;chat=55:CounterRequest;a=13,b=14	true
chat_allowed	tut=None;chat=47:PlayCall;a=13,b=15	true
chat_allowed	tut=None;chat=55:CounterRequest;a=13,b=15	true
chat_allowed	tut=None;chat=47:PlayCall;a=14,b=0	true
chat_allowed	tut=None;chat=55:CounterRequest;a=14,b=0	true
chat_allowed	tut=None;chat=47:PlayCall;a=14,b=1	true
chat_allowed	tut=None;chat=55:CounterRequest;a=14,b=1	true
chat_allowed	tut=None;chat=47:PlayCall;a=14,b=2	true
chat_allowed	tut=None;chat=55:CounterRequest;a=14,b=2	true
chat_allowed	tut=None;chat=47:PlayCall;a=14,b=3	true
chat_allowed	tut=None;chat=55:CounterRequest;a=14,b=3	true
chat_allowed	tut=None;chat=47:PlayCall;a=14,b=4	true
chat_allowed	tut=None;chat=55:CounterRequest;a=14,b=4	true
chat_allowed	tut=None;chat=47:PlayCall;a=14,b=5	true
chat_allowed	tut=None;chat=55:CounterRequest;a=14,b=5	true
chat_allowed	tut=None;chat=47:PlayCall;a=14,b=6	true
chat_allowed	tut=None;chat=55:CounterRequest;a=14,b=6	true
chat_allowed	tut=None;chat=47:PlayCall;a=14,b=7	true
chat_allowed	tut=None;chat=55:CounterRequest;a=14,b=7	true
chat_allowed	tut=None;chat=47:PlayCall;a=14,b=8	true
chat_allowed	tut=None;chat=55:CounterRequest;a=14,b=8	true
chat_allowed	tut=None;chat=47:PlayCall;a=14,b=9	true
chat_allowed	tut=None;chat=55:CounterRequest;a=14,b=9	true
chat_allowed	tut=None;chat=47:PlayCall;a=14,b=10	true
chat_allowed	tut=None;chat=55:CounterRequest;a=14,b=10	true
chat_allowed	tut=None;chat=47:PlayCall;a=14,b=11	true
chat_allowed	tut=None;chat=55:CounterRequest;a=14,b=11	true
chat_allowed	tut=None;chat=47:PlayCall;a=14,b=12	true
chat_allowed	tut=None;chat=55:CounterRequest;a=14,b=12	true
chat_allowed	tut=None;chat=47:PlayCall;a=14,b=13	true
chat_allowed	tut=None;chat=55:CounterRequest;a=14,b=13	true
chat_allowed	tut=None;chat=47:PlayCall;a=14,b=14	true
chat_allowed	tut=None;chat=55:CounterRequest;a=14,b=14	true
chat_allowed	tut=None;chat=47:PlayCall;a=14,b=15	true
chat_allowed	tut=None;chat=55:CounterRequest;a=14,b=15	true
chat_allowed	tut=None;chat=47:PlayCall;a=15,b=0	true
chat_allowed	tut=None;chat=55:CounterRequest;a=15,b=0	true
chat_allowed	tut=None;chat=47:PlayCall;a=15,b=1	true
chat_allowed	tut=None;chat=55:CounterRequest;a=15,b=1	true
chat_allowed	tut=None;chat=47:PlayCall;a=15,b=2	true
chat_allowed	tut=None;chat=55:CounterRequest;a=15,b=2	true
chat_allowed	tut=None;chat=47:PlayCall;a=15,b=3	true
chat_allowed	tut=None;chat=55:CounterRequest;a=15,b=3	true
chat_allowed	tut=None;chat=47:PlayCall;a=15,b=4	true
chat_allowed	tut=None;chat=55:CounterRequest;a=15,b=4	true
chat_allowed	tut=None;chat=47:PlayCall;a=15,b=5	true
chat_allowed	tut=None;chat=55:CounterRequest;a=15,b=5	true
chat_allowed	tut=None;chat=47:PlayCall;a=15,b=6	true
chat_allowed	tut=None;chat=55:CounterRequest;a=15,b=6	true
chat_allowed	tut=None;chat=47:PlayCall;a=15,b=7	true
chat_allowed	tut=None;chat=55:CounterRequest;a=15,b=7	true
chat_allowed	tut=None;chat=47:PlayCall;a=15,b=8	true
chat_allowed	tut=None;chat=55:CounterRequest;a=15,b=8	true
chat_allowed	tut=None;chat=47:PlayCall;a=15,b=9	true
chat_allowed	tut=None;chat=55:CounterRequest;a=15,b=9	true
chat_allowed	tut=None;chat=47:PlayCall;a=15,b=10	true
chat_allowed	tut=None;chat=55:CounterRequest;a=15,b=10	true
chat_allowed	tut=None;chat=47:PlayCall;a=15,b=11	true
chat_allowed	tut=None;chat=55:CounterRequest;a=15,b=11	true
chat_allowed	tut=None;chat=47:PlayCall;a=15,b=12	true
chat_allowed	tut=None;chat=55:CounterRequest;a=15,b=12	true
chat_allowed	tut=None;chat=47:PlayCall;a=15,b=13	true
chat_allowed	tut=None;chat=55:CounterRequest;a=15,b=13	true
chat_allowed	tut=None;chat=47:PlayCall;a=15,b=14	true
chat_allowed	tut=None;chat=55:CounterRequest;a=15,b=14	true
chat_allowed	tut=None;chat=47:PlayCall;a=15,b=15	true
chat_allowed	tut=None;chat=55:CounterRequest;a=15,b=15	true
chat_allowed	tut=None;chat=51:EarlyPlan;a=0	true
chat_allowed	tut=None;chat=52:EarlyPlanChange;a=0	true
chat_allowed	tut=None;chat=51:EarlyPlan;a=1	true
chat_allowed	tut=None;chat=52:EarlyPlanChange;a=1	true
chat_allowed	tut=None;chat=51:EarlyPlan;a=2	true
chat_allowed	tut=None;chat=52:EarlyPlanChange;a=2	true
chat_allowed	tut=None;chat=51:EarlyPlan;a=3	true
chat_allowed	tut=None;chat=52:EarlyPlanChange;a=3	true
chat_allowed	tut=None;chat=51:EarlyPlan;a=4	true
chat_allowed	tut=None;chat=52:EarlyPlanChange;a=4	true
chat_allowed	tut=None;chat=51:EarlyPlan;a=5	true
chat_allowed	tut=None;chat=52:EarlyPlanChange;a=5	true
chat_allowed	tut=None;chat=51:EarlyPlan;a=6	true
chat_allowed	tut=None;chat=52:EarlyPlanChange;a=6	true
chat_allowed	tut=None;chat=51:EarlyPlan;a=7	true
chat_allowed	tut=None;chat=52:EarlyPlanChange;a=7	true
chat_allowed	tut=None;chat=51:EarlyPlan;a=8	true
chat_allowed	tut=None;chat=52:EarlyPlanChange;a=8	true
chat_allowed	tut=None;chat=51:EarlyPlan;a=9	true
chat_allowed	tut=None;chat=52:EarlyPlanChange;a=9	true
chat_allowed	tut=None;chat=51:EarlyPlan;a=10	true
chat_allowed	tut=None;chat=52:EarlyPlanChange;a=10	true
chat_allowed	tut=None;chat=51:EarlyPlan;a=11	true
chat_allowed	tut=None;chat=52:EarlyPlanChange;a=11	true
chat_allowed	tut=None;chat=51:EarlyPlan;a=12	true
chat_allowed	tut=None;chat=52:EarlyPlanChange;a=12	true
chat_allowed	tut=None;chat=51:EarlyPlan;a=13	true
chat_allowed	tut=None;chat=52:EarlyPlanChange;a=13	true
chat_allowed	tut=None;chat=51:EarlyPlan;a=14	true
chat_allowed	tut=None;chat=52:EarlyPlanChange;a=14	true
chat_allowed	tut=None;chat=51:EarlyPlan;a=15	true
chat_allowed	tut=None;chat=52:EarlyPlanChange;a=15	true
plan_allowed	tut=First;plan=ForcePassive	true
plan_allowed	tut=First;plan=ActiveRecall	true
plan_allowed	tut=First;plan=EpicHuntAndPoke	false
plan_allowed	tut=First;plan=EpicHuntAndBattle	false
plan_allowed	tut=First;plan=SerpenHuntAndPoke	false
plan_allowed	tut=First;plan=SerpenHuntAndBattle	false
plan_allowed	tut=First;plan=AttackNexus(default)	true
plan_allowed	tut=First;plan=DefenseNexus(default)	true
plan_allowed	tut=First;plan=PassiveLine(Mid)	false
plan_allowed	tut=First;plan=SinglePlanLine(Mid)	false
plan_allowed	tut=First;plan=LineGanker(Mid)	false
plan_allowed	tut=First;plan=LineGankCover(Mid)	false
plan_allowed	tut=First;plan=PassiveLine(Bottom)	true
plan_allowed	tut=First;plan=SinglePlanLine(Bottom)	true
plan_allowed	tut=First;plan=LineGanker(Bottom)	true
plan_allowed	tut=First;plan=LineGankCover(Bottom)	true
plan_allowed	tut=First;plan=PassiveLine(Top)	false
plan_allowed	tut=First;plan=SinglePlanLine(Top)	false
plan_allowed	tut=First;plan=LineGanker(Top)	false
plan_allowed	tut=First;plan=LineGankCover(Top)	false
plan_allowed	tut=First;plan=PassiveJungle(Rhino,0)	false
plan_allowed	tut=First;plan=PassiveJungle(Rhino,1)	false
plan_allowed	tut=First;plan=PassiveJungle(Mushroom,0)	false
plan_allowed	tut=First;plan=PassiveJungle(Mushroom,1)	false
plan_allowed	tut=First;plan=PassiveJungle(Stump,0)	false
plan_allowed	tut=First;plan=PassiveJungle(Stump,1)	false
plan_allowed	tut=First;plan=PassiveJungle(Bee,0)	false
plan_allowed	tut=First;plan=PassiveJungle(Bee,1)	false
plan_allowed	tut=First;plan=PassiveJungle(Morgard,0)	false
plan_allowed	tut=First;plan=PassiveJungle(Morgard,1)	false
plan_allowed	tut=First;plan=PassiveJungle(Serpen,0)	false
plan_allowed	tut=First;plan=PassiveJungle(Serpen,1)	false
chat_allowed	tut=First;chat=49:PlayPropose;a=0,b=0,c=0	false
chat_allowed	tut=First;chat=49:PlayPropose;a=0,b=0,c=1	false
chat_allowed	tut=First;chat=49:PlayPropose;a=0,b=0,c=2	false
chat_allowed	tut=First;chat=49:PlayPropose;a=0,b=0,c=3	false
chat_allowed	tut=First;chat=49:PlayPropose;a=0,b=0,c=4	false
chat_allowed	tut=First;chat=49:PlayPropose;a=0,b=0,c=5	false
chat_allowed	tut=First;chat=49:PlayPropose;a=0,b=0,c=6	false
chat_allowed	tut=First;chat=49:PlayPropose;a=0,b=0,c=7	false
chat_allowed	tut=First;chat=49:PlayPropose;a=0,b=1,c=0	false
chat_allowed	tut=First;chat=49:PlayPropose;a=0,b=1,c=1	false
chat_allowed	tut=First;chat=49:PlayPropose;a=0,b=1,c=2	false
chat_allowed	tut=First;chat=49:PlayPropose;a=0,b=1,c=3	false
chat_allowed	tut=First;chat=49:PlayPropose;a=0,b=1,c=4	false
chat_allowed	tut=First;chat=49:PlayPropose;a=0,b=1,c=5	false
chat_allowed	tut=First;chat=49:PlayPropose;a=0,b=1,c=6	false
chat_allowed	tut=First;chat=49:PlayPropose;a=0,b=1,c=7	false
chat_allowed	tut=First;chat=49:PlayPropose;a=0,b=2,c=0	false
chat_allowed	tut=First;chat=49:PlayPropose;a=0,b=2,c=1	false
chat_allowed	tut=First;chat=49:PlayPropose;a=0,b=2,c=2	false
chat_allowed	tut=First;chat=49:PlayPropose;a=0,b=2,c=3	false
chat_allowed	tut=First;chat=49:PlayPropose;a=0,b=2,c=4	false
chat_allowed	tut=First;chat=49:PlayPropose;a=0,b=2,c=5	false
chat_allowed	tut=First;chat=49:PlayPropose;a=0,b=2,c=6	false
chat_allowed	tut=First;chat=49:PlayPropose;a=0,b=2,c=7	false
chat_allowed	tut=First;chat=49:PlayPropose;a=0,b=3,c=0	false
chat_allowed	tut=First;chat=49:PlayPropose;a=0,b=3,c=1	false
chat_allowed	tut=First;chat=49:PlayPropose;a=0,b=3,c=2	false
chat_allowed	tut=First;chat=49:PlayPropose;a=0,b=3,c=3	false
chat_allowed	tut=First;chat=49:PlayPropose;a=0,b=3,c=4	false
chat_allowed	tut=First;chat=49:PlayPropose;a=0,b=3,c=5	false
chat_allowed	tut=First;chat=49:PlayPropose;a=0,b=3,c=6	false
chat_allowed	tut=First;chat=49:PlayPropose;a=0,b=3,c=7	false
chat_allowed	tut=First;chat=49:PlayPropose;a=0,b=4,c=0	false
chat_allowed	tut=First;chat=49:PlayPropose;a=0,b=4,c=1	false
chat_allowed	tut=First;chat=49:PlayPropose;a=0,b=4,c=2	false
chat_allowed	tut=First;chat=49:PlayPropose;a=0,b=4,c=3	false
chat_allowed	tut=First;chat=49:PlayPropose;a=0,b=4,c=4	false
chat_allowed	tut=First;chat=49:PlayPropose;a=0,b=4,c=5	false
chat_allowed	tut=First;chat=49:PlayPropose;a=0,b=4,c=6	false
chat_allowed	tut=First;chat=49:PlayPropose;a=0,b=4,c=7	false
chat_allowed	tut=First;chat=49:PlayPropose;a=0,b=5,c=0	false
chat_allowed	tut=First;chat=49:PlayPropose;a=0,b=5,c=1	false
chat_allowed	tut=First;chat=49:PlayPropose;a=0,b=5,c=2	false
chat_allowed	tut=First;chat=49:PlayPropose;a=0,b=5,c=3	false
chat_allowed	tut=First;chat=49:PlayPropose;a=0,b=5,c=4	false
chat_allowed	tut=First;chat=49:PlayPropose;a=0,b=5,c=5	false
chat_allowed	tut=First;chat=49:PlayPropose;a=0,b=5,c=6	false
chat_allowed	tut=First;chat=49:PlayPropose;a=0,b=5,c=7	false
chat_allowed	tut=First;chat=49:PlayPropose;a=0,b=6,c=0	false
chat_allowed	tut=First;chat=49:PlayPropose;a=0,b=6,c=1	false
chat_allowed	tut=First;chat=49:PlayPropose;a=0,b=6,c=2	false
chat_allowed	tut=First;chat=49:PlayPropose;a=0,b=6,c=3	false
chat_allowed	tut=First;chat=49:PlayPropose;a=0,b=6,c=4	false
chat_allowed	tut=First;chat=49:PlayPropose;a=0,b=6,c=5	false
chat_allowed	tut=First;chat=49:PlayPropose;a=0,b=6,c=6	false
chat_allowed	tut=First;chat=49:PlayPropose;a=0,b=6,c=7	false
chat_allowed	tut=First;chat=49:PlayPropose;a=0,b=7,c=0	false
chat_allowed	tut=First;chat=49:PlayPropose;a=0,b=7,c=1	false
chat_allowed	tut=First;chat=49:PlayPropose;a=0,b=7,c=2	false
chat_allowed	tut=First;chat=49:PlayPropose;a=0,b=7,c=3	false
chat_allowed	tut=First;chat=49:PlayPropose;a=0,b=7,c=4	false
chat_allowed	tut=First;chat=49:PlayPropose;a=0,b=7,c=5	false
chat_allowed	tut=First;chat=49:PlayPropose;a=0,b=7,c=6	false
chat_allowed	tut=First;chat=49:PlayPropose;a=0,b=7,c=7	false
chat_allowed	tut=First;chat=49:PlayPropose;a=1,b=0,c=0	false
chat_allowed	tut=First;chat=49:PlayPropose;a=1,b=0,c=1	false
chat_allowed	tut=First;chat=49:PlayPropose;a=1,b=0,c=2	false
chat_allowed	tut=First;chat=49:PlayPropose;a=1,b=0,c=3	false
chat_allowed	tut=First;chat=49:PlayPropose;a=1,b=0,c=4	false
chat_allowed	tut=First;chat=49:PlayPropose;a=1,b=0,c=5	false
chat_allowed	tut=First;chat=49:PlayPropose;a=1,b=0,c=6	false
chat_allowed	tut=First;chat=49:PlayPropose;a=1,b=0,c=7	false
chat_allowed	tut=First;chat=49:PlayPropose;a=1,b=1,c=0	false
chat_allowed	tut=First;chat=49:PlayPropose;a=1,b=1,c=1	false
chat_allowed	tut=First;chat=49:PlayPropose;a=1,b=1,c=2	false
chat_allowed	tut=First;chat=49:PlayPropose;a=1,b=1,c=3	false
chat_allowed	tut=First;chat=49:PlayPropose;a=1,b=1,c=4	false
chat_allowed	tut=First;chat=49:PlayPropose;a=1,b=1,c=5	false
chat_allowed	tut=First;chat=49:PlayPropose;a=1,b=1,c=6	false
chat_allowed	tut=First;chat=49:PlayPropose;a=1,b=1,c=7	false
chat_allowed	tut=First;chat=49:PlayPropose;a=1,b=2,c=0	false
chat_allowed	tut=First;chat=49:PlayPropose;a=1,b=2,c=1	false
chat_allowed	tut=First;chat=49:PlayPropose;a=1,b=2,c=2	false
chat_allowed	tut=First;chat=49:PlayPropose;a=1,b=2,c=3	false
chat_allowed	tut=First;chat=49:PlayPropose;a=1,b=2,c=4	false
chat_allowed	tut=First;chat=49:PlayPropose;a=1,b=2,c=5	false
chat_allowed	tut=First;chat=49:PlayPropose;a=1,b=2,c=6	false
chat_allowed	tut=First;chat=49:PlayPropose;a=1,b=2,c=7	false
chat_allowed	tut=First;chat=49:PlayPropose;a=1,b=3,c=0	false
chat_allowed	tut=First;chat=49:PlayPropose;a=1,b=3,c=1	false
chat_allowed	tut=First;chat=49:PlayPropose;a=1,b=3,c=2	false
chat_allowed	tut=First;chat=49:PlayPropose;a=1,b=3,c=3	false
chat_allowed	tut=First;chat=49:PlayPropose;a=1,b=3,c=4	false
chat_allowed	tut=First;chat=49:PlayPropose;a=1,b=3,c=5	false
chat_allowed	tut=First;chat=49:PlayPropose;a=1,b=3,c=6	false
chat_allowed	tut=First;chat=49:PlayPropose;a=1,b=3,c=7	false
chat_allowed	tut=First;chat=49:PlayPropose;a=1,b=4,c=0	false
chat_allowed	tut=First;chat=49:PlayPropose;a=1,b=4,c=1	false
chat_allowed	tut=First;chat=49:PlayPropose;a=1,b=4,c=2	false
chat_allowed	tut=First;chat=49:PlayPropose;a=1,b=4,c=3	false
chat_allowed	tut=First;chat=49:PlayPropose;a=1,b=4,c=4	false
chat_allowed	tut=First;chat=49:PlayPropose;a=1,b=4,c=5	false
chat_allowed	tut=First;chat=49:PlayPropose;a=1,b=4,c=6	false
chat_allowed	tut=First;chat=49:PlayPropose;a=1,b=4,c=7	false
chat_allowed	tut=First;chat=49:PlayPropose;a=1,b=5,c=0	false
chat_allowed	tut=First;chat=49:PlayPropose;a=1,b=5,c=1	false
chat_allowed	tut=First;chat=49:PlayPropose;a=1,b=5,c=2	false
chat_allowed	tut=First;chat=49:PlayPropose;a=1,b=5,c=3	false
chat_allowed	tut=First;chat=49:PlayPropose;a=1,b=5,c=4	false
chat_allowed	tut=First;chat=49:PlayPropose;a=1,b=5,c=5	false
chat_allowed	tut=First;chat=49:PlayPropose;a=1,b=5,c=6	false
chat_allowed	tut=First;chat=49:PlayPropose;a=1,b=5,c=7	false
chat_allowed	tut=First;chat=49:PlayPropose;a=1,b=6,c=0	false
chat_allowed	tut=First;chat=49:PlayPropose;a=1,b=6,c=1	false
chat_allowed	tut=First;chat=49:PlayPropose;a=1,b=6,c=2	false
chat_allowed	tut=First;chat=49:PlayPropose;a=1,b=6,c=3	false
chat_allowed	tut=First;chat=49:PlayPropose;a=1,b=6,c=4	false
chat_allowed	tut=First;chat=49:PlayPropose;a=1,b=6,c=5	false
chat_allowed	tut=First;chat=49:PlayPropose;a=1,b=6,c=6	false
chat_allowed	tut=First;chat=49:PlayPropose;a=1,b=6,c=7	false
chat_allowed	tut=First;chat=49:PlayPropose;a=1,b=7,c=0	false
chat_allowed	tut=First;chat=49:PlayPropose;a=1,b=7,c=1	false
chat_allowed	tut=First;chat=49:PlayPropose;a=1,b=7,c=2	false
chat_allowed	tut=First;chat=49:PlayPropose;a=1,b=7,c=3	false
chat_allowed	tut=First;chat=49:PlayPropose;a=1,b=7,c=4	false
chat_allowed	tut=First;chat=49:PlayPropose;a=1,b=7,c=5	false
chat_allowed	tut=First;chat=49:PlayPropose;a=1,b=7,c=6	false
chat_allowed	tut=First;chat=49:PlayPropose;a=1,b=7,c=7	false
chat_allowed	tut=First;chat=49:PlayPropose;a=2,b=0,c=0	false
chat_allowed	tut=First;chat=49:PlayPropose;a=2,b=0,c=1	false
chat_allowed	tut=First;chat=49:PlayPropose;a=2,b=0,c=2	false
chat_allowed	tut=First;chat=49:PlayPropose;a=2,b=0,c=3	false
chat_allowed	tut=First;chat=49:PlayPropose;a=2,b=0,c=4	false
chat_allowed	tut=First;chat=49:PlayPropose;a=2,b=0,c=5	false
chat_allowed	tut=First;chat=49:PlayPropose;a=2,b=0,c=6	false
chat_allowed	tut=First;chat=49:PlayPropose;a=2,b=0,c=7	false
chat_allowed	tut=First;chat=49:PlayPropose;a=2,b=1,c=0	false
chat_allowed	tut=First;chat=49:PlayPropose;a=2,b=1,c=1	false
chat_allowed	tut=First;chat=49:PlayPropose;a=2,b=1,c=2	false
chat_allowed	tut=First;chat=49:PlayPropose;a=2,b=1,c=3	false
chat_allowed	tut=First;chat=49:PlayPropose;a=2,b=1,c=4	false
chat_allowed	tut=First;chat=49:PlayPropose;a=2,b=1,c=5	false
chat_allowed	tut=First;chat=49:PlayPropose;a=2,b=1,c=6	false
chat_allowed	tut=First;chat=49:PlayPropose;a=2,b=1,c=7	false
chat_allowed	tut=First;chat=49:PlayPropose;a=2,b=2,c=0	false
chat_allowed	tut=First;chat=49:PlayPropose;a=2,b=2,c=1	false
chat_allowed	tut=First;chat=49:PlayPropose;a=2,b=2,c=2	false
chat_allowed	tut=First;chat=49:PlayPropose;a=2,b=2,c=3	false
chat_allowed	tut=First;chat=49:PlayPropose;a=2,b=2,c=4	false
chat_allowed	tut=First;chat=49:PlayPropose;a=2,b=2,c=5	false
chat_allowed	tut=First;chat=49:PlayPropose;a=2,b=2,c=6	false
chat_allowed	tut=First;chat=49:PlayPropose;a=2,b=2,c=7	false
chat_allowed	tut=First;chat=49:PlayPropose;a=2,b=3,c=0	false
chat_allowed	tut=First;chat=49:PlayPropose;a=2,b=3,c=1	false
chat_allowed	tut=First;chat=49:PlayPropose;a=2,b=3,c=2	false
chat_allowed	tut=First;chat=49:PlayPropose;a=2,b=3,c=3	false
chat_allowed	tut=First;chat=49:PlayPropose;a=2,b=3,c=4	false
chat_allowed	tut=First;chat=49:PlayPropose;a=2,b=3,c=5	false
chat_allowed	tut=First;chat=49:PlayPropose;a=2,b=3,c=6	false
chat_allowed	tut=First;chat=49:PlayPropose;a=2,b=3,c=7	false
chat_allowed	tut=First;chat=49:PlayPropose;a=2,b=4,c=0	false
chat_allowed	tut=First;chat=49:PlayPropose;a=2,b=4,c=1	false
chat_allowed	tut=First;chat=49:PlayPropose;a=2,b=4,c=2	false
chat_allowed	tut=First;chat=49:PlayPropose;a=2,b=4,c=3	false
chat_allowed	tut=First;chat=49:PlayPropose;a=2,b=4,c=4	false
chat_allowed	tut=First;chat=49:PlayPropose;a=2,b=4,c=5	false
chat_allowed	tut=First;chat=49:PlayPropose;a=2,b=4,c=6	false
chat_allowed	tut=First;chat=49:PlayPropose;a=2,b=4,c=7	false
chat_allowed	tut=First;chat=49:PlayPropose;a=2,b=5,c=0	false
chat_allowed	tut=First;chat=49:PlayPropose;a=2,b=5,c=1	false
chat_allowed	tut=First;chat=49:PlayPropose;a=2,b=5,c=2	false
chat_allowed	tut=First;chat=49:PlayPropose;a=2,b=5,c=3	false
chat_allowed	tut=First;chat=49:PlayPropose;a=2,b=5,c=4	false
chat_allowed	tut=First;chat=49:PlayPropose;a=2,b=5,c=5	false
chat_allowed	tut=First;chat=49:PlayPropose;a=2,b=5,c=6	false
chat_allowed	tut=First;chat=49:PlayPropose;a=2,b=5,c=7	false
chat_allowed	tut=First;chat=49:PlayPropose;a=2,b=6,c=0	false
chat_allowed	tut=First;chat=49:PlayPropose;a=2,b=6,c=1	false
chat_allowed	tut=First;chat=49:PlayPropose;a=2,b=6,c=2	false
chat_allowed	tut=First;chat=49:PlayPropose;a=2,b=6,c=3	false
chat_allowed	tut=First;chat=49:PlayPropose;a=2,b=6,c=4	false
chat_allowed	tut=First;chat=49:PlayPropose;a=2,b=6,c=5	false
chat_allowed	tut=First;chat=49:PlayPropose;a=2,b=6,c=6	false
chat_allowed	tut=First;chat=49:PlayPropose;a=2,b=6,c=7	false
chat_allowed	tut=First;chat=49:PlayPropose;a=2,b=7,c=0	false
chat_allowed	tut=First;chat=49:PlayPropose;a=2,b=7,c=1	false
chat_allowed	tut=First;chat=49:PlayPropose;a=2,b=7,c=2	false
chat_allowed	tut=First;chat=49:PlayPropose;a=2,b=7,c=3	false
chat_allowed	tut=First;chat=49:PlayPropose;a=2,b=7,c=4	false
chat_allowed	tut=First;chat=49:PlayPropose;a=2,b=7,c=5	false
chat_allowed	tut=First;chat=49:PlayPropose;a=2,b=7,c=6	false
chat_allowed	tut=First;chat=49:PlayPropose;a=2,b=7,c=7	false
chat_allowed	tut=First;chat=49:PlayPropose;a=3,b=0,c=0	false
chat_allowed	tut=First;chat=49:PlayPropose;a=3,b=0,c=1	false
chat_allowed	tut=First;chat=49:PlayPropose;a=3,b=0,c=2	false
chat_allowed	tut=First;chat=49:PlayPropose;a=3,b=0,c=3	false
chat_allowed	tut=First;chat=49:PlayPropose;a=3,b=0,c=4	false
chat_allowed	tut=First;chat=49:PlayPropose;a=3,b=0,c=5	false
chat_allowed	tut=First;chat=49:PlayPropose;a=3,b=0,c=6	false
chat_allowed	tut=First;chat=49:PlayPropose;a=3,b=0,c=7	false
chat_allowed	tut=First;chat=49:PlayPropose;a=3,b=1,c=0	false
chat_allowed	tut=First;chat=49:PlayPropose;a=3,b=1,c=1	false
chat_allowed	tut=First;chat=49:PlayPropose;a=3,b=1,c=2	false
chat_allowed	tut=First;chat=49:PlayPropose;a=3,b=1,c=3	false
chat_allowed	tut=First;chat=49:PlayPropose;a=3,b=1,c=4	false
chat_allowed	tut=First;chat=49:PlayPropose;a=3,b=1,c=5	false
chat_allowed	tut=First;chat=49:PlayPropose;a=3,b=1,c=6	false
chat_allowed	tut=First;chat=49:PlayPropose;a=3,b=1,c=7	false
chat_allowed	tut=First;chat=49:PlayPropose;a=3,b=2,c=0	false
chat_allowed	tut=First;chat=49:PlayPropose;a=3,b=2,c=1	false
chat_allowed	tut=First;chat=49:PlayPropose;a=3,b=2,c=2	false
chat_allowed	tut=First;chat=49:PlayPropose;a=3,b=2,c=3	false
chat_allowed	tut=First;chat=49:PlayPropose;a=3,b=2,c=4	false
chat_allowed	tut=First;chat=49:PlayPropose;a=3,b=2,c=5	false
chat_allowed	tut=First;chat=49:PlayPropose;a=3,b=2,c=6	false
chat_allowed	tut=First;chat=49:PlayPropose;a=3,b=2,c=7	false
chat_allowed	tut=First;chat=49:PlayPropose;a=3,b=3,c=0	false
chat_allowed	tut=First;chat=49:PlayPropose;a=3,b=3,c=1	false
chat_allowed	tut=First;chat=49:PlayPropose;a=3,b=3,c=2	false
chat_allowed	tut=First;chat=49:PlayPropose;a=3,b=3,c=3	false
chat_allowed	tut=First;chat=49:PlayPropose;a=3,b=3,c=4	false
chat_allowed	tut=First;chat=49:PlayPropose;a=3,b=3,c=5	false
chat_allowed	tut=First;chat=49:PlayPropose;a=3,b=3,c=6	false
chat_allowed	tut=First;chat=49:PlayPropose;a=3,b=3,c=7	false
chat_allowed	tut=First;chat=49:PlayPropose;a=3,b=4,c=0	false
chat_allowed	tut=First;chat=49:PlayPropose;a=3,b=4,c=1	false
chat_allowed	tut=First;chat=49:PlayPropose;a=3,b=4,c=2	false
chat_allowed	tut=First;chat=49:PlayPropose;a=3,b=4,c=3	false
chat_allowed	tut=First;chat=49:PlayPropose;a=3,b=4,c=4	false
chat_allowed	tut=First;chat=49:PlayPropose;a=3,b=4,c=5	false
chat_allowed	tut=First;chat=49:PlayPropose;a=3,b=4,c=6	false
chat_allowed	tut=First;chat=49:PlayPropose;a=3,b=4,c=7	false
chat_allowed	tut=First;chat=49:PlayPropose;a=3,b=5,c=0	false
chat_allowed	tut=First;chat=49:PlayPropose;a=3,b=5,c=1	false
chat_allowed	tut=First;chat=49:PlayPropose;a=3,b=5,c=2	false
chat_allowed	tut=First;chat=49:PlayPropose;a=3,b=5,c=3	false
chat_allowed	tut=First;chat=49:PlayPropose;a=3,b=5,c=4	false
chat_allowed	tut=First;chat=49:PlayPropose;a=3,b=5,c=5	false
chat_allowed	tut=First;chat=49:PlayPropose;a=3,b=5,c=6	false
chat_allowed	tut=First;chat=49:PlayPropose;a=3,b=5,c=7	false
chat_allowed	tut=First;chat=49:PlayPropose;a=3,b=6,c=0	false
chat_allowed	tut=First;chat=49:PlayPropose;a=3,b=6,c=1	false
chat_allowed	tut=First;chat=49:PlayPropose;a=3,b=6,c=2	false
chat_allowed	tut=First;chat=49:PlayPropose;a=3,b=6,c=3	false
chat_allowed	tut=First;chat=49:PlayPropose;a=3,b=6,c=4	false
chat_allowed	tut=First;chat=49:PlayPropose;a=3,b=6,c=5	false
chat_allowed	tut=First;chat=49:PlayPropose;a=3,b=6,c=6	false
chat_allowed	tut=First;chat=49:PlayPropose;a=3,b=6,c=7	false
chat_allowed	tut=First;chat=49:PlayPropose;a=3,b=7,c=0	false
chat_allowed	tut=First;chat=49:PlayPropose;a=3,b=7,c=1	false
chat_allowed	tut=First;chat=49:PlayPropose;a=3,b=7,c=2	false
chat_allowed	tut=First;chat=49:PlayPropose;a=3,b=7,c=3	false
chat_allowed	tut=First;chat=49:PlayPropose;a=3,b=7,c=4	false
chat_allowed	tut=First;chat=49:PlayPropose;a=3,b=7,c=5	false
chat_allowed	tut=First;chat=49:PlayPropose;a=3,b=7,c=6	false
chat_allowed	tut=First;chat=49:PlayPropose;a=3,b=7,c=7	false
chat_allowed	tut=First;chat=49:PlayPropose;a=4,b=0,c=0	false
chat_allowed	tut=First;chat=49:PlayPropose;a=4,b=0,c=1	false
chat_allowed	tut=First;chat=49:PlayPropose;a=4,b=0,c=2	false
chat_allowed	tut=First;chat=49:PlayPropose;a=4,b=0,c=3	false
chat_allowed	tut=First;chat=49:PlayPropose;a=4,b=0,c=4	false
chat_allowed	tut=First;chat=49:PlayPropose;a=4,b=0,c=5	false
chat_allowed	tut=First;chat=49:PlayPropose;a=4,b=0,c=6	false
chat_allowed	tut=First;chat=49:PlayPropose;a=4,b=0,c=7	false
chat_allowed	tut=First;chat=49:PlayPropose;a=4,b=1,c=0	false
chat_allowed	tut=First;chat=49:PlayPropose;a=4,b=1,c=1	false
chat_allowed	tut=First;chat=49:PlayPropose;a=4,b=1,c=2	false
chat_allowed	tut=First;chat=49:PlayPropose;a=4,b=1,c=3	false
chat_allowed	tut=First;chat=49:PlayPropose;a=4,b=1,c=4	false
chat_allowed	tut=First;chat=49:PlayPropose;a=4,b=1,c=5	false
chat_allowed	tut=First;chat=49:PlayPropose;a=4,b=1,c=6	false
chat_allowed	tut=First;chat=49:PlayPropose;a=4,b=1,c=7	false
chat_allowed	tut=First;chat=49:PlayPropose;a=4,b=2,c=0	true
chat_allowed	tut=First;chat=49:PlayPropose;a=4,b=2,c=1	true
chat_allowed	tut=First;chat=49:PlayPropose;a=4,b=2,c=2	true
chat_allowed	tut=First;chat=49:PlayPropose;a=4,b=2,c=3	true
chat_allowed	tut=First;chat=49:PlayPropose;a=4,b=2,c=4	true
chat_allowed	tut=First;chat=49:PlayPropose;a=4,b=2,c=5	true
chat_allowed	tut=First;chat=49:PlayPropose;a=4,b=2,c=6	true
chat_allowed	tut=First;chat=49:PlayPropose;a=4,b=2,c=7	true
chat_allowed	tut=First;chat=49:PlayPropose;a=4,b=3,c=0	true
chat_allowed	tut=First;chat=49:PlayPropose;a=4,b=3,c=1	true
chat_allowed	tut=First;chat=49:PlayPropose;a=4,b=3,c=2	true
chat_allowed	tut=First;chat=49:PlayPropose;a=4,b=3,c=3	true
chat_allowed	tut=First;chat=49:PlayPropose;a=4,b=3,c=4	true
chat_allowed	tut=First;chat=49:PlayPropose;a=4,b=3,c=5	true
chat_allowed	tut=First;chat=49:PlayPropose;a=4,b=3,c=6	true
chat_allowed	tut=First;chat=49:PlayPropose;a=4,b=3,c=7	true
chat_allowed	tut=First;chat=49:PlayPropose;a=4,b=4,c=0	true
chat_allowed	tut=First;chat=49:PlayPropose;a=4,b=4,c=1	true
chat_allowed	tut=First;chat=49:PlayPropose;a=4,b=4,c=2	true
chat_allowed	tut=First;chat=49:PlayPropose;a=4,b=4,c=3	true
chat_allowed	tut=First;chat=49:PlayPropose;a=4,b=4,c=4	true
chat_allowed	tut=First;chat=49:PlayPropose;a=4,b=4,c=5	true
chat_allowed	tut=First;chat=49:PlayPropose;a=4,b=4,c=6	true
chat_allowed	tut=First;chat=49:PlayPropose;a=4,b=4,c=7	true
chat_allowed	tut=First;chat=49:PlayPropose;a=4,b=5,c=0	true
chat_allowed	tut=First;chat=49:PlayPropose;a=4,b=5,c=1	true
chat_allowed	tut=First;chat=49:PlayPropose;a=4,b=5,c=2	true
chat_allowed	tut=First;chat=49:PlayPropose;a=4,b=5,c=3	true
chat_allowed	tut=First;chat=49:PlayPropose;a=4,b=5,c=4	true
chat_allowed	tut=First;chat=49:PlayPropose;a=4,b=5,c=5	true
chat_allowed	tut=First;chat=49:PlayPropose;a=4,b=5,c=6	true
chat_allowed	tut=First;chat=49:PlayPropose;a=4,b=5,c=7	true
chat_allowed	tut=First;chat=49:PlayPropose;a=4,b=6,c=0	true
chat_allowed	tut=First;chat=49:PlayPropose;a=4,b=6,c=1	true
chat_allowed	tut=First;chat=49:PlayPropose;a=4,b=6,c=2	true
chat_allowed	tut=First;chat=49:PlayPropose;a=4,b=6,c=3	true
chat_allowed	tut=First;chat=49:PlayPropose;a=4,b=6,c=4	true
chat_allowed	tut=First;chat=49:PlayPropose;a=4,b=6,c=5	true
chat_allowed	tut=First;chat=49:PlayPropose;a=4,b=6,c=6	true
chat_allowed	tut=First;chat=49:PlayPropose;a=4,b=6,c=7	true
chat_allowed	tut=First;chat=49:PlayPropose;a=4,b=7,c=0	true
chat_allowed	tut=First;chat=49:PlayPropose;a=4,b=7,c=1	true
chat_allowed	tut=First;chat=49:PlayPropose;a=4,b=7,c=2	true
chat_allowed	tut=First;chat=49:PlayPropose;a=4,b=7,c=3	true
chat_allowed	tut=First;chat=49:PlayPropose;a=4,b=7,c=4	true
chat_allowed	tut=First;chat=49:PlayPropose;a=4,b=7,c=5	true
chat_allowed	tut=First;chat=49:PlayPropose;a=4,b=7,c=6	true
chat_allowed	tut=First;chat=49:PlayPropose;a=4,b=7,c=7	true
chat_allowed	tut=First;chat=49:PlayPropose;a=5,b=0,c=0	false
chat_allowed	tut=First;chat=49:PlayPropose;a=5,b=0,c=1	false
chat_allowed	tut=First;chat=49:PlayPropose;a=5,b=0,c=2	false
chat_allowed	tut=First;chat=49:PlayPropose;a=5,b=0,c=3	false
chat_allowed	tut=First;chat=49:PlayPropose;a=5,b=0,c=4	false
chat_allowed	tut=First;chat=49:PlayPropose;a=5,b=0,c=5	false
chat_allowed	tut=First;chat=49:PlayPropose;a=5,b=0,c=6	false
chat_allowed	tut=First;chat=49:PlayPropose;a=5,b=0,c=7	false
chat_allowed	tut=First;chat=49:PlayPropose;a=5,b=1,c=0	false
chat_allowed	tut=First;chat=49:PlayPropose;a=5,b=1,c=1	false
chat_allowed	tut=First;chat=49:PlayPropose;a=5,b=1,c=2	false
chat_allowed	tut=First;chat=49:PlayPropose;a=5,b=1,c=3	false
chat_allowed	tut=First;chat=49:PlayPropose;a=5,b=1,c=4	false
chat_allowed	tut=First;chat=49:PlayPropose;a=5,b=1,c=5	false
chat_allowed	tut=First;chat=49:PlayPropose;a=5,b=1,c=6	false
chat_allowed	tut=First;chat=49:PlayPropose;a=5,b=1,c=7	false
chat_allowed	tut=First;chat=49:PlayPropose;a=5,b=2,c=0	true
chat_allowed	tut=First;chat=49:PlayPropose;a=5,b=2,c=1	true
chat_allowed	tut=First;chat=49:PlayPropose;a=5,b=2,c=2	true
chat_allowed	tut=First;chat=49:PlayPropose;a=5,b=2,c=3	true
chat_allowed	tut=First;chat=49:PlayPropose;a=5,b=2,c=4	true
chat_allowed	tut=First;chat=49:PlayPropose;a=5,b=2,c=5	true
chat_allowed	tut=First;chat=49:PlayPropose;a=5,b=2,c=6	true
chat_allowed	tut=First;chat=49:PlayPropose;a=5,b=2,c=7	true
chat_allowed	tut=First;chat=49:PlayPropose;a=5,b=3,c=0	true
chat_allowed	tut=First;chat=49:PlayPropose;a=5,b=3,c=1	true
chat_allowed	tut=First;chat=49:PlayPropose;a=5,b=3,c=2	true
chat_allowed	tut=First;chat=49:PlayPropose;a=5,b=3,c=3	true
chat_allowed	tut=First;chat=49:PlayPropose;a=5,b=3,c=4	true
chat_allowed	tut=First;chat=49:PlayPropose;a=5,b=3,c=5	true
chat_allowed	tut=First;chat=49:PlayPropose;a=5,b=3,c=6	true
chat_allowed	tut=First;chat=49:PlayPropose;a=5,b=3,c=7	true
chat_allowed	tut=First;chat=49:PlayPropose;a=5,b=4,c=0	true
chat_allowed	tut=First;chat=49:PlayPropose;a=5,b=4,c=1	true
chat_allowed	tut=First;chat=49:PlayPropose;a=5,b=4,c=2	true
chat_allowed	tut=First;chat=49:PlayPropose;a=5,b=4,c=3	true
chat_allowed	tut=First;chat=49:PlayPropose;a=5,b=4,c=4	true
chat_allowed	tut=First;chat=49:PlayPropose;a=5,b=4,c=5	true
chat_allowed	tut=First;chat=49:PlayPropose;a=5,b=4,c=6	true
chat_allowed	tut=First;chat=49:PlayPropose;a=5,b=4,c=7	true
chat_allowed	tut=First;chat=49:PlayPropose;a=5,b=5,c=0	true
chat_allowed	tut=First;chat=49:PlayPropose;a=5,b=5,c=1	true
chat_allowed	tut=First;chat=49:PlayPropose;a=5,b=5,c=2	true
chat_allowed	tut=First;chat=49:PlayPropose;a=5,b=5,c=3	true
chat_allowed	tut=First;chat=49:PlayPropose;a=5,b=5,c=4	true
chat_allowed	tut=First;chat=49:PlayPropose;a=5,b=5,c=5	true
chat_allowed	tut=First;chat=49:PlayPropose;a=5,b=5,c=6	true
chat_allowed	tut=First;chat=49:PlayPropose;a=5,b=5,c=7	true
chat_allowed	tut=First;chat=49:PlayPropose;a=5,b=6,c=0	true
chat_allowed	tut=First;chat=49:PlayPropose;a=5,b=6,c=1	true
chat_allowed	tut=First;chat=49:PlayPropose;a=5,b=6,c=2	true
chat_allowed	tut=First;chat=49:PlayPropose;a=5,b=6,c=3	true
chat_allowed	tut=First;chat=49:PlayPropose;a=5,b=6,c=4	true
chat_allowed	tut=First;chat=49:PlayPropose;a=5,b=6,c=5	true
chat_allowed	tut=First;chat=49:PlayPropose;a=5,b=6,c=6	true
chat_allowed	tut=First;chat=49:PlayPropose;a=5,b=6,c=7	true
chat_allowed	tut=First;chat=49:PlayPropose;a=5,b=7,c=0	true
chat_allowed	tut=First;chat=49:PlayPropose;a=5,b=7,c=1	true
chat_allowed	tut=First;chat=49:PlayPropose;a=5,b=7,c=2	true
chat_allowed	tut=First;chat=49:PlayPropose;a=5,b=7,c=3	true
chat_allowed	tut=First;chat=49:PlayPropose;a=5,b=7,c=4	true
chat_allowed	tut=First;chat=49:PlayPropose;a=5,b=7,c=5	true
chat_allowed	tut=First;chat=49:PlayPropose;a=5,b=7,c=6	true
chat_allowed	tut=First;chat=49:PlayPropose;a=5,b=7,c=7	true
chat_allowed	tut=First;chat=49:PlayPropose;a=6,b=0,c=0	false
chat_allowed	tut=First;chat=49:PlayPropose;a=6,b=0,c=1	false
chat_allowed	tut=First;chat=49:PlayPropose;a=6,b=0,c=2	false
chat_allowed	tut=First;chat=49:PlayPropose;a=6,b=0,c=3	false
chat_allowed	tut=First;chat=49:PlayPropose;a=6,b=0,c=4	false
chat_allowed	tut=First;chat=49:PlayPropose;a=6,b=0,c=5	false
chat_allowed	tut=First;chat=49:PlayPropose;a=6,b=0,c=6	false
chat_allowed	tut=First;chat=49:PlayPropose;a=6,b=0,c=7	false
chat_allowed	tut=First;chat=49:PlayPropose;a=6,b=1,c=0	false
chat_allowed	tut=First;chat=49:PlayPropose;a=6,b=1,c=1	false
chat_allowed	tut=First;chat=49:PlayPropose;a=6,b=1,c=2	false
chat_allowed	tut=First;chat=49:PlayPropose;a=6,b=1,c=3	false
chat_allowed	tut=First;chat=49:PlayPropose;a=6,b=1,c=4	false
chat_allowed	tut=First;chat=49:PlayPropose;a=6,b=1,c=5	false
chat_allowed	tut=First;chat=49:PlayPropose;a=6,b=1,c=6	false
chat_allowed	tut=First;chat=49:PlayPropose;a=6,b=1,c=7	false
chat_allowed	tut=First;chat=49:PlayPropose;a=6,b=2,c=0	true
chat_allowed	tut=First;chat=49:PlayPropose;a=6,b=2,c=1	true
chat_allowed	tut=First;chat=49:PlayPropose;a=6,b=2,c=2	true
chat_allowed	tut=First;chat=49:PlayPropose;a=6,b=2,c=3	true
chat_allowed	tut=First;chat=49:PlayPropose;a=6,b=2,c=4	true
chat_allowed	tut=First;chat=49:PlayPropose;a=6,b=2,c=5	true
chat_allowed	tut=First;chat=49:PlayPropose;a=6,b=2,c=6	true
chat_allowed	tut=First;chat=49:PlayPropose;a=6,b=2,c=7	true
chat_allowed	tut=First;chat=49:PlayPropose;a=6,b=3,c=0	true
chat_allowed	tut=First;chat=49:PlayPropose;a=6,b=3,c=1	true
chat_allowed	tut=First;chat=49:PlayPropose;a=6,b=3,c=2	true
chat_allowed	tut=First;chat=49:PlayPropose;a=6,b=3,c=3	true
chat_allowed	tut=First;chat=49:PlayPropose;a=6,b=3,c=4	true
chat_allowed	tut=First;chat=49:PlayPropose;a=6,b=3,c=5	true
chat_allowed	tut=First;chat=49:PlayPropose;a=6,b=3,c=6	true
chat_allowed	tut=First;chat=49:PlayPropose;a=6,b=3,c=7	true
chat_allowed	tut=First;chat=49:PlayPropose;a=6,b=4,c=0	true
chat_allowed	tut=First;chat=49:PlayPropose;a=6,b=4,c=1	true
chat_allowed	tut=First;chat=49:PlayPropose;a=6,b=4,c=2	true
chat_allowed	tut=First;chat=49:PlayPropose;a=6,b=4,c=3	true
chat_allowed	tut=First;chat=49:PlayPropose;a=6,b=4,c=4	true
chat_allowed	tut=First;chat=49:PlayPropose;a=6,b=4,c=5	true
chat_allowed	tut=First;chat=49:PlayPropose;a=6,b=4,c=6	true
chat_allowed	tut=First;chat=49:PlayPropose;a=6,b=4,c=7	true
chat_allowed	tut=First;chat=49:PlayPropose;a=6,b=5,c=0	true
chat_allowed	tut=First;chat=49:PlayPropose;a=6,b=5,c=1	true
chat_allowed	tut=First;chat=49:PlayPropose;a=6,b=5,c=2	true
chat_allowed	tut=First;chat=49:PlayPropose;a=6,b=5,c=3	true
chat_allowed	tut=First;chat=49:PlayPropose;a=6,b=5,c=4	true
chat_allowed	tut=First;chat=49:PlayPropose;a=6,b=5,c=5	true
chat_allowed	tut=First;chat=49:PlayPropose;a=6,b=5,c=6	true
chat_allowed	tut=First;chat=49:PlayPropose;a=6,b=5,c=7	true
chat_allowed	tut=First;chat=49:PlayPropose;a=6,b=6,c=0	true
chat_allowed	tut=First;chat=49:PlayPropose;a=6,b=6,c=1	true
chat_allowed	tut=First;chat=49:PlayPropose;a=6,b=6,c=2	true
chat_allowed	tut=First;chat=49:PlayPropose;a=6,b=6,c=3	true
chat_allowed	tut=First;chat=49:PlayPropose;a=6,b=6,c=4	true
chat_allowed	tut=First;chat=49:PlayPropose;a=6,b=6,c=5	true
chat_allowed	tut=First;chat=49:PlayPropose;a=6,b=6,c=6	true
chat_allowed	tut=First;chat=49:PlayPropose;a=6,b=6,c=7	true
chat_allowed	tut=First;chat=49:PlayPropose;a=6,b=7,c=0	true
chat_allowed	tut=First;chat=49:PlayPropose;a=6,b=7,c=1	true
chat_allowed	tut=First;chat=49:PlayPropose;a=6,b=7,c=2	true
chat_allowed	tut=First;chat=49:PlayPropose;a=6,b=7,c=3	true
chat_allowed	tut=First;chat=49:PlayPropose;a=6,b=7,c=4	true
chat_allowed	tut=First;chat=49:PlayPropose;a=6,b=7,c=5	true
chat_allowed	tut=First;chat=49:PlayPropose;a=6,b=7,c=6	true
chat_allowed	tut=First;chat=49:PlayPropose;a=6,b=7,c=7	true
chat_allowed	tut=First;chat=49:PlayPropose;a=7,b=0,c=0	false
chat_allowed	tut=First;chat=49:PlayPropose;a=7,b=0,c=1	false
chat_allowed	tut=First;chat=49:PlayPropose;a=7,b=0,c=2	false
chat_allowed	tut=First;chat=49:PlayPropose;a=7,b=0,c=3	false
chat_allowed	tut=First;chat=49:PlayPropose;a=7,b=0,c=4	false
chat_allowed	tut=First;chat=49:PlayPropose;a=7,b=0,c=5	false
chat_allowed	tut=First;chat=49:PlayPropose;a=7,b=0,c=6	false
chat_allowed	tut=First;chat=49:PlayPropose;a=7,b=0,c=7	false
chat_allowed	tut=First;chat=49:PlayPropose;a=7,b=1,c=0	false
chat_allowed	tut=First;chat=49:PlayPropose;a=7,b=1,c=1	false
chat_allowed	tut=First;chat=49:PlayPropose;a=7,b=1,c=2	false
chat_allowed	tut=First;chat=49:PlayPropose;a=7,b=1,c=3	false
chat_allowed	tut=First;chat=49:PlayPropose;a=7,b=1,c=4	false
chat_allowed	tut=First;chat=49:PlayPropose;a=7,b=1,c=5	false
chat_allowed	tut=First;chat=49:PlayPropose;a=7,b=1,c=6	false
chat_allowed	tut=First;chat=49:PlayPropose;a=7,b=1,c=7	false
chat_allowed	tut=First;chat=49:PlayPropose;a=7,b=2,c=0	true
chat_allowed	tut=First;chat=49:PlayPropose;a=7,b=2,c=1	true
chat_allowed	tut=First;chat=49:PlayPropose;a=7,b=2,c=2	true
chat_allowed	tut=First;chat=49:PlayPropose;a=7,b=2,c=3	true
chat_allowed	tut=First;chat=49:PlayPropose;a=7,b=2,c=4	true
chat_allowed	tut=First;chat=49:PlayPropose;a=7,b=2,c=5	true
chat_allowed	tut=First;chat=49:PlayPropose;a=7,b=2,c=6	true
chat_allowed	tut=First;chat=49:PlayPropose;a=7,b=2,c=7	true
chat_allowed	tut=First;chat=49:PlayPropose;a=7,b=3,c=0	true
chat_allowed	tut=First;chat=49:PlayPropose;a=7,b=3,c=1	true
chat_allowed	tut=First;chat=49:PlayPropose;a=7,b=3,c=2	true
chat_allowed	tut=First;chat=49:PlayPropose;a=7,b=3,c=3	true
chat_allowed	tut=First;chat=49:PlayPropose;a=7,b=3,c=4	true
chat_allowed	tut=First;chat=49:PlayPropose;a=7,b=3,c=5	true
chat_allowed	tut=First;chat=49:PlayPropose;a=7,b=3,c=6	true
chat_allowed	tut=First;chat=49:PlayPropose;a=7,b=3,c=7	true
chat_allowed	tut=First;chat=49:PlayPropose;a=7,b=4,c=0	true
chat_allowed	tut=First;chat=49:PlayPropose;a=7,b=4,c=1	true
chat_allowed	tut=First;chat=49:PlayPropose;a=7,b=4,c=2	true
chat_allowed	tut=First;chat=49:PlayPropose;a=7,b=4,c=3	true
chat_allowed	tut=First;chat=49:PlayPropose;a=7,b=4,c=4	true
chat_allowed	tut=First;chat=49:PlayPropose;a=7,b=4,c=5	true
chat_allowed	tut=First;chat=49:PlayPropose;a=7,b=4,c=6	true
chat_allowed	tut=First;chat=49:PlayPropose;a=7,b=4,c=7	true
chat_allowed	tut=First;chat=49:PlayPropose;a=7,b=5,c=0	true
chat_allowed	tut=First;chat=49:PlayPropose;a=7,b=5,c=1	true
chat_allowed	tut=First;chat=49:PlayPropose;a=7,b=5,c=2	true
chat_allowed	tut=First;chat=49:PlayPropose;a=7,b=5,c=3	true
chat_allowed	tut=First;chat=49:PlayPropose;a=7,b=5,c=4	true
chat_allowed	tut=First;chat=49:PlayPropose;a=7,b=5,c=5	true
chat_allowed	tut=First;chat=49:PlayPropose;a=7,b=5,c=6	true
chat_allowed	tut=First;chat=49:PlayPropose;a=7,b=5,c=7	true
chat_allowed	tut=First;chat=49:PlayPropose;a=7,b=6,c=0	true
chat_allowed	tut=First;chat=49:PlayPropose;a=7,b=6,c=1	true
chat_allowed	tut=First;chat=49:PlayPropose;a=7,b=6,c=2	true
chat_allowed	tut=First;chat=49:PlayPropose;a=7,b=6,c=3	true
chat_allowed	tut=First;chat=49:PlayPropose;a=7,b=6,c=4	true
chat_allowed	tut=First;chat=49:PlayPropose;a=7,b=6,c=5	true
chat_allowed	tut=First;chat=49:PlayPropose;a=7,b=6,c=6	true
chat_allowed	tut=First;chat=49:PlayPropose;a=7,b=6,c=7	true
chat_allowed	tut=First;chat=49:PlayPropose;a=7,b=7,c=0	true
chat_allowed	tut=First;chat=49:PlayPropose;a=7,b=7,c=1	true
chat_allowed	tut=First;chat=49:PlayPropose;a=7,b=7,c=2	true
chat_allowed	tut=First;chat=49:PlayPropose;a=7,b=7,c=3	true
chat_allowed	tut=First;chat=49:PlayPropose;a=7,b=7,c=4	true
chat_allowed	tut=First;chat=49:PlayPropose;a=7,b=7,c=5	true
chat_allowed	tut=First;chat=49:PlayPropose;a=7,b=7,c=6	true
chat_allowed	tut=First;chat=49:PlayPropose;a=7,b=7,c=7	true
chat_allowed	tut=First;chat=50:GankPlan;line=Mid,a=0	false
chat_allowed	tut=First;chat=50:GankPlan;line=Mid,a=1	false
chat_allowed	tut=First;chat=50:GankPlan;line=Mid,a=2	false
chat_allowed	tut=First;chat=50:GankPlan;line=Mid,a=3	false
chat_allowed	tut=First;chat=50:GankPlan;line=Mid,a=4	false
chat_allowed	tut=First;chat=50:GankPlan;line=Mid,a=5	false
chat_allowed	tut=First;chat=50:GankPlan;line=Mid,a=6	false
chat_allowed	tut=First;chat=50:GankPlan;line=Mid,a=7	false
chat_allowed	tut=First;chat=50:GankPlan;line=Mid,a=8	false
chat_allowed	tut=First;chat=50:GankPlan;line=Mid,a=9	false
chat_allowed	tut=First;chat=50:GankPlan;line=Mid,a=10	false
chat_allowed	tut=First;chat=50:GankPlan;line=Mid,a=11	false
chat_allowed	tut=First;chat=50:GankPlan;line=Mid,a=12	false
chat_allowed	tut=First;chat=50:GankPlan;line=Mid,a=13	false
chat_allowed	tut=First;chat=50:GankPlan;line=Mid,a=14	false
chat_allowed	tut=First;chat=50:GankPlan;line=Mid,a=15	false
chat_allowed	tut=First;chat=50:GankPlan;line=Bottom,a=0	true
chat_allowed	tut=First;chat=50:GankPlan;line=Bottom,a=1	true
chat_allowed	tut=First;chat=50:GankPlan;line=Bottom,a=2	true
chat_allowed	tut=First;chat=50:GankPlan;line=Bottom,a=3	true
chat_allowed	tut=First;chat=50:GankPlan;line=Bottom,a=4	true
chat_allowed	tut=First;chat=50:GankPlan;line=Bottom,a=5	true
chat_allowed	tut=First;chat=50:GankPlan;line=Bottom,a=6	true
chat_allowed	tut=First;chat=50:GankPlan;line=Bottom,a=7	true
chat_allowed	tut=First;chat=50:GankPlan;line=Bottom,a=8	true
chat_allowed	tut=First;chat=50:GankPlan;line=Bottom,a=9	true
chat_allowed	tut=First;chat=50:GankPlan;line=Bottom,a=10	true
chat_allowed	tut=First;chat=50:GankPlan;line=Bottom,a=11	true
chat_allowed	tut=First;chat=50:GankPlan;line=Bottom,a=12	true
chat_allowed	tut=First;chat=50:GankPlan;line=Bottom,a=13	true
chat_allowed	tut=First;chat=50:GankPlan;line=Bottom,a=14	true
chat_allowed	tut=First;chat=50:GankPlan;line=Bottom,a=15	true
chat_allowed	tut=First;chat=50:GankPlan;line=Top,a=0	false
chat_allowed	tut=First;chat=50:GankPlan;line=Top,a=1	false
chat_allowed	tut=First;chat=50:GankPlan;line=Top,a=2	false
chat_allowed	tut=First;chat=50:GankPlan;line=Top,a=3	false
chat_allowed	tut=First;chat=50:GankPlan;line=Top,a=4	false
chat_allowed	tut=First;chat=50:GankPlan;line=Top,a=5	false
chat_allowed	tut=First;chat=50:GankPlan;line=Top,a=6	false
chat_allowed	tut=First;chat=50:GankPlan;line=Top,a=7	false
chat_allowed	tut=First;chat=50:GankPlan;line=Top,a=8	false
chat_allowed	tut=First;chat=50:GankPlan;line=Top,a=9	false
chat_allowed	tut=First;chat=50:GankPlan;line=Top,a=10	false
chat_allowed	tut=First;chat=50:GankPlan;line=Top,a=11	false
chat_allowed	tut=First;chat=50:GankPlan;line=Top,a=12	false
chat_allowed	tut=First;chat=50:GankPlan;line=Top,a=13	false
chat_allowed	tut=First;chat=50:GankPlan;line=Top,a=14	false
chat_allowed	tut=First;chat=50:GankPlan;line=Top,a=15	false
chat_allowed	tut=First;chat=47:PlayCall;a=0,b=0	false
chat_allowed	tut=First;chat=55:CounterRequest;a=0,b=0	false
chat_allowed	tut=First;chat=47:PlayCall;a=0,b=1	false
chat_allowed	tut=First;chat=55:CounterRequest;a=0,b=1	false
chat_allowed	tut=First;chat=47:PlayCall;a=0,b=2	false
chat_allowed	tut=First;chat=55:CounterRequest;a=0,b=2	true
chat_allowed	tut=First;chat=47:PlayCall;a=0,b=3	false
chat_allowed	tut=First;chat=55:CounterRequest;a=0,b=3	true
chat_allowed	tut=First;chat=47:PlayCall;a=0,b=4	false
chat_allowed	tut=First;chat=55:CounterRequest;a=0,b=4	true
chat_allowed	tut=First;chat=47:PlayCall;a=0,b=5	false
chat_allowed	tut=First;chat=55:CounterRequest;a=0,b=5	true
chat_allowed	tut=First;chat=47:PlayCall;a=0,b=6	false
chat_allowed	tut=First;chat=55:CounterRequest;a=0,b=6	true
chat_allowed	tut=First;chat=47:PlayCall;a=0,b=7	false
chat_allowed	tut=First;chat=55:CounterRequest;a=0,b=7	true
chat_allowed	tut=First;chat=47:PlayCall;a=0,b=8	false
chat_allowed	tut=First;chat=55:CounterRequest;a=0,b=8	true
chat_allowed	tut=First;chat=47:PlayCall;a=0,b=9	false
chat_allowed	tut=First;chat=55:CounterRequest;a=0,b=9	true
chat_allowed	tut=First;chat=47:PlayCall;a=0,b=10	false
chat_allowed	tut=First;chat=55:CounterRequest;a=0,b=10	true
chat_allowed	tut=First;chat=47:PlayCall;a=0,b=11	false
chat_allowed	tut=First;chat=55:CounterRequest;a=0,b=11	true
chat_allowed	tut=First;chat=47:PlayCall;a=0,b=12	false
chat_allowed	tut=First;chat=55:CounterRequest;a=0,b=12	true
chat_allowed	tut=First;chat=47:PlayCall;a=0,b=13	false
chat_allowed	tut=First;chat=55:CounterRequest;a=0,b=13	true
chat_allowed	tut=First;chat=47:PlayCall;a=0,b=14	false
chat_allowed	tut=First;chat=55:CounterRequest;a=0,b=14	true
chat_allowed	tut=First;chat=47:PlayCall;a=0,b=15	false
chat_allowed	tut=First;chat=55:CounterRequest;a=0,b=15	true
chat_allowed	tut=First;chat=47:PlayCall;a=1,b=0	false
chat_allowed	tut=First;chat=55:CounterRequest;a=1,b=0	false
chat_allowed	tut=First;chat=47:PlayCall;a=1,b=1	false
chat_allowed	tut=First;chat=55:CounterRequest;a=1,b=1	false
chat_allowed	tut=First;chat=47:PlayCall;a=1,b=2	false
chat_allowed	tut=First;chat=55:CounterRequest;a=1,b=2	true
chat_allowed	tut=First;chat=47:PlayCall;a=1,b=3	false
chat_allowed	tut=First;chat=55:CounterRequest;a=1,b=3	true
chat_allowed	tut=First;chat=47:PlayCall;a=1,b=4	false
chat_allowed	tut=First;chat=55:CounterRequest;a=1,b=4	true
chat_allowed	tut=First;chat=47:PlayCall;a=1,b=5	false
chat_allowed	tut=First;chat=55:CounterRequest;a=1,b=5	true
chat_allowed	tut=First;chat=47:PlayCall;a=1,b=6	false
chat_allowed	tut=First;chat=55:CounterRequest;a=1,b=6	true
chat_allowed	tut=First;chat=47:PlayCall;a=1,b=7	false
chat_allowed	tut=First;chat=55:CounterRequest;a=1,b=7	true
chat_allowed	tut=First;chat=47:PlayCall;a=1,b=8	false
chat_allowed	tut=First;chat=55:CounterRequest;a=1,b=8	true
chat_allowed	tut=First;chat=47:PlayCall;a=1,b=9	false
chat_allowed	tut=First;chat=55:CounterRequest;a=1,b=9	true
chat_allowed	tut=First;chat=47:PlayCall;a=1,b=10	false
chat_allowed	tut=First;chat=55:CounterRequest;a=1,b=10	true
chat_allowed	tut=First;chat=47:PlayCall;a=1,b=11	false
chat_allowed	tut=First;chat=55:CounterRequest;a=1,b=11	true
chat_allowed	tut=First;chat=47:PlayCall;a=1,b=12	false
chat_allowed	tut=First;chat=55:CounterRequest;a=1,b=12	true
chat_allowed	tut=First;chat=47:PlayCall;a=1,b=13	false
chat_allowed	tut=First;chat=55:CounterRequest;a=1,b=13	true
chat_allowed	tut=First;chat=47:PlayCall;a=1,b=14	false
chat_allowed	tut=First;chat=55:CounterRequest;a=1,b=14	true
chat_allowed	tut=First;chat=47:PlayCall;a=1,b=15	false
chat_allowed	tut=First;chat=55:CounterRequest;a=1,b=15	true
chat_allowed	tut=First;chat=47:PlayCall;a=2,b=0	false
chat_allowed	tut=First;chat=55:CounterRequest;a=2,b=0	false
chat_allowed	tut=First;chat=47:PlayCall;a=2,b=1	false
chat_allowed	tut=First;chat=55:CounterRequest;a=2,b=1	false
chat_allowed	tut=First;chat=47:PlayCall;a=2,b=2	false
chat_allowed	tut=First;chat=55:CounterRequest;a=2,b=2	true
chat_allowed	tut=First;chat=47:PlayCall;a=2,b=3	false
chat_allowed	tut=First;chat=55:CounterRequest;a=2,b=3	true
chat_allowed	tut=First;chat=47:PlayCall;a=2,b=4	false
chat_allowed	tut=First;chat=55:CounterRequest;a=2,b=4	true
chat_allowed	tut=First;chat=47:PlayCall;a=2,b=5	false
chat_allowed	tut=First;chat=55:CounterRequest;a=2,b=5	true
chat_allowed	tut=First;chat=47:PlayCall;a=2,b=6	false
chat_allowed	tut=First;chat=55:CounterRequest;a=2,b=6	true
chat_allowed	tut=First;chat=47:PlayCall;a=2,b=7	false
chat_allowed	tut=First;chat=55:CounterRequest;a=2,b=7	true
chat_allowed	tut=First;chat=47:PlayCall;a=2,b=8	false
chat_allowed	tut=First;chat=55:CounterRequest;a=2,b=8	true
chat_allowed	tut=First;chat=47:PlayCall;a=2,b=9	false
chat_allowed	tut=First;chat=55:CounterRequest;a=2,b=9	true
chat_allowed	tut=First;chat=47:PlayCall;a=2,b=10	false
chat_allowed	tut=First;chat=55:CounterRequest;a=2,b=10	true
chat_allowed	tut=First;chat=47:PlayCall;a=2,b=11	false
chat_allowed	tut=First;chat=55:CounterRequest;a=2,b=11	true
chat_allowed	tut=First;chat=47:PlayCall;a=2,b=12	false
chat_allowed	tut=First;chat=55:CounterRequest;a=2,b=12	true
chat_allowed	tut=First;chat=47:PlayCall;a=2,b=13	false
chat_allowed	tut=First;chat=55:CounterRequest;a=2,b=13	true
chat_allowed	tut=First;chat=47:PlayCall;a=2,b=14	false
chat_allowed	tut=First;chat=55:CounterRequest;a=2,b=14	true
chat_allowed	tut=First;chat=47:PlayCall;a=2,b=15	false
chat_allowed	tut=First;chat=55:CounterRequest;a=2,b=15	true
chat_allowed	tut=First;chat=47:PlayCall;a=3,b=0	false
chat_allowed	tut=First;chat=55:CounterRequest;a=3,b=0	false
chat_allowed	tut=First;chat=47:PlayCall;a=3,b=1	false
chat_allowed	tut=First;chat=55:CounterRequest;a=3,b=1	false
chat_allowed	tut=First;chat=47:PlayCall;a=3,b=2	false
chat_allowed	tut=First;chat=55:CounterRequest;a=3,b=2	true
chat_allowed	tut=First;chat=47:PlayCall;a=3,b=3	false
chat_allowed	tut=First;chat=55:CounterRequest;a=3,b=3	true
chat_allowed	tut=First;chat=47:PlayCall;a=3,b=4	false
chat_allowed	tut=First;chat=55:CounterRequest;a=3,b=4	true
chat_allowed	tut=First;chat=47:PlayCall;a=3,b=5	false
chat_allowed	tut=First;chat=55:CounterRequest;a=3,b=5	true
chat_allowed	tut=First;chat=47:PlayCall;a=3,b=6	false
chat_allowed	tut=First;chat=55:CounterRequest;a=3,b=6	true
chat_allowed	tut=First;chat=47:PlayCall;a=3,b=7	false
chat_allowed	tut=First;chat=55:CounterRequest;a=3,b=7	true
chat_allowed	tut=First;chat=47:PlayCall;a=3,b=8	false
chat_allowed	tut=First;chat=55:CounterRequest;a=3,b=8	true
chat_allowed	tut=First;chat=47:PlayCall;a=3,b=9	false
chat_allowed	tut=First;chat=55:CounterRequest;a=3,b=9	true
chat_allowed	tut=First;chat=47:PlayCall;a=3,b=10	false
chat_allowed	tut=First;chat=55:CounterRequest;a=3,b=10	true
chat_allowed	tut=First;chat=47:PlayCall;a=3,b=11	false
chat_allowed	tut=First;chat=55:CounterRequest;a=3,b=11	true
chat_allowed	tut=First;chat=47:PlayCall;a=3,b=12	false
chat_allowed	tut=First;chat=55:CounterRequest;a=3,b=12	true
chat_allowed	tut=First;chat=47:PlayCall;a=3,b=13	false
chat_allowed	tut=First;chat=55:CounterRequest;a=3,b=13	true
chat_allowed	tut=First;chat=47:PlayCall;a=3,b=14	false
chat_allowed	tut=First;chat=55:CounterRequest;a=3,b=14	true
chat_allowed	tut=First;chat=47:PlayCall;a=3,b=15	false
chat_allowed	tut=First;chat=55:CounterRequest;a=3,b=15	true
chat_allowed	tut=First;chat=47:PlayCall;a=4,b=0	false
chat_allowed	tut=First;chat=55:CounterRequest;a=4,b=0	false
chat_allowed	tut=First;chat=47:PlayCall;a=4,b=1	false
chat_allowed	tut=First;chat=55:CounterRequest;a=4,b=1	false
chat_allowed	tut=First;chat=47:PlayCall;a=4,b=2	true
chat_allowed	tut=First;chat=55:CounterRequest;a=4,b=2	true
chat_allowed	tut=First;chat=47:PlayCall;a=4,b=3	true
chat_allowed	tut=First;chat=55:CounterRequest;a=4,b=3	true
chat_allowed	tut=First;chat=47:PlayCall;a=4,b=4	true
chat_allowed	tut=First;chat=55:CounterRequest;a=4,b=4	true
chat_allowed	tut=First;chat=47:PlayCall;a=4,b=5	true
chat_allowed	tut=First;chat=55:CounterRequest;a=4,b=5	true
chat_allowed	tut=First;chat=47:PlayCall;a=4,b=6	true
chat_allowed	tut=First;chat=55:CounterRequest;a=4,b=6	true
chat_allowed	tut=First;chat=47:PlayCall;a=4,b=7	true
chat_allowed	tut=First;chat=55:CounterRequest;a=4,b=7	true
chat_allowed	tut=First;chat=47:PlayCall;a=4,b=8	true
chat_allowed	tut=First;chat=55:CounterRequest;a=4,b=8	true
chat_allowed	tut=First;chat=47:PlayCall;a=4,b=9	true
chat_allowed	tut=First;chat=55:CounterRequest;a=4,b=9	true
chat_allowed	tut=First;chat=47:PlayCall;a=4,b=10	true
chat_allowed	tut=First;chat=55:CounterRequest;a=4,b=10	true
chat_allowed	tut=First;chat=47:PlayCall;a=4,b=11	true
chat_allowed	tut=First;chat=55:CounterRequest;a=4,b=11	true
chat_allowed	tut=First;chat=47:PlayCall;a=4,b=12	true
chat_allowed	tut=First;chat=55:CounterRequest;a=4,b=12	true
chat_allowed	tut=First;chat=47:PlayCall;a=4,b=13	true
chat_allowed	tut=First;chat=55:CounterRequest;a=4,b=13	true
chat_allowed	tut=First;chat=47:PlayCall;a=4,b=14	true
chat_allowed	tut=First;chat=55:CounterRequest;a=4,b=14	true
chat_allowed	tut=First;chat=47:PlayCall;a=4,b=15	true
chat_allowed	tut=First;chat=55:CounterRequest;a=4,b=15	true
chat_allowed	tut=First;chat=47:PlayCall;a=5,b=0	false
chat_allowed	tut=First;chat=55:CounterRequest;a=5,b=0	false
chat_allowed	tut=First;chat=47:PlayCall;a=5,b=1	false
chat_allowed	tut=First;chat=55:CounterRequest;a=5,b=1	false
chat_allowed	tut=First;chat=47:PlayCall;a=5,b=2	true
chat_allowed	tut=First;chat=55:CounterRequest;a=5,b=2	true
chat_allowed	tut=First;chat=47:PlayCall;a=5,b=3	true
chat_allowed	tut=First;chat=55:CounterRequest;a=5,b=3	true
chat_allowed	tut=First;chat=47:PlayCall;a=5,b=4	true
chat_allowed	tut=First;chat=55:CounterRequest;a=5,b=4	true
chat_allowed	tut=First;chat=47:PlayCall;a=5,b=5	true
chat_allowed	tut=First;chat=55:CounterRequest;a=5,b=5	true
chat_allowed	tut=First;chat=47:PlayCall;a=5,b=6	true
chat_allowed	tut=First;chat=55:CounterRequest;a=5,b=6	true
chat_allowed	tut=First;chat=47:PlayCall;a=5,b=7	true
chat_allowed	tut=First;chat=55:CounterRequest;a=5,b=7	true
chat_allowed	tut=First;chat=47:PlayCall;a=5,b=8	true
chat_allowed	tut=First;chat=55:CounterRequest;a=5,b=8	true
chat_allowed	tut=First;chat=47:PlayCall;a=5,b=9	true
chat_allowed	tut=First;chat=55:CounterRequest;a=5,b=9	true
chat_allowed	tut=First;chat=47:PlayCall;a=5,b=10	true
chat_allowed	tut=First;chat=55:CounterRequest;a=5,b=10	true
chat_allowed	tut=First;chat=47:PlayCall;a=5,b=11	true
chat_allowed	tut=First;chat=55:CounterRequest;a=5,b=11	true
chat_allowed	tut=First;chat=47:PlayCall;a=5,b=12	true
chat_allowed	tut=First;chat=55:CounterRequest;a=5,b=12	true
chat_allowed	tut=First;chat=47:PlayCall;a=5,b=13	true
chat_allowed	tut=First;chat=55:CounterRequest;a=5,b=13	true
chat_allowed	tut=First;chat=47:PlayCall;a=5,b=14	true
chat_allowed	tut=First;chat=55:CounterRequest;a=5,b=14	true
chat_allowed	tut=First;chat=47:PlayCall;a=5,b=15	true
chat_allowed	tut=First;chat=55:CounterRequest;a=5,b=15	true
chat_allowed	tut=First;chat=47:PlayCall;a=6,b=0	false
chat_allowed	tut=First;chat=55:CounterRequest;a=6,b=0	false
chat_allowed	tut=First;chat=47:PlayCall;a=6,b=1	false
chat_allowed	tut=First;chat=55:CounterRequest;a=6,b=1	false
chat_allowed	tut=First;chat=47:PlayCall;a=6,b=2	true
chat_allowed	tut=First;chat=55:CounterRequest;a=6,b=2	true
chat_allowed	tut=First;chat=47:PlayCall;a=6,b=3	true
chat_allowed	tut=First;chat=55:CounterRequest;a=6,b=3	true
chat_allowed	tut=First;chat=47:PlayCall;a=6,b=4	true
chat_allowed	tut=First;chat=55:CounterRequest;a=6,b=4	true
chat_allowed	tut=First;chat=47:PlayCall;a=6,b=5	true
chat_allowed	tut=First;chat=55:CounterRequest;a=6,b=5	true
chat_allowed	tut=First;chat=47:PlayCall;a=6,b=6	true
chat_allowed	tut=First;chat=55:CounterRequest;a=6,b=6	true
chat_allowed	tut=First;chat=47:PlayCall;a=6,b=7	true
chat_allowed	tut=First;chat=55:CounterRequest;a=6,b=7	true
chat_allowed	tut=First;chat=47:PlayCall;a=6,b=8	true
chat_allowed	tut=First;chat=55:CounterRequest;a=6,b=8	true
chat_allowed	tut=First;chat=47:PlayCall;a=6,b=9	true
chat_allowed	tut=First;chat=55:CounterRequest;a=6,b=9	true
chat_allowed	tut=First;chat=47:PlayCall;a=6,b=10	true
chat_allowed	tut=First;chat=55:CounterRequest;a=6,b=10	true
chat_allowed	tut=First;chat=47:PlayCall;a=6,b=11	true
chat_allowed	tut=First;chat=55:CounterRequest;a=6,b=11	true
chat_allowed	tut=First;chat=47:PlayCall;a=6,b=12	true
chat_allowed	tut=First;chat=55:CounterRequest;a=6,b=12	true
chat_allowed	tut=First;chat=47:PlayCall;a=6,b=13	true
chat_allowed	tut=First;chat=55:CounterRequest;a=6,b=13	true
chat_allowed	tut=First;chat=47:PlayCall;a=6,b=14	true
chat_allowed	tut=First;chat=55:CounterRequest;a=6,b=14	true
chat_allowed	tut=First;chat=47:PlayCall;a=6,b=15	true
chat_allowed	tut=First;chat=55:CounterRequest;a=6,b=15	true
chat_allowed	tut=First;chat=47:PlayCall;a=7,b=0	false
chat_allowed	tut=First;chat=55:CounterRequest;a=7,b=0	false
chat_allowed	tut=First;chat=47:PlayCall;a=7,b=1	false
chat_allowed	tut=First;chat=55:CounterRequest;a=7,b=1	false
chat_allowed	tut=First;chat=47:PlayCall;a=7,b=2	true
chat_allowed	tut=First;chat=55:CounterRequest;a=7,b=2	true
chat_allowed	tut=First;chat=47:PlayCall;a=7,b=3	true
chat_allowed	tut=First;chat=55:CounterRequest;a=7,b=3	true
chat_allowed	tut=First;chat=47:PlayCall;a=7,b=4	true
chat_allowed	tut=First;chat=55:CounterRequest;a=7,b=4	true
chat_allowed	tut=First;chat=47:PlayCall;a=7,b=5	true
chat_allowed	tut=First;chat=55:CounterRequest;a=7,b=5	true
chat_allowed	tut=First;chat=47:PlayCall;a=7,b=6	true
chat_allowed	tut=First;chat=55:CounterRequest;a=7,b=6	true
chat_allowed	tut=First;chat=47:PlayCall;a=7,b=7	true
chat_allowed	tut=First;chat=55:CounterRequest;a=7,b=7	true
chat_allowed	tut=First;chat=47:PlayCall;a=7,b=8	true
chat_allowed	tut=First;chat=55:CounterRequest;a=7,b=8	true
chat_allowed	tut=First;chat=47:PlayCall;a=7,b=9	true
chat_allowed	tut=First;chat=55:CounterRequest;a=7,b=9	true
chat_allowed	tut=First;chat=47:PlayCall;a=7,b=10	true
chat_allowed	tut=First;chat=55:CounterRequest;a=7,b=10	true
chat_allowed	tut=First;chat=47:PlayCall;a=7,b=11	true
chat_allowed	tut=First;chat=55:CounterRequest;a=7,b=11	true
chat_allowed	tut=First;chat=47:PlayCall;a=7,b=12	true
chat_allowed	tut=First;chat=55:CounterRequest;a=7,b=12	true
chat_allowed	tut=First;chat=47:PlayCall;a=7,b=13	true
chat_allowed	tut=First;chat=55:CounterRequest;a=7,b=13	true
chat_allowed	tut=First;chat=47:PlayCall;a=7,b=14	true
chat_allowed	tut=First;chat=55:CounterRequest;a=7,b=14	true
chat_allowed	tut=First;chat=47:PlayCall;a=7,b=15	true
chat_allowed	tut=First;chat=55:CounterRequest;a=7,b=15	true
chat_allowed	tut=First;chat=47:PlayCall;a=8,b=0	false
chat_allowed	tut=First;chat=55:CounterRequest;a=8,b=0	false
chat_allowed	tut=First;chat=47:PlayCall;a=8,b=1	false
chat_allowed	tut=First;chat=55:CounterRequest;a=8,b=1	false
chat_allowed	tut=First;chat=47:PlayCall;a=8,b=2	true
chat_allowed	tut=First;chat=55:CounterRequest;a=8,b=2	true
chat_allowed	tut=First;chat=47:PlayCall;a=8,b=3	true
chat_allowed	tut=First;chat=55:CounterRequest;a=8,b=3	true
chat_allowed	tut=First;chat=47:PlayCall;a=8,b=4	true
chat_allowed	tut=First;chat=55:CounterRequest;a=8,b=4	true
chat_allowed	tut=First;chat=47:PlayCall;a=8,b=5	true
chat_allowed	tut=First;chat=55:CounterRequest;a=8,b=5	true
chat_allowed	tut=First;chat=47:PlayCall;a=8,b=6	true
chat_allowed	tut=First;chat=55:CounterRequest;a=8,b=6	true
chat_allowed	tut=First;chat=47:PlayCall;a=8,b=7	true
chat_allowed	tut=First;chat=55:CounterRequest;a=8,b=7	true
chat_allowed	tut=First;chat=47:PlayCall;a=8,b=8	true
chat_allowed	tut=First;chat=55:CounterRequest;a=8,b=8	true
chat_allowed	tut=First;chat=47:PlayCall;a=8,b=9	true
chat_allowed	tut=First;chat=55:CounterRequest;a=8,b=9	true
chat_allowed	tut=First;chat=47:PlayCall;a=8,b=10	true
chat_allowed	tut=First;chat=55:CounterRequest;a=8,b=10	true
chat_allowed	tut=First;chat=47:PlayCall;a=8,b=11	true
chat_allowed	tut=First;chat=55:CounterRequest;a=8,b=11	true
chat_allowed	tut=First;chat=47:PlayCall;a=8,b=12	true
chat_allowed	tut=First;chat=55:CounterRequest;a=8,b=12	true
chat_allowed	tut=First;chat=47:PlayCall;a=8,b=13	true
chat_allowed	tut=First;chat=55:CounterRequest;a=8,b=13	true
chat_allowed	tut=First;chat=47:PlayCall;a=8,b=14	true
chat_allowed	tut=First;chat=55:CounterRequest;a=8,b=14	true
chat_allowed	tut=First;chat=47:PlayCall;a=8,b=15	true
chat_allowed	tut=First;chat=55:CounterRequest;a=8,b=15	true
chat_allowed	tut=First;chat=47:PlayCall;a=9,b=0	false
chat_allowed	tut=First;chat=55:CounterRequest;a=9,b=0	false
chat_allowed	tut=First;chat=47:PlayCall;a=9,b=1	false
chat_allowed	tut=First;chat=55:CounterRequest;a=9,b=1	false
chat_allowed	tut=First;chat=47:PlayCall;a=9,b=2	true
chat_allowed	tut=First;chat=55:CounterRequest;a=9,b=2	true
chat_allowed	tut=First;chat=47:PlayCall;a=9,b=3	true
chat_allowed	tut=First;chat=55:CounterRequest;a=9,b=3	true
chat_allowed	tut=First;chat=47:PlayCall;a=9,b=4	true
chat_allowed	tut=First;chat=55:CounterRequest;a=9,b=4	true
chat_allowed	tut=First;chat=47:PlayCall;a=9,b=5	true
chat_allowed	tut=First;chat=55:CounterRequest;a=9,b=5	true
chat_allowed	tut=First;chat=47:PlayCall;a=9,b=6	true
chat_allowed	tut=First;chat=55:CounterRequest;a=9,b=6	true
chat_allowed	tut=First;chat=47:PlayCall;a=9,b=7	true
chat_allowed	tut=First;chat=55:CounterRequest;a=9,b=7	true
chat_allowed	tut=First;chat=47:PlayCall;a=9,b=8	true
chat_allowed	tut=First;chat=55:CounterRequest;a=9,b=8	true
chat_allowed	tut=First;chat=47:PlayCall;a=9,b=9	true
chat_allowed	tut=First;chat=55:CounterRequest;a=9,b=9	true
chat_allowed	tut=First;chat=47:PlayCall;a=9,b=10	true
chat_allowed	tut=First;chat=55:CounterRequest;a=9,b=10	true
chat_allowed	tut=First;chat=47:PlayCall;a=9,b=11	true
chat_allowed	tut=First;chat=55:CounterRequest;a=9,b=11	true
chat_allowed	tut=First;chat=47:PlayCall;a=9,b=12	true
chat_allowed	tut=First;chat=55:CounterRequest;a=9,b=12	true
chat_allowed	tut=First;chat=47:PlayCall;a=9,b=13	true
chat_allowed	tut=First;chat=55:CounterRequest;a=9,b=13	true
chat_allowed	tut=First;chat=47:PlayCall;a=9,b=14	true
chat_allowed	tut=First;chat=55:CounterRequest;a=9,b=14	true
chat_allowed	tut=First;chat=47:PlayCall;a=9,b=15	true
chat_allowed	tut=First;chat=55:CounterRequest;a=9,b=15	true
chat_allowed	tut=First;chat=47:PlayCall;a=10,b=0	false
chat_allowed	tut=First;chat=55:CounterRequest;a=10,b=0	false
chat_allowed	tut=First;chat=47:PlayCall;a=10,b=1	false
chat_allowed	tut=First;chat=55:CounterRequest;a=10,b=1	false
chat_allowed	tut=First;chat=47:PlayCall;a=10,b=2	true
chat_allowed	tut=First;chat=55:CounterRequest;a=10,b=2	true
chat_allowed	tut=First;chat=47:PlayCall;a=10,b=3	true
chat_allowed	tut=First;chat=55:CounterRequest;a=10,b=3	true
chat_allowed	tut=First;chat=47:PlayCall;a=10,b=4	true
chat_allowed	tut=First;chat=55:CounterRequest;a=10,b=4	true
chat_allowed	tut=First;chat=47:PlayCall;a=10,b=5	true
chat_allowed	tut=First;chat=55:CounterRequest;a=10,b=5	true
chat_allowed	tut=First;chat=47:PlayCall;a=10,b=6	true
chat_allowed	tut=First;chat=55:CounterRequest;a=10,b=6	true
chat_allowed	tut=First;chat=47:PlayCall;a=10,b=7	true
chat_allowed	tut=First;chat=55:CounterRequest;a=10,b=7	true
chat_allowed	tut=First;chat=47:PlayCall;a=10,b=8	true
chat_allowed	tut=First;chat=55:CounterRequest;a=10,b=8	true
chat_allowed	tut=First;chat=47:PlayCall;a=10,b=9	true
chat_allowed	tut=First;chat=55:CounterRequest;a=10,b=9	true
chat_allowed	tut=First;chat=47:PlayCall;a=10,b=10	true
chat_allowed	tut=First;chat=55:CounterRequest;a=10,b=10	true
chat_allowed	tut=First;chat=47:PlayCall;a=10,b=11	true
chat_allowed	tut=First;chat=55:CounterRequest;a=10,b=11	true
chat_allowed	tut=First;chat=47:PlayCall;a=10,b=12	true
chat_allowed	tut=First;chat=55:CounterRequest;a=10,b=12	true
chat_allowed	tut=First;chat=47:PlayCall;a=10,b=13	true
chat_allowed	tut=First;chat=55:CounterRequest;a=10,b=13	true
chat_allowed	tut=First;chat=47:PlayCall;a=10,b=14	true
chat_allowed	tut=First;chat=55:CounterRequest;a=10,b=14	true
chat_allowed	tut=First;chat=47:PlayCall;a=10,b=15	true
chat_allowed	tut=First;chat=55:CounterRequest;a=10,b=15	true
chat_allowed	tut=First;chat=47:PlayCall;a=11,b=0	false
chat_allowed	tut=First;chat=55:CounterRequest;a=11,b=0	false
chat_allowed	tut=First;chat=47:PlayCall;a=11,b=1	false
chat_allowed	tut=First;chat=55:CounterRequest;a=11,b=1	false
chat_allowed	tut=First;chat=47:PlayCall;a=11,b=2	true
chat_allowed	tut=First;chat=55:CounterRequest;a=11,b=2	true
chat_allowed	tut=First;chat=47:PlayCall;a=11,b=3	true
chat_allowed	tut=First;chat=55:CounterRequest;a=11,b=3	true
chat_allowed	tut=First;chat=47:PlayCall;a=11,b=4	true
chat_allowed	tut=First;chat=55:CounterRequest;a=11,b=4	true
chat_allowed	tut=First;chat=47:PlayCall;a=11,b=5	true
chat_allowed	tut=First;chat=55:CounterRequest;a=11,b=5	true
chat_allowed	tut=First;chat=47:PlayCall;a=11,b=6	true
chat_allowed	tut=First;chat=55:CounterRequest;a=11,b=6	true
chat_allowed	tut=First;chat=47:PlayCall;a=11,b=7	true
chat_allowed	tut=First;chat=55:CounterRequest;a=11,b=7	true
chat_allowed	tut=First;chat=47:PlayCall;a=11,b=8	true
chat_allowed	tut=First;chat=55:CounterRequest;a=11,b=8	true
chat_allowed	tut=First;chat=47:PlayCall;a=11,b=9	true
chat_allowed	tut=First;chat=55:CounterRequest;a=11,b=9	true
chat_allowed	tut=First;chat=47:PlayCall;a=11,b=10	true
chat_allowed	tut=First;chat=55:CounterRequest;a=11,b=10	true
chat_allowed	tut=First;chat=47:PlayCall;a=11,b=11	true
chat_allowed	tut=First;chat=55:CounterRequest;a=11,b=11	true
chat_allowed	tut=First;chat=47:PlayCall;a=11,b=12	true
chat_allowed	tut=First;chat=55:CounterRequest;a=11,b=12	true
chat_allowed	tut=First;chat=47:PlayCall;a=11,b=13	true
chat_allowed	tut=First;chat=55:CounterRequest;a=11,b=13	true
chat_allowed	tut=First;chat=47:PlayCall;a=11,b=14	true
chat_allowed	tut=First;chat=55:CounterRequest;a=11,b=14	true
chat_allowed	tut=First;chat=47:PlayCall;a=11,b=15	true
chat_allowed	tut=First;chat=55:CounterRequest;a=11,b=15	true
chat_allowed	tut=First;chat=47:PlayCall;a=12,b=0	false
chat_allowed	tut=First;chat=55:CounterRequest;a=12,b=0	false
chat_allowed	tut=First;chat=47:PlayCall;a=12,b=1	false
chat_allowed	tut=First;chat=55:CounterRequest;a=12,b=1	false
chat_allowed	tut=First;chat=47:PlayCall;a=12,b=2	true
chat_allowed	tut=First;chat=55:CounterRequest;a=12,b=2	true
chat_allowed	tut=First;chat=47:PlayCall;a=12,b=3	true
chat_allowed	tut=First;chat=55:CounterRequest;a=12,b=3	true
chat_allowed	tut=First;chat=47:PlayCall;a=12,b=4	true
chat_allowed	tut=First;chat=55:CounterRequest;a=12,b=4	true
chat_allowed	tut=First;chat=47:PlayCall;a=12,b=5	true
chat_allowed	tut=First;chat=55:CounterRequest;a=12,b=5	true
chat_allowed	tut=First;chat=47:PlayCall;a=12,b=6	true
chat_allowed	tut=First;chat=55:CounterRequest;a=12,b=6	true
chat_allowed	tut=First;chat=47:PlayCall;a=12,b=7	true
chat_allowed	tut=First;chat=55:CounterRequest;a=12,b=7	true
chat_allowed	tut=First;chat=47:PlayCall;a=12,b=8	true
chat_allowed	tut=First;chat=55:CounterRequest;a=12,b=8	true
chat_allowed	tut=First;chat=47:PlayCall;a=12,b=9	true
chat_allowed	tut=First;chat=55:CounterRequest;a=12,b=9	true
chat_allowed	tut=First;chat=47:PlayCall;a=12,b=10	true
chat_allowed	tut=First;chat=55:CounterRequest;a=12,b=10	true
chat_allowed	tut=First;chat=47:PlayCall;a=12,b=11	true
chat_allowed	tut=First;chat=55:CounterRequest;a=12,b=11	true
chat_allowed	tut=First;chat=47:PlayCall;a=12,b=12	true
chat_allowed	tut=First;chat=55:CounterRequest;a=12,b=12	true
chat_allowed	tut=First;chat=47:PlayCall;a=12,b=13	true
chat_allowed	tut=First;chat=55:CounterRequest;a=12,b=13	true
chat_allowed	tut=First;chat=47:PlayCall;a=12,b=14	true
chat_allowed	tut=First;chat=55:CounterRequest;a=12,b=14	true
chat_allowed	tut=First;chat=47:PlayCall;a=12,b=15	true
chat_allowed	tut=First;chat=55:CounterRequest;a=12,b=15	true
chat_allowed	tut=First;chat=47:PlayCall;a=13,b=0	false
chat_allowed	tut=First;chat=55:CounterRequest;a=13,b=0	false
chat_allowed	tut=First;chat=47:PlayCall;a=13,b=1	false
chat_allowed	tut=First;chat=55:CounterRequest;a=13,b=1	false
chat_allowed	tut=First;chat=47:PlayCall;a=13,b=2	true
chat_allowed	tut=First;chat=55:CounterRequest;a=13,b=2	true
chat_allowed	tut=First;chat=47:PlayCall;a=13,b=3	true
chat_allowed	tut=First;chat=55:CounterRequest;a=13,b=3	true
chat_allowed	tut=First;chat=47:PlayCall;a=13,b=4	true
chat_allowed	tut=First;chat=55:CounterRequest;a=13,b=4	true
chat_allowed	tut=First;chat=47:PlayCall;a=13,b=5	true
chat_allowed	tut=First;chat=55:CounterRequest;a=13,b=5	true
chat_allowed	tut=First;chat=47:PlayCall;a=13,b=6	true
chat_allowed	tut=First;chat=55:CounterRequest;a=13,b=6	true
chat_allowed	tut=First;chat=47:PlayCall;a=13,b=7	true
chat_allowed	tut=First;chat=55:CounterRequest;a=13,b=7	true
chat_allowed	tut=First;chat=47:PlayCall;a=13,b=8	true
chat_allowed	tut=First;chat=55:CounterRequest;a=13,b=8	true
chat_allowed	tut=First;chat=47:PlayCall;a=13,b=9	true
chat_allowed	tut=First;chat=55:CounterRequest;a=13,b=9	true
chat_allowed	tut=First;chat=47:PlayCall;a=13,b=10	true
chat_allowed	tut=First;chat=55:CounterRequest;a=13,b=10	true
chat_allowed	tut=First;chat=47:PlayCall;a=13,b=11	true
chat_allowed	tut=First;chat=55:CounterRequest;a=13,b=11	true
chat_allowed	tut=First;chat=47:PlayCall;a=13,b=12	true
chat_allowed	tut=First;chat=55:CounterRequest;a=13,b=12	true
chat_allowed	tut=First;chat=47:PlayCall;a=13,b=13	true
chat_allowed	tut=First;chat=55:CounterRequest;a=13,b=13	true
chat_allowed	tut=First;chat=47:PlayCall;a=13,b=14	true
chat_allowed	tut=First;chat=55:CounterRequest;a=13,b=14	true
chat_allowed	tut=First;chat=47:PlayCall;a=13,b=15	true
chat_allowed	tut=First;chat=55:CounterRequest;a=13,b=15	true
chat_allowed	tut=First;chat=47:PlayCall;a=14,b=0	false
chat_allowed	tut=First;chat=55:CounterRequest;a=14,b=0	false
chat_allowed	tut=First;chat=47:PlayCall;a=14,b=1	false
chat_allowed	tut=First;chat=55:CounterRequest;a=14,b=1	false
chat_allowed	tut=First;chat=47:PlayCall;a=14,b=2	true
chat_allowed	tut=First;chat=55:CounterRequest;a=14,b=2	true
chat_allowed	tut=First;chat=47:PlayCall;a=14,b=3	true
chat_allowed	tut=First;chat=55:CounterRequest;a=14,b=3	true
chat_allowed	tut=First;chat=47:PlayCall;a=14,b=4	true
chat_allowed	tut=First;chat=55:CounterRequest;a=14,b=4	true
chat_allowed	tut=First;chat=47:PlayCall;a=14,b=5	true
chat_allowed	tut=First;chat=55:CounterRequest;a=14,b=5	true
chat_allowed	tut=First;chat=47:PlayCall;a=14,b=6	true
chat_allowed	tut=First;chat=55:CounterRequest;a=14,b=6	true
chat_allowed	tut=First;chat=47:PlayCall;a=14,b=7	true
chat_allowed	tut=First;chat=55:CounterRequest;a=14,b=7	true
chat_allowed	tut=First;chat=47:PlayCall;a=14,b=8	true
chat_allowed	tut=First;chat=55:CounterRequest;a=14,b=8	true
chat_allowed	tut=First;chat=47:PlayCall;a=14,b=9	true
chat_allowed	tut=First;chat=55:CounterRequest;a=14,b=9	true
chat_allowed	tut=First;chat=47:PlayCall;a=14,b=10	true
chat_allowed	tut=First;chat=55:CounterRequest;a=14,b=10	true
chat_allowed	tut=First;chat=47:PlayCall;a=14,b=11	true
chat_allowed	tut=First;chat=55:CounterRequest;a=14,b=11	true
chat_allowed	tut=First;chat=47:PlayCall;a=14,b=12	true
chat_allowed	tut=First;chat=55:CounterRequest;a=14,b=12	true
chat_allowed	tut=First;chat=47:PlayCall;a=14,b=13	true
chat_allowed	tut=First;chat=55:CounterRequest;a=14,b=13	true
chat_allowed	tut=First;chat=47:PlayCall;a=14,b=14	true
chat_allowed	tut=First;chat=55:CounterRequest;a=14,b=14	true
chat_allowed	tut=First;chat=47:PlayCall;a=14,b=15	true
chat_allowed	tut=First;chat=55:CounterRequest;a=14,b=15	true
chat_allowed	tut=First;chat=47:PlayCall;a=15,b=0	false
chat_allowed	tut=First;chat=55:CounterRequest;a=15,b=0	false
chat_allowed	tut=First;chat=47:PlayCall;a=15,b=1	false
chat_allowed	tut=First;chat=55:CounterRequest;a=15,b=1	false
chat_allowed	tut=First;chat=47:PlayCall;a=15,b=2	true
chat_allowed	tut=First;chat=55:CounterRequest;a=15,b=2	true
chat_allowed	tut=First;chat=47:PlayCall;a=15,b=3	true
chat_allowed	tut=First;chat=55:CounterRequest;a=15,b=3	true
chat_allowed	tut=First;chat=47:PlayCall;a=15,b=4	true
chat_allowed	tut=First;chat=55:CounterRequest;a=15,b=4	true
chat_allowed	tut=First;chat=47:PlayCall;a=15,b=5	true
chat_allowed	tut=First;chat=55:CounterRequest;a=15,b=5	true
chat_allowed	tut=First;chat=47:PlayCall;a=15,b=6	true
chat_allowed	tut=First;chat=55:CounterRequest;a=15,b=6	true
chat_allowed	tut=First;chat=47:PlayCall;a=15,b=7	true
chat_allowed	tut=First;chat=55:CounterRequest;a=15,b=7	true
chat_allowed	tut=First;chat=47:PlayCall;a=15,b=8	true
chat_allowed	tut=First;chat=55:CounterRequest;a=15,b=8	true
chat_allowed	tut=First;chat=47:PlayCall;a=15,b=9	true
chat_allowed	tut=First;chat=55:CounterRequest;a=15,b=9	true
chat_allowed	tut=First;chat=47:PlayCall;a=15,b=10	true
chat_allowed	tut=First;chat=55:CounterRequest;a=15,b=10	true
chat_allowed	tut=First;chat=47:PlayCall;a=15,b=11	true
chat_allowed	tut=First;chat=55:CounterRequest;a=15,b=11	true
chat_allowed	tut=First;chat=47:PlayCall;a=15,b=12	true
chat_allowed	tut=First;chat=55:CounterRequest;a=15,b=12	true
chat_allowed	tut=First;chat=47:PlayCall;a=15,b=13	true
chat_allowed	tut=First;chat=55:CounterRequest;a=15,b=13	true
chat_allowed	tut=First;chat=47:PlayCall;a=15,b=14	true
chat_allowed	tut=First;chat=55:CounterRequest;a=15,b=14	true
chat_allowed	tut=First;chat=47:PlayCall;a=15,b=15	true
chat_allowed	tut=First;chat=55:CounterRequest;a=15,b=15	true
chat_allowed	tut=First;chat=51:EarlyPlan;a=0	true
chat_allowed	tut=First;chat=52:EarlyPlanChange;a=0	true
chat_allowed	tut=First;chat=51:EarlyPlan;a=1	false
chat_allowed	tut=First;chat=52:EarlyPlanChange;a=1	true
chat_allowed	tut=First;chat=51:EarlyPlan;a=2	false
chat_allowed	tut=First;chat=52:EarlyPlanChange;a=2	true
chat_allowed	tut=First;chat=51:EarlyPlan;a=3	true
chat_allowed	tut=First;chat=52:EarlyPlanChange;a=3	true
chat_allowed	tut=First;chat=51:EarlyPlan;a=4	false
chat_allowed	tut=First;chat=52:EarlyPlanChange;a=4	true
chat_allowed	tut=First;chat=51:EarlyPlan;a=5	true
chat_allowed	tut=First;chat=52:EarlyPlanChange;a=5	true
chat_allowed	tut=First;chat=51:EarlyPlan;a=6	true
chat_allowed	tut=First;chat=52:EarlyPlanChange;a=6	true
chat_allowed	tut=First;chat=51:EarlyPlan;a=7	true
chat_allowed	tut=First;chat=52:EarlyPlanChange;a=7	true
chat_allowed	tut=First;chat=51:EarlyPlan;a=8	true
chat_allowed	tut=First;chat=52:EarlyPlanChange;a=8	true
chat_allowed	tut=First;chat=51:EarlyPlan;a=9	true
chat_allowed	tut=First;chat=52:EarlyPlanChange;a=9	true
chat_allowed	tut=First;chat=51:EarlyPlan;a=10	true
chat_allowed	tut=First;chat=52:EarlyPlanChange;a=10	true
chat_allowed	tut=First;chat=51:EarlyPlan;a=11	true
chat_allowed	tut=First;chat=52:EarlyPlanChange;a=11	true
chat_allowed	tut=First;chat=51:EarlyPlan;a=12	true
chat_allowed	tut=First;chat=52:EarlyPlanChange;a=12	true
chat_allowed	tut=First;chat=51:EarlyPlan;a=13	true
chat_allowed	tut=First;chat=52:EarlyPlanChange;a=13	true
chat_allowed	tut=First;chat=51:EarlyPlan;a=14	true
chat_allowed	tut=First;chat=52:EarlyPlanChange;a=14	true
chat_allowed	tut=First;chat=51:EarlyPlan;a=15	true
chat_allowed	tut=First;chat=52:EarlyPlanChange;a=15	true
plan_allowed	tut=TopSolo;plan=ForcePassive	true
plan_allowed	tut=TopSolo;plan=ActiveRecall	true
plan_allowed	tut=TopSolo;plan=EpicHuntAndPoke	false
plan_allowed	tut=TopSolo;plan=EpicHuntAndBattle	false
plan_allowed	tut=TopSolo;plan=SerpenHuntAndPoke	false
plan_allowed	tut=TopSolo;plan=SerpenHuntAndBattle	false
plan_allowed	tut=TopSolo;plan=AttackNexus(default)	true
plan_allowed	tut=TopSolo;plan=DefenseNexus(default)	true
plan_allowed	tut=TopSolo;plan=PassiveLine(Mid)	false
plan_allowed	tut=TopSolo;plan=SinglePlanLine(Mid)	false
plan_allowed	tut=TopSolo;plan=LineGanker(Mid)	false
plan_allowed	tut=TopSolo;plan=LineGankCover(Mid)	false
plan_allowed	tut=TopSolo;plan=PassiveLine(Bottom)	false
plan_allowed	tut=TopSolo;plan=SinglePlanLine(Bottom)	false
plan_allowed	tut=TopSolo;plan=LineGanker(Bottom)	false
plan_allowed	tut=TopSolo;plan=LineGankCover(Bottom)	false
plan_allowed	tut=TopSolo;plan=PassiveLine(Top)	true
plan_allowed	tut=TopSolo;plan=SinglePlanLine(Top)	true
plan_allowed	tut=TopSolo;plan=LineGanker(Top)	true
plan_allowed	tut=TopSolo;plan=LineGankCover(Top)	true
plan_allowed	tut=TopSolo;plan=PassiveJungle(Rhino,0)	false
plan_allowed	tut=TopSolo;plan=PassiveJungle(Rhino,1)	false
plan_allowed	tut=TopSolo;plan=PassiveJungle(Mushroom,0)	false
plan_allowed	tut=TopSolo;plan=PassiveJungle(Mushroom,1)	false
plan_allowed	tut=TopSolo;plan=PassiveJungle(Stump,0)	false
plan_allowed	tut=TopSolo;plan=PassiveJungle(Stump,1)	false
plan_allowed	tut=TopSolo;plan=PassiveJungle(Bee,0)	false
plan_allowed	tut=TopSolo;plan=PassiveJungle(Bee,1)	false
plan_allowed	tut=TopSolo;plan=PassiveJungle(Morgard,0)	false
plan_allowed	tut=TopSolo;plan=PassiveJungle(Morgard,1)	false
plan_allowed	tut=TopSolo;plan=PassiveJungle(Serpen,0)	false
plan_allowed	tut=TopSolo;plan=PassiveJungle(Serpen,1)	false
chat_allowed	tut=TopSolo;chat=49:PlayPropose;a=0,b=0,c=0	false
chat_allowed	tut=TopSolo;chat=49:PlayPropose;a=0,b=0,c=1	false
chat_allowed	tut=TopSolo;chat=49:PlayPropose;a=0,b=0,c=2	false
chat_allowed	tut=TopSolo;chat=49:PlayPropose;a=0,b=0,c=3	false
chat_allowed	tut=TopSolo;chat=49:PlayPropose;a=0,b=0,c=4	false
chat_allowed	tut=TopSolo;chat=49:PlayPropose;a=0,b=0,c=5	false
chat_allowed	tut=TopSolo;chat=49:PlayPropose;a=0,b=0,c=6	false
chat_allowed	tut=TopSolo;chat=49:PlayPropose;a=0,b=0,c=7	false
chat_allowed	tut=TopSolo;chat=49:PlayPropose;a=0,b=1,c=0	false
chat_allowed	tut=TopSolo;chat=49:PlayPropose;a=0,b=1,c=1	false
chat_allowed	tut=TopSolo;chat=49:PlayPropose;a=0,b=1,c=2	false
chat_allowed	tut=TopSolo;chat=49:PlayPropose;a=0,b=1,c=3	false
chat_allowed	tut=TopSolo;chat=49:PlayPropose;a=0,b=1,c=4	false
chat_allowed	tut=TopSolo;chat=49:PlayPropose;a=0,b=1,c=5	false
chat_allowed	tut=TopSolo;chat=49:PlayPropose;a=0,b=1,c=6	false
chat_allowed	tut=TopSolo;chat=49:PlayPropose;a=0,b=1,c=7	false
chat_allowed	tut=TopSolo;chat=49:PlayPropose;a=0,b=2,c=0	false
chat_allowed	tut=TopSolo;chat=49:PlayPropose;a=0,b=2,c=1	false
chat_allowed	tut=TopSolo;chat=49:PlayPropose;a=0,b=2,c=2	false
chat_allowed	tut=TopSolo;chat=49:PlayPropose;a=0,b=2,c=3	false
chat_allowed	tut=TopSolo;chat=49:PlayPropose;a=0,b=2,c=4	false
chat_allowed	tut=TopSolo;chat=49:PlayPropose;a=0,b=2,c=5	false
chat_allowed	tut=TopSolo;chat=49:PlayPropose;a=0,b=2,c=6	false
chat_allowed	tut=TopSolo;chat=49:PlayPropose;a=0,b=2,c=7	false
chat_allowed	tut=TopSolo;chat=49:PlayPropose;a=0,b=3,c=0	false
chat_allowed	tut=TopSolo;chat=49:PlayPropose;a=0,b=3,c=1	false
chat_allowed	tut=TopSolo;chat=49:PlayPropose;a=0,b=3,c=2	false
chat_allowed	tut=TopSolo;chat=49:PlayPropose;a=0,b=3,c=3	false
chat_allowed	tut=TopSolo;chat=49:PlayPropose;a=0,b=3,c=4	false
chat_allowed	tut=TopSolo;chat=49:PlayPropose;a=0,b=3,c=5	false
chat_allowed	tut=TopSolo;chat=49:PlayPropose;a=0,b=3,c=6	false
chat_allowed	tut=TopSolo;chat=49:PlayPropose;a=0,b=3,c=7	false
chat_allowed	tut=TopSolo;chat=49:PlayPropose;a=0,b=4,c=0	false
chat_allowed	tut=TopSolo;chat=49:PlayPropose;a=0,b=4,c=1	false
chat_allowed	tut=TopSolo;chat=49:PlayPropose;a=0,b=4,c=2	false
chat_allowed	tut=TopSolo;chat=49:PlayPropose;a=0,b=4,c=3	false
chat_allowed	tut=TopSolo;chat=49:PlayPropose;a=0,b=4,c=4	false
chat_allowed	tut=TopSolo;chat=49:PlayPropose;a=0,b=4,c=5	false
chat_allowed	tut=TopSolo;chat=49:PlayPropose;a=0,b=4,c=6	false
chat_allowed	tut=TopSolo;chat=49:PlayPropose;a=0,b=4,c=7	false
chat_allowed	tut=TopSolo;chat=49:PlayPropose;a=0,b=5,c=0	false
chat_allowed	tut=TopSolo;chat=49:PlayPropose;a=0,b=5,c=1	false
chat_allowed	tut=TopSolo;chat=49:PlayPropose;a=0,b=5,c=2	false
chat_allowed	tut=TopSolo;chat=49:PlayPropose;a=0,b=5,c=3	false
chat_allowed	tut=TopSolo;chat=49:PlayPropose;a=0,b=5,c=4	false
chat_allowed	tut=TopSolo;chat=49:PlayPropose;a=0,b=5,c=5	false
chat_allowed	tut=TopSolo;chat=49:PlayPropose;a=0,b=5,c=6	false
chat_allowed	tut=TopSolo;chat=49:PlayPropose;a=0,b=5,c=7	false
chat_allowed	tut=TopSolo;chat=49:PlayPropose;a=0,b=6,c=0	false
chat_allowed	tut=TopSolo;chat=49:PlayPropose;a=0,b=6,c=1	false
chat_allowed	tut=TopSolo;chat=49:PlayPropose;a=0,b=6,c=2	false
chat_allowed	tut=TopSolo;chat=49:PlayPropose;a=0,b=6,c=3	false
chat_allowed	tut=TopSolo;chat=49:PlayPropose;a=0,b=6,c=4	false
chat_allowed	tut=TopSolo;chat=49:PlayPropose;a=0,b=6,c=5	false
chat_allowed	tut=TopSolo;chat=49:PlayPropose;a=0,b=6,c=6	false
chat_allowed	tut=TopSolo;chat=49:PlayPropose;a=0,b=6,c=7	false
chat_allowed	tut=TopSolo;chat=49:PlayPropose;a=0,b=7,c=0	false
chat_allowed	tut=TopSolo;chat=49:PlayPropose;a=0,b=7,c=1	false
chat_allowed	tut=TopSolo;chat=49:PlayPropose;a=0,b=7,c=2	false
chat_allowed	tut=TopSolo;chat=49:PlayPropose;a=0,b=7,c=3	false
chat_allowed	tut=TopSolo;chat=49:PlayPropose;a=0,b=7,c=4	false
chat_allowed	tut=TopSolo;chat=49:PlayPropose;a=0,b=7,c=5	false
chat_allowed	tut=TopSolo;chat=49:PlayPropose;a=0,b=7,c=6	false
chat_allowed	tut=TopSolo;chat=49:PlayPropose;a=0,b=7,c=7	false
chat_allowed	tut=TopSolo;chat=49:PlayPropose;a=1,b=0,c=0	false
chat_allowed	tut=TopSolo;chat=49:PlayPropose;a=1,b=0,c=1	false
chat_allowed	tut=TopSolo;chat=49:PlayPropose;a=1,b=0,c=2	false
chat_allowed	tut=TopSolo;chat=49:PlayPropose;a=1,b=0,c=3	false
chat_allowed	tut=TopSolo;chat=49:PlayPropose;a=1,b=0,c=4	false
chat_allowed	tut=TopSolo;chat=49:PlayPropose;a=1,b=0,c=5	false
chat_allowed	tut=TopSolo;chat=49:PlayPropose;a=1,b=0,c=6	false
chat_allowed	tut=TopSolo;chat=49:PlayPropose;a=1,b=0,c=7	false
chat_allowed	tut=TopSolo;chat=49:PlayPropose;a=1,b=1,c=0	false
chat_allowed	tut=TopSolo;chat=49:PlayPropose;a=1,b=1,c=1	false
chat_allowed	tut=TopSolo;chat=49:PlayPropose;a=1,b=1,c=2	false
chat_allowed	tut=TopSolo;chat=49:PlayPropose;a=1,b=1,c=3	false
chat_allowed	tut=TopSolo;chat=49:PlayPropose;a=1,b=1,c=4	false
chat_allowed	tut=TopSolo;chat=49:PlayPropose;a=1,b=1,c=5	false
chat_allowed	tut=TopSolo;chat=49:PlayPropose;a=1,b=1,c=6	false
chat_allowed	tut=TopSolo;chat=49:PlayPropose;a=1,b=1,c=7	false
chat_allowed	tut=TopSolo;chat=49:PlayPropose;a=1,b=2,c=0	false
chat_allowed	tut=TopSolo;chat=49:PlayPropose;a=1,b=2,c=1	false
chat_allowed	tut=TopSolo;chat=49:PlayPropose;a=1,b=2,c=2	false
chat_allowed	tut=TopSolo;chat=49:PlayPropose;a=1,b=2,c=3	false
chat_allowed	tut=TopSolo;chat=49:PlayPropose;a=1,b=2,c=4	false
chat_allowed	tut=TopSolo;chat=49:PlayPropose;a=1,b=2,c=5	false
chat_allowed	tut=TopSolo;chat=49:PlayPropose;a=1,b=2,c=6	false
chat_allowed	tut=TopSolo;chat=49:PlayPropose;a=1,b=2,c=7	false
chat_allowed	tut=TopSolo;chat=49:PlayPropose;a=1,b=3,c=0	false
chat_allowed	tut=TopSolo;chat=49:PlayPropose;a=1,b=3,c=1	false
chat_allowed	tut=TopSolo;chat=49:PlayPropose;a=1,b=3,c=2	false
chat_allowed	tut=TopSolo;chat=49:PlayPropose;a=1,b=3,c=3	false
chat_allowed	tut=TopSolo;chat=49:PlayPropose;a=1,b=3,c=4	false
chat_allowed	tut=TopSolo;chat=49:PlayPropose;a=1,b=3,c=5	false
chat_allowed	tut=TopSolo;chat=49:PlayPropose;a=1,b=3,c=6	false
chat_allowed	tut=TopSolo;chat=49:PlayPropose;a=1,b=3,c=7	false
chat_allowed	tut=TopSolo;chat=49:PlayPropose;a=1,b=4,c=0	false
chat_allowed	tut=TopSolo;chat=49:PlayPropose;a=1,b=4,c=1	false
chat_allowed	tut=TopSolo;chat=49:PlayPropose;a=1,b=4,c=2	false
chat_allowed	tut=TopSolo;chat=49:PlayPropose;a=1,b=4,c=3	false
chat_allowed	tut=TopSolo;chat=49:PlayPropose;a=1,b=4,c=4	false
chat_allowed	tut=TopSolo;chat=49:PlayPropose;a=1,b=4,c=5	false
chat_allowed	tut=TopSolo;chat=49:PlayPropose;a=1,b=4,c=6	false
chat_allowed	tut=TopSolo;chat=49:PlayPropose;a=1,b=4,c=7	false
chat_allowed	tut=TopSolo;chat=49:PlayPropose;a=1,b=5,c=0	false
chat_allowed	tut=TopSolo;chat=49:PlayPropose;a=1,b=5,c=1	false
chat_allowed	tut=TopSolo;chat=49:PlayPropose;a=1,b=5,c=2	false
chat_allowed	tut=TopSolo;chat=49:PlayPropose;a=1,b=5,c=3	false
chat_allowed	tut=TopSolo;chat=49:PlayPropose;a=1,b=5,c=4	false
chat_allowed	tut=TopSolo;chat=49:PlayPropose;a=1,b=5,c=5	false
chat_allowed	tut=TopSolo;chat=49:PlayPropose;a=1,b=5,c=6	false
chat_allowed	tut=TopSolo;chat=49:PlayPropose;a=1,b=5,c=7	false
chat_allowed	tut=TopSolo;chat=49:PlayPropose;a=1,b=6,c=0	false
chat_allowed	tut=TopSolo;chat=49:PlayPropose;a=1,b=6,c=1	false
chat_allowed	tut=TopSolo;chat=49:PlayPropose;a=1,b=6,c=2	false
chat_allowed	tut=TopSolo;chat=49:PlayPropose;a=1,b=6,c=3	false
chat_allowed	tut=TopSolo;chat=49:PlayPropose;a=1,b=6,c=4	false
chat_allowed	tut=TopSolo;chat=49:PlayPropose;a=1,b=6,c=5	false
chat_allowed	tut=TopSolo;chat=49:PlayPropose;a=1,b=6,c=6	false
chat_allowed	tut=TopSolo;chat=49:PlayPropose;a=1,b=6,c=7	false
chat_allowed	tut=TopSolo;chat=49:PlayPropose;a=1,b=7,c=0	false
chat_allowed	tut=TopSolo;chat=49:PlayPropose;a=1,b=7,c=1	false
chat_allowed	tut=TopSolo;chat=49:PlayPropose;a=1,b=7,c=2	false
chat_allowed	tut=TopSolo;chat=49:PlayPropose;a=1,b=7,c=3	false
chat_allowed	tut=TopSolo;chat=49:PlayPropose;a=1,b=7,c=4	false
chat_allowed	tut=TopSolo;chat=49:PlayPropose;a=1,b=7,c=5	false
chat_allowed	tut=TopSolo;chat=49:PlayPropose;a=1,b=7,c=6	false
chat_allowed	tut=TopSolo;chat=49:PlayPropose;a=1,b=7,c=7	false
chat_allowed	tut=TopSolo;chat=49:PlayPropose;a=2,b=0,c=0	true
chat_allowed	tut=TopSolo;chat=49:PlayPropose;a=2,b=0,c=1	true
chat_allowed	tut=TopSolo;chat=49:PlayPropose;a=2,b=0,c=2	true
chat_allowed	tut=TopSolo;chat=49:PlayPropose;a=2,b=0,c=3	true
chat_allowed	tut=TopSolo;chat=49:PlayPropose;a=2,b=0,c=4	true
chat_allowed	tut=TopSolo;chat=49:PlayPropose;a=2,b=0,c=5	true
chat_allowed	tut=TopSolo;chat=49:PlayPropose;a=2,b=0,c=6	true
chat_allowed	tut=TopSolo;chat=49:PlayPropose;a=2,b=0,c=7	true
chat_allowed	tut=TopSolo;chat=49:PlayPropose;a=2,b=1,c=0	false
chat_allowed	tut=TopSolo;chat=49:PlayPropose;a=2,b=1,c=1	false
chat_allowed	tut=TopSolo;chat=49:PlayPropose;a=2,b=1,c=2	false
chat_allowed	tut=TopSolo;chat=49:PlayPropose;a=2,b=1,c=3	false
chat_allowed	tut=TopSolo;chat=49:PlayPropose;a=2,b=1,c=4	false
chat_allowed	tut=TopSolo;chat=49:PlayPropose;a=2,b=1,c=5	false
chat_allowed	tut=TopSolo;chat=49:PlayPropose;a=2,b=1,c=6	false
chat_allowed	tut=TopSolo;chat=49:PlayPropose;a=2,b=1,c=7	false
chat_allowed	tut=TopSolo;chat=49:PlayPropose;a=2,b=2,c=0	false
chat_allowed	tut=TopSolo;chat=49:PlayPropose;a=2,b=2,c=1	false
chat_allowed	tut=TopSolo;chat=49:PlayPropose;a=2,b=2,c=2	false
chat_allowed	tut=TopSolo;chat=49:PlayPropose;a=2,b=2,c=3	false
chat_allowed	tut=TopSolo;chat=49:PlayPropose;a=2,b=2,c=4	false
chat_allowed	tut=TopSolo;chat=49:PlayPropose;a=2,b=2,c=5	false
chat_allowed	tut=TopSolo;chat=49:PlayPropose;a=2,b=2,c=6	false
chat_allowed	tut=TopSolo;chat=49:PlayPropose;a=2,b=2,c=7	false
chat_allowed	tut=TopSolo;chat=49:PlayPropose;a=2,b=3,c=0	true
chat_allowed	tut=TopSolo;chat=49:PlayPropose;a=2,b=3,c=1	true
chat_allowed	tut=TopSolo;chat=49:PlayPropose;a=2,b=3,c=2	true
chat_allowed	tut=TopSolo;chat=49:PlayPropose;a=2,b=3,c=3	true
chat_allowed	tut=TopSolo;chat=49:PlayPropose;a=2,b=3,c=4	true
chat_allowed	tut=TopSolo;chat=49:PlayPropose;a=2,b=3,c=5	true
chat_allowed	tut=TopSolo;chat=49:PlayPropose;a=2,b=3,c=6	true
chat_allowed	tut=TopSolo;chat=49:PlayPropose;a=2,b=3,c=7	true
chat_allowed	tut=TopSolo;chat=49:PlayPropose;a=2,b=4,c=0	true
chat_allowed	tut=TopSolo;chat=49:PlayPropose;a=2,b=4,c=1	true
chat_allowed	tut=TopSolo;chat=49:PlayPropose;a=2,b=4,c=2	true
chat_allowed	tut=TopSolo;chat=49:PlayPropose;a=2,b=4,c=3	true
chat_allowed	tut=TopSolo;chat=49:PlayPropose;a=2,b=4,c=4	true
chat_allowed	tut=TopSolo;chat=49:PlayPropose;a=2,b=4,c=5	true
chat_allowed	tut=TopSolo;chat=49:PlayPropose;a=2,b=4,c=6	true
chat_allowed	tut=TopSolo;chat=49:PlayPropose;a=2,b=4,c=7	true
chat_allowed	tut=TopSolo;chat=49:PlayPropose;a=2,b=5,c=0	true
chat_allowed	tut=TopSolo;chat=49:PlayPropose;a=2,b=5,c=1	true
chat_allowed	tut=TopSolo;chat=49:PlayPropose;a=2,b=5,c=2	true
chat_allowed	tut=TopSolo;chat=49:PlayPropose;a=2,b=5,c=3	true
chat_allowed	tut=TopSolo;chat=49:PlayPropose;a=2,b=5,c=4	true
chat_allowed	tut=TopSolo;chat=49:PlayPropose;a=2,b=5,c=5	true
chat_allowed	tut=TopSolo;chat=49:PlayPropose;a=2,b=5,c=6	true
chat_allowed	tut=TopSolo;chat=49:PlayPropose;a=2,b=5,c=7	true
chat_allowed	tut=TopSolo;chat=49:PlayPropose;a=2,b=6,c=0	true
chat_allowed	tut=TopSolo;chat=49:PlayPropose;a=2,b=6,c=1	true
chat_allowed	tut=TopSolo;chat=49:PlayPropose;a=2,b=6,c=2	true
chat_allowed	tut=TopSolo;chat=49:PlayPropose;a=2,b=6,c=3	true
chat_allowed	tut=TopSolo;chat=49:PlayPropose;a=2,b=6,c=4	true
chat_allowed	tut=TopSolo;chat=49:PlayPropose;a=2,b=6,c=5	true
chat_allowed	tut=TopSolo;chat=49:PlayPropose;a=2,b=6,c=6	true
chat_allowed	tut=TopSolo;chat=49:PlayPropose;a=2,b=6,c=7	true
chat_allowed	tut=TopSolo;chat=49:PlayPropose;a=2,b=7,c=0	true
chat_allowed	tut=TopSolo;chat=49:PlayPropose;a=2,b=7,c=1	true
chat_allowed	tut=TopSolo;chat=49:PlayPropose;a=2,b=7,c=2	true
chat_allowed	tut=TopSolo;chat=49:PlayPropose;a=2,b=7,c=3	true
chat_allowed	tut=TopSolo;chat=49:PlayPropose;a=2,b=7,c=4	true
chat_allowed	tut=TopSolo;chat=49:PlayPropose;a=2,b=7,c=5	true
chat_allowed	tut=TopSolo;chat=49:PlayPropose;a=2,b=7,c=6	true
chat_allowed	tut=TopSolo;chat=49:PlayPropose;a=2,b=7,c=7	true
chat_allowed	tut=TopSolo;chat=49:PlayPropose;a=3,b=0,c=0	false
chat_allowed	tut=TopSolo;chat=49:PlayPropose;a=3,b=0,c=1	false
chat_allowed	tut=TopSolo;chat=49:PlayPropose;a=3,b=0,c=2	false
chat_allowed	tut=TopSolo;chat=49:PlayPropose;a=3,b=0,c=3	false
chat_allowed	tut=TopSolo;chat=49:PlayPropose;a=3,b=0,c=4	false
chat_allowed	tut=TopSolo;chat=49:PlayPropose;a=3,b=0,c=5	false
chat_allowed	tut=TopSolo;chat=49:PlayPropose;a=3,b=0,c=6	false
chat_allowed	tut=TopSolo;chat=49:PlayPropose;a=3,b=0,c=7	false
chat_allowed	tut=TopSolo;chat=49:PlayPropose;a=3,b=1,c=0	false
chat_allowed	tut=TopSolo;chat=49:PlayPropose;a=3,b=1,c=1	false
chat_allowed	tut=TopSolo;chat=49:PlayPropose;a=3,b=1,c=2	false
chat_allowed	tut=TopSolo;chat=49:PlayPropose;a=3,b=1,c=3	false
chat_allowed	tut=TopSolo;chat=49:PlayPropose;a=3,b=1,c=4	false
chat_allowed	tut=TopSolo;chat=49:PlayPropose;a=3,b=1,c=5	false
chat_allowed	tut=TopSolo;chat=49:PlayPropose;a=3,b=1,c=6	false
chat_allowed	tut=TopSolo;chat=49:PlayPropose;a=3,b=1,c=7	false
chat_allowed	tut=TopSolo;chat=49:PlayPropose;a=3,b=2,c=0	false
chat_allowed	tut=TopSolo;chat=49:PlayPropose;a=3,b=2,c=1	false
chat_allowed	tut=TopSolo;chat=49:PlayPropose;a=3,b=2,c=2	false
chat_allowed	tut=TopSolo;chat=49:PlayPropose;a=3,b=2,c=3	false
chat_allowed	tut=TopSolo;chat=49:PlayPropose;a=3,b=2,c=4	false
chat_allowed	tut=TopSolo;chat=49:PlayPropose;a=3,b=2,c=5	false
chat_allowed	tut=TopSolo;chat=49:PlayPropose;a=3,b=2,c=6	false
chat_allowed	tut=TopSolo;chat=49:PlayPropose;a=3,b=2,c=7	false
chat_allowed	tut=TopSolo;chat=49:PlayPropose;a=3,b=3,c=0	false
chat_allowed	tut=TopSolo;chat=49:PlayPropose;a=3,b=3,c=1	false
chat_allowed	tut=TopSolo;chat=49:PlayPropose;a=3,b=3,c=2	false
chat_allowed	tut=TopSolo;chat=49:PlayPropose;a=3,b=3,c=3	false
chat_allowed	tut=TopSolo;chat=49:PlayPropose;a=3,b=3,c=4	false
chat_allowed	tut=TopSolo;chat=49:PlayPropose;a=3,b=3,c=5	false
chat_allowed	tut=TopSolo;chat=49:PlayPropose;a=3,b=3,c=6	false
chat_allowed	tut=TopSolo;chat=49:PlayPropose;a=3,b=3,c=7	false
chat_allowed	tut=TopSolo;chat=49:PlayPropose;a=3,b=4,c=0	false
chat_allowed	tut=TopSolo;chat=49:PlayPropose;a=3,b=4,c=1	false
chat_allowed	tut=TopSolo;chat=49:PlayPropose;a=3,b=4,c=2	false
chat_allowed	tut=TopSolo;chat=49:PlayPropose;a=3,b=4,c=3	false
chat_allowed	tut=TopSolo;chat=49:PlayPropose;a=3,b=4,c=4	false
chat_allowed	tut=TopSolo;chat=49:PlayPropose;a=3,b=4,c=5	false
chat_allowed	tut=TopSolo;chat=49:PlayPropose;a=3,b=4,c=6	false
chat_allowed	tut=TopSolo;chat=49:PlayPropose;a=3,b=4,c=7	false
chat_allowed	tut=TopSolo;chat=49:PlayPropose;a=3,b=5,c=0	false
chat_allowed	tut=TopSolo;chat=49:PlayPropose;a=3,b=5,c=1	false
chat_allowed	tut=TopSolo;chat=49:PlayPropose;a=3,b=5,c=2	false
chat_allowed	tut=TopSolo;chat=49:PlayPropose;a=3,b=5,c=3	false
chat_allowed	tut=TopSolo;chat=49:PlayPropose;a=3,b=5,c=4	false
chat_allowed	tut=TopSolo;chat=49:PlayPropose;a=3,b=5,c=5	false
chat_allowed	tut=TopSolo;chat=49:PlayPropose;a=3,b=5,c=6	false
chat_allowed	tut=TopSolo;chat=49:PlayPropose;a=3,b=5,c=7	false
chat_allowed	tut=TopSolo;chat=49:PlayPropose;a=3,b=6,c=0	false
chat_allowed	tut=TopSolo;chat=49:PlayPropose;a=3,b=6,c=1	false
chat_allowed	tut=TopSolo;chat=49:PlayPropose;a=3,b=6,c=2	false
chat_allowed	tut=TopSolo;chat=49:PlayPropose;a=3,b=6,c=3	false
chat_allowed	tut=TopSolo;chat=49:PlayPropose;a=3,b=6,c=4	false
chat_allowed	tut=TopSolo;chat=49:PlayPropose;a=3,b=6,c=5	false
chat_allowed	tut=TopSolo;chat=49:PlayPropose;a=3,b=6,c=6	false
chat_allowed	tut=TopSolo;chat=49:PlayPropose;a=3,b=6,c=7	false
chat_allowed	tut=TopSolo;chat=49:PlayPropose;a=3,b=7,c=0	false
chat_allowed	tut=TopSolo;chat=49:PlayPropose;a=3,b=7,c=1	false
chat_allowed	tut=TopSolo;chat=49:PlayPropose;a=3,b=7,c=2	false
chat_allowed	tut=TopSolo;chat=49:PlayPropose;a=3,b=7,c=3	false
chat_allowed	tut=TopSolo;chat=49:PlayPropose;a=3,b=7,c=4	false
chat_allowed	tut=TopSolo;chat=49:PlayPropose;a=3,b=7,c=5	false
chat_allowed	tut=TopSolo;chat=49:PlayPropose;a=3,b=7,c=6	false
chat_allowed	tut=TopSolo;chat=49:PlayPropose;a=3,b=7,c=7	false
chat_allowed	tut=TopSolo;chat=49:PlayPropose;a=4,b=0,c=0	false
chat_allowed	tut=TopSolo;chat=49:PlayPropose;a=4,b=0,c=1	false
chat_allowed	tut=TopSolo;chat=49:PlayPropose;a=4,b=0,c=2	false
chat_allowed	tut=TopSolo;chat=49:PlayPropose;a=4,b=0,c=3	false
chat_allowed	tut=TopSolo;chat=49:PlayPropose;a=4,b=0,c=4	false
chat_allowed	tut=TopSolo;chat=49:PlayPropose;a=4,b=0,c=5	false
chat_allowed	tut=TopSolo;chat=49:PlayPropose;a=4,b=0,c=6	false
chat_allowed	tut=TopSolo;chat=49:PlayPropose;a=4,b=0,c=7	false
chat_allowed	tut=TopSolo;chat=49:PlayPropose;a=4,b=1,c=0	false
chat_allowed	tut=TopSolo;chat=49:PlayPropose;a=4,b=1,c=1	false
chat_allowed	tut=TopSolo;chat=49:PlayPropose;a=4,b=1,c=2	false
chat_allowed	tut=TopSolo;chat=49:PlayPropose;a=4,b=1,c=3	false
chat_allowed	tut=TopSolo;chat=49:PlayPropose;a=4,b=1,c=4	false
chat_allowed	tut=TopSolo;chat=49:PlayPropose;a=4,b=1,c=5	false
chat_allowed	tut=TopSolo;chat=49:PlayPropose;a=4,b=1,c=6	false
chat_allowed	tut=TopSolo;chat=49:PlayPropose;a=4,b=1,c=7	false
chat_allowed	tut=TopSolo;chat=49:PlayPropose;a=4,b=2,c=0	false
chat_allowed	tut=TopSolo;chat=49:PlayPropose;a=4,b=2,c=1	false
chat_allowed	tut=TopSolo;chat=49:PlayPropose;a=4,b=2,c=2	false
chat_allowed	tut=TopSolo;chat=49:PlayPropose;a=4,b=2,c=3	false
chat_allowed	tut=TopSolo;chat=49:PlayPropose;a=4,b=2,c=4	false
chat_allowed	tut=TopSolo;chat=49:PlayPropose;a=4,b=2,c=5	false
chat_allowed	tut=TopSolo;chat=49:PlayPropose;a=4,b=2,c=6	false
chat_allowed	tut=TopSolo;chat=49:PlayPropose;a=4,b=2,c=7	false
chat_allowed	tut=TopSolo;chat=49:PlayPropose;a=4,b=3,c=0	false
chat_allowed	tut=TopSolo;chat=49:PlayPropose;a=4,b=3,c=1	false
chat_allowed	tut=TopSolo;chat=49:PlayPropose;a=4,b=3,c=2	false
chat_allowed	tut=TopSolo;chat=49:PlayPropose;a=4,b=3,c=3	false
chat_allowed	tut=TopSolo;chat=49:PlayPropose;a=4,b=3,c=4	false
chat_allowed	tut=TopSolo;chat=49:PlayPropose;a=4,b=3,c=5	false
chat_allowed	tut=TopSolo;chat=49:PlayPropose;a=4,b=3,c=6	false
chat_allowed	tut=TopSolo;chat=49:PlayPropose;a=4,b=3,c=7	false
chat_allowed	tut=TopSolo;chat=49:PlayPropose;a=4,b=4,c=0	false
chat_allowed	tut=TopSolo;chat=49:PlayPropose;a=4,b=4,c=1	false
chat_allowed	tut=TopSolo;chat=49:PlayPropose;a=4,b=4,c=2	false
chat_allowed	tut=TopSolo;chat=49:PlayPropose;a=4,b=4,c=3	false
chat_allowed	tut=TopSolo;chat=49:PlayPropose;a=4,b=4,c=4	false
chat_allowed	tut=TopSolo;chat=49:PlayPropose;a=4,b=4,c=5	false
chat_allowed	tut=TopSolo;chat=49:PlayPropose;a=4,b=4,c=6	false
chat_allowed	tut=TopSolo;chat=49:PlayPropose;a=4,b=4,c=7	false
chat_allowed	tut=TopSolo;chat=49:PlayPropose;a=4,b=5,c=0	false
chat_allowed	tut=TopSolo;chat=49:PlayPropose;a=4,b=5,c=1	false
chat_allowed	tut=TopSolo;chat=49:PlayPropose;a=4,b=5,c=2	false
chat_allowed	tut=TopSolo;chat=49:PlayPropose;a=4,b=5,c=3	false
chat_allowed	tut=TopSolo;chat=49:PlayPropose;a=4,b=5,c=4	false
chat_allowed	tut=TopSolo;chat=49:PlayPropose;a=4,b=5,c=5	false
chat_allowed	tut=TopSolo;chat=49:PlayPropose;a=4,b=5,c=6	false
chat_allowed	tut=TopSolo;chat=49:PlayPropose;a=4,b=5,c=7	false
chat_allowed	tut=TopSolo;chat=49:PlayPropose;a=4,b=6,c=0	false
chat_allowed	tut=TopSolo;chat=49:PlayPropose;a=4,b=6,c=1	false
chat_allowed	tut=TopSolo;chat=49:PlayPropose;a=4,b=6,c=2	false
chat_allowed	tut=TopSolo;chat=49:PlayPropose;a=4,b=6,c=3	false
chat_allowed	tut=TopSolo;chat=49:PlayPropose;a=4,b=6,c=4	false
chat_allowed	tut=TopSolo;chat=49:PlayPropose;a=4,b=6,c=5	false
chat_allowed	tut=TopSolo;chat=49:PlayPropose;a=4,b=6,c=6	false
chat_allowed	tut=TopSolo;chat=49:PlayPropose;a=4,b=6,c=7	false
chat_allowed	tut=TopSolo;chat=49:PlayPropose;a=4,b=7,c=0	false
chat_allowed	tut=TopSolo;chat=49:PlayPropose;a=4,b=7,c=1	false
chat_allowed	tut=TopSolo;chat=49:PlayPropose;a=4,b=7,c=2	false
chat_allowed	tut=TopSolo;chat=49:PlayPropose;a=4,b=7,c=3	false
chat_allowed	tut=TopSolo;chat=49:PlayPropose;a=4,b=7,c=4	false
chat_allowed	tut=TopSolo;chat=49:PlayPropose;a=4,b=7,c=5	false
chat_allowed	tut=TopSolo;chat=49:PlayPropose;a=4,b=7,c=6	false
chat_allowed	tut=TopSolo;chat=49:PlayPropose;a=4,b=7,c=7	false
chat_allowed	tut=TopSolo;chat=49:PlayPropose;a=5,b=0,c=0	true
chat_allowed	tut=TopSolo;chat=49:PlayPropose;a=5,b=0,c=1	true
chat_allowed	tut=TopSolo;chat=49:PlayPropose;a=5,b=0,c=2	true
chat_allowed	tut=TopSolo;chat=49:PlayPropose;a=5,b=0,c=3	true
chat_allowed	tut=TopSolo;chat=49:PlayPropose;a=5,b=0,c=4	true
chat_allowed	tut=TopSolo;chat=49:PlayPropose;a=5,b=0,c=5	true
chat_allowed	tut=TopSolo;chat=49:PlayPropose;a=5,b=0,c=6	true
chat_allowed	tut=TopSolo;chat=49:PlayPropose;a=5,b=0,c=7	true
chat_allowed	tut=TopSolo;chat=49:PlayPropose;a=5,b=1,c=0	false
chat_allowed	tut=TopSolo;chat=49:PlayPropose;a=5,b=1,c=1	false
chat_allowed	tut=TopSolo;chat=49:PlayPropose;a=5,b=1,c=2	false
chat_allowed	tut=TopSolo;chat=49:PlayPropose;a=5,b=1,c=3	false
chat_allowed	tut=TopSolo;chat=49:PlayPropose;a=5,b=1,c=4	false
chat_allowed	tut=TopSolo;chat=49:PlayPropose;a=5,b=1,c=5	false
chat_allowed	tut=TopSolo;chat=49:PlayPropose;a=5,b=1,c=6	false
chat_allowed	tut=TopSolo;chat=49:PlayPropose;a=5,b=1,c=7	false
chat_allowed	tut=TopSolo;chat=49:PlayPropose;a=5,b=2,c=0	false
chat_allowed	tut=TopSolo;chat=49:PlayPropose;a=5,b=2,c=1	false
chat_allowed	tut=TopSolo;chat=49:PlayPropose;a=5,b=2,c=2	false
chat_allowed	tut=TopSolo;chat=49:PlayPropose;a=5,b=2,c=3	false
chat_allowed	tut=TopSolo;chat=49:PlayPropose;a=5,b=2,c=4	false
chat_allowed	tut=TopSolo;chat=49:PlayPropose;a=5,b=2,c=5	false
chat_allowed	tut=TopSolo;chat=49:PlayPropose;a=5,b=2,c=6	false
chat_allowed	tut=TopSolo;chat=49:PlayPropose;a=5,b=2,c=7	false
chat_allowed	tut=TopSolo;chat=49:PlayPropose;a=5,b=3,c=0	true
chat_allowed	tut=TopSolo;chat=49:PlayPropose;a=5,b=3,c=1	true
chat_allowed	tut=TopSolo;chat=49:PlayPropose;a=5,b=3,c=2	true
chat_allowed	tut=TopSolo;chat=49:PlayPropose;a=5,b=3,c=3	true
chat_allowed	tut=TopSolo;chat=49:PlayPropose;a=5,b=3,c=4	true
chat_allowed	tut=TopSolo;chat=49:PlayPropose;a=5,b=3,c=5	true
chat_allowed	tut=TopSolo;chat=49:PlayPropose;a=5,b=3,c=6	true
chat_allowed	tut=TopSolo;chat=49:PlayPropose;a=5,b=3,c=7	true
chat_allowed	tut=TopSolo;chat=49:PlayPropose;a=5,b=4,c=0	true
chat_allowed	tut=TopSolo;chat=49:PlayPropose;a=5,b=4,c=1	true
chat_allowed	tut=TopSolo;chat=49:PlayPropose;a=5,b=4,c=2	true
chat_allowed	tut=TopSolo;chat=49:PlayPropose;a=5,b=4,c=3	true
chat_allowed	tut=TopSolo;chat=49:PlayPropose;a=5,b=4,c=4	true
chat_allowed	tut=TopSolo;chat=49:PlayPropose;a=5,b=4,c=5	true
chat_allowed	tut=TopSolo;chat=49:PlayPropose;a=5,b=4,c=6	true
chat_allowed	tut=TopSolo;chat=49:PlayPropose;a=5,b=4,c=7	true
chat_allowed	tut=TopSolo;chat=49:PlayPropose;a=5,b=5,c=0	true
chat_allowed	tut=TopSolo;chat=49:PlayPropose;a=5,b=5,c=1	true
chat_allowed	tut=TopSolo;chat=49:PlayPropose;a=5,b=5,c=2	true
chat_allowed	tut=TopSolo;chat=49:PlayPropose;a=5,b=5,c=3	true
chat_allowed	tut=TopSolo;chat=49:PlayPropose;a=5,b=5,c=4	true
chat_allowed	tut=TopSolo;chat=49:PlayPropose;a=5,b=5,c=5	true
chat_allowed	tut=TopSolo;chat=49:PlayPropose;a=5,b=5,c=6	true
chat_allowed	tut=TopSolo;chat=49:PlayPropose;a=5,b=5,c=7	true
chat_allowed	tut=TopSolo;chat=49:PlayPropose;a=5,b=6,c=0	true
chat_allowed	tut=TopSolo;chat=49:PlayPropose;a=5,b=6,c=1	true
chat_allowed	tut=TopSolo;chat=49:PlayPropose;a=5,b=6,c=2	true
chat_allowed	tut=TopSolo;chat=49:PlayPropose;a=5,b=6,c=3	true
chat_allowed	tut=TopSolo;chat=49:PlayPropose;a=5,b=6,c=4	true
chat_allowed	tut=TopSolo;chat=49:PlayPropose;a=5,b=6,c=5	true
chat_allowed	tut=TopSolo;chat=49:PlayPropose;a=5,b=6,c=6	true
chat_allowed	tut=TopSolo;chat=49:PlayPropose;a=5,b=6,c=7	true
chat_allowed	tut=TopSolo;chat=49:PlayPropose;a=5,b=7,c=0	true
chat_allowed	tut=TopSolo;chat=49:PlayPropose;a=5,b=7,c=1	true
chat_allowed	tut=TopSolo;chat=49:PlayPropose;a=5,b=7,c=2	true
chat_allowed	tut=TopSolo;chat=49:PlayPropose;a=5,b=7,c=3	true
chat_allowed	tut=TopSolo;chat=49:PlayPropose;a=5,b=7,c=4	true
chat_allowed	tut=TopSolo;chat=49:PlayPropose;a=5,b=7,c=5	true
chat_allowed	tut=TopSolo;chat=49:PlayPropose;a=5,b=7,c=6	true
chat_allowed	tut=TopSolo;chat=49:PlayPropose;a=5,b=7,c=7	true
chat_allowed	tut=TopSolo;chat=49:PlayPropose;a=6,b=0,c=0	true
chat_allowed	tut=TopSolo;chat=49:PlayPropose;a=6,b=0,c=1	true
chat_allowed	tut=TopSolo;chat=49:PlayPropose;a=6,b=0,c=2	true
chat_allowed	tut=TopSolo;chat=49:PlayPropose;a=6,b=0,c=3	true
chat_allowed	tut=TopSolo;chat=49:PlayPropose;a=6,b=0,c=4	true
chat_allowed	tut=TopSolo;chat=49:PlayPropose;a=6,b=0,c=5	true
chat_allowed	tut=TopSolo;chat=49:PlayPropose;a=6,b=0,c=6	true
chat_allowed	tut=TopSolo;chat=49:PlayPropose;a=6,b=0,c=7	true
chat_allowed	tut=TopSolo;chat=49:PlayPropose;a=6,b=1,c=0	false
chat_allowed	tut=TopSolo;chat=49:PlayPropose;a=6,b=1,c=1	false
chat_allowed	tut=TopSolo;chat=49:PlayPropose;a=6,b=1,c=2	false
chat_allowed	tut=TopSolo;chat=49:PlayPropose;a=6,b=1,c=3	false
chat_allowed	tut=TopSolo;chat=49:PlayPropose;a=6,b=1,c=4	false
chat_allowed	tut=TopSolo;chat=49:PlayPropose;a=6,b=1,c=5	false
chat_allowed	tut=TopSolo;chat=49:PlayPropose;a=6,b=1,c=6	false
chat_allowed	tut=TopSolo;chat=49:PlayPropose;a=6,b=1,c=7	false
chat_allowed	tut=TopSolo;chat=49:PlayPropose;a=6,b=2,c=0	false
chat_allowed	tut=TopSolo;chat=49:PlayPropose;a=6,b=2,c=1	false
chat_allowed	tut=TopSolo;chat=49:PlayPropose;a=6,b=2,c=2	false
chat_allowed	tut=TopSolo;chat=49:PlayPropose;a=6,b=2,c=3	false
chat_allowed	tut=TopSolo;chat=49:PlayPropose;a=6,b=2,c=4	false
chat_allowed	tut=TopSolo;chat=49:PlayPropose;a=6,b=2,c=5	false
chat_allowed	tut=TopSolo;chat=49:PlayPropose;a=6,b=2,c=6	false
chat_allowed	tut=TopSolo;chat=49:PlayPropose;a=6,b=2,c=7	false
chat_allowed	tut=TopSolo;chat=49:PlayPropose;a=6,b=3,c=0	true
chat_allowed	tut=TopSolo;chat=49:PlayPropose;a=6,b=3,c=1	true
chat_allowed	tut=TopSolo;chat=49:PlayPropose;a=6,b=3,c=2	true
chat_allowed	tut=TopSolo;chat=49:PlayPropose;a=6,b=3,c=3	true
chat_allowed	tut=TopSolo;chat=49:PlayPropose;a=6,b=3,c=4	true
chat_allowed	tut=TopSolo;chat=49:PlayPropose;a=6,b=3,c=5	true
chat_allowed	tut=TopSolo;chat=49:PlayPropose;a=6,b=3,c=6	true
chat_allowed	tut=TopSolo;chat=49:PlayPropose;a=6,b=3,c=7	true
chat_allowed	tut=TopSolo;chat=49:PlayPropose;a=6,b=4,c=0	true
chat_allowed	tut=TopSolo;chat=49:PlayPropose;a=6,b=4,c=1	true
chat_allowed	tut=TopSolo;chat=49:PlayPropose;a=6,b=4,c=2	true
chat_allowed	tut=TopSolo;chat=49:PlayPropose;a=6,b=4,c=3	true
chat_allowed	tut=TopSolo;chat=49:PlayPropose;a=6,b=4,c=4	true
chat_allowed	tut=TopSolo;chat=49:PlayPropose;a=6,b=4,c=5	true
chat_allowed	tut=TopSolo;chat=49:PlayPropose;a=6,b=4,c=6	true
chat_allowed	tut=TopSolo;chat=49:PlayPropose;a=6,b=4,c=7	true
chat_allowed	tut=TopSolo;chat=49:PlayPropose;a=6,b=5,c=0	true
chat_allowed	tut=TopSolo;chat=49:PlayPropose;a=6,b=5,c=1	true
chat_allowed	tut=TopSolo;chat=49:PlayPropose;a=6,b=5,c=2	true
chat_allowed	tut=TopSolo;chat=49:PlayPropose;a=6,b=5,c=3	true
chat_allowed	tut=TopSolo;chat=49:PlayPropose;a=6,b=5,c=4	true
chat_allowed	tut=TopSolo;chat=49:PlayPropose;a=6,b=5,c=5	true
chat_allowed	tut=TopSolo;chat=49:PlayPropose;a=6,b=5,c=6	true
chat_allowed	tut=TopSolo;chat=49:PlayPropose;a=6,b=5,c=7	true
chat_allowed	tut=TopSolo;chat=49:PlayPropose;a=6,b=6,c=0	true
chat_allowed	tut=TopSolo;chat=49:PlayPropose;a=6,b=6,c=1	true
chat_allowed	tut=TopSolo;chat=49:PlayPropose;a=6,b=6,c=2	true
chat_allowed	tut=TopSolo;chat=49:PlayPropose;a=6,b=6,c=3	true
chat_allowed	tut=TopSolo;chat=49:PlayPropose;a=6,b=6,c=4	true
chat_allowed	tut=TopSolo;chat=49:PlayPropose;a=6,b=6,c=5	true
chat_allowed	tut=TopSolo;chat=49:PlayPropose;a=6,b=6,c=6	true
chat_allowed	tut=TopSolo;chat=49:PlayPropose;a=6,b=6,c=7	true
chat_allowed	tut=TopSolo;chat=49:PlayPropose;a=6,b=7,c=0	true
chat_allowed	tut=TopSolo;chat=49:PlayPropose;a=6,b=7,c=1	true
chat_allowed	tut=TopSolo;chat=49:PlayPropose;a=6,b=7,c=2	true
chat_allowed	tut=TopSolo;chat=49:PlayPropose;a=6,b=7,c=3	true
chat_allowed	tut=TopSolo;chat=49:PlayPropose;a=6,b=7,c=4	true
chat_allowed	tut=TopSolo;chat=49:PlayPropose;a=6,b=7,c=5	true
chat_allowed	tut=TopSolo;chat=49:PlayPropose;a=6,b=7,c=6	true
chat_allowed	tut=TopSolo;chat=49:PlayPropose;a=6,b=7,c=7	true
chat_allowed	tut=TopSolo;chat=49:PlayPropose;a=7,b=0,c=0	true
chat_allowed	tut=TopSolo;chat=49:PlayPropose;a=7,b=0,c=1	true
chat_allowed	tut=TopSolo;chat=49:PlayPropose;a=7,b=0,c=2	true
chat_allowed	tut=TopSolo;chat=49:PlayPropose;a=7,b=0,c=3	true
chat_allowed	tut=TopSolo;chat=49:PlayPropose;a=7,b=0,c=4	true
chat_allowed	tut=TopSolo;chat=49:PlayPropose;a=7,b=0,c=5	true
chat_allowed	tut=TopSolo;chat=49:PlayPropose;a=7,b=0,c=6	true
chat_allowed	tut=TopSolo;chat=49:PlayPropose;a=7,b=0,c=7	true
chat_allowed	tut=TopSolo;chat=49:PlayPropose;a=7,b=1,c=0	false
chat_allowed	tut=TopSolo;chat=49:PlayPropose;a=7,b=1,c=1	false
chat_allowed	tut=TopSolo;chat=49:PlayPropose;a=7,b=1,c=2	false
chat_allowed	tut=TopSolo;chat=49:PlayPropose;a=7,b=1,c=3	false
chat_allowed	tut=TopSolo;chat=49:PlayPropose;a=7,b=1,c=4	false
chat_allowed	tut=TopSolo;chat=49:PlayPropose;a=7,b=1,c=5	false
chat_allowed	tut=TopSolo;chat=49:PlayPropose;a=7,b=1,c=6	false
chat_allowed	tut=TopSolo;chat=49:PlayPropose;a=7,b=1,c=7	false
chat_allowed	tut=TopSolo;chat=49:PlayPropose;a=7,b=2,c=0	false
chat_allowed	tut=TopSolo;chat=49:PlayPropose;a=7,b=2,c=1	false
chat_allowed	tut=TopSolo;chat=49:PlayPropose;a=7,b=2,c=2	false
chat_allowed	tut=TopSolo;chat=49:PlayPropose;a=7,b=2,c=3	false
chat_allowed	tut=TopSolo;chat=49:PlayPropose;a=7,b=2,c=4	false
chat_allowed	tut=TopSolo;chat=49:PlayPropose;a=7,b=2,c=5	false
chat_allowed	tut=TopSolo;chat=49:PlayPropose;a=7,b=2,c=6	false
chat_allowed	tut=TopSolo;chat=49:PlayPropose;a=7,b=2,c=7	false
chat_allowed	tut=TopSolo;chat=49:PlayPropose;a=7,b=3,c=0	true
chat_allowed	tut=TopSolo;chat=49:PlayPropose;a=7,b=3,c=1	true
chat_allowed	tut=TopSolo;chat=49:PlayPropose;a=7,b=3,c=2	true
chat_allowed	tut=TopSolo;chat=49:PlayPropose;a=7,b=3,c=3	true
chat_allowed	tut=TopSolo;chat=49:PlayPropose;a=7,b=3,c=4	true
chat_allowed	tut=TopSolo;chat=49:PlayPropose;a=7,b=3,c=5	true
chat_allowed	tut=TopSolo;chat=49:PlayPropose;a=7,b=3,c=6	true
chat_allowed	tut=TopSolo;chat=49:PlayPropose;a=7,b=3,c=7	true
chat_allowed	tut=TopSolo;chat=49:PlayPropose;a=7,b=4,c=0	true
chat_allowed	tut=TopSolo;chat=49:PlayPropose;a=7,b=4,c=1	true
chat_allowed	tut=TopSolo;chat=49:PlayPropose;a=7,b=4,c=2	true
chat_allowed	tut=TopSolo;chat=49:PlayPropose;a=7,b=4,c=3	true
chat_allowed	tut=TopSolo;chat=49:PlayPropose;a=7,b=4,c=4	true
chat_allowed	tut=TopSolo;chat=49:PlayPropose;a=7,b=4,c=5	true
chat_allowed	tut=TopSolo;chat=49:PlayPropose;a=7,b=4,c=6	true
chat_allowed	tut=TopSolo;chat=49:PlayPropose;a=7,b=4,c=7	true
chat_allowed	tut=TopSolo;chat=49:PlayPropose;a=7,b=5,c=0	true
chat_allowed	tut=TopSolo;chat=49:PlayPropose;a=7,b=5,c=1	true
chat_allowed	tut=TopSolo;chat=49:PlayPropose;a=7,b=5,c=2	true
chat_allowed	tut=TopSolo;chat=49:PlayPropose;a=7,b=5,c=3	true
chat_allowed	tut=TopSolo;chat=49:PlayPropose;a=7,b=5,c=4	true
chat_allowed	tut=TopSolo;chat=49:PlayPropose;a=7,b=5,c=5	true
chat_allowed	tut=TopSolo;chat=49:PlayPropose;a=7,b=5,c=6	true
chat_allowed	tut=TopSolo;chat=49:PlayPropose;a=7,b=5,c=7	true
chat_allowed	tut=TopSolo;chat=49:PlayPropose;a=7,b=6,c=0	true
chat_allowed	tut=TopSolo;chat=49:PlayPropose;a=7,b=6,c=1	true
chat_allowed	tut=TopSolo;chat=49:PlayPropose;a=7,b=6,c=2	true
chat_allowed	tut=TopSolo;chat=49:PlayPropose;a=7,b=6,c=3	true
chat_allowed	tut=TopSolo;chat=49:PlayPropose;a=7,b=6,c=4	true
chat_allowed	tut=TopSolo;chat=49:PlayPropose;a=7,b=6,c=5	true
chat_allowed	tut=TopSolo;chat=49:PlayPropose;a=7,b=6,c=6	true
chat_allowed	tut=TopSolo;chat=49:PlayPropose;a=7,b=6,c=7	true
chat_allowed	tut=TopSolo;chat=49:PlayPropose;a=7,b=7,c=0	true
chat_allowed	tut=TopSolo;chat=49:PlayPropose;a=7,b=7,c=1	true
chat_allowed	tut=TopSolo;chat=49:PlayPropose;a=7,b=7,c=2	true
chat_allowed	tut=TopSolo;chat=49:PlayPropose;a=7,b=7,c=3	true
chat_allowed	tut=TopSolo;chat=49:PlayPropose;a=7,b=7,c=4	true
chat_allowed	tut=TopSolo;chat=49:PlayPropose;a=7,b=7,c=5	true
chat_allowed	tut=TopSolo;chat=49:PlayPropose;a=7,b=7,c=6	true
chat_allowed	tut=TopSolo;chat=49:PlayPropose;a=7,b=7,c=7	true
chat_allowed	tut=TopSolo;chat=50:GankPlan;line=Mid,a=0	false
chat_allowed	tut=TopSolo;chat=50:GankPlan;line=Mid,a=1	false
chat_allowed	tut=TopSolo;chat=50:GankPlan;line=Mid,a=2	false
chat_allowed	tut=TopSolo;chat=50:GankPlan;line=Mid,a=3	false
chat_allowed	tut=TopSolo;chat=50:GankPlan;line=Mid,a=4	false
chat_allowed	tut=TopSolo;chat=50:GankPlan;line=Mid,a=5	false
chat_allowed	tut=TopSolo;chat=50:GankPlan;line=Mid,a=6	false
chat_allowed	tut=TopSolo;chat=50:GankPlan;line=Mid,a=7	false
chat_allowed	tut=TopSolo;chat=50:GankPlan;line=Mid,a=8	false
chat_allowed	tut=TopSolo;chat=50:GankPlan;line=Mid,a=9	false
chat_allowed	tut=TopSolo;chat=50:GankPlan;line=Mid,a=10	false
chat_allowed	tut=TopSolo;chat=50:GankPlan;line=Mid,a=11	false
chat_allowed	tut=TopSolo;chat=50:GankPlan;line=Mid,a=12	false
chat_allowed	tut=TopSolo;chat=50:GankPlan;line=Mid,a=13	false
chat_allowed	tut=TopSolo;chat=50:GankPlan;line=Mid,a=14	false
chat_allowed	tut=TopSolo;chat=50:GankPlan;line=Mid,a=15	false
chat_allowed	tut=TopSolo;chat=50:GankPlan;line=Bottom,a=0	false
chat_allowed	tut=TopSolo;chat=50:GankPlan;line=Bottom,a=1	false
chat_allowed	tut=TopSolo;chat=50:GankPlan;line=Bottom,a=2	false
chat_allowed	tut=TopSolo;chat=50:GankPlan;line=Bottom,a=3	false
chat_allowed	tut=TopSolo;chat=50:GankPlan;line=Bottom,a=4	false
chat_allowed	tut=TopSolo;chat=50:GankPlan;line=Bottom,a=5	false
chat_allowed	tut=TopSolo;chat=50:GankPlan;line=Bottom,a=6	false
chat_allowed	tut=TopSolo;chat=50:GankPlan;line=Bottom,a=7	false
chat_allowed	tut=TopSolo;chat=50:GankPlan;line=Bottom,a=8	false
chat_allowed	tut=TopSolo;chat=50:GankPlan;line=Bottom,a=9	false
chat_allowed	tut=TopSolo;chat=50:GankPlan;line=Bottom,a=10	false
chat_allowed	tut=TopSolo;chat=50:GankPlan;line=Bottom,a=11	false
chat_allowed	tut=TopSolo;chat=50:GankPlan;line=Bottom,a=12	false
chat_allowed	tut=TopSolo;chat=50:GankPlan;line=Bottom,a=13	false
chat_allowed	tut=TopSolo;chat=50:GankPlan;line=Bottom,a=14	false
chat_allowed	tut=TopSolo;chat=50:GankPlan;line=Bottom,a=15	false
chat_allowed	tut=TopSolo;chat=50:GankPlan;line=Top,a=0	true
chat_allowed	tut=TopSolo;chat=50:GankPlan;line=Top,a=1	true
chat_allowed	tut=TopSolo;chat=50:GankPlan;line=Top,a=2	true
chat_allowed	tut=TopSolo;chat=50:GankPlan;line=Top,a=3	true
chat_allowed	tut=TopSolo;chat=50:GankPlan;line=Top,a=4	true
chat_allowed	tut=TopSolo;chat=50:GankPlan;line=Top,a=5	true
chat_allowed	tut=TopSolo;chat=50:GankPlan;line=Top,a=6	true
chat_allowed	tut=TopSolo;chat=50:GankPlan;line=Top,a=7	true
chat_allowed	tut=TopSolo;chat=50:GankPlan;line=Top,a=8	true
chat_allowed	tut=TopSolo;chat=50:GankPlan;line=Top,a=9	true
chat_allowed	tut=TopSolo;chat=50:GankPlan;line=Top,a=10	true
chat_allowed	tut=TopSolo;chat=50:GankPlan;line=Top,a=11	true
chat_allowed	tut=TopSolo;chat=50:GankPlan;line=Top,a=12	true
chat_allowed	tut=TopSolo;chat=50:GankPlan;line=Top,a=13	true
chat_allowed	tut=TopSolo;chat=50:GankPlan;line=Top,a=14	true
chat_allowed	tut=TopSolo;chat=50:GankPlan;line=Top,a=15	true
chat_allowed	tut=TopSolo;chat=47:PlayCall;a=0,b=0	false
chat_allowed	tut=TopSolo;chat=55:CounterRequest;a=0,b=0	true
chat_allowed	tut=TopSolo;chat=47:PlayCall;a=0,b=1	false
chat_allowed	tut=TopSolo;chat=55:CounterRequest;a=0,b=1	false
chat_allowed	tut=TopSolo;chat=47:PlayCall;a=0,b=2	false
chat_allowed	tut=TopSolo;chat=55:CounterRequest;a=0,b=2	false
chat_allowed	tut=TopSolo;chat=47:PlayCall;a=0,b=3	false
chat_allowed	tut=TopSolo;chat=55:CounterRequest;a=0,b=3	true
chat_allowed	tut=TopSolo;chat=47:PlayCall;a=0,b=4	false
chat_allowed	tut=TopSolo;chat=55:CounterRequest;a=0,b=4	true
chat_allowed	tut=TopSolo;chat=47:PlayCall;a=0,b=5	false
chat_allowed	tut=TopSolo;chat=55:CounterRequest;a=0,b=5	true
chat_allowed	tut=TopSolo;chat=47:PlayCall;a=0,b=6	false
chat_allowed	tut=TopSolo;chat=55:CounterRequest;a=0,b=6	true
chat_allowed	tut=TopSolo;chat=47:PlayCall;a=0,b=7	false
chat_allowed	tut=TopSolo;chat=55:CounterRequest;a=0,b=7	true
chat_allowed	tut=TopSolo;chat=47:PlayCall;a=0,b=8	false
chat_allowed	tut=TopSolo;chat=55:CounterRequest;a=0,b=8	true
chat_allowed	tut=TopSolo;chat=47:PlayCall;a=0,b=9	false
chat_allowed	tut=TopSolo;chat=55:CounterRequest;a=0,b=9	true
chat_allowed	tut=TopSolo;chat=47:PlayCall;a=0,b=10	false
chat_allowed	tut=TopSolo;chat=55:CounterRequest;a=0,b=10	true
chat_allowed	tut=TopSolo;chat=47:PlayCall;a=0,b=11	false
chat_allowed	tut=TopSolo;chat=55:CounterRequest;a=0,b=11	true
chat_allowed	tut=TopSolo;chat=47:PlayCall;a=0,b=12	false
chat_allowed	tut=TopSolo;chat=55:CounterRequest;a=0,b=12	true
chat_allowed	tut=TopSolo;chat=47:PlayCall;a=0,b=13	false
chat_allowed	tut=TopSolo;chat=55:CounterRequest;a=0,b=13	true
chat_allowed	tut=TopSolo;chat=47:PlayCall;a=0,b=14	false
chat_allowed	tut=TopSolo;chat=55:CounterRequest;a=0,b=14	true
chat_allowed	tut=TopSolo;chat=47:PlayCall;a=0,b=15	false
chat_allowed	tut=TopSolo;chat=55:CounterRequest;a=0,b=15	true
chat_allowed	tut=TopSolo;chat=47:PlayCall;a=1,b=0	false
chat_allowed	tut=TopSolo;chat=55:CounterRequest;a=1,b=0	true
chat_allowed	tut=TopSolo;chat=47:PlayCall;a=1,b=1	false
chat_allowed	tut=TopSolo;chat=55:CounterRequest;a=1,b=1	false
chat_allowed	tut=TopSolo;chat=47:PlayCall;a=1,b=2	false
chat_allowed	tut=TopSolo;chat=55:CounterRequest;a=1,b=2	false
chat_allowed	tut=TopSolo;chat=47:PlayCall;a=1,b=3	false
chat_allowed	tut=TopSolo;chat=55:CounterRequest;a=1,b=3	true
chat_allowed	tut=TopSolo;chat=47:PlayCall;a=1,b=4	false
chat_allowed	tut=TopSolo;chat=55:CounterRequest;a=1,b=4	true
chat_allowed	tut=TopSolo;chat=47:PlayCall;a=1,b=5	false
chat_allowed	tut=TopSolo;chat=55:CounterRequest;a=1,b=5	true
chat_allowed	tut=TopSolo;chat=47:PlayCall;a=1,b=6	false
chat_allowed	tut=TopSolo;chat=55:CounterRequest;a=1,b=6	true
chat_allowed	tut=TopSolo;chat=47:PlayCall;a=1,b=7	false
chat_allowed	tut=TopSolo;chat=55:CounterRequest;a=1,b=7	true
chat_allowed	tut=TopSolo;chat=47:PlayCall;a=1,b=8	false
chat_allowed	tut=TopSolo;chat=55:CounterRequest;a=1,b=8	true
chat_allowed	tut=TopSolo;chat=47:PlayCall;a=1,b=9	false
chat_allowed	tut=TopSolo;chat=55:CounterRequest;a=1,b=9	true
chat_allowed	tut=TopSolo;chat=47:PlayCall;a=1,b=10	false
chat_allowed	tut=TopSolo;chat=55:CounterRequest;a=1,b=10	true
chat_allowed	tut=TopSolo;chat=47:PlayCall;a=1,b=11	false
chat_allowed	tut=TopSolo;chat=55:CounterRequest;a=1,b=11	true
chat_allowed	tut=TopSolo;chat=47:PlayCall;a=1,b=12	false
chat_allowed	tut=TopSolo;chat=55:CounterRequest;a=1,b=12	true
chat_allowed	tut=TopSolo;chat=47:PlayCall;a=1,b=13	false
chat_allowed	tut=TopSolo;chat=55:CounterRequest;a=1,b=13	true
chat_allowed	tut=TopSolo;chat=47:PlayCall;a=1,b=14	false
chat_allowed	tut=TopSolo;chat=55:CounterRequest;a=1,b=14	true
chat_allowed	tut=TopSolo;chat=47:PlayCall;a=1,b=15	false
chat_allowed	tut=TopSolo;chat=55:CounterRequest;a=1,b=15	true
chat_allowed	tut=TopSolo;chat=47:PlayCall;a=2,b=0	true
chat_allowed	tut=TopSolo;chat=55:CounterRequest;a=2,b=0	true
chat_allowed	tut=TopSolo;chat=47:PlayCall;a=2,b=1	false
chat_allowed	tut=TopSolo;chat=55:CounterRequest;a=2,b=1	false
chat_allowed	tut=TopSolo;chat=47:PlayCall;a=2,b=2	false
chat_allowed	tut=TopSolo;chat=55:CounterRequest;a=2,b=2	false
chat_allowed	tut=TopSolo;chat=47:PlayCall;a=2,b=3	true
chat_allowed	tut=TopSolo;chat=55:CounterRequest;a=2,b=3	true
chat_allowed	tut=TopSolo;chat=47:PlayCall;a=2,b=4	true
chat_allowed	tut=TopSolo;chat=55:CounterRequest;a=2,b=4	true
chat_allowed	tut=TopSolo;chat=47:PlayCall;a=2,b=5	true
chat_allowed	tut=TopSolo;chat=55:CounterRequest;a=2,b=5	true
chat_allowed	tut=TopSolo;chat=47:PlayCall;a=2,b=6	true
chat_allowed	tut=TopSolo;chat=55:CounterRequest;a=2,b=6	true
chat_allowed	tut=TopSolo;chat=47:PlayCall;a=2,b=7	true
chat_allowed	tut=TopSolo;chat=55:CounterRequest;a=2,b=7	true
chat_allowed	tut=TopSolo;chat=47:PlayCall;a=2,b=8	true
chat_allowed	tut=TopSolo;chat=55:CounterRequest;a=2,b=8	true
chat_allowed	tut=TopSolo;chat=47:PlayCall;a=2,b=9	true
chat_allowed	tut=TopSolo;chat=55:CounterRequest;a=2,b=9	true
chat_allowed	tut=TopSolo;chat=47:PlayCall;a=2,b=10	true
chat_allowed	tut=TopSolo;chat=55:CounterRequest;a=2,b=10	true
chat_allowed	tut=TopSolo;chat=47:PlayCall;a=2,b=11	true
chat_allowed	tut=TopSolo;chat=55:CounterRequest;a=2,b=11	true
chat_allowed	tut=TopSolo;chat=47:PlayCall;a=2,b=12	true
chat_allowed	tut=TopSolo;chat=55:CounterRequest;a=2,b=12	true
chat_allowed	tut=TopSolo;chat=47:PlayCall;a=2,b=13	true
chat_allowed	tut=TopSolo;chat=55:CounterRequest;a=2,b=13	true
chat_allowed	tut=TopSolo;chat=47:PlayCall;a=2,b=14	true
chat_allowed	tut=TopSolo;chat=55:CounterRequest;a=2,b=14	true
chat_allowed	tut=TopSolo;chat=47:PlayCall;a=2,b=15	true
chat_allowed	tut=TopSolo;chat=55:CounterRequest;a=2,b=15	true
chat_allowed	tut=TopSolo;chat=47:PlayCall;a=3,b=0	false
chat_allowed	tut=TopSolo;chat=55:CounterRequest;a=3,b=0	true
chat_allowed	tut=TopSolo;chat=47:PlayCall;a=3,b=1	false
chat_allowed	tut=TopSolo;chat=55:CounterRequest;a=3,b=1	false
chat_allowed	tut=TopSolo;chat=47:PlayCall;a=3,b=2	false
chat_allowed	tut=TopSolo;chat=55:CounterRequest;a=3,b=2	false
chat_allowed	tut=TopSolo;chat=47:PlayCall;a=3,b=3	false
chat_allowed	tut=TopSolo;chat=55:CounterRequest;a=3,b=3	true
chat_allowed	tut=TopSolo;chat=47:PlayCall;a=3,b=4	false
chat_allowed	tut=TopSolo;chat=55:CounterRequest;a=3,b=4	true
chat_allowed	tut=TopSolo;chat=47:PlayCall;a=3,b=5	false
chat_allowed	tut=TopSolo;chat=55:CounterRequest;a=3,b=5	true
chat_allowed	tut=TopSolo;chat=47:PlayCall;a=3,b=6	false
chat_allowed	tut=TopSolo;chat=55:CounterRequest;a=3,b=6	true
chat_allowed	tut=TopSolo;chat=47:PlayCall;a=3,b=7	false
chat_allowed	tut=TopSolo;chat=55:CounterRequest;a=3,b=7	true
chat_allowed	tut=TopSolo;chat=47:PlayCall;a=3,b=8	false
chat_allowed	tut=TopSolo;chat=55:CounterRequest;a=3,b=8	true
chat_allowed	tut=TopSolo;chat=47:PlayCall;a=3,b=9	false
chat_allowed	tut=TopSolo;chat=55:CounterRequest;a=3,b=9	true
chat_allowed	tut=TopSolo;chat=47:PlayCall;a=3,b=10	false
chat_allowed	tut=TopSolo;chat=55:CounterRequest;a=3,b=10	true
chat_allowed	tut=TopSolo;chat=47:PlayCall;a=3,b=11	false
chat_allowed	tut=TopSolo;chat=55:CounterRequest;a=3,b=11	true
chat_allowed	tut=TopSolo;chat=47:PlayCall;a=3,b=12	false
chat_allowed	tut=TopSolo;chat=55:CounterRequest;a=3,b=12	true
chat_allowed	tut=TopSolo;chat=47:PlayCall;a=3,b=13	false
chat_allowed	tut=TopSolo;chat=55:CounterRequest;a=3,b=13	true
chat_allowed	tut=TopSolo;chat=47:PlayCall;a=3,b=14	false
chat_allowed	tut=TopSolo;chat=55:CounterRequest;a=3,b=14	true
chat_allowed	tut=TopSolo;chat=47:PlayCall;a=3,b=15	false
chat_allowed	tut=TopSolo;chat=55:CounterRequest;a=3,b=15	true
chat_allowed	tut=TopSolo;chat=47:PlayCall;a=4,b=0	false
chat_allowed	tut=TopSolo;chat=55:CounterRequest;a=4,b=0	true
chat_allowed	tut=TopSolo;chat=47:PlayCall;a=4,b=1	false
chat_allowed	tut=TopSolo;chat=55:CounterRequest;a=4,b=1	false
chat_allowed	tut=TopSolo;chat=47:PlayCall;a=4,b=2	false
chat_allowed	tut=TopSolo;chat=55:CounterRequest;a=4,b=2	false
chat_allowed	tut=TopSolo;chat=47:PlayCall;a=4,b=3	false
chat_allowed	tut=TopSolo;chat=55:CounterRequest;a=4,b=3	true
chat_allowed	tut=TopSolo;chat=47:PlayCall;a=4,b=4	false
chat_allowed	tut=TopSolo;chat=55:CounterRequest;a=4,b=4	true
chat_allowed	tut=TopSolo;chat=47:PlayCall;a=4,b=5	false
chat_allowed	tut=TopSolo;chat=55:CounterRequest;a=4,b=5	true
chat_allowed	tut=TopSolo;chat=47:PlayCall;a=4,b=6	false
chat_allowed	tut=TopSolo;chat=55:CounterRequest;a=4,b=6	true
chat_allowed	tut=TopSolo;chat=47:PlayCall;a=4,b=7	false
chat_allowed	tut=TopSolo;chat=55:CounterRequest;a=4,b=7	true
chat_allowed	tut=TopSolo;chat=47:PlayCall;a=4,b=8	false
chat_allowed	tut=TopSolo;chat=55:CounterRequest;a=4,b=8	true
chat_allowed	tut=TopSolo;chat=47:PlayCall;a=4,b=9	false
chat_allowed	tut=TopSolo;chat=55:CounterRequest;a=4,b=9	true
chat_allowed	tut=TopSolo;chat=47:PlayCall;a=4,b=10	false
chat_allowed	tut=TopSolo;chat=55:CounterRequest;a=4,b=10	true
chat_allowed	tut=TopSolo;chat=47:PlayCall;a=4,b=11	false
chat_allowed	tut=TopSolo;chat=55:CounterRequest;a=4,b=11	true
chat_allowed	tut=TopSolo;chat=47:PlayCall;a=4,b=12	false
chat_allowed	tut=TopSolo;chat=55:CounterRequest;a=4,b=12	true
chat_allowed	tut=TopSolo;chat=47:PlayCall;a=4,b=13	false
chat_allowed	tut=TopSolo;chat=55:CounterRequest;a=4,b=13	true
chat_allowed	tut=TopSolo;chat=47:PlayCall;a=4,b=14	false
chat_allowed	tut=TopSolo;chat=55:CounterRequest;a=4,b=14	true
chat_allowed	tut=TopSolo;chat=47:PlayCall;a=4,b=15	false
chat_allowed	tut=TopSolo;chat=55:CounterRequest;a=4,b=15	true
chat_allowed	tut=TopSolo;chat=47:PlayCall;a=5,b=0	true
chat_allowed	tut=TopSolo;chat=55:CounterRequest;a=5,b=0	true
chat_allowed	tut=TopSolo;chat=47:PlayCall;a=5,b=1	false
chat_allowed	tut=TopSolo;chat=55:CounterRequest;a=5,b=1	false
chat_allowed	tut=TopSolo;chat=47:PlayCall;a=5,b=2	false
chat_allowed	tut=TopSolo;chat=55:CounterRequest;a=5,b=2	false
chat_allowed	tut=TopSolo;chat=47:PlayCall;a=5,b=3	true
chat_allowed	tut=TopSolo;chat=55:CounterRequest;a=5,b=3	true
chat_allowed	tut=TopSolo;chat=47:PlayCall;a=5,b=4	true
chat_allowed	tut=TopSolo;chat=55:CounterRequest;a=5,b=4	true
chat_allowed	tut=TopSolo;chat=47:PlayCall;a=5,b=5	true
chat_allowed	tut=TopSolo;chat=55:CounterRequest;a=5,b=5	true
chat_allowed	tut=TopSolo;chat=47:PlayCall;a=5,b=6	true
chat_allowed	tut=TopSolo;chat=55:CounterRequest;a=5,b=6	true
chat_allowed	tut=TopSolo;chat=47:PlayCall;a=5,b=7	true
chat_allowed	tut=TopSolo;chat=55:CounterRequest;a=5,b=7	true
chat_allowed	tut=TopSolo;chat=47:PlayCall;a=5,b=8	true
chat_allowed	tut=TopSolo;chat=55:CounterRequest;a=5,b=8	true
chat_allowed	tut=TopSolo;chat=47:PlayCall;a=5,b=9	true
chat_allowed	tut=TopSolo;chat=55:CounterRequest;a=5,b=9	true
chat_allowed	tut=TopSolo;chat=47:PlayCall;a=5,b=10	true
chat_allowed	tut=TopSolo;chat=55:CounterRequest;a=5,b=10	true
chat_allowed	tut=TopSolo;chat=47:PlayCall;a=5,b=11	true
chat_allowed	tut=TopSolo;chat=55:CounterRequest;a=5,b=11	true
chat_allowed	tut=TopSolo;chat=47:PlayCall;a=5,b=12	true
chat_allowed	tut=TopSolo;chat=55:CounterRequest;a=5,b=12	true
chat_allowed	tut=TopSolo;chat=47:PlayCall;a=5,b=13	true
chat_allowed	tut=TopSolo;chat=55:CounterRequest;a=5,b=13	true
chat_allowed	tut=TopSolo;chat=47:PlayCall;a=5,b=14	true
chat_allowed	tut=TopSolo;chat=55:CounterRequest;a=5,b=14	true
chat_allowed	tut=TopSolo;chat=47:PlayCall;a=5,b=15	true
chat_allowed	tut=TopSolo;chat=55:CounterRequest;a=5,b=15	true
chat_allowed	tut=TopSolo;chat=47:PlayCall;a=6,b=0	true
chat_allowed	tut=TopSolo;chat=55:CounterRequest;a=6,b=0	true
chat_allowed	tut=TopSolo;chat=47:PlayCall;a=6,b=1	false
chat_allowed	tut=TopSolo;chat=55:CounterRequest;a=6,b=1	false
chat_allowed	tut=TopSolo;chat=47:PlayCall;a=6,b=2	false
chat_allowed	tut=TopSolo;chat=55:CounterRequest;a=6,b=2	false
chat_allowed	tut=TopSolo;chat=47:PlayCall;a=6,b=3	true
chat_allowed	tut=TopSolo;chat=55:CounterRequest;a=6,b=3	true
chat_allowed	tut=TopSolo;chat=47:PlayCall;a=6,b=4	true
chat_allowed	tut=TopSolo;chat=55:CounterRequest;a=6,b=4	true
chat_allowed	tut=TopSolo;chat=47:PlayCall;a=6,b=5	true
chat_allowed	tut=TopSolo;chat=55:CounterRequest;a=6,b=5	true
chat_allowed	tut=TopSolo;chat=47:PlayCall;a=6,b=6	true
chat_allowed	tut=TopSolo;chat=55:CounterRequest;a=6,b=6	true
chat_allowed	tut=TopSolo;chat=47:PlayCall;a=6,b=7	true
chat_allowed	tut=TopSolo;chat=55:CounterRequest;a=6,b=7	true
chat_allowed	tut=TopSolo;chat=47:PlayCall;a=6,b=8	true
chat_allowed	tut=TopSolo;chat=55:CounterRequest;a=6,b=8	true
chat_allowed	tut=TopSolo;chat=47:PlayCall;a=6,b=9	true
chat_allowed	tut=TopSolo;chat=55:CounterRequest;a=6,b=9	true
chat_allowed	tut=TopSolo;chat=47:PlayCall;a=6,b=10	true
chat_allowed	tut=TopSolo;chat=55:CounterRequest;a=6,b=10	true
chat_allowed	tut=TopSolo;chat=47:PlayCall;a=6,b=11	true
chat_allowed	tut=TopSolo;chat=55:CounterRequest;a=6,b=11	true
chat_allowed	tut=TopSolo;chat=47:PlayCall;a=6,b=12	true
chat_allowed	tut=TopSolo;chat=55:CounterRequest;a=6,b=12	true
chat_allowed	tut=TopSolo;chat=47:PlayCall;a=6,b=13	true
chat_allowed	tut=TopSolo;chat=55:CounterRequest;a=6,b=13	true
chat_allowed	tut=TopSolo;chat=47:PlayCall;a=6,b=14	true
chat_allowed	tut=TopSolo;chat=55:CounterRequest;a=6,b=14	true
chat_allowed	tut=TopSolo;chat=47:PlayCall;a=6,b=15	true
chat_allowed	tut=TopSolo;chat=55:CounterRequest;a=6,b=15	true
chat_allowed	tut=TopSolo;chat=47:PlayCall;a=7,b=0	true
chat_allowed	tut=TopSolo;chat=55:CounterRequest;a=7,b=0	true
chat_allowed	tut=TopSolo;chat=47:PlayCall;a=7,b=1	false
chat_allowed	tut=TopSolo;chat=55:CounterRequest;a=7,b=1	false
chat_allowed	tut=TopSolo;chat=47:PlayCall;a=7,b=2	false
chat_allowed	tut=TopSolo;chat=55:CounterRequest;a=7,b=2	false
chat_allowed	tut=TopSolo;chat=47:PlayCall;a=7,b=3	true
chat_allowed	tut=TopSolo;chat=55:CounterRequest;a=7,b=3	true
chat_allowed	tut=TopSolo;chat=47:PlayCall;a=7,b=4	true
chat_allowed	tut=TopSolo;chat=55:CounterRequest;a=7,b=4	true
chat_allowed	tut=TopSolo;chat=47:PlayCall;a=7,b=5	true
chat_allowed	tut=TopSolo;chat=55:CounterRequest;a=7,b=5	true
chat_allowed	tut=TopSolo;chat=47:PlayCall;a=7,b=6	true
chat_allowed	tut=TopSolo;chat=55:CounterRequest;a=7,b=6	true
chat_allowed	tut=TopSolo;chat=47:PlayCall;a=7,b=7	true
chat_allowed	tut=TopSolo;chat=55:CounterRequest;a=7,b=7	true
chat_allowed	tut=TopSolo;chat=47:PlayCall;a=7,b=8	true
chat_allowed	tut=TopSolo;chat=55:CounterRequest;a=7,b=8	true
chat_allowed	tut=TopSolo;chat=47:PlayCall;a=7,b=9	true
chat_allowed	tut=TopSolo;chat=55:CounterRequest;a=7,b=9	true
chat_allowed	tut=TopSolo;chat=47:PlayCall;a=7,b=10	true
chat_allowed	tut=TopSolo;chat=55:CounterRequest;a=7,b=10	true
chat_allowed	tut=TopSolo;chat=47:PlayCall;a=7,b=11	true
chat_allowed	tut=TopSolo;chat=55:CounterRequest;a=7,b=11	true
chat_allowed	tut=TopSolo;chat=47:PlayCall;a=7,b=12	true
chat_allowed	tut=TopSolo;chat=55:CounterRequest;a=7,b=12	true
chat_allowed	tut=TopSolo;chat=47:PlayCall;a=7,b=13	true
chat_allowed	tut=TopSolo;chat=55:CounterRequest;a=7,b=13	true
chat_allowed	tut=TopSolo;chat=47:PlayCall;a=7,b=14	true
chat_allowed	tut=TopSolo;chat=55:CounterRequest;a=7,b=14	true
chat_allowed	tut=TopSolo;chat=47:PlayCall;a=7,b=15	true
chat_allowed	tut=TopSolo;chat=55:CounterRequest;a=7,b=15	true
chat_allowed	tut=TopSolo;chat=47:PlayCall;a=8,b=0	true
chat_allowed	tut=TopSolo;chat=55:CounterRequest;a=8,b=0	true
chat_allowed	tut=TopSolo;chat=47:PlayCall;a=8,b=1	false
chat_allowed	tut=TopSolo;chat=55:CounterRequest;a=8,b=1	false
chat_allowed	tut=TopSolo;chat=47:PlayCall;a=8,b=2	false
chat_allowed	tut=TopSolo;chat=55:CounterRequest;a=8,b=2	false
chat_allowed	tut=TopSolo;chat=47:PlayCall;a=8,b=3	true
chat_allowed	tut=TopSolo;chat=55:CounterRequest;a=8,b=3	true
chat_allowed	tut=TopSolo;chat=47:PlayCall;a=8,b=4	true
chat_allowed	tut=TopSolo;chat=55:CounterRequest;a=8,b=4	true
chat_allowed	tut=TopSolo;chat=47:PlayCall;a=8,b=5	true
chat_allowed	tut=TopSolo;chat=55:CounterRequest;a=8,b=5	true
chat_allowed	tut=TopSolo;chat=47:PlayCall;a=8,b=6	true
chat_allowed	tut=TopSolo;chat=55:CounterRequest;a=8,b=6	true
chat_allowed	tut=TopSolo;chat=47:PlayCall;a=8,b=7	true
chat_allowed	tut=TopSolo;chat=55:CounterRequest;a=8,b=7	true
chat_allowed	tut=TopSolo;chat=47:PlayCall;a=8,b=8	true
chat_allowed	tut=TopSolo;chat=55:CounterRequest;a=8,b=8	true
chat_allowed	tut=TopSolo;chat=47:PlayCall;a=8,b=9	true
chat_allowed	tut=TopSolo;chat=55:CounterRequest;a=8,b=9	true
chat_allowed	tut=TopSolo;chat=47:PlayCall;a=8,b=10	true
chat_allowed	tut=TopSolo;chat=55:CounterRequest;a=8,b=10	true
chat_allowed	tut=TopSolo;chat=47:PlayCall;a=8,b=11	true
chat_allowed	tut=TopSolo;chat=55:CounterRequest;a=8,b=11	true
chat_allowed	tut=TopSolo;chat=47:PlayCall;a=8,b=12	true
chat_allowed	tut=TopSolo;chat=55:CounterRequest;a=8,b=12	true
chat_allowed	tut=TopSolo;chat=47:PlayCall;a=8,b=13	true
chat_allowed	tut=TopSolo;chat=55:CounterRequest;a=8,b=13	true
chat_allowed	tut=TopSolo;chat=47:PlayCall;a=8,b=14	true
chat_allowed	tut=TopSolo;chat=55:CounterRequest;a=8,b=14	true
chat_allowed	tut=TopSolo;chat=47:PlayCall;a=8,b=15	true
chat_allowed	tut=TopSolo;chat=55:CounterRequest;a=8,b=15	true
chat_allowed	tut=TopSolo;chat=47:PlayCall;a=9,b=0	true
chat_allowed	tut=TopSolo;chat=55:CounterRequest;a=9,b=0	true
chat_allowed	tut=TopSolo;chat=47:PlayCall;a=9,b=1	false
chat_allowed	tut=TopSolo;chat=55:CounterRequest;a=9,b=1	false
chat_allowed	tut=TopSolo;chat=47:PlayCall;a=9,b=2	false
chat_allowed	tut=TopSolo;chat=55:CounterRequest;a=9,b=2	false
chat_allowed	tut=TopSolo;chat=47:PlayCall;a=9,b=3	true
chat_allowed	tut=TopSolo;chat=55:CounterRequest;a=9,b=3	true
chat_allowed	tut=TopSolo;chat=47:PlayCall;a=9,b=4	true
chat_allowed	tut=TopSolo;chat=55:CounterRequest;a=9,b=4	true
chat_allowed	tut=TopSolo;chat=47:PlayCall;a=9,b=5	true
chat_allowed	tut=TopSolo;chat=55:CounterRequest;a=9,b=5	true
chat_allowed	tut=TopSolo;chat=47:PlayCall;a=9,b=6	true
chat_allowed	tut=TopSolo;chat=55:CounterRequest;a=9,b=6	true
chat_allowed	tut=TopSolo;chat=47:PlayCall;a=9,b=7	true
chat_allowed	tut=TopSolo;chat=55:CounterRequest;a=9,b=7	true
chat_allowed	tut=TopSolo;chat=47:PlayCall;a=9,b=8	true
chat_allowed	tut=TopSolo;chat=55:CounterRequest;a=9,b=8	true
chat_allowed	tut=TopSolo;chat=47:PlayCall;a=9,b=9	true
chat_allowed	tut=TopSolo;chat=55:CounterRequest;a=9,b=9	true
chat_allowed	tut=TopSolo;chat=47:PlayCall;a=9,b=10	true
chat_allowed	tut=TopSolo;chat=55:CounterRequest;a=9,b=10	true
chat_allowed	tut=TopSolo;chat=47:PlayCall;a=9,b=11	true
chat_allowed	tut=TopSolo;chat=55:CounterRequest;a=9,b=11	true
chat_allowed	tut=TopSolo;chat=47:PlayCall;a=9,b=12	true
chat_allowed	tut=TopSolo;chat=55:CounterRequest;a=9,b=12	true
chat_allowed	tut=TopSolo;chat=47:PlayCall;a=9,b=13	true
chat_allowed	tut=TopSolo;chat=55:CounterRequest;a=9,b=13	true
chat_allowed	tut=TopSolo;chat=47:PlayCall;a=9,b=14	true
chat_allowed	tut=TopSolo;chat=55:CounterRequest;a=9,b=14	true
chat_allowed	tut=TopSolo;chat=47:PlayCall;a=9,b=15	true
chat_allowed	tut=TopSolo;chat=55:CounterRequest;a=9,b=15	true
chat_allowed	tut=TopSolo;chat=47:PlayCall;a=10,b=0	true
chat_allowed	tut=TopSolo;chat=55:CounterRequest;a=10,b=0	true
chat_allowed	tut=TopSolo;chat=47:PlayCall;a=10,b=1	false
chat_allowed	tut=TopSolo;chat=55:CounterRequest;a=10,b=1	false
chat_allowed	tut=TopSolo;chat=47:PlayCall;a=10,b=2	false
chat_allowed	tut=TopSolo;chat=55:CounterRequest;a=10,b=2	false
chat_allowed	tut=TopSolo;chat=47:PlayCall;a=10,b=3	true
chat_allowed	tut=TopSolo;chat=55:CounterRequest;a=10,b=3	true
chat_allowed	tut=TopSolo;chat=47:PlayCall;a=10,b=4	true
chat_allowed	tut=TopSolo;chat=55:CounterRequest;a=10,b=4	true
chat_allowed	tut=TopSolo;chat=47:PlayCall;a=10,b=5	true
chat_allowed	tut=TopSolo;chat=55:CounterRequest;a=10,b=5	true
chat_allowed	tut=TopSolo;chat=47:PlayCall;a=10,b=6	true
chat_allowed	tut=TopSolo;chat=55:CounterRequest;a=10,b=6	true
chat_allowed	tut=TopSolo;chat=47:PlayCall;a=10,b=7	true
chat_allowed	tut=TopSolo;chat=55:CounterRequest;a=10,b=7	true
chat_allowed	tut=TopSolo;chat=47:PlayCall;a=10,b=8	true
chat_allowed	tut=TopSolo;chat=55:CounterRequest;a=10,b=8	true
chat_allowed	tut=TopSolo;chat=47:PlayCall;a=10,b=9	true
chat_allowed	tut=TopSolo;chat=55:CounterRequest;a=10,b=9	true
chat_allowed	tut=TopSolo;chat=47:PlayCall;a=10,b=10	true
chat_allowed	tut=TopSolo;chat=55:CounterRequest;a=10,b=10	true
chat_allowed	tut=TopSolo;chat=47:PlayCall;a=10,b=11	true
chat_allowed	tut=TopSolo;chat=55:CounterRequest;a=10,b=11	true
chat_allowed	tut=TopSolo;chat=47:PlayCall;a=10,b=12	true
chat_allowed	tut=TopSolo;chat=55:CounterRequest;a=10,b=12	true
chat_allowed	tut=TopSolo;chat=47:PlayCall;a=10,b=13	true
chat_allowed	tut=TopSolo;chat=55:CounterRequest;a=10,b=13	true
chat_allowed	tut=TopSolo;chat=47:PlayCall;a=10,b=14	true
chat_allowed	tut=TopSolo;chat=55:CounterRequest;a=10,b=14	true
chat_allowed	tut=TopSolo;chat=47:PlayCall;a=10,b=15	true
chat_allowed	tut=TopSolo;chat=55:CounterRequest;a=10,b=15	true
chat_allowed	tut=TopSolo;chat=47:PlayCall;a=11,b=0	true
chat_allowed	tut=TopSolo;chat=55:CounterRequest;a=11,b=0	true
chat_allowed	tut=TopSolo;chat=47:PlayCall;a=11,b=1	false
chat_allowed	tut=TopSolo;chat=55:CounterRequest;a=11,b=1	false
chat_allowed	tut=TopSolo;chat=47:PlayCall;a=11,b=2	false
chat_allowed	tut=TopSolo;chat=55:CounterRequest;a=11,b=2	false
chat_allowed	tut=TopSolo;chat=47:PlayCall;a=11,b=3	true
chat_allowed	tut=TopSolo;chat=55:CounterRequest;a=11,b=3	true
chat_allowed	tut=TopSolo;chat=47:PlayCall;a=11,b=4	true
chat_allowed	tut=TopSolo;chat=55:CounterRequest;a=11,b=4	true
chat_allowed	tut=TopSolo;chat=47:PlayCall;a=11,b=5	true
chat_allowed	tut=TopSolo;chat=55:CounterRequest;a=11,b=5	true
chat_allowed	tut=TopSolo;chat=47:PlayCall;a=11,b=6	true
chat_allowed	tut=TopSolo;chat=55:CounterRequest;a=11,b=6	true
chat_allowed	tut=TopSolo;chat=47:PlayCall;a=11,b=7	true
chat_allowed	tut=TopSolo;chat=55:CounterRequest;a=11,b=7	true
chat_allowed	tut=TopSolo;chat=47:PlayCall;a=11,b=8	true
chat_allowed	tut=TopSolo;chat=55:CounterRequest;a=11,b=8	true
chat_allowed	tut=TopSolo;chat=47:PlayCall;a=11,b=9	true
chat_allowed	tut=TopSolo;chat=55:CounterRequest;a=11,b=9	true
chat_allowed	tut=TopSolo;chat=47:PlayCall;a=11,b=10	true
chat_allowed	tut=TopSolo;chat=55:CounterRequest;a=11,b=10	true
chat_allowed	tut=TopSolo;chat=47:PlayCall;a=11,b=11	true
chat_allowed	tut=TopSolo;chat=55:CounterRequest;a=11,b=11	true
chat_allowed	tut=TopSolo;chat=47:PlayCall;a=11,b=12	true
chat_allowed	tut=TopSolo;chat=55:CounterRequest;a=11,b=12	true
chat_allowed	tut=TopSolo;chat=47:PlayCall;a=11,b=13	true
chat_allowed	tut=TopSolo;chat=55:CounterRequest;a=11,b=13	true
chat_allowed	tut=TopSolo;chat=47:PlayCall;a=11,b=14	true
chat_allowed	tut=TopSolo;chat=55:CounterRequest;a=11,b=14	true
chat_allowed	tut=TopSolo;chat=47:PlayCall;a=11,b=15	true
chat_allowed	tut=TopSolo;chat=55:CounterRequest;a=11,b=15	true
chat_allowed	tut=TopSolo;chat=47:PlayCall;a=12,b=0	true
chat_allowed	tut=TopSolo;chat=55:CounterRequest;a=12,b=0	true
chat_allowed	tut=TopSolo;chat=47:PlayCall;a=12,b=1	false
chat_allowed	tut=TopSolo;chat=55:CounterRequest;a=12,b=1	false
chat_allowed	tut=TopSolo;chat=47:PlayCall;a=12,b=2	false
chat_allowed	tut=TopSolo;chat=55:CounterRequest;a=12,b=2	false
chat_allowed	tut=TopSolo;chat=47:PlayCall;a=12,b=3	true
chat_allowed	tut=TopSolo;chat=55:CounterRequest;a=12,b=3	true
chat_allowed	tut=TopSolo;chat=47:PlayCall;a=12,b=4	true
chat_allowed	tut=TopSolo;chat=55:CounterRequest;a=12,b=4	true
chat_allowed	tut=TopSolo;chat=47:PlayCall;a=12,b=5	true
chat_allowed	tut=TopSolo;chat=55:CounterRequest;a=12,b=5	true
chat_allowed	tut=TopSolo;chat=47:PlayCall;a=12,b=6	true
chat_allowed	tut=TopSolo;chat=55:CounterRequest;a=12,b=6	true
chat_allowed	tut=TopSolo;chat=47:PlayCall;a=12,b=7	true
chat_allowed	tut=TopSolo;chat=55:CounterRequest;a=12,b=7	true
chat_allowed	tut=TopSolo;chat=47:PlayCall;a=12,b=8	true
chat_allowed	tut=TopSolo;chat=55:CounterRequest;a=12,b=8	true
chat_allowed	tut=TopSolo;chat=47:PlayCall;a=12,b=9	true
chat_allowed	tut=TopSolo;chat=55:CounterRequest;a=12,b=9	true
chat_allowed	tut=TopSolo;chat=47:PlayCall;a=12,b=10	true
chat_allowed	tut=TopSolo;chat=55:CounterRequest;a=12,b=10	true
chat_allowed	tut=TopSolo;chat=47:PlayCall;a=12,b=11	true
chat_allowed	tut=TopSolo;chat=55:CounterRequest;a=12,b=11	true
chat_allowed	tut=TopSolo;chat=47:PlayCall;a=12,b=12	true
chat_allowed	tut=TopSolo;chat=55:CounterRequest;a=12,b=12	true
chat_allowed	tut=TopSolo;chat=47:PlayCall;a=12,b=13	true
chat_allowed	tut=TopSolo;chat=55:CounterRequest;a=12,b=13	true
chat_allowed	tut=TopSolo;chat=47:PlayCall;a=12,b=14	true
chat_allowed	tut=TopSolo;chat=55:CounterRequest;a=12,b=14	true
chat_allowed	tut=TopSolo;chat=47:PlayCall;a=12,b=15	true
chat_allowed	tut=TopSolo;chat=55:CounterRequest;a=12,b=15	true
chat_allowed	tut=TopSolo;chat=47:PlayCall;a=13,b=0	true
chat_allowed	tut=TopSolo;chat=55:CounterRequest;a=13,b=0	true
chat_allowed	tut=TopSolo;chat=47:PlayCall;a=13,b=1	false
chat_allowed	tut=TopSolo;chat=55:CounterRequest;a=13,b=1	false
chat_allowed	tut=TopSolo;chat=47:PlayCall;a=13,b=2	false
chat_allowed	tut=TopSolo;chat=55:CounterRequest;a=13,b=2	false
chat_allowed	tut=TopSolo;chat=47:PlayCall;a=13,b=3	true
chat_allowed	tut=TopSolo;chat=55:CounterRequest;a=13,b=3	true
chat_allowed	tut=TopSolo;chat=47:PlayCall;a=13,b=4	true
chat_allowed	tut=TopSolo;chat=55:CounterRequest;a=13,b=4	true
chat_allowed	tut=TopSolo;chat=47:PlayCall;a=13,b=5	true
chat_allowed	tut=TopSolo;chat=55:CounterRequest;a=13,b=5	true
chat_allowed	tut=TopSolo;chat=47:PlayCall;a=13,b=6	true
chat_allowed	tut=TopSolo;chat=55:CounterRequest;a=13,b=6	true
chat_allowed	tut=TopSolo;chat=47:PlayCall;a=13,b=7	true
chat_allowed	tut=TopSolo;chat=55:CounterRequest;a=13,b=7	true
chat_allowed	tut=TopSolo;chat=47:PlayCall;a=13,b=8	true
chat_allowed	tut=TopSolo;chat=55:CounterRequest;a=13,b=8	true
chat_allowed	tut=TopSolo;chat=47:PlayCall;a=13,b=9	true
chat_allowed	tut=TopSolo;chat=55:CounterRequest;a=13,b=9	true
chat_allowed	tut=TopSolo;chat=47:PlayCall;a=13,b=10	true
chat_allowed	tut=TopSolo;chat=55:CounterRequest;a=13,b=10	true
chat_allowed	tut=TopSolo;chat=47:PlayCall;a=13,b=11	true
chat_allowed	tut=TopSolo;chat=55:CounterRequest;a=13,b=11	true
chat_allowed	tut=TopSolo;chat=47:PlayCall;a=13,b=12	true
chat_allowed	tut=TopSolo;chat=55:CounterRequest;a=13,b=12	true
chat_allowed	tut=TopSolo;chat=47:PlayCall;a=13,b=13	true
chat_allowed	tut=TopSolo;chat=55:CounterRequest;a=13,b=13	true
chat_allowed	tut=TopSolo;chat=47:PlayCall;a=13,b=14	true
chat_allowed	tut=TopSolo;chat=55:CounterRequest;a=13,b=14	true
chat_allowed	tut=TopSolo;chat=47:PlayCall;a=13,b=15	true
chat_allowed	tut=TopSolo;chat=55:CounterRequest;a=13,b=15	true
chat_allowed	tut=TopSolo;chat=47:PlayCall;a=14,b=0	true
chat_allowed	tut=TopSolo;chat=55:CounterRequest;a=14,b=0	true
chat_allowed	tut=TopSolo;chat=47:PlayCall;a=14,b=1	false
chat_allowed	tut=TopSolo;chat=55:CounterRequest;a=14,b=1	false
chat_allowed	tut=TopSolo;chat=47:PlayCall;a=14,b=2	false
chat_allowed	tut=TopSolo;chat=55:CounterRequest;a=14,b=2	false
chat_allowed	tut=TopSolo;chat=47:PlayCall;a=14,b=3	true
chat_allowed	tut=TopSolo;chat=55:CounterRequest;a=14,b=3	true
chat_allowed	tut=TopSolo;chat=47:PlayCall;a=14,b=4	true
chat_allowed	tut=TopSolo;chat=55:CounterRequest;a=14,b=4	true
chat_allowed	tut=TopSolo;chat=47:PlayCall;a=14,b=5	true
chat_allowed	tut=TopSolo;chat=55:CounterRequest;a=14,b=5	true
chat_allowed	tut=TopSolo;chat=47:PlayCall;a=14,b=6	true
chat_allowed	tut=TopSolo;chat=55:CounterRequest;a=14,b=6	true
chat_allowed	tut=TopSolo;chat=47:PlayCall;a=14,b=7	true
chat_allowed	tut=TopSolo;chat=55:CounterRequest;a=14,b=7	true
chat_allowed	tut=TopSolo;chat=47:PlayCall;a=14,b=8	true
chat_allowed	tut=TopSolo;chat=55:CounterRequest;a=14,b=8	true
chat_allowed	tut=TopSolo;chat=47:PlayCall;a=14,b=9	true
chat_allowed	tut=TopSolo;chat=55:CounterRequest;a=14,b=9	true
chat_allowed	tut=TopSolo;chat=47:PlayCall;a=14,b=10	true
chat_allowed	tut=TopSolo;chat=55:CounterRequest;a=14,b=10	true
chat_allowed	tut=TopSolo;chat=47:PlayCall;a=14,b=11	true
chat_allowed	tut=TopSolo;chat=55:CounterRequest;a=14,b=11	true
chat_allowed	tut=TopSolo;chat=47:PlayCall;a=14,b=12	true
chat_allowed	tut=TopSolo;chat=55:CounterRequest;a=14,b=12	true
chat_allowed	tut=TopSolo;chat=47:PlayCall;a=14,b=13	true
chat_allowed	tut=TopSolo;chat=55:CounterRequest;a=14,b=13	true
chat_allowed	tut=TopSolo;chat=47:PlayCall;a=14,b=14	true
chat_allowed	tut=TopSolo;chat=55:CounterRequest;a=14,b=14	true
chat_allowed	tut=TopSolo;chat=47:PlayCall;a=14,b=15	true
chat_allowed	tut=TopSolo;chat=55:CounterRequest;a=14,b=15	true
chat_allowed	tut=TopSolo;chat=47:PlayCall;a=15,b=0	true
chat_allowed	tut=TopSolo;chat=55:CounterRequest;a=15,b=0	true
chat_allowed	tut=TopSolo;chat=47:PlayCall;a=15,b=1	false
chat_allowed	tut=TopSolo;chat=55:CounterRequest;a=15,b=1	false
chat_allowed	tut=TopSolo;chat=47:PlayCall;a=15,b=2	false
chat_allowed	tut=TopSolo;chat=55:CounterRequest;a=15,b=2	false
chat_allowed	tut=TopSolo;chat=47:PlayCall;a=15,b=3	true
chat_allowed	tut=TopSolo;chat=55:CounterRequest;a=15,b=3	true
chat_allowed	tut=TopSolo;chat=47:PlayCall;a=15,b=4	true
chat_allowed	tut=TopSolo;chat=55:CounterRequest;a=15,b=4	true
chat_allowed	tut=TopSolo;chat=47:PlayCall;a=15,b=5	true
chat_allowed	tut=TopSolo;chat=55:CounterRequest;a=15,b=5	true
chat_allowed	tut=TopSolo;chat=47:PlayCall;a=15,b=6	true
chat_allowed	tut=TopSolo;chat=55:CounterRequest;a=15,b=6	true
chat_allowed	tut=TopSolo;chat=47:PlayCall;a=15,b=7	true
chat_allowed	tut=TopSolo;chat=55:CounterRequest;a=15,b=7	true
chat_allowed	tut=TopSolo;chat=47:PlayCall;a=15,b=8	true
chat_allowed	tut=TopSolo;chat=55:CounterRequest;a=15,b=8	true
chat_allowed	tut=TopSolo;chat=47:PlayCall;a=15,b=9	true
chat_allowed	tut=TopSolo;chat=55:CounterRequest;a=15,b=9	true
chat_allowed	tut=TopSolo;chat=47:PlayCall;a=15,b=10	true
chat_allowed	tut=TopSolo;chat=55:CounterRequest;a=15,b=10	true
chat_allowed	tut=TopSolo;chat=47:PlayCall;a=15,b=11	true
chat_allowed	tut=TopSolo;chat=55:CounterRequest;a=15,b=11	true
chat_allowed	tut=TopSolo;chat=47:PlayCall;a=15,b=12	true
chat_allowed	tut=TopSolo;chat=55:CounterRequest;a=15,b=12	true
chat_allowed	tut=TopSolo;chat=47:PlayCall;a=15,b=13	true
chat_allowed	tut=TopSolo;chat=55:CounterRequest;a=15,b=13	true
chat_allowed	tut=TopSolo;chat=47:PlayCall;a=15,b=14	true
chat_allowed	tut=TopSolo;chat=55:CounterRequest;a=15,b=14	true
chat_allowed	tut=TopSolo;chat=47:PlayCall;a=15,b=15	true
chat_allowed	tut=TopSolo;chat=55:CounterRequest;a=15,b=15	true
chat_allowed	tut=TopSolo;chat=51:EarlyPlan;a=0	true
chat_allowed	tut=TopSolo;chat=52:EarlyPlanChange;a=0	true
chat_allowed	tut=TopSolo;chat=51:EarlyPlan;a=1	true
chat_allowed	tut=TopSolo;chat=52:EarlyPlanChange;a=1	true
chat_allowed	tut=TopSolo;chat=51:EarlyPlan;a=2	false
chat_allowed	tut=TopSolo;chat=52:EarlyPlanChange;a=2	true
chat_allowed	tut=TopSolo;chat=51:EarlyPlan;a=3	false
chat_allowed	tut=TopSolo;chat=52:EarlyPlanChange;a=3	true
chat_allowed	tut=TopSolo;chat=51:EarlyPlan;a=4	false
chat_allowed	tut=TopSolo;chat=52:EarlyPlanChange;a=4	true
chat_allowed	tut=TopSolo;chat=51:EarlyPlan;a=5	true
chat_allowed	tut=TopSolo;chat=52:EarlyPlanChange;a=5	true
chat_allowed	tut=TopSolo;chat=51:EarlyPlan;a=6	true
chat_allowed	tut=TopSolo;chat=52:EarlyPlanChange;a=6	true
chat_allowed	tut=TopSolo;chat=51:EarlyPlan;a=7	true
chat_allowed	tut=TopSolo;chat=52:EarlyPlanChange;a=7	true
chat_allowed	tut=TopSolo;chat=51:EarlyPlan;a=8	true
chat_allowed	tut=TopSolo;chat=52:EarlyPlanChange;a=8	true
chat_allowed	tut=TopSolo;chat=51:EarlyPlan;a=9	true
chat_allowed	tut=TopSolo;chat=52:EarlyPlanChange;a=9	true
chat_allowed	tut=TopSolo;chat=51:EarlyPlan;a=10	true
chat_allowed	tut=TopSolo;chat=52:EarlyPlanChange;a=10	true
chat_allowed	tut=TopSolo;chat=51:EarlyPlan;a=11	true
chat_allowed	tut=TopSolo;chat=52:EarlyPlanChange;a=11	true
chat_allowed	tut=TopSolo;chat=51:EarlyPlan;a=12	true
chat_allowed	tut=TopSolo;chat=52:EarlyPlanChange;a=12	true
chat_allowed	tut=TopSolo;chat=51:EarlyPlan;a=13	true
chat_allowed	tut=TopSolo;chat=52:EarlyPlanChange;a=13	true
chat_allowed	tut=TopSolo;chat=51:EarlyPlan;a=14	true
chat_allowed	tut=TopSolo;chat=52:EarlyPlanChange;a=14	true
chat_allowed	tut=TopSolo;chat=51:EarlyPlan;a=15	true
chat_allowed	tut=TopSolo;chat=52:EarlyPlanChange;a=15	true
plan_allowed	tut=Bottom;plan=ForcePassive	true
plan_allowed	tut=Bottom;plan=ActiveRecall	true
plan_allowed	tut=Bottom;plan=EpicHuntAndPoke	false
plan_allowed	tut=Bottom;plan=EpicHuntAndBattle	false
plan_allowed	tut=Bottom;plan=SerpenHuntAndPoke	false
plan_allowed	tut=Bottom;plan=SerpenHuntAndBattle	false
plan_allowed	tut=Bottom;plan=AttackNexus(default)	true
plan_allowed	tut=Bottom;plan=DefenseNexus(default)	true
plan_allowed	tut=Bottom;plan=PassiveLine(Mid)	false
plan_allowed	tut=Bottom;plan=SinglePlanLine(Mid)	false
plan_allowed	tut=Bottom;plan=LineGanker(Mid)	false
plan_allowed	tut=Bottom;plan=LineGankCover(Mid)	false
plan_allowed	tut=Bottom;plan=PassiveLine(Bottom)	true
plan_allowed	tut=Bottom;plan=SinglePlanLine(Bottom)	true
plan_allowed	tut=Bottom;plan=LineGanker(Bottom)	true
plan_allowed	tut=Bottom;plan=LineGankCover(Bottom)	true
plan_allowed	tut=Bottom;plan=PassiveLine(Top)	false
plan_allowed	tut=Bottom;plan=SinglePlanLine(Top)	false
plan_allowed	tut=Bottom;plan=LineGanker(Top)	false
plan_allowed	tut=Bottom;plan=LineGankCover(Top)	false
plan_allowed	tut=Bottom;plan=PassiveJungle(Rhino,0)	false
plan_allowed	tut=Bottom;plan=PassiveJungle(Rhino,1)	false
plan_allowed	tut=Bottom;plan=PassiveJungle(Mushroom,0)	false
plan_allowed	tut=Bottom;plan=PassiveJungle(Mushroom,1)	false
plan_allowed	tut=Bottom;plan=PassiveJungle(Stump,0)	false
plan_allowed	tut=Bottom;plan=PassiveJungle(Stump,1)	false
plan_allowed	tut=Bottom;plan=PassiveJungle(Bee,0)	false
plan_allowed	tut=Bottom;plan=PassiveJungle(Bee,1)	false
plan_allowed	tut=Bottom;plan=PassiveJungle(Morgard,0)	false
plan_allowed	tut=Bottom;plan=PassiveJungle(Morgard,1)	false
plan_allowed	tut=Bottom;plan=PassiveJungle(Serpen,0)	false
plan_allowed	tut=Bottom;plan=PassiveJungle(Serpen,1)	false
chat_allowed	tut=Bottom;chat=49:PlayPropose;a=0,b=0,c=0	false
chat_allowed	tut=Bottom;chat=49:PlayPropose;a=0,b=0,c=1	false
chat_allowed	tut=Bottom;chat=49:PlayPropose;a=0,b=0,c=2	false
chat_allowed	tut=Bottom;chat=49:PlayPropose;a=0,b=0,c=3	false
chat_allowed	tut=Bottom;chat=49:PlayPropose;a=0,b=0,c=4	false
chat_allowed	tut=Bottom;chat=49:PlayPropose;a=0,b=0,c=5	false
chat_allowed	tut=Bottom;chat=49:PlayPropose;a=0,b=0,c=6	false
chat_allowed	tut=Bottom;chat=49:PlayPropose;a=0,b=0,c=7	false
chat_allowed	tut=Bottom;chat=49:PlayPropose;a=0,b=1,c=0	false
chat_allowed	tut=Bottom;chat=49:PlayPropose;a=0,b=1,c=1	false
chat_allowed	tut=Bottom;chat=49:PlayPropose;a=0,b=1,c=2	false
chat_allowed	tut=Bottom;chat=49:PlayPropose;a=0,b=1,c=3	false
chat_allowed	tut=Bottom;chat=49:PlayPropose;a=0,b=1,c=4	false
chat_allowed	tut=Bottom;chat=49:PlayPropose;a=0,b=1,c=5	false
chat_allowed	tut=Bottom;chat=49:PlayPropose;a=0,b=1,c=6	false
chat_allowed	tut=Bottom;chat=49:PlayPropose;a=0,b=1,c=7	false
chat_allowed	tut=Bottom;chat=49:PlayPropose;a=0,b=2,c=0	false
chat_allowed	tut=Bottom;chat=49:PlayPropose;a=0,b=2,c=1	false
chat_allowed	tut=Bottom;chat=49:PlayPropose;a=0,b=2,c=2	false
chat_allowed	tut=Bottom;chat=49:PlayPropose;a=0,b=2,c=3	false
chat_allowed	tut=Bottom;chat=49:PlayPropose;a=0,b=2,c=4	false
chat_allowed	tut=Bottom;chat=49:PlayPropose;a=0,b=2,c=5	false
chat_allowed	tut=Bottom;chat=49:PlayPropose;a=0,b=2,c=6	false
chat_allowed	tut=Bottom;chat=49:PlayPropose;a=0,b=2,c=7	false
chat_allowed	tut=Bottom;chat=49:PlayPropose;a=0,b=3,c=0	false
chat_allowed	tut=Bottom;chat=49:PlayPropose;a=0,b=3,c=1	false
chat_allowed	tut=Bottom;chat=49:PlayPropose;a=0,b=3,c=2	false
chat_allowed	tut=Bottom;chat=49:PlayPropose;a=0,b=3,c=3	false
chat_allowed	tut=Bottom;chat=49:PlayPropose;a=0,b=3,c=4	false
chat_allowed	tut=Bottom;chat=49:PlayPropose;a=0,b=3,c=5	false
chat_allowed	tut=Bottom;chat=49:PlayPropose;a=0,b=3,c=6	false
chat_allowed	tut=Bottom;chat=49:PlayPropose;a=0,b=3,c=7	false
chat_allowed	tut=Bottom;chat=49:PlayPropose;a=0,b=4,c=0	false
chat_allowed	tut=Bottom;chat=49:PlayPropose;a=0,b=4,c=1	false
chat_allowed	tut=Bottom;chat=49:PlayPropose;a=0,b=4,c=2	false
chat_allowed	tut=Bottom;chat=49:PlayPropose;a=0,b=4,c=3	false
chat_allowed	tut=Bottom;chat=49:PlayPropose;a=0,b=4,c=4	false
chat_allowed	tut=Bottom;chat=49:PlayPropose;a=0,b=4,c=5	false
chat_allowed	tut=Bottom;chat=49:PlayPropose;a=0,b=4,c=6	false
chat_allowed	tut=Bottom;chat=49:PlayPropose;a=0,b=4,c=7	false
chat_allowed	tut=Bottom;chat=49:PlayPropose;a=0,b=5,c=0	false
chat_allowed	tut=Bottom;chat=49:PlayPropose;a=0,b=5,c=1	false
chat_allowed	tut=Bottom;chat=49:PlayPropose;a=0,b=5,c=2	false
chat_allowed	tut=Bottom;chat=49:PlayPropose;a=0,b=5,c=3	false
chat_allowed	tut=Bottom;chat=49:PlayPropose;a=0,b=5,c=4	false
chat_allowed	tut=Bottom;chat=49:PlayPropose;a=0,b=5,c=5	false
chat_allowed	tut=Bottom;chat=49:PlayPropose;a=0,b=5,c=6	false
chat_allowed	tut=Bottom;chat=49:PlayPropose;a=0,b=5,c=7	false
chat_allowed	tut=Bottom;chat=49:PlayPropose;a=0,b=6,c=0	false
chat_allowed	tut=Bottom;chat=49:PlayPropose;a=0,b=6,c=1	false
chat_allowed	tut=Bottom;chat=49:PlayPropose;a=0,b=6,c=2	false
chat_allowed	tut=Bottom;chat=49:PlayPropose;a=0,b=6,c=3	false
chat_allowed	tut=Bottom;chat=49:PlayPropose;a=0,b=6,c=4	false
chat_allowed	tut=Bottom;chat=49:PlayPropose;a=0,b=6,c=5	false
chat_allowed	tut=Bottom;chat=49:PlayPropose;a=0,b=6,c=6	false
chat_allowed	tut=Bottom;chat=49:PlayPropose;a=0,b=6,c=7	false
chat_allowed	tut=Bottom;chat=49:PlayPropose;a=0,b=7,c=0	false
chat_allowed	tut=Bottom;chat=49:PlayPropose;a=0,b=7,c=1	false
chat_allowed	tut=Bottom;chat=49:PlayPropose;a=0,b=7,c=2	false
chat_allowed	tut=Bottom;chat=49:PlayPropose;a=0,b=7,c=3	false
chat_allowed	tut=Bottom;chat=49:PlayPropose;a=0,b=7,c=4	false
chat_allowed	tut=Bottom;chat=49:PlayPropose;a=0,b=7,c=5	false
chat_allowed	tut=Bottom;chat=49:PlayPropose;a=0,b=7,c=6	false
chat_allowed	tut=Bottom;chat=49:PlayPropose;a=0,b=7,c=7	false
chat_allowed	tut=Bottom;chat=49:PlayPropose;a=1,b=0,c=0	false
chat_allowed	tut=Bottom;chat=49:PlayPropose;a=1,b=0,c=1	false
chat_allowed	tut=Bottom;chat=49:PlayPropose;a=1,b=0,c=2	false
chat_allowed	tut=Bottom;chat=49:PlayPropose;a=1,b=0,c=3	false
chat_allowed	tut=Bottom;chat=49:PlayPropose;a=1,b=0,c=4	false
chat_allowed	tut=Bottom;chat=49:PlayPropose;a=1,b=0,c=5	false
chat_allowed	tut=Bottom;chat=49:PlayPropose;a=1,b=0,c=6	false
chat_allowed	tut=Bottom;chat=49:PlayPropose;a=1,b=0,c=7	false
chat_allowed	tut=Bottom;chat=49:PlayPropose;a=1,b=1,c=0	false
chat_allowed	tut=Bottom;chat=49:PlayPropose;a=1,b=1,c=1	false
chat_allowed	tut=Bottom;chat=49:PlayPropose;a=1,b=1,c=2	false
chat_allowed	tut=Bottom;chat=49:PlayPropose;a=1,b=1,c=3	false
chat_allowed	tut=Bottom;chat=49:PlayPropose;a=1,b=1,c=4	false
chat_allowed	tut=Bottom;chat=49:PlayPropose;a=1,b=1,c=5	false
chat_allowed	tut=Bottom;chat=49:PlayPropose;a=1,b=1,c=6	false
chat_allowed	tut=Bottom;chat=49:PlayPropose;a=1,b=1,c=7	false
chat_allowed	tut=Bottom;chat=49:PlayPropose;a=1,b=2,c=0	false
chat_allowed	tut=Bottom;chat=49:PlayPropose;a=1,b=2,c=1	false
chat_allowed	tut=Bottom;chat=49:PlayPropose;a=1,b=2,c=2	false
chat_allowed	tut=Bottom;chat=49:PlayPropose;a=1,b=2,c=3	false
chat_allowed	tut=Bottom;chat=49:PlayPropose;a=1,b=2,c=4	false
chat_allowed	tut=Bottom;chat=49:PlayPropose;a=1,b=2,c=5	false
chat_allowed	tut=Bottom;chat=49:PlayPropose;a=1,b=2,c=6	false
chat_allowed	tut=Bottom;chat=49:PlayPropose;a=1,b=2,c=7	false
chat_allowed	tut=Bottom;chat=49:PlayPropose;a=1,b=3,c=0	false
chat_allowed	tut=Bottom;chat=49:PlayPropose;a=1,b=3,c=1	false
chat_allowed	tut=Bottom;chat=49:PlayPropose;a=1,b=3,c=2	false
chat_allowed	tut=Bottom;chat=49:PlayPropose;a=1,b=3,c=3	false
chat_allowed	tut=Bottom;chat=49:PlayPropose;a=1,b=3,c=4	false
chat_allowed	tut=Bottom;chat=49:PlayPropose;a=1,b=3,c=5	false
chat_allowed	tut=Bottom;chat=49:PlayPropose;a=1,b=3,c=6	false
chat_allowed	tut=Bottom;chat=49:PlayPropose;a=1,b=3,c=7	false
chat_allowed	tut=Bottom;chat=49:PlayPropose;a=1,b=4,c=0	false
chat_allowed	tut=Bottom;chat=49:PlayPropose;a=1,b=4,c=1	false
chat_allowed	tut=Bottom;chat=49:PlayPropose;a=1,b=4,c=2	false
chat_allowed	tut=Bottom;chat=49:PlayPropose;a=1,b=4,c=3	false
chat_allowed	tut=Bottom;chat=49:PlayPropose;a=1,b=4,c=4	false
chat_allowed	tut=Bottom;chat=49:PlayPropose;a=1,b=4,c=5	false
chat_allowed	tut=Bottom;chat=49:PlayPropose;a=1,b=4,c=6	false
chat_allowed	tut=Bottom;chat=49:PlayPropose;a=1,b=4,c=7	false
chat_allowed	tut=Bottom;chat=49:PlayPropose;a=1,b=5,c=0	false
chat_allowed	tut=Bottom;chat=49:PlayPropose;a=1,b=5,c=1	false
chat_allowed	tut=Bottom;chat=49:PlayPropose;a=1,b=5,c=2	false
chat_allowed	tut=Bottom;chat=49:PlayPropose;a=1,b=5,c=3	false
chat_allowed	tut=Bottom;chat=49:PlayPropose;a=1,b=5,c=4	false
chat_allowed	tut=Bottom;chat=49:PlayPropose;a=1,b=5,c=5	false
chat_allowed	tut=Bottom;chat=49:PlayPropose;a=1,b=5,c=6	false
chat_allowed	tut=Bottom;chat=49:PlayPropose;a=1,b=5,c=7	false
chat_allowed	tut=Bottom;chat=49:PlayPropose;a=1,b=6,c=0	false
chat_allowed	tut=Bottom;chat=49:PlayPropose;a=1,b=6,c=1	false
chat_allowed	tut=Bottom;chat=49:PlayPropose;a=1,b=6,c=2	false
chat_allowed	tut=Bottom;chat=49:PlayPropose;a=1,b=6,c=3	false
chat_allowed	tut=Bottom;chat=49:PlayPropose;a=1,b=6,c=4	false
chat_allowed	tut=Bottom;chat=49:PlayPropose;a=1,b=6,c=5	false
chat_allowed	tut=Bottom;chat=49:PlayPropose;a=1,b=6,c=6	false
chat_allowed	tut=Bottom;chat=49:PlayPropose;a=1,b=6,c=7	false
chat_allowed	tut=Bottom;chat=49:PlayPropose;a=1,b=7,c=0	false
chat_allowed	tut=Bottom;chat=49:PlayPropose;a=1,b=7,c=1	false
chat_allowed	tut=Bottom;chat=49:PlayPropose;a=1,b=7,c=2	false
chat_allowed	tut=Bottom;chat=49:PlayPropose;a=1,b=7,c=3	false
chat_allowed	tut=Bottom;chat=49:PlayPropose;a=1,b=7,c=4	false
chat_allowed	tut=Bottom;chat=49:PlayPropose;a=1,b=7,c=5	false
chat_allowed	tut=Bottom;chat=49:PlayPropose;a=1,b=7,c=6	false
chat_allowed	tut=Bottom;chat=49:PlayPropose;a=1,b=7,c=7	false
chat_allowed	tut=Bottom;chat=49:PlayPropose;a=2,b=0,c=0	false
chat_allowed	tut=Bottom;chat=49:PlayPropose;a=2,b=0,c=1	false
chat_allowed	tut=Bottom;chat=49:PlayPropose;a=2,b=0,c=2	false
chat_allowed	tut=Bottom;chat=49:PlayPropose;a=2,b=0,c=3	false
chat_allowed	tut=Bottom;chat=49:PlayPropose;a=2,b=0,c=4	false
chat_allowed	tut=Bottom;chat=49:PlayPropose;a=2,b=0,c=5	false
chat_allowed	tut=Bottom;chat=49:PlayPropose;a=2,b=0,c=6	false
chat_allowed	tut=Bottom;chat=49:PlayPropose;a=2,b=0,c=7	false
chat_allowed	tut=Bottom;chat=49:PlayPropose;a=2,b=1,c=0	false
chat_allowed	tut=Bottom;chat=49:PlayPropose;a=2,b=1,c=1	false
chat_allowed	tut=Bottom;chat=49:PlayPropose;a=2,b=1,c=2	false
chat_allowed	tut=Bottom;chat=49:PlayPropose;a=2,b=1,c=3	false
chat_allowed	tut=Bottom;chat=49:PlayPropose;a=2,b=1,c=4	false
chat_allowed	tut=Bottom;chat=49:PlayPropose;a=2,b=1,c=5	false
chat_allowed	tut=Bottom;chat=49:PlayPropose;a=2,b=1,c=6	false
chat_allowed	tut=Bottom;chat=49:PlayPropose;a=2,b=1,c=7	false
chat_allowed	tut=Bottom;chat=49:PlayPropose;a=2,b=2,c=0	false
chat_allowed	tut=Bottom;chat=49:PlayPropose;a=2,b=2,c=1	false
chat_allowed	tut=Bottom;chat=49:PlayPropose;a=2,b=2,c=2	false
chat_allowed	tut=Bottom;chat=49:PlayPropose;a=2,b=2,c=3	false
chat_allowed	tut=Bottom;chat=49:PlayPropose;a=2,b=2,c=4	false
chat_allowed	tut=Bottom;chat=49:PlayPropose;a=2,b=2,c=5	false
chat_allowed	tut=Bottom;chat=49:PlayPropose;a=2,b=2,c=6	false
chat_allowed	tut=Bottom;chat=49:PlayPropose;a=2,b=2,c=7	false
chat_allowed	tut=Bottom;chat=49:PlayPropose;a=2,b=3,c=0	false
chat_allowed	tut=Bottom;chat=49:PlayPropose;a=2,b=3,c=1	false
chat_allowed	tut=Bottom;chat=49:PlayPropose;a=2,b=3,c=2	false
chat_allowed	tut=Bottom;chat=49:PlayPropose;a=2,b=3,c=3	false
chat_allowed	tut=Bottom;chat=49:PlayPropose;a=2,b=3,c=4	false
chat_allowed	tut=Bottom;chat=49:PlayPropose;a=2,b=3,c=5	false
chat_allowed	tut=Bottom;chat=49:PlayPropose;a=2,b=3,c=6	false
chat_allowed	tut=Bottom;chat=49:PlayPropose;a=2,b=3,c=7	false
chat_allowed	tut=Bottom;chat=49:PlayPropose;a=2,b=4,c=0	false
chat_allowed	tut=Bottom;chat=49:PlayPropose;a=2,b=4,c=1	false
chat_allowed	tut=Bottom;chat=49:PlayPropose;a=2,b=4,c=2	false
chat_allowed	tut=Bottom;chat=49:PlayPropose;a=2,b=4,c=3	false
chat_allowed	tut=Bottom;chat=49:PlayPropose;a=2,b=4,c=4	false
chat_allowed	tut=Bottom;chat=49:PlayPropose;a=2,b=4,c=5	false
chat_allowed	tut=Bottom;chat=49:PlayPropose;a=2,b=4,c=6	false
chat_allowed	tut=Bottom;chat=49:PlayPropose;a=2,b=4,c=7	false
chat_allowed	tut=Bottom;chat=49:PlayPropose;a=2,b=5,c=0	false
chat_allowed	tut=Bottom;chat=49:PlayPropose;a=2,b=5,c=1	false
chat_allowed	tut=Bottom;chat=49:PlayPropose;a=2,b=5,c=2	false
chat_allowed	tut=Bottom;chat=49:PlayPropose;a=2,b=5,c=3	false
chat_allowed	tut=Bottom;chat=49:PlayPropose;a=2,b=5,c=4	false
chat_allowed	tut=Bottom;chat=49:PlayPropose;a=2,b=5,c=5	false
chat_allowed	tut=Bottom;chat=49:PlayPropose;a=2,b=5,c=6	false
chat_allowed	tut=Bottom;chat=49:PlayPropose;a=2,b=5,c=7	false
chat_allowed	tut=Bottom;chat=49:PlayPropose;a=2,b=6,c=0	false
chat_allowed	tut=Bottom;chat=49:PlayPropose;a=2,b=6,c=1	false
chat_allowed	tut=Bottom;chat=49:PlayPropose;a=2,b=6,c=2	false
chat_allowed	tut=Bottom;chat=49:PlayPropose;a=2,b=6,c=3	false
chat_allowed	tut=Bottom;chat=49:PlayPropose;a=2,b=6,c=4	false
chat_allowed	tut=Bottom;chat=49:PlayPropose;a=2,b=6,c=5	false
chat_allowed	tut=Bottom;chat=49:PlayPropose;a=2,b=6,c=6	false
chat_allowed	tut=Bottom;chat=49:PlayPropose;a=2,b=6,c=7	false
chat_allowed	tut=Bottom;chat=49:PlayPropose;a=2,b=7,c=0	false
chat_allowed	tut=Bottom;chat=49:PlayPropose;a=2,b=7,c=1	false
chat_allowed	tut=Bottom;chat=49:PlayPropose;a=2,b=7,c=2	false
chat_allowed	tut=Bottom;chat=49:PlayPropose;a=2,b=7,c=3	false
chat_allowed	tut=Bottom;chat=49:PlayPropose;a=2,b=7,c=4	false
chat_allowed	tut=Bottom;chat=49:PlayPropose;a=2,b=7,c=5	false
chat_allowed	tut=Bottom;chat=49:PlayPropose;a=2,b=7,c=6	false
chat_allowed	tut=Bottom;chat=49:PlayPropose;a=2,b=7,c=7	false
chat_allowed	tut=Bottom;chat=49:PlayPropose;a=3,b=0,c=0	false
chat_allowed	tut=Bottom;chat=49:PlayPropose;a=3,b=0,c=1	false
chat_allowed	tut=Bottom;chat=49:PlayPropose;a=3,b=0,c=2	false
chat_allowed	tut=Bottom;chat=49:PlayPropose;a=3,b=0,c=3	false
chat_allowed	tut=Bottom;chat=49:PlayPropose;a=3,b=0,c=4	false
chat_allowed	tut=Bottom;chat=49:PlayPropose;a=3,b=0,c=5	false
chat_allowed	tut=Bottom;chat=49:PlayPropose;a=3,b=0,c=6	false
chat_allowed	tut=Bottom;chat=49:PlayPropose;a=3,b=0,c=7	false
chat_allowed	tut=Bottom;chat=49:PlayPropose;a=3,b=1,c=0	false
chat_allowed	tut=Bottom;chat=49:PlayPropose;a=3,b=1,c=1	false
chat_allowed	tut=Bottom;chat=49:PlayPropose;a=3,b=1,c=2	false
chat_allowed	tut=Bottom;chat=49:PlayPropose;a=3,b=1,c=3	false
chat_allowed	tut=Bottom;chat=49:PlayPropose;a=3,b=1,c=4	false
chat_allowed	tut=Bottom;chat=49:PlayPropose;a=3,b=1,c=5	false
chat_allowed	tut=Bottom;chat=49:PlayPropose;a=3,b=1,c=6	false
chat_allowed	tut=Bottom;chat=49:PlayPropose;a=3,b=1,c=7	false
chat_allowed	tut=Bottom;chat=49:PlayPropose;a=3,b=2,c=0	false
chat_allowed	tut=Bottom;chat=49:PlayPropose;a=3,b=2,c=1	false
chat_allowed	tut=Bottom;chat=49:PlayPropose;a=3,b=2,c=2	false
chat_allowed	tut=Bottom;chat=49:PlayPropose;a=3,b=2,c=3	false
chat_allowed	tut=Bottom;chat=49:PlayPropose;a=3,b=2,c=4	false
chat_allowed	tut=Bottom;chat=49:PlayPropose;a=3,b=2,c=5	false
chat_allowed	tut=Bottom;chat=49:PlayPropose;a=3,b=2,c=6	false
chat_allowed	tut=Bottom;chat=49:PlayPropose;a=3,b=2,c=7	false
chat_allowed	tut=Bottom;chat=49:PlayPropose;a=3,b=3,c=0	false
chat_allowed	tut=Bottom;chat=49:PlayPropose;a=3,b=3,c=1	false
chat_allowed	tut=Bottom;chat=49:PlayPropose;a=3,b=3,c=2	false
chat_allowed	tut=Bottom;chat=49:PlayPropose;a=3,b=3,c=3	false
chat_allowed	tut=Bottom;chat=49:PlayPropose;a=3,b=3,c=4	false
chat_allowed	tut=Bottom;chat=49:PlayPropose;a=3,b=3,c=5	false
chat_allowed	tut=Bottom;chat=49:PlayPropose;a=3,b=3,c=6	false
chat_allowed	tut=Bottom;chat=49:PlayPropose;a=3,b=3,c=7	false
chat_allowed	tut=Bottom;chat=49:PlayPropose;a=3,b=4,c=0	false
chat_allowed	tut=Bottom;chat=49:PlayPropose;a=3,b=4,c=1	false
chat_allowed	tut=Bottom;chat=49:PlayPropose;a=3,b=4,c=2	false
chat_allowed	tut=Bottom;chat=49:PlayPropose;a=3,b=4,c=3	false
chat_allowed	tut=Bottom;chat=49:PlayPropose;a=3,b=4,c=4	false
chat_allowed	tut=Bottom;chat=49:PlayPropose;a=3,b=4,c=5	false
chat_allowed	tut=Bottom;chat=49:PlayPropose;a=3,b=4,c=6	false
chat_allowed	tut=Bottom;chat=49:PlayPropose;a=3,b=4,c=7	false
chat_allowed	tut=Bottom;chat=49:PlayPropose;a=3,b=5,c=0	false
chat_allowed	tut=Bottom;chat=49:PlayPropose;a=3,b=5,c=1	false
chat_allowed	tut=Bottom;chat=49:PlayPropose;a=3,b=5,c=2	false
chat_allowed	tut=Bottom;chat=49:PlayPropose;a=3,b=5,c=3	false
chat_allowed	tut=Bottom;chat=49:PlayPropose;a=3,b=5,c=4	false
chat_allowed	tut=Bottom;chat=49:PlayPropose;a=3,b=5,c=5	false
chat_allowed	tut=Bottom;chat=49:PlayPropose;a=3,b=5,c=6	false
chat_allowed	tut=Bottom;chat=49:PlayPropose;a=3,b=5,c=7	false
chat_allowed	tut=Bottom;chat=49:PlayPropose;a=3,b=6,c=0	false
chat_allowed	tut=Bottom;chat=49:PlayPropose;a=3,b=6,c=1	false
chat_allowed	tut=Bottom;chat=49:PlayPropose;a=3,b=6,c=2	false
chat_allowed	tut=Bottom;chat=49:PlayPropose;a=3,b=6,c=3	false
chat_allowed	tut=Bottom;chat=49:PlayPropose;a=3,b=6,c=4	false
chat_allowed	tut=Bottom;chat=49:PlayPropose;a=3,b=6,c=5	false
chat_allowed	tut=Bottom;chat=49:PlayPropose;a=3,b=6,c=6	false
chat_allowed	tut=Bottom;chat=49:PlayPropose;a=3,b=6,c=7	false
chat_allowed	tut=Bottom;chat=49:PlayPropose;a=3,b=7,c=0	false
chat_allowed	tut=Bottom;chat=49:PlayPropose;a=3,b=7,c=1	false
chat_allowed	tut=Bottom;chat=49:PlayPropose;a=3,b=7,c=2	false
chat_allowed	tut=Bottom;chat=49:PlayPropose;a=3,b=7,c=3	false
chat_allowed	tut=Bottom;chat=49:PlayPropose;a=3,b=7,c=4	false
chat_allowed	tut=Bottom;chat=49:PlayPropose;a=3,b=7,c=5	false
chat_allowed	tut=Bottom;chat=49:PlayPropose;a=3,b=7,c=6	false
chat_allowed	tut=Bottom;chat=49:PlayPropose;a=3,b=7,c=7	false
chat_allowed	tut=Bottom;chat=49:PlayPropose;a=4,b=0,c=0	false
chat_allowed	tut=Bottom;chat=49:PlayPropose;a=4,b=0,c=1	false
chat_allowed	tut=Bottom;chat=49:PlayPropose;a=4,b=0,c=2	false
chat_allowed	tut=Bottom;chat=49:PlayPropose;a=4,b=0,c=3	false
chat_allowed	tut=Bottom;chat=49:PlayPropose;a=4,b=0,c=4	false
chat_allowed	tut=Bottom;chat=49:PlayPropose;a=4,b=0,c=5	false
chat_allowed	tut=Bottom;chat=49:PlayPropose;a=4,b=0,c=6	false
chat_allowed	tut=Bottom;chat=49:PlayPropose;a=4,b=0,c=7	false
chat_allowed	tut=Bottom;chat=49:PlayPropose;a=4,b=1,c=0	false
chat_allowed	tut=Bottom;chat=49:PlayPropose;a=4,b=1,c=1	false
chat_allowed	tut=Bottom;chat=49:PlayPropose;a=4,b=1,c=2	false
chat_allowed	tut=Bottom;chat=49:PlayPropose;a=4,b=1,c=3	false
chat_allowed	tut=Bottom;chat=49:PlayPropose;a=4,b=1,c=4	false
chat_allowed	tut=Bottom;chat=49:PlayPropose;a=4,b=1,c=5	false
chat_allowed	tut=Bottom;chat=49:PlayPropose;a=4,b=1,c=6	false
chat_allowed	tut=Bottom;chat=49:PlayPropose;a=4,b=1,c=7	false
chat_allowed	tut=Bottom;chat=49:PlayPropose;a=4,b=2,c=0	true
chat_allowed	tut=Bottom;chat=49:PlayPropose;a=4,b=2,c=1	true
chat_allowed	tut=Bottom;chat=49:PlayPropose;a=4,b=2,c=2	true
chat_allowed	tut=Bottom;chat=49:PlayPropose;a=4,b=2,c=3	true
chat_allowed	tut=Bottom;chat=49:PlayPropose;a=4,b=2,c=4	true
chat_allowed	tut=Bottom;chat=49:PlayPropose;a=4,b=2,c=5	true
chat_allowed	tut=Bottom;chat=49:PlayPropose;a=4,b=2,c=6	true
chat_allowed	tut=Bottom;chat=49:PlayPropose;a=4,b=2,c=7	true
chat_allowed	tut=Bottom;chat=49:PlayPropose;a=4,b=3,c=0	true
chat_allowed	tut=Bottom;chat=49:PlayPropose;a=4,b=3,c=1	true
chat_allowed	tut=Bottom;chat=49:PlayPropose;a=4,b=3,c=2	true
chat_allowed	tut=Bottom;chat=49:PlayPropose;a=4,b=3,c=3	true
chat_allowed	tut=Bottom;chat=49:PlayPropose;a=4,b=3,c=4	true
chat_allowed	tut=Bottom;chat=49:PlayPropose;a=4,b=3,c=5	true
chat_allowed	tut=Bottom;chat=49:PlayPropose;a=4,b=3,c=6	true
chat_allowed	tut=Bottom;chat=49:PlayPropose;a=4,b=3,c=7	true
chat_allowed	tut=Bottom;chat=49:PlayPropose;a=4,b=4,c=0	true
chat_allowed	tut=Bottom;chat=49:PlayPropose;a=4,b=4,c=1	true
chat_allowed	tut=Bottom;chat=49:PlayPropose;a=4,b=4,c=2	true
chat_allowed	tut=Bottom;chat=49:PlayPropose;a=4,b=4,c=3	true
chat_allowed	tut=Bottom;chat=49:PlayPropose;a=4,b=4,c=4	true
chat_allowed	tut=Bottom;chat=49:PlayPropose;a=4,b=4,c=5	true
chat_allowed	tut=Bottom;chat=49:PlayPropose;a=4,b=4,c=6	true
chat_allowed	tut=Bottom;chat=49:PlayPropose;a=4,b=4,c=7	true
chat_allowed	tut=Bottom;chat=49:PlayPropose;a=4,b=5,c=0	true
chat_allowed	tut=Bottom;chat=49:PlayPropose;a=4,b=5,c=1	true
chat_allowed	tut=Bottom;chat=49:PlayPropose;a=4,b=5,c=2	true
chat_allowed	tut=Bottom;chat=49:PlayPropose;a=4,b=5,c=3	true
chat_allowed	tut=Bottom;chat=49:PlayPropose;a=4,b=5,c=4	true
chat_allowed	tut=Bottom;chat=49:PlayPropose;a=4,b=5,c=5	true
chat_allowed	tut=Bottom;chat=49:PlayPropose;a=4,b=5,c=6	true
chat_allowed	tut=Bottom;chat=49:PlayPropose;a=4,b=5,c=7	true
chat_allowed	tut=Bottom;chat=49:PlayPropose;a=4,b=6,c=0	true
chat_allowed	tut=Bottom;chat=49:PlayPropose;a=4,b=6,c=1	true
chat_allowed	tut=Bottom;chat=49:PlayPropose;a=4,b=6,c=2	true
chat_allowed	tut=Bottom;chat=49:PlayPropose;a=4,b=6,c=3	true
chat_allowed	tut=Bottom;chat=49:PlayPropose;a=4,b=6,c=4	true
chat_allowed	tut=Bottom;chat=49:PlayPropose;a=4,b=6,c=5	true
chat_allowed	tut=Bottom;chat=49:PlayPropose;a=4,b=6,c=6	true
chat_allowed	tut=Bottom;chat=49:PlayPropose;a=4,b=6,c=7	true
chat_allowed	tut=Bottom;chat=49:PlayPropose;a=4,b=7,c=0	true
chat_allowed	tut=Bottom;chat=49:PlayPropose;a=4,b=7,c=1	true
chat_allowed	tut=Bottom;chat=49:PlayPropose;a=4,b=7,c=2	true
chat_allowed	tut=Bottom;chat=49:PlayPropose;a=4,b=7,c=3	true
chat_allowed	tut=Bottom;chat=49:PlayPropose;a=4,b=7,c=4	true
chat_allowed	tut=Bottom;chat=49:PlayPropose;a=4,b=7,c=5	true
chat_allowed	tut=Bottom;chat=49:PlayPropose;a=4,b=7,c=6	true
chat_allowed	tut=Bottom;chat=49:PlayPropose;a=4,b=7,c=7	true
chat_allowed	tut=Bottom;chat=49:PlayPropose;a=5,b=0,c=0	false
chat_allowed	tut=Bottom;chat=49:PlayPropose;a=5,b=0,c=1	false
chat_allowed	tut=Bottom;chat=49:PlayPropose;a=5,b=0,c=2	false
chat_allowed	tut=Bottom;chat=49:PlayPropose;a=5,b=0,c=3	false
chat_allowed	tut=Bottom;chat=49:PlayPropose;a=5,b=0,c=4	false
chat_allowed	tut=Bottom;chat=49:PlayPropose;a=5,b=0,c=5	false
chat_allowed	tut=Bottom;chat=49:PlayPropose;a=5,b=0,c=6	false
chat_allowed	tut=Bottom;chat=49:PlayPropose;a=5,b=0,c=7	false
chat_allowed	tut=Bottom;chat=49:PlayPropose;a=5,b=1,c=0	false
chat_allowed	tut=Bottom;chat=49:PlayPropose;a=5,b=1,c=1	false
chat_allowed	tut=Bottom;chat=49:PlayPropose;a=5,b=1,c=2	false
chat_allowed	tut=Bottom;chat=49:PlayPropose;a=5,b=1,c=3	false
chat_allowed	tut=Bottom;chat=49:PlayPropose;a=5,b=1,c=4	false
chat_allowed	tut=Bottom;chat=49:PlayPropose;a=5,b=1,c=5	false
chat_allowed	tut=Bottom;chat=49:PlayPropose;a=5,b=1,c=6	false
chat_allowed	tut=Bottom;chat=49:PlayPropose;a=5,b=1,c=7	false
chat_allowed	tut=Bottom;chat=49:PlayPropose;a=5,b=2,c=0	true
chat_allowed	tut=Bottom;chat=49:PlayPropose;a=5,b=2,c=1	true
chat_allowed	tut=Bottom;chat=49:PlayPropose;a=5,b=2,c=2	true
chat_allowed	tut=Bottom;chat=49:PlayPropose;a=5,b=2,c=3	true
chat_allowed	tut=Bottom;chat=49:PlayPropose;a=5,b=2,c=4	true
chat_allowed	tut=Bottom;chat=49:PlayPropose;a=5,b=2,c=5	true
chat_allowed	tut=Bottom;chat=49:PlayPropose;a=5,b=2,c=6	true
chat_allowed	tut=Bottom;chat=49:PlayPropose;a=5,b=2,c=7	true
chat_allowed	tut=Bottom;chat=49:PlayPropose;a=5,b=3,c=0	true
chat_allowed	tut=Bottom;chat=49:PlayPropose;a=5,b=3,c=1	true
chat_allowed	tut=Bottom;chat=49:PlayPropose;a=5,b=3,c=2	true
chat_allowed	tut=Bottom;chat=49:PlayPropose;a=5,b=3,c=3	true
chat_allowed	tut=Bottom;chat=49:PlayPropose;a=5,b=3,c=4	true
chat_allowed	tut=Bottom;chat=49:PlayPropose;a=5,b=3,c=5	true
chat_allowed	tut=Bottom;chat=49:PlayPropose;a=5,b=3,c=6	true
chat_allowed	tut=Bottom;chat=49:PlayPropose;a=5,b=3,c=7	true
chat_allowed	tut=Bottom;chat=49:PlayPropose;a=5,b=4,c=0	true
chat_allowed	tut=Bottom;chat=49:PlayPropose;a=5,b=4,c=1	true
chat_allowed	tut=Bottom;chat=49:PlayPropose;a=5,b=4,c=2	true
chat_allowed	tut=Bottom;chat=49:PlayPropose;a=5,b=4,c=3	true
chat_allowed	tut=Bottom;chat=49:PlayPropose;a=5,b=4,c=4	true
chat_allowed	tut=Bottom;chat=49:PlayPropose;a=5,b=4,c=5	true
chat_allowed	tut=Bottom;chat=49:PlayPropose;a=5,b=4,c=6	true
chat_allowed	tut=Bottom;chat=49:PlayPropose;a=5,b=4,c=7	true
chat_allowed	tut=Bottom;chat=49:PlayPropose;a=5,b=5,c=0	true
chat_allowed	tut=Bottom;chat=49:PlayPropose;a=5,b=5,c=1	true
chat_allowed	tut=Bottom;chat=49:PlayPropose;a=5,b=5,c=2	true
chat_allowed	tut=Bottom;chat=49:PlayPropose;a=5,b=5,c=3	true
chat_allowed	tut=Bottom;chat=49:PlayPropose;a=5,b=5,c=4	true
chat_allowed	tut=Bottom;chat=49:PlayPropose;a=5,b=5,c=5	true
chat_allowed	tut=Bottom;chat=49:PlayPropose;a=5,b=5,c=6	true
chat_allowed	tut=Bottom;chat=49:PlayPropose;a=5,b=5,c=7	true
chat_allowed	tut=Bottom;chat=49:PlayPropose;a=5,b=6,c=0	true
chat_allowed	tut=Bottom;chat=49:PlayPropose;a=5,b=6,c=1	true
chat_allowed	tut=Bottom;chat=49:PlayPropose;a=5,b=6,c=2	true
chat_allowed	tut=Bottom;chat=49:PlayPropose;a=5,b=6,c=3	true
chat_allowed	tut=Bottom;chat=49:PlayPropose;a=5,b=6,c=4	true
chat_allowed	tut=Bottom;chat=49:PlayPropose;a=5,b=6,c=5	true
chat_allowed	tut=Bottom;chat=49:PlayPropose;a=5,b=6,c=6	true
chat_allowed	tut=Bottom;chat=49:PlayPropose;a=5,b=6,c=7	true
chat_allowed	tut=Bottom;chat=49:PlayPropose;a=5,b=7,c=0	true
chat_allowed	tut=Bottom;chat=49:PlayPropose;a=5,b=7,c=1	true
chat_allowed	tut=Bottom;chat=49:PlayPropose;a=5,b=7,c=2	true
chat_allowed	tut=Bottom;chat=49:PlayPropose;a=5,b=7,c=3	true
chat_allowed	tut=Bottom;chat=49:PlayPropose;a=5,b=7,c=4	true
chat_allowed	tut=Bottom;chat=49:PlayPropose;a=5,b=7,c=5	true
chat_allowed	tut=Bottom;chat=49:PlayPropose;a=5,b=7,c=6	true
chat_allowed	tut=Bottom;chat=49:PlayPropose;a=5,b=7,c=7	true
chat_allowed	tut=Bottom;chat=49:PlayPropose;a=6,b=0,c=0	false
chat_allowed	tut=Bottom;chat=49:PlayPropose;a=6,b=0,c=1	false
chat_allowed	tut=Bottom;chat=49:PlayPropose;a=6,b=0,c=2	false
chat_allowed	tut=Bottom;chat=49:PlayPropose;a=6,b=0,c=3	false
chat_allowed	tut=Bottom;chat=49:PlayPropose;a=6,b=0,c=4	false
chat_allowed	tut=Bottom;chat=49:PlayPropose;a=6,b=0,c=5	false
chat_allowed	tut=Bottom;chat=49:PlayPropose;a=6,b=0,c=6	false
chat_allowed	tut=Bottom;chat=49:PlayPropose;a=6,b=0,c=7	false
chat_allowed	tut=Bottom;chat=49:PlayPropose;a=6,b=1,c=0	false
chat_allowed	tut=Bottom;chat=49:PlayPropose;a=6,b=1,c=1	false
chat_allowed	tut=Bottom;chat=49:PlayPropose;a=6,b=1,c=2	false
chat_allowed	tut=Bottom;chat=49:PlayPropose;a=6,b=1,c=3	false
chat_allowed	tut=Bottom;chat=49:PlayPropose;a=6,b=1,c=4	false
chat_allowed	tut=Bottom;chat=49:PlayPropose;a=6,b=1,c=5	false
chat_allowed	tut=Bottom;chat=49:PlayPropose;a=6,b=1,c=6	false
chat_allowed	tut=Bottom;chat=49:PlayPropose;a=6,b=1,c=7	false
chat_allowed	tut=Bottom;chat=49:PlayPropose;a=6,b=2,c=0	true
chat_allowed	tut=Bottom;chat=49:PlayPropose;a=6,b=2,c=1	true
chat_allowed	tut=Bottom;chat=49:PlayPropose;a=6,b=2,c=2	true
chat_allowed	tut=Bottom;chat=49:PlayPropose;a=6,b=2,c=3	true
chat_allowed	tut=Bottom;chat=49:PlayPropose;a=6,b=2,c=4	true
chat_allowed	tut=Bottom;chat=49:PlayPropose;a=6,b=2,c=5	true
chat_allowed	tut=Bottom;chat=49:PlayPropose;a=6,b=2,c=6	true
chat_allowed	tut=Bottom;chat=49:PlayPropose;a=6,b=2,c=7	true
chat_allowed	tut=Bottom;chat=49:PlayPropose;a=6,b=3,c=0	true
chat_allowed	tut=Bottom;chat=49:PlayPropose;a=6,b=3,c=1	true
chat_allowed	tut=Bottom;chat=49:PlayPropose;a=6,b=3,c=2	true
chat_allowed	tut=Bottom;chat=49:PlayPropose;a=6,b=3,c=3	true
chat_allowed	tut=Bottom;chat=49:PlayPropose;a=6,b=3,c=4	true
chat_allowed	tut=Bottom;chat=49:PlayPropose;a=6,b=3,c=5	true
chat_allowed	tut=Bottom;chat=49:PlayPropose;a=6,b=3,c=6	true
chat_allowed	tut=Bottom;chat=49:PlayPropose;a=6,b=3,c=7	true
chat_allowed	tut=Bottom;chat=49:PlayPropose;a=6,b=4,c=0	true
chat_allowed	tut=Bottom;chat=49:PlayPropose;a=6,b=4,c=1	true
chat_allowed	tut=Bottom;chat=49:PlayPropose;a=6,b=4,c=2	true
chat_allowed	tut=Bottom;chat=49:PlayPropose;a=6,b=4,c=3	true
chat_allowed	tut=Bottom;chat=49:PlayPropose;a=6,b=4,c=4	true
chat_allowed	tut=Bottom;chat=49:PlayPropose;a=6,b=4,c=5	true
chat_allowed	tut=Bottom;chat=49:PlayPropose;a=6,b=4,c=6	true
chat_allowed	tut=Bottom;chat=49:PlayPropose;a=6,b=4,c=7	true
chat_allowed	tut=Bottom;chat=49:PlayPropose;a=6,b=5,c=0	true
chat_allowed	tut=Bottom;chat=49:PlayPropose;a=6,b=5,c=1	true
chat_allowed	tut=Bottom;chat=49:PlayPropose;a=6,b=5,c=2	true
chat_allowed	tut=Bottom;chat=49:PlayPropose;a=6,b=5,c=3	true
chat_allowed	tut=Bottom;chat=49:PlayPropose;a=6,b=5,c=4	true
chat_allowed	tut=Bottom;chat=49:PlayPropose;a=6,b=5,c=5	true
chat_allowed	tut=Bottom;chat=49:PlayPropose;a=6,b=5,c=6	true
chat_allowed	tut=Bottom;chat=49:PlayPropose;a=6,b=5,c=7	true
chat_allowed	tut=Bottom;chat=49:PlayPropose;a=6,b=6,c=0	true
chat_allowed	tut=Bottom;chat=49:PlayPropose;a=6,b=6,c=1	true
chat_allowed	tut=Bottom;chat=49:PlayPropose;a=6,b=6,c=2	true
chat_allowed	tut=Bottom;chat=49:PlayPropose;a=6,b=6,c=3	true
chat_allowed	tut=Bottom;chat=49:PlayPropose;a=6,b=6,c=4	true
chat_allowed	tut=Bottom;chat=49:PlayPropose;a=6,b=6,c=5	true
chat_allowed	tut=Bottom;chat=49:PlayPropose;a=6,b=6,c=6	true
chat_allowed	tut=Bottom;chat=49:PlayPropose;a=6,b=6,c=7	true
chat_allowed	tut=Bottom;chat=49:PlayPropose;a=6,b=7,c=0	true
chat_allowed	tut=Bottom;chat=49:PlayPropose;a=6,b=7,c=1	true
chat_allowed	tut=Bottom;chat=49:PlayPropose;a=6,b=7,c=2	true
chat_allowed	tut=Bottom;chat=49:PlayPropose;a=6,b=7,c=3	true
chat_allowed	tut=Bottom;chat=49:PlayPropose;a=6,b=7,c=4	true
chat_allowed	tut=Bottom;chat=49:PlayPropose;a=6,b=7,c=5	true
chat_allowed	tut=Bottom;chat=49:PlayPropose;a=6,b=7,c=6	true
chat_allowed	tut=Bottom;chat=49:PlayPropose;a=6,b=7,c=7	true
chat_allowed	tut=Bottom;chat=49:PlayPropose;a=7,b=0,c=0	false
chat_allowed	tut=Bottom;chat=49:PlayPropose;a=7,b=0,c=1	false
chat_allowed	tut=Bottom;chat=49:PlayPropose;a=7,b=0,c=2	false
chat_allowed	tut=Bottom;chat=49:PlayPropose;a=7,b=0,c=3	false
chat_allowed	tut=Bottom;chat=49:PlayPropose;a=7,b=0,c=4	false
chat_allowed	tut=Bottom;chat=49:PlayPropose;a=7,b=0,c=5	false
chat_allowed	tut=Bottom;chat=49:PlayPropose;a=7,b=0,c=6	false
chat_allowed	tut=Bottom;chat=49:PlayPropose;a=7,b=0,c=7	false
chat_allowed	tut=Bottom;chat=49:PlayPropose;a=7,b=1,c=0	false
chat_allowed	tut=Bottom;chat=49:PlayPropose;a=7,b=1,c=1	false
chat_allowed	tut=Bottom;chat=49:PlayPropose;a=7,b=1,c=2	false
chat_allowed	tut=Bottom;chat=49:PlayPropose;a=7,b=1,c=3	false
chat_allowed	tut=Bottom;chat=49:PlayPropose;a=7,b=1,c=4	false
chat_allowed	tut=Bottom;chat=49:PlayPropose;a=7,b=1,c=5	false
chat_allowed	tut=Bottom;chat=49:PlayPropose;a=7,b=1,c=6	false
chat_allowed	tut=Bottom;chat=49:PlayPropose;a=7,b=1,c=7	false
chat_allowed	tut=Bottom;chat=49:PlayPropose;a=7,b=2,c=0	true
chat_allowed	tut=Bottom;chat=49:PlayPropose;a=7,b=2,c=1	true
chat_allowed	tut=Bottom;chat=49:PlayPropose;a=7,b=2,c=2	true
chat_allowed	tut=Bottom;chat=49:PlayPropose;a=7,b=2,c=3	true
chat_allowed	tut=Bottom;chat=49:PlayPropose;a=7,b=2,c=4	true
chat_allowed	tut=Bottom;chat=49:PlayPropose;a=7,b=2,c=5	true
chat_allowed	tut=Bottom;chat=49:PlayPropose;a=7,b=2,c=6	true
chat_allowed	tut=Bottom;chat=49:PlayPropose;a=7,b=2,c=7	true
chat_allowed	tut=Bottom;chat=49:PlayPropose;a=7,b=3,c=0	true
chat_allowed	tut=Bottom;chat=49:PlayPropose;a=7,b=3,c=1	true
chat_allowed	tut=Bottom;chat=49:PlayPropose;a=7,b=3,c=2	true
chat_allowed	tut=Bottom;chat=49:PlayPropose;a=7,b=3,c=3	true
chat_allowed	tut=Bottom;chat=49:PlayPropose;a=7,b=3,c=4	true
chat_allowed	tut=Bottom;chat=49:PlayPropose;a=7,b=3,c=5	true
chat_allowed	tut=Bottom;chat=49:PlayPropose;a=7,b=3,c=6	true
chat_allowed	tut=Bottom;chat=49:PlayPropose;a=7,b=3,c=7	true
chat_allowed	tut=Bottom;chat=49:PlayPropose;a=7,b=4,c=0	true
chat_allowed	tut=Bottom;chat=49:PlayPropose;a=7,b=4,c=1	true
chat_allowed	tut=Bottom;chat=49:PlayPropose;a=7,b=4,c=2	true
chat_allowed	tut=Bottom;chat=49:PlayPropose;a=7,b=4,c=3	true
chat_allowed	tut=Bottom;chat=49:PlayPropose;a=7,b=4,c=4	true
chat_allowed	tut=Bottom;chat=49:PlayPropose;a=7,b=4,c=5	true
chat_allowed	tut=Bottom;chat=49:PlayPropose;a=7,b=4,c=6	true
chat_allowed	tut=Bottom;chat=49:PlayPropose;a=7,b=4,c=7	true
chat_allowed	tut=Bottom;chat=49:PlayPropose;a=7,b=5,c=0	true
chat_allowed	tut=Bottom;chat=49:PlayPropose;a=7,b=5,c=1	true
chat_allowed	tut=Bottom;chat=49:PlayPropose;a=7,b=5,c=2	true
chat_allowed	tut=Bottom;chat=49:PlayPropose;a=7,b=5,c=3	true
chat_allowed	tut=Bottom;chat=49:PlayPropose;a=7,b=5,c=4	true
chat_allowed	tut=Bottom;chat=49:PlayPropose;a=7,b=5,c=5	true
chat_allowed	tut=Bottom;chat=49:PlayPropose;a=7,b=5,c=6	true
chat_allowed	tut=Bottom;chat=49:PlayPropose;a=7,b=5,c=7	true
chat_allowed	tut=Bottom;chat=49:PlayPropose;a=7,b=6,c=0	true
chat_allowed	tut=Bottom;chat=49:PlayPropose;a=7,b=6,c=1	true
chat_allowed	tut=Bottom;chat=49:PlayPropose;a=7,b=6,c=2	true
chat_allowed	tut=Bottom;chat=49:PlayPropose;a=7,b=6,c=3	true
chat_allowed	tut=Bottom;chat=49:PlayPropose;a=7,b=6,c=4	true
chat_allowed	tut=Bottom;chat=49:PlayPropose;a=7,b=6,c=5	true
chat_allowed	tut=Bottom;chat=49:PlayPropose;a=7,b=6,c=6	true
chat_allowed	tut=Bottom;chat=49:PlayPropose;a=7,b=6,c=7	true
chat_allowed	tut=Bottom;chat=49:PlayPropose;a=7,b=7,c=0	true
chat_allowed	tut=Bottom;chat=49:PlayPropose;a=7,b=7,c=1	true
chat_allowed	tut=Bottom;chat=49:PlayPropose;a=7,b=7,c=2	true
chat_allowed	tut=Bottom;chat=49:PlayPropose;a=7,b=7,c=3	true
chat_allowed	tut=Bottom;chat=49:PlayPropose;a=7,b=7,c=4	true
chat_allowed	tut=Bottom;chat=49:PlayPropose;a=7,b=7,c=5	true
chat_allowed	tut=Bottom;chat=49:PlayPropose;a=7,b=7,c=6	true
chat_allowed	tut=Bottom;chat=49:PlayPropose;a=7,b=7,c=7	true
chat_allowed	tut=Bottom;chat=50:GankPlan;line=Mid,a=0	false
chat_allowed	tut=Bottom;chat=50:GankPlan;line=Mid,a=1	false
chat_allowed	tut=Bottom;chat=50:GankPlan;line=Mid,a=2	false
chat_allowed	tut=Bottom;chat=50:GankPlan;line=Mid,a=3	false
chat_allowed	tut=Bottom;chat=50:GankPlan;line=Mid,a=4	false
chat_allowed	tut=Bottom;chat=50:GankPlan;line=Mid,a=5	false
chat_allowed	tut=Bottom;chat=50:GankPlan;line=Mid,a=6	false
chat_allowed	tut=Bottom;chat=50:GankPlan;line=Mid,a=7	false
chat_allowed	tut=Bottom;chat=50:GankPlan;line=Mid,a=8	false
chat_allowed	tut=Bottom;chat=50:GankPlan;line=Mid,a=9	false
chat_allowed	tut=Bottom;chat=50:GankPlan;line=Mid,a=10	false
chat_allowed	tut=Bottom;chat=50:GankPlan;line=Mid,a=11	false
chat_allowed	tut=Bottom;chat=50:GankPlan;line=Mid,a=12	false
chat_allowed	tut=Bottom;chat=50:GankPlan;line=Mid,a=13	false
chat_allowed	tut=Bottom;chat=50:GankPlan;line=Mid,a=14	false
chat_allowed	tut=Bottom;chat=50:GankPlan;line=Mid,a=15	false
chat_allowed	tut=Bottom;chat=50:GankPlan;line=Bottom,a=0	true
chat_allowed	tut=Bottom;chat=50:GankPlan;line=Bottom,a=1	true
chat_allowed	tut=Bottom;chat=50:GankPlan;line=Bottom,a=2	true
chat_allowed	tut=Bottom;chat=50:GankPlan;line=Bottom,a=3	true
chat_allowed	tut=Bottom;chat=50:GankPlan;line=Bottom,a=4	true
chat_allowed	tut=Bottom;chat=50:GankPlan;line=Bottom,a=5	true
chat_allowed	tut=Bottom;chat=50:GankPlan;line=Bottom,a=6	true
chat_allowed	tut=Bottom;chat=50:GankPlan;line=Bottom,a=7	true
chat_allowed	tut=Bottom;chat=50:GankPlan;line=Bottom,a=8	true
chat_allowed	tut=Bottom;chat=50:GankPlan;line=Bottom,a=9	true
chat_allowed	tut=Bottom;chat=50:GankPlan;line=Bottom,a=10	true
chat_allowed	tut=Bottom;chat=50:GankPlan;line=Bottom,a=11	true
chat_allowed	tut=Bottom;chat=50:GankPlan;line=Bottom,a=12	true
chat_allowed	tut=Bottom;chat=50:GankPlan;line=Bottom,a=13	true
chat_allowed	tut=Bottom;chat=50:GankPlan;line=Bottom,a=14	true
chat_allowed	tut=Bottom;chat=50:GankPlan;line=Bottom,a=15	true
chat_allowed	tut=Bottom;chat=50:GankPlan;line=Top,a=0	false
chat_allowed	tut=Bottom;chat=50:GankPlan;line=Top,a=1	false
chat_allowed	tut=Bottom;chat=50:GankPlan;line=Top,a=2	false
chat_allowed	tut=Bottom;chat=50:GankPlan;line=Top,a=3	false
chat_allowed	tut=Bottom;chat=50:GankPlan;line=Top,a=4	false
chat_allowed	tut=Bottom;chat=50:GankPlan;line=Top,a=5	false
chat_allowed	tut=Bottom;chat=50:GankPlan;line=Top,a=6	false
chat_allowed	tut=Bottom;chat=50:GankPlan;line=Top,a=7	false
chat_allowed	tut=Bottom;chat=50:GankPlan;line=Top,a=8	false
chat_allowed	tut=Bottom;chat=50:GankPlan;line=Top,a=9	false
chat_allowed	tut=Bottom;chat=50:GankPlan;line=Top,a=10	false
chat_allowed	tut=Bottom;chat=50:GankPlan;line=Top,a=11	false
chat_allowed	tut=Bottom;chat=50:GankPlan;line=Top,a=12	false
chat_allowed	tut=Bottom;chat=50:GankPlan;line=Top,a=13	false
chat_allowed	tut=Bottom;chat=50:GankPlan;line=Top,a=14	false
chat_allowed	tut=Bottom;chat=50:GankPlan;line=Top,a=15	false
chat_allowed	tut=Bottom;chat=47:PlayCall;a=0,b=0	false
chat_allowed	tut=Bottom;chat=55:CounterRequest;a=0,b=0	false
chat_allowed	tut=Bottom;chat=47:PlayCall;a=0,b=1	false
chat_allowed	tut=Bottom;chat=55:CounterRequest;a=0,b=1	false
chat_allowed	tut=Bottom;chat=47:PlayCall;a=0,b=2	false
chat_allowed	tut=Bottom;chat=55:CounterRequest;a=0,b=2	true
chat_allowed	tut=Bottom;chat=47:PlayCall;a=0,b=3	false
chat_allowed	tut=Bottom;chat=55:CounterRequest;a=0,b=3	true
chat_allowed	tut=Bottom;chat=47:PlayCall;a=0,b=4	false
chat_allowed	tut=Bottom;chat=55:CounterRequest;a=0,b=4	true
chat_allowed	tut=Bottom;chat=47:PlayCall;a=0,b=5	false
chat_allowed	tut=Bottom;chat=55:CounterRequest;a=0,b=5	true
chat_allowed	tut=Bottom;chat=47:PlayCall;a=0,b=6	false
chat_allowed	tut=Bottom;chat=55:CounterRequest;a=0,b=6	true
chat_allowed	tut=Bottom;chat=47:PlayCall;a=0,b=7	false
chat_allowed	tut=Bottom;chat=55:CounterRequest;a=0,b=7	true
chat_allowed	tut=Bottom;chat=47:PlayCall;a=0,b=8	false
chat_allowed	tut=Bottom;chat=55:CounterRequest;a=0,b=8	true
chat_allowed	tut=Bottom;chat=47:PlayCall;a=0,b=9	false
chat_allowed	tut=Bottom;chat=55:CounterRequest;a=0,b=9	true
chat_allowed	tut=Bottom;chat=47:PlayCall;a=0,b=10	false
chat_allowed	tut=Bottom;chat=55:CounterRequest;a=0,b=10	true
chat_allowed	tut=Bottom;chat=47:PlayCall;a=0,b=11	false
chat_allowed	tut=Bottom;chat=55:CounterRequest;a=0,b=11	true
chat_allowed	tut=Bottom;chat=47:PlayCall;a=0,b=12	false
chat_allowed	tut=Bottom;chat=55:CounterRequest;a=0,b=12	true
chat_allowed	tut=Bottom;chat=47:PlayCall;a=0,b=13	false
chat_allowed	tut=Bottom;chat=55:CounterRequest;a=0,b=13	true
chat_allowed	tut=Bottom;chat=47:PlayCall;a=0,b=14	false
chat_allowed	tut=Bottom;chat=55:CounterRequest;a=0,b=14	true
chat_allowed	tut=Bottom;chat=47:PlayCall;a=0,b=15	false
chat_allowed	tut=Bottom;chat=55:CounterRequest;a=0,b=15	true
chat_allowed	tut=Bottom;chat=47:PlayCall;a=1,b=0	false
chat_allowed	tut=Bottom;chat=55:CounterRequest;a=1,b=0	false
chat_allowed	tut=Bottom;chat=47:PlayCall;a=1,b=1	false
chat_allowed	tut=Bottom;chat=55:CounterRequest;a=1,b=1	false
chat_allowed	tut=Bottom;chat=47:PlayCall;a=1,b=2	false
chat_allowed	tut=Bottom;chat=55:CounterRequest;a=1,b=2	true
chat_allowed	tut=Bottom;chat=47:PlayCall;a=1,b=3	false
chat_allowed	tut=Bottom;chat=55:CounterRequest;a=1,b=3	true
chat_allowed	tut=Bottom;chat=47:PlayCall;a=1,b=4	false
chat_allowed	tut=Bottom;chat=55:CounterRequest;a=1,b=4	true
chat_allowed	tut=Bottom;chat=47:PlayCall;a=1,b=5	false
chat_allowed	tut=Bottom;chat=55:CounterRequest;a=1,b=5	true
chat_allowed	tut=Bottom;chat=47:PlayCall;a=1,b=6	false
chat_allowed	tut=Bottom;chat=55:CounterRequest;a=1,b=6	true
chat_allowed	tut=Bottom;chat=47:PlayCall;a=1,b=7	false
chat_allowed	tut=Bottom;chat=55:CounterRequest;a=1,b=7	true
chat_allowed	tut=Bottom;chat=47:PlayCall;a=1,b=8	false
chat_allowed	tut=Bottom;chat=55:CounterRequest;a=1,b=8	true
chat_allowed	tut=Bottom;chat=47:PlayCall;a=1,b=9	false
chat_allowed	tut=Bottom;chat=55:CounterRequest;a=1,b=9	true
chat_allowed	tut=Bottom;chat=47:PlayCall;a=1,b=10	false
chat_allowed	tut=Bottom;chat=55:CounterRequest;a=1,b=10	true
chat_allowed	tut=Bottom;chat=47:PlayCall;a=1,b=11	false
chat_allowed	tut=Bottom;chat=55:CounterRequest;a=1,b=11	true
chat_allowed	tut=Bottom;chat=47:PlayCall;a=1,b=12	false
chat_allowed	tut=Bottom;chat=55:CounterRequest;a=1,b=12	true
chat_allowed	tut=Bottom;chat=47:PlayCall;a=1,b=13	false
chat_allowed	tut=Bottom;chat=55:CounterRequest;a=1,b=13	true
chat_allowed	tut=Bottom;chat=47:PlayCall;a=1,b=14	false
chat_allowed	tut=Bottom;chat=55:CounterRequest;a=1,b=14	true
chat_allowed	tut=Bottom;chat=47:PlayCall;a=1,b=15	false
chat_allowed	tut=Bottom;chat=55:CounterRequest;a=1,b=15	true
chat_allowed	tut=Bottom;chat=47:PlayCall;a=2,b=0	false
chat_allowed	tut=Bottom;chat=55:CounterRequest;a=2,b=0	false
chat_allowed	tut=Bottom;chat=47:PlayCall;a=2,b=1	false
chat_allowed	tut=Bottom;chat=55:CounterRequest;a=2,b=1	false
chat_allowed	tut=Bottom;chat=47:PlayCall;a=2,b=2	false
chat_allowed	tut=Bottom;chat=55:CounterRequest;a=2,b=2	true
chat_allowed	tut=Bottom;chat=47:PlayCall;a=2,b=3	false
chat_allowed	tut=Bottom;chat=55:CounterRequest;a=2,b=3	true
chat_allowed	tut=Bottom;chat=47:PlayCall;a=2,b=4	false
chat_allowed	tut=Bottom;chat=55:CounterRequest;a=2,b=4	true
chat_allowed	tut=Bottom;chat=47:PlayCall;a=2,b=5	false
chat_allowed	tut=Bottom;chat=55:CounterRequest;a=2,b=5	true
chat_allowed	tut=Bottom;chat=47:PlayCall;a=2,b=6	false
chat_allowed	tut=Bottom;chat=55:CounterRequest;a=2,b=6	true
chat_allowed	tut=Bottom;chat=47:PlayCall;a=2,b=7	false
chat_allowed	tut=Bottom;chat=55:CounterRequest;a=2,b=7	true
chat_allowed	tut=Bottom;chat=47:PlayCall;a=2,b=8	false
chat_allowed	tut=Bottom;chat=55:CounterRequest;a=2,b=8	true
chat_allowed	tut=Bottom;chat=47:PlayCall;a=2,b=9	false
chat_allowed	tut=Bottom;chat=55:CounterRequest;a=2,b=9	true
chat_allowed	tut=Bottom;chat=47:PlayCall;a=2,b=10	false
chat_allowed	tut=Bottom;chat=55:CounterRequest;a=2,b=10	true
chat_allowed	tut=Bottom;chat=47:PlayCall;a=2,b=11	false
chat_allowed	tut=Bottom;chat=55:CounterRequest;a=2,b=11	true
chat_allowed	tut=Bottom;chat=47:PlayCall;a=2,b=12	false
chat_allowed	tut=Bottom;chat=55:CounterRequest;a=2,b=12	true
chat_allowed	tut=Bottom;chat=47:PlayCall;a=2,b=13	false
chat_allowed	tut=Bottom;chat=55:CounterRequest;a=2,b=13	true
chat_allowed	tut=Bottom;chat=47:PlayCall;a=2,b=14	false
chat_allowed	tut=Bottom;chat=55:CounterRequest;a=2,b=14	true
chat_allowed	tut=Bottom;chat=47:PlayCall;a=2,b=15	false
chat_allowed	tut=Bottom;chat=55:CounterRequest;a=2,b=15	true
chat_allowed	tut=Bottom;chat=47:PlayCall;a=3,b=0	false
chat_allowed	tut=Bottom;chat=55:CounterRequest;a=3,b=0	false
chat_allowed	tut=Bottom;chat=47:PlayCall;a=3,b=1	false
chat_allowed	tut=Bottom;chat=55:CounterRequest;a=3,b=1	false
chat_allowed	tut=Bottom;chat=47:PlayCall;a=3,b=2	false
chat_allowed	tut=Bottom;chat=55:CounterRequest;a=3,b=2	true
chat_allowed	tut=Bottom;chat=47:PlayCall;a=3,b=3	false
chat_allowed	tut=Bottom;chat=55:CounterRequest;a=3,b=3	true
chat_allowed	tut=Bottom;chat=47:PlayCall;a=3,b=4	false
chat_allowed	tut=Bottom;chat=55:CounterRequest;a=3,b=4	true
chat_allowed	tut=Bottom;chat=47:PlayCall;a=3,b=5	false
chat_allowed	tut=Bottom;chat=55:CounterRequest;a=3,b=5	true
chat_allowed	tut=Bottom;chat=47:PlayCall;a=3,b=6	false
chat_allowed	tut=Bottom;chat=55:CounterRequest;a=3,b=6	true
chat_allowed	tut=Bottom;chat=47:PlayCall;a=3,b=7	false
chat_allowed	tut=Bottom;chat=55:CounterRequest;a=3,b=7	true
chat_allowed	tut=Bottom;chat=47:PlayCall;a=3,b=8	false
chat_allowed	tut=Bottom;chat=55:CounterRequest;a=3,b=8	true
chat_allowed	tut=Bottom;chat=47:PlayCall;a=3,b=9	false
chat_allowed	tut=Bottom;chat=55:CounterRequest;a=3,b=9	true
chat_allowed	tut=Bottom;chat=47:PlayCall;a=3,b=10	false
chat_allowed	tut=Bottom;chat=55:CounterRequest;a=3,b=10	true
chat_allowed	tut=Bottom;chat=47:PlayCall;a=3,b=11	false
chat_allowed	tut=Bottom;chat=55:CounterRequest;a=3,b=11	true
chat_allowed	tut=Bottom;chat=47:PlayCall;a=3,b=12	false
chat_allowed	tut=Bottom;chat=55:CounterRequest;a=3,b=12	true
chat_allowed	tut=Bottom;chat=47:PlayCall;a=3,b=13	false
chat_allowed	tut=Bottom;chat=55:CounterRequest;a=3,b=13	true
chat_allowed	tut=Bottom;chat=47:PlayCall;a=3,b=14	false
chat_allowed	tut=Bottom;chat=55:CounterRequest;a=3,b=14	true
chat_allowed	tut=Bottom;chat=47:PlayCall;a=3,b=15	false
chat_allowed	tut=Bottom;chat=55:CounterRequest;a=3,b=15	true
chat_allowed	tut=Bottom;chat=47:PlayCall;a=4,b=0	false
chat_allowed	tut=Bottom;chat=55:CounterRequest;a=4,b=0	false
chat_allowed	tut=Bottom;chat=47:PlayCall;a=4,b=1	false
chat_allowed	tut=Bottom;chat=55:CounterRequest;a=4,b=1	false
chat_allowed	tut=Bottom;chat=47:PlayCall;a=4,b=2	true
chat_allowed	tut=Bottom;chat=55:CounterRequest;a=4,b=2	true
chat_allowed	tut=Bottom;chat=47:PlayCall;a=4,b=3	true
chat_allowed	tut=Bottom;chat=55:CounterRequest;a=4,b=3	true
chat_allowed	tut=Bottom;chat=47:PlayCall;a=4,b=4	true
chat_allowed	tut=Bottom;chat=55:CounterRequest;a=4,b=4	true
chat_allowed	tut=Bottom;chat=47:PlayCall;a=4,b=5	true
chat_allowed	tut=Bottom;chat=55:CounterRequest;a=4,b=5	true
chat_allowed	tut=Bottom;chat=47:PlayCall;a=4,b=6	true
chat_allowed	tut=Bottom;chat=55:CounterRequest;a=4,b=6	true
chat_allowed	tut=Bottom;chat=47:PlayCall;a=4,b=7	true
chat_allowed	tut=Bottom;chat=55:CounterRequest;a=4,b=7	true
chat_allowed	tut=Bottom;chat=47:PlayCall;a=4,b=8	true
chat_allowed	tut=Bottom;chat=55:CounterRequest;a=4,b=8	true
chat_allowed	tut=Bottom;chat=47:PlayCall;a=4,b=9	true
chat_allowed	tut=Bottom;chat=55:CounterRequest;a=4,b=9	true
chat_allowed	tut=Bottom;chat=47:PlayCall;a=4,b=10	true
chat_allowed	tut=Bottom;chat=55:CounterRequest;a=4,b=10	true
chat_allowed	tut=Bottom;chat=47:PlayCall;a=4,b=11	true
chat_allowed	tut=Bottom;chat=55:CounterRequest;a=4,b=11	true
chat_allowed	tut=Bottom;chat=47:PlayCall;a=4,b=12	true
chat_allowed	tut=Bottom;chat=55:CounterRequest;a=4,b=12	true
chat_allowed	tut=Bottom;chat=47:PlayCall;a=4,b=13	true
chat_allowed	tut=Bottom;chat=55:CounterRequest;a=4,b=13	true
chat_allowed	tut=Bottom;chat=47:PlayCall;a=4,b=14	true
chat_allowed	tut=Bottom;chat=55:CounterRequest;a=4,b=14	true
chat_allowed	tut=Bottom;chat=47:PlayCall;a=4,b=15	true
chat_allowed	tut=Bottom;chat=55:CounterRequest;a=4,b=15	true
chat_allowed	tut=Bottom;chat=47:PlayCall;a=5,b=0	false
chat_allowed	tut=Bottom;chat=55:CounterRequest;a=5,b=0	false
chat_allowed	tut=Bottom;chat=47:PlayCall;a=5,b=1	false
chat_allowed	tut=Bottom;chat=55:CounterRequest;a=5,b=1	false
chat_allowed	tut=Bottom;chat=47:PlayCall;a=5,b=2	true
chat_allowed	tut=Bottom;chat=55:CounterRequest;a=5,b=2	true
chat_allowed	tut=Bottom;chat=47:PlayCall;a=5,b=3	true
chat_allowed	tut=Bottom;chat=55:CounterRequest;a=5,b=3	true
chat_allowed	tut=Bottom;chat=47:PlayCall;a=5,b=4	true
chat_allowed	tut=Bottom;chat=55:CounterRequest;a=5,b=4	true
chat_allowed	tut=Bottom;chat=47:PlayCall;a=5,b=5	true
chat_allowed	tut=Bottom;chat=55:CounterRequest;a=5,b=5	true
chat_allowed	tut=Bottom;chat=47:PlayCall;a=5,b=6	true
chat_allowed	tut=Bottom;chat=55:CounterRequest;a=5,b=6	true
chat_allowed	tut=Bottom;chat=47:PlayCall;a=5,b=7	true
chat_allowed	tut=Bottom;chat=55:CounterRequest;a=5,b=7	true
chat_allowed	tut=Bottom;chat=47:PlayCall;a=5,b=8	true
chat_allowed	tut=Bottom;chat=55:CounterRequest;a=5,b=8	true
chat_allowed	tut=Bottom;chat=47:PlayCall;a=5,b=9	true
chat_allowed	tut=Bottom;chat=55:CounterRequest;a=5,b=9	true
chat_allowed	tut=Bottom;chat=47:PlayCall;a=5,b=10	true
chat_allowed	tut=Bottom;chat=55:CounterRequest;a=5,b=10	true
chat_allowed	tut=Bottom;chat=47:PlayCall;a=5,b=11	true
chat_allowed	tut=Bottom;chat=55:CounterRequest;a=5,b=11	true
chat_allowed	tut=Bottom;chat=47:PlayCall;a=5,b=12	true
chat_allowed	tut=Bottom;chat=55:CounterRequest;a=5,b=12	true
chat_allowed	tut=Bottom;chat=47:PlayCall;a=5,b=13	true
chat_allowed	tut=Bottom;chat=55:CounterRequest;a=5,b=13	true
chat_allowed	tut=Bottom;chat=47:PlayCall;a=5,b=14	true
chat_allowed	tut=Bottom;chat=55:CounterRequest;a=5,b=14	true
chat_allowed	tut=Bottom;chat=47:PlayCall;a=5,b=15	true
chat_allowed	tut=Bottom;chat=55:CounterRequest;a=5,b=15	true
chat_allowed	tut=Bottom;chat=47:PlayCall;a=6,b=0	false
chat_allowed	tut=Bottom;chat=55:CounterRequest;a=6,b=0	false
chat_allowed	tut=Bottom;chat=47:PlayCall;a=6,b=1	false
chat_allowed	tut=Bottom;chat=55:CounterRequest;a=6,b=1	false
chat_allowed	tut=Bottom;chat=47:PlayCall;a=6,b=2	true
chat_allowed	tut=Bottom;chat=55:CounterRequest;a=6,b=2	true
chat_allowed	tut=Bottom;chat=47:PlayCall;a=6,b=3	true
chat_allowed	tut=Bottom;chat=55:CounterRequest;a=6,b=3	true
chat_allowed	tut=Bottom;chat=47:PlayCall;a=6,b=4	true
chat_allowed	tut=Bottom;chat=55:CounterRequest;a=6,b=4	true
chat_allowed	tut=Bottom;chat=47:PlayCall;a=6,b=5	true
chat_allowed	tut=Bottom;chat=55:CounterRequest;a=6,b=5	true
chat_allowed	tut=Bottom;chat=47:PlayCall;a=6,b=6	true
chat_allowed	tut=Bottom;chat=55:CounterRequest;a=6,b=6	true
chat_allowed	tut=Bottom;chat=47:PlayCall;a=6,b=7	true
chat_allowed	tut=Bottom;chat=55:CounterRequest;a=6,b=7	true
chat_allowed	tut=Bottom;chat=47:PlayCall;a=6,b=8	true
chat_allowed	tut=Bottom;chat=55:CounterRequest;a=6,b=8	true
chat_allowed	tut=Bottom;chat=47:PlayCall;a=6,b=9	true
chat_allowed	tut=Bottom;chat=55:CounterRequest;a=6,b=9	true
chat_allowed	tut=Bottom;chat=47:PlayCall;a=6,b=10	true
chat_allowed	tut=Bottom;chat=55:CounterRequest;a=6,b=10	true
chat_allowed	tut=Bottom;chat=47:PlayCall;a=6,b=11	true
chat_allowed	tut=Bottom;chat=55:CounterRequest;a=6,b=11	true
chat_allowed	tut=Bottom;chat=47:PlayCall;a=6,b=12	true
chat_allowed	tut=Bottom;chat=55:CounterRequest;a=6,b=12	true
chat_allowed	tut=Bottom;chat=47:PlayCall;a=6,b=13	true
chat_allowed	tut=Bottom;chat=55:CounterRequest;a=6,b=13	true
chat_allowed	tut=Bottom;chat=47:PlayCall;a=6,b=14	true
chat_allowed	tut=Bottom;chat=55:CounterRequest;a=6,b=14	true
chat_allowed	tut=Bottom;chat=47:PlayCall;a=6,b=15	true
chat_allowed	tut=Bottom;chat=55:CounterRequest;a=6,b=15	true
chat_allowed	tut=Bottom;chat=47:PlayCall;a=7,b=0	false
chat_allowed	tut=Bottom;chat=55:CounterRequest;a=7,b=0	false
chat_allowed	tut=Bottom;chat=47:PlayCall;a=7,b=1	false
chat_allowed	tut=Bottom;chat=55:CounterRequest;a=7,b=1	false
chat_allowed	tut=Bottom;chat=47:PlayCall;a=7,b=2	true
chat_allowed	tut=Bottom;chat=55:CounterRequest;a=7,b=2	true
chat_allowed	tut=Bottom;chat=47:PlayCall;a=7,b=3	true
chat_allowed	tut=Bottom;chat=55:CounterRequest;a=7,b=3	true
chat_allowed	tut=Bottom;chat=47:PlayCall;a=7,b=4	true
chat_allowed	tut=Bottom;chat=55:CounterRequest;a=7,b=4	true
chat_allowed	tut=Bottom;chat=47:PlayCall;a=7,b=5	true
chat_allowed	tut=Bottom;chat=55:CounterRequest;a=7,b=5	true
chat_allowed	tut=Bottom;chat=47:PlayCall;a=7,b=6	true
chat_allowed	tut=Bottom;chat=55:CounterRequest;a=7,b=6	true
chat_allowed	tut=Bottom;chat=47:PlayCall;a=7,b=7	true
chat_allowed	tut=Bottom;chat=55:CounterRequest;a=7,b=7	true
chat_allowed	tut=Bottom;chat=47:PlayCall;a=7,b=8	true
chat_allowed	tut=Bottom;chat=55:CounterRequest;a=7,b=8	true
chat_allowed	tut=Bottom;chat=47:PlayCall;a=7,b=9	true
chat_allowed	tut=Bottom;chat=55:CounterRequest;a=7,b=9	true
chat_allowed	tut=Bottom;chat=47:PlayCall;a=7,b=10	true
chat_allowed	tut=Bottom;chat=55:CounterRequest;a=7,b=10	true
chat_allowed	tut=Bottom;chat=47:PlayCall;a=7,b=11	true
chat_allowed	tut=Bottom;chat=55:CounterRequest;a=7,b=11	true
chat_allowed	tut=Bottom;chat=47:PlayCall;a=7,b=12	true
chat_allowed	tut=Bottom;chat=55:CounterRequest;a=7,b=12	true
chat_allowed	tut=Bottom;chat=47:PlayCall;a=7,b=13	true
chat_allowed	tut=Bottom;chat=55:CounterRequest;a=7,b=13	true
chat_allowed	tut=Bottom;chat=47:PlayCall;a=7,b=14	true
chat_allowed	tut=Bottom;chat=55:CounterRequest;a=7,b=14	true
chat_allowed	tut=Bottom;chat=47:PlayCall;a=7,b=15	true
chat_allowed	tut=Bottom;chat=55:CounterRequest;a=7,b=15	true
chat_allowed	tut=Bottom;chat=47:PlayCall;a=8,b=0	false
chat_allowed	tut=Bottom;chat=55:CounterRequest;a=8,b=0	false
chat_allowed	tut=Bottom;chat=47:PlayCall;a=8,b=1	false
chat_allowed	tut=Bottom;chat=55:CounterRequest;a=8,b=1	false
chat_allowed	tut=Bottom;chat=47:PlayCall;a=8,b=2	true
chat_allowed	tut=Bottom;chat=55:CounterRequest;a=8,b=2	true
chat_allowed	tut=Bottom;chat=47:PlayCall;a=8,b=3	true
chat_allowed	tut=Bottom;chat=55:CounterRequest;a=8,b=3	true
chat_allowed	tut=Bottom;chat=47:PlayCall;a=8,b=4	true
chat_allowed	tut=Bottom;chat=55:CounterRequest;a=8,b=4	true
chat_allowed	tut=Bottom;chat=47:PlayCall;a=8,b=5	true
chat_allowed	tut=Bottom;chat=55:CounterRequest;a=8,b=5	true
chat_allowed	tut=Bottom;chat=47:PlayCall;a=8,b=6	true
chat_allowed	tut=Bottom;chat=55:CounterRequest;a=8,b=6	true
chat_allowed	tut=Bottom;chat=47:PlayCall;a=8,b=7	true
chat_allowed	tut=Bottom;chat=55:CounterRequest;a=8,b=7	true
chat_allowed	tut=Bottom;chat=47:PlayCall;a=8,b=8	true
chat_allowed	tut=Bottom;chat=55:CounterRequest;a=8,b=8	true
chat_allowed	tut=Bottom;chat=47:PlayCall;a=8,b=9	true
chat_allowed	tut=Bottom;chat=55:CounterRequest;a=8,b=9	true
chat_allowed	tut=Bottom;chat=47:PlayCall;a=8,b=10	true
chat_allowed	tut=Bottom;chat=55:CounterRequest;a=8,b=10	true
chat_allowed	tut=Bottom;chat=47:PlayCall;a=8,b=11	true
chat_allowed	tut=Bottom;chat=55:CounterRequest;a=8,b=11	true
chat_allowed	tut=Bottom;chat=47:PlayCall;a=8,b=12	true
chat_allowed	tut=Bottom;chat=55:CounterRequest;a=8,b=12	true
chat_allowed	tut=Bottom;chat=47:PlayCall;a=8,b=13	true
chat_allowed	tut=Bottom;chat=55:CounterRequest;a=8,b=13	true
chat_allowed	tut=Bottom;chat=47:PlayCall;a=8,b=14	true
chat_allowed	tut=Bottom;chat=55:CounterRequest;a=8,b=14	true
chat_allowed	tut=Bottom;chat=47:PlayCall;a=8,b=15	true
chat_allowed	tut=Bottom;chat=55:CounterRequest;a=8,b=15	true
chat_allowed	tut=Bottom;chat=47:PlayCall;a=9,b=0	false
chat_allowed	tut=Bottom;chat=55:CounterRequest;a=9,b=0	false
chat_allowed	tut=Bottom;chat=47:PlayCall;a=9,b=1	false
chat_allowed	tut=Bottom;chat=55:CounterRequest;a=9,b=1	false
chat_allowed	tut=Bottom;chat=47:PlayCall;a=9,b=2	true
chat_allowed	tut=Bottom;chat=55:CounterRequest;a=9,b=2	true
chat_allowed	tut=Bottom;chat=47:PlayCall;a=9,b=3	true
chat_allowed	tut=Bottom;chat=55:CounterRequest;a=9,b=3	true
chat_allowed	tut=Bottom;chat=47:PlayCall;a=9,b=4	true
chat_allowed	tut=Bottom;chat=55:CounterRequest;a=9,b=4	true
chat_allowed	tut=Bottom;chat=47:PlayCall;a=9,b=5	true
chat_allowed	tut=Bottom;chat=55:CounterRequest;a=9,b=5	true
chat_allowed	tut=Bottom;chat=47:PlayCall;a=9,b=6	true
chat_allowed	tut=Bottom;chat=55:CounterRequest;a=9,b=6	true
chat_allowed	tut=Bottom;chat=47:PlayCall;a=9,b=7	true
chat_allowed	tut=Bottom;chat=55:CounterRequest;a=9,b=7	true
chat_allowed	tut=Bottom;chat=47:PlayCall;a=9,b=8	true
chat_allowed	tut=Bottom;chat=55:CounterRequest;a=9,b=8	true
chat_allowed	tut=Bottom;chat=47:PlayCall;a=9,b=9	true
chat_allowed	tut=Bottom;chat=55:CounterRequest;a=9,b=9	true
chat_allowed	tut=Bottom;chat=47:PlayCall;a=9,b=10	true
chat_allowed	tut=Bottom;chat=55:CounterRequest;a=9,b=10	true
chat_allowed	tut=Bottom;chat=47:PlayCall;a=9,b=11	true
chat_allowed	tut=Bottom;chat=55:CounterRequest;a=9,b=11	true
chat_allowed	tut=Bottom;chat=47:PlayCall;a=9,b=12	true
chat_allowed	tut=Bottom;chat=55:CounterRequest;a=9,b=12	true
chat_allowed	tut=Bottom;chat=47:PlayCall;a=9,b=13	true
chat_allowed	tut=Bottom;chat=55:CounterRequest;a=9,b=13	true
chat_allowed	tut=Bottom;chat=47:PlayCall;a=9,b=14	true
chat_allowed	tut=Bottom;chat=55:CounterRequest;a=9,b=14	true
chat_allowed	tut=Bottom;chat=47:PlayCall;a=9,b=15	true
chat_allowed	tut=Bottom;chat=55:CounterRequest;a=9,b=15	true
chat_allowed	tut=Bottom;chat=47:PlayCall;a=10,b=0	false
chat_allowed	tut=Bottom;chat=55:CounterRequest;a=10,b=0	false
chat_allowed	tut=Bottom;chat=47:PlayCall;a=10,b=1	false
chat_allowed	tut=Bottom;chat=55:CounterRequest;a=10,b=1	false
chat_allowed	tut=Bottom;chat=47:PlayCall;a=10,b=2	true
chat_allowed	tut=Bottom;chat=55:CounterRequest;a=10,b=2	true
chat_allowed	tut=Bottom;chat=47:PlayCall;a=10,b=3	true
chat_allowed	tut=Bottom;chat=55:CounterRequest;a=10,b=3	true
chat_allowed	tut=Bottom;chat=47:PlayCall;a=10,b=4	true
chat_allowed	tut=Bottom;chat=55:CounterRequest;a=10,b=4	true
chat_allowed	tut=Bottom;chat=47:PlayCall;a=10,b=5	true
chat_allowed	tut=Bottom;chat=55:CounterRequest;a=10,b=5	true
chat_allowed	tut=Bottom;chat=47:PlayCall;a=10,b=6	true
chat_allowed	tut=Bottom;chat=55:CounterRequest;a=10,b=6	true
chat_allowed	tut=Bottom;chat=47:PlayCall;a=10,b=7	true
chat_allowed	tut=Bottom;chat=55:CounterRequest;a=10,b=7	true
chat_allowed	tut=Bottom;chat=47:PlayCall;a=10,b=8	true
chat_allowed	tut=Bottom;chat=55:CounterRequest;a=10,b=8	true
chat_allowed	tut=Bottom;chat=47:PlayCall;a=10,b=9	true
chat_allowed	tut=Bottom;chat=55:CounterRequest;a=10,b=9	true
chat_allowed	tut=Bottom;chat=47:PlayCall;a=10,b=10	true
chat_allowed	tut=Bottom;chat=55:CounterRequest;a=10,b=10	true
chat_allowed	tut=Bottom;chat=47:PlayCall;a=10,b=11	true
chat_allowed	tut=Bottom;chat=55:CounterRequest;a=10,b=11	true
chat_allowed	tut=Bottom;chat=47:PlayCall;a=10,b=12	true
chat_allowed	tut=Bottom;chat=55:CounterRequest;a=10,b=12	true
chat_allowed	tut=Bottom;chat=47:PlayCall;a=10,b=13	true
chat_allowed	tut=Bottom;chat=55:CounterRequest;a=10,b=13	true
chat_allowed	tut=Bottom;chat=47:PlayCall;a=10,b=14	true
chat_allowed	tut=Bottom;chat=55:CounterRequest;a=10,b=14	true
chat_allowed	tut=Bottom;chat=47:PlayCall;a=10,b=15	true
chat_allowed	tut=Bottom;chat=55:CounterRequest;a=10,b=15	true
chat_allowed	tut=Bottom;chat=47:PlayCall;a=11,b=0	false
chat_allowed	tut=Bottom;chat=55:CounterRequest;a=11,b=0	false
chat_allowed	tut=Bottom;chat=47:PlayCall;a=11,b=1	false
chat_allowed	tut=Bottom;chat=55:CounterRequest;a=11,b=1	false
chat_allowed	tut=Bottom;chat=47:PlayCall;a=11,b=2	true
chat_allowed	tut=Bottom;chat=55:CounterRequest;a=11,b=2	true
chat_allowed	tut=Bottom;chat=47:PlayCall;a=11,b=3	true
chat_allowed	tut=Bottom;chat=55:CounterRequest;a=11,b=3	true
chat_allowed	tut=Bottom;chat=47:PlayCall;a=11,b=4	true
chat_allowed	tut=Bottom;chat=55:CounterRequest;a=11,b=4	true
chat_allowed	tut=Bottom;chat=47:PlayCall;a=11,b=5	true
chat_allowed	tut=Bottom;chat=55:CounterRequest;a=11,b=5	true
chat_allowed	tut=Bottom;chat=47:PlayCall;a=11,b=6	true
chat_allowed	tut=Bottom;chat=55:CounterRequest;a=11,b=6	true
chat_allowed	tut=Bottom;chat=47:PlayCall;a=11,b=7	true
chat_allowed	tut=Bottom;chat=55:CounterRequest;a=11,b=7	true
chat_allowed	tut=Bottom;chat=47:PlayCall;a=11,b=8	true
chat_allowed	tut=Bottom;chat=55:CounterRequest;a=11,b=8	true
chat_allowed	tut=Bottom;chat=47:PlayCall;a=11,b=9	true
chat_allowed	tut=Bottom;chat=55:CounterRequest;a=11,b=9	true
chat_allowed	tut=Bottom;chat=47:PlayCall;a=11,b=10	true
chat_allowed	tut=Bottom;chat=55:CounterRequest;a=11,b=10	true
chat_allowed	tut=Bottom;chat=47:PlayCall;a=11,b=11	true
chat_allowed	tut=Bottom;chat=55:CounterRequest;a=11,b=11	true
chat_allowed	tut=Bottom;chat=47:PlayCall;a=11,b=12	true
chat_allowed	tut=Bottom;chat=55:CounterRequest;a=11,b=12	true
chat_allowed	tut=Bottom;chat=47:PlayCall;a=11,b=13	true
chat_allowed	tut=Bottom;chat=55:CounterRequest;a=11,b=13	true
chat_allowed	tut=Bottom;chat=47:PlayCall;a=11,b=14	true
chat_allowed	tut=Bottom;chat=55:CounterRequest;a=11,b=14	true
chat_allowed	tut=Bottom;chat=47:PlayCall;a=11,b=15	true
chat_allowed	tut=Bottom;chat=55:CounterRequest;a=11,b=15	true
chat_allowed	tut=Bottom;chat=47:PlayCall;a=12,b=0	false
chat_allowed	tut=Bottom;chat=55:CounterRequest;a=12,b=0	false
chat_allowed	tut=Bottom;chat=47:PlayCall;a=12,b=1	false
chat_allowed	tut=Bottom;chat=55:CounterRequest;a=12,b=1	false
chat_allowed	tut=Bottom;chat=47:PlayCall;a=12,b=2	true
chat_allowed	tut=Bottom;chat=55:CounterRequest;a=12,b=2	true
chat_allowed	tut=Bottom;chat=47:PlayCall;a=12,b=3	true
chat_allowed	tut=Bottom;chat=55:CounterRequest;a=12,b=3	true
chat_allowed	tut=Bottom;chat=47:PlayCall;a=12,b=4	true
chat_allowed	tut=Bottom;chat=55:CounterRequest;a=12,b=4	true
chat_allowed	tut=Bottom;chat=47:PlayCall;a=12,b=5	true
chat_allowed	tut=Bottom;chat=55:CounterRequest;a=12,b=5	true
chat_allowed	tut=Bottom;chat=47:PlayCall;a=12,b=6	true
chat_allowed	tut=Bottom;chat=55:CounterRequest;a=12,b=6	true
chat_allowed	tut=Bottom;chat=47:PlayCall;a=12,b=7	true
chat_allowed	tut=Bottom;chat=55:CounterRequest;a=12,b=7	true
chat_allowed	tut=Bottom;chat=47:PlayCall;a=12,b=8	true
chat_allowed	tut=Bottom;chat=55:CounterRequest;a=12,b=8	true
chat_allowed	tut=Bottom;chat=47:PlayCall;a=12,b=9	true
chat_allowed	tut=Bottom;chat=55:CounterRequest;a=12,b=9	true
chat_allowed	tut=Bottom;chat=47:PlayCall;a=12,b=10	true
chat_allowed	tut=Bottom;chat=55:CounterRequest;a=12,b=10	true
chat_allowed	tut=Bottom;chat=47:PlayCall;a=12,b=11	true
chat_allowed	tut=Bottom;chat=55:CounterRequest;a=12,b=11	true
chat_allowed	tut=Bottom;chat=47:PlayCall;a=12,b=12	true
chat_allowed	tut=Bottom;chat=55:CounterRequest;a=12,b=12	true
chat_allowed	tut=Bottom;chat=47:PlayCall;a=12,b=13	true
chat_allowed	tut=Bottom;chat=55:CounterRequest;a=12,b=13	true
chat_allowed	tut=Bottom;chat=47:PlayCall;a=12,b=14	true
chat_allowed	tut=Bottom;chat=55:CounterRequest;a=12,b=14	true
chat_allowed	tut=Bottom;chat=47:PlayCall;a=12,b=15	true
chat_allowed	tut=Bottom;chat=55:CounterRequest;a=12,b=15	true
chat_allowed	tut=Bottom;chat=47:PlayCall;a=13,b=0	false
chat_allowed	tut=Bottom;chat=55:CounterRequest;a=13,b=0	false
chat_allowed	tut=Bottom;chat=47:PlayCall;a=13,b=1	false
chat_allowed	tut=Bottom;chat=55:CounterRequest;a=13,b=1	false
chat_allowed	tut=Bottom;chat=47:PlayCall;a=13,b=2	true
chat_allowed	tut=Bottom;chat=55:CounterRequest;a=13,b=2	true
chat_allowed	tut=Bottom;chat=47:PlayCall;a=13,b=3	true
chat_allowed	tut=Bottom;chat=55:CounterRequest;a=13,b=3	true
chat_allowed	tut=Bottom;chat=47:PlayCall;a=13,b=4	true
chat_allowed	tut=Bottom;chat=55:CounterRequest;a=13,b=4	true
chat_allowed	tut=Bottom;chat=47:PlayCall;a=13,b=5	true
chat_allowed	tut=Bottom;chat=55:CounterRequest;a=13,b=5	true
chat_allowed	tut=Bottom;chat=47:PlayCall;a=13,b=6	true
chat_allowed	tut=Bottom;chat=55:CounterRequest;a=13,b=6	true
chat_allowed	tut=Bottom;chat=47:PlayCall;a=13,b=7	true
chat_allowed	tut=Bottom;chat=55:CounterRequest;a=13,b=7	true
chat_allowed	tut=Bottom;chat=47:PlayCall;a=13,b=8	true
chat_allowed	tut=Bottom;chat=55:CounterRequest;a=13,b=8	true
chat_allowed	tut=Bottom;chat=47:PlayCall;a=13,b=9	true
chat_allowed	tut=Bottom;chat=55:CounterRequest;a=13,b=9	true
chat_allowed	tut=Bottom;chat=47:PlayCall;a=13,b=10	true
chat_allowed	tut=Bottom;chat=55:CounterRequest;a=13,b=10	true
chat_allowed	tut=Bottom;chat=47:PlayCall;a=13,b=11	true
chat_allowed	tut=Bottom;chat=55:CounterRequest;a=13,b=11	true
chat_allowed	tut=Bottom;chat=47:PlayCall;a=13,b=12	true
chat_allowed	tut=Bottom;chat=55:CounterRequest;a=13,b=12	true
chat_allowed	tut=Bottom;chat=47:PlayCall;a=13,b=13	true
chat_allowed	tut=Bottom;chat=55:CounterRequest;a=13,b=13	true
chat_allowed	tut=Bottom;chat=47:PlayCall;a=13,b=14	true
chat_allowed	tut=Bottom;chat=55:CounterRequest;a=13,b=14	true
chat_allowed	tut=Bottom;chat=47:PlayCall;a=13,b=15	true
chat_allowed	tut=Bottom;chat=55:CounterRequest;a=13,b=15	true
chat_allowed	tut=Bottom;chat=47:PlayCall;a=14,b=0	false
chat_allowed	tut=Bottom;chat=55:CounterRequest;a=14,b=0	false
chat_allowed	tut=Bottom;chat=47:PlayCall;a=14,b=1	false
chat_allowed	tut=Bottom;chat=55:CounterRequest;a=14,b=1	false
chat_allowed	tut=Bottom;chat=47:PlayCall;a=14,b=2	true
chat_allowed	tut=Bottom;chat=55:CounterRequest;a=14,b=2	true
chat_allowed	tut=Bottom;chat=47:PlayCall;a=14,b=3	true
chat_allowed	tut=Bottom;chat=55:CounterRequest;a=14,b=3	true
chat_allowed	tut=Bottom;chat=47:PlayCall;a=14,b=4	true
chat_allowed	tut=Bottom;chat=55:CounterRequest;a=14,b=4	true
chat_allowed	tut=Bottom;chat=47:PlayCall;a=14,b=5	true
chat_allowed	tut=Bottom;chat=55:CounterRequest;a=14,b=5	true
chat_allowed	tut=Bottom;chat=47:PlayCall;a=14,b=6	true
chat_allowed	tut=Bottom;chat=55:CounterRequest;a=14,b=6	true
chat_allowed	tut=Bottom;chat=47:PlayCall;a=14,b=7	true
chat_allowed	tut=Bottom;chat=55:CounterRequest;a=14,b=7	true
chat_allowed	tut=Bottom;chat=47:PlayCall;a=14,b=8	true
chat_allowed	tut=Bottom;chat=55:CounterRequest;a=14,b=8	true
chat_allowed	tut=Bottom;chat=47:PlayCall;a=14,b=9	true
chat_allowed	tut=Bottom;chat=55:CounterRequest;a=14,b=9	true
chat_allowed	tut=Bottom;chat=47:PlayCall;a=14,b=10	true
chat_allowed	tut=Bottom;chat=55:CounterRequest;a=14,b=10	true
chat_allowed	tut=Bottom;chat=47:PlayCall;a=14,b=11	true
chat_allowed	tut=Bottom;chat=55:CounterRequest;a=14,b=11	true
chat_allowed	tut=Bottom;chat=47:PlayCall;a=14,b=12	true
chat_allowed	tut=Bottom;chat=55:CounterRequest;a=14,b=12	true
chat_allowed	tut=Bottom;chat=47:PlayCall;a=14,b=13	true
chat_allowed	tut=Bottom;chat=55:CounterRequest;a=14,b=13	true
chat_allowed	tut=Bottom;chat=47:PlayCall;a=14,b=14	true
chat_allowed	tut=Bottom;chat=55:CounterRequest;a=14,b=14	true
chat_allowed	tut=Bottom;chat=47:PlayCall;a=14,b=15	true
chat_allowed	tut=Bottom;chat=55:CounterRequest;a=14,b=15	true
chat_allowed	tut=Bottom;chat=47:PlayCall;a=15,b=0	false
chat_allowed	tut=Bottom;chat=55:CounterRequest;a=15,b=0	false
chat_allowed	tut=Bottom;chat=47:PlayCall;a=15,b=1	false
chat_allowed	tut=Bottom;chat=55:CounterRequest;a=15,b=1	false
chat_allowed	tut=Bottom;chat=47:PlayCall;a=15,b=2	true
chat_allowed	tut=Bottom;chat=55:CounterRequest;a=15,b=2	true
chat_allowed	tut=Bottom;chat=47:PlayCall;a=15,b=3	true
chat_allowed	tut=Bottom;chat=55:CounterRequest;a=15,b=3	true
chat_allowed	tut=Bottom;chat=47:PlayCall;a=15,b=4	true
chat_allowed	tut=Bottom;chat=55:CounterRequest;a=15,b=4	true
chat_allowed	tut=Bottom;chat=47:PlayCall;a=15,b=5	true
chat_allowed	tut=Bottom;chat=55:CounterRequest;a=15,b=5	true
chat_allowed	tut=Bottom;chat=47:PlayCall;a=15,b=6	true
chat_allowed	tut=Bottom;chat=55:CounterRequest;a=15,b=6	true
chat_allowed	tut=Bottom;chat=47:PlayCall;a=15,b=7	true
chat_allowed	tut=Bottom;chat=55:CounterRequest;a=15,b=7	true
chat_allowed	tut=Bottom;chat=47:PlayCall;a=15,b=8	true
chat_allowed	tut=Bottom;chat=55:CounterRequest;a=15,b=8	true
chat_allowed	tut=Bottom;chat=47:PlayCall;a=15,b=9	true
chat_allowed	tut=Bottom;chat=55:CounterRequest;a=15,b=9	true
chat_allowed	tut=Bottom;chat=47:PlayCall;a=15,b=10	true
chat_allowed	tut=Bottom;chat=55:CounterRequest;a=15,b=10	true
chat_allowed	tut=Bottom;chat=47:PlayCall;a=15,b=11	true
chat_allowed	tut=Bottom;chat=55:CounterRequest;a=15,b=11	true
chat_allowed	tut=Bottom;chat=47:PlayCall;a=15,b=12	true
chat_allowed	tut=Bottom;chat=55:CounterRequest;a=15,b=12	true
chat_allowed	tut=Bottom;chat=47:PlayCall;a=15,b=13	true
chat_allowed	tut=Bottom;chat=55:CounterRequest;a=15,b=13	true
chat_allowed	tut=Bottom;chat=47:PlayCall;a=15,b=14	true
chat_allowed	tut=Bottom;chat=55:CounterRequest;a=15,b=14	true
chat_allowed	tut=Bottom;chat=47:PlayCall;a=15,b=15	true
chat_allowed	tut=Bottom;chat=55:CounterRequest;a=15,b=15	true
chat_allowed	tut=Bottom;chat=51:EarlyPlan;a=0	true
chat_allowed	tut=Bottom;chat=52:EarlyPlanChange;a=0	true
chat_allowed	tut=Bottom;chat=51:EarlyPlan;a=1	false
chat_allowed	tut=Bottom;chat=52:EarlyPlanChange;a=1	true
chat_allowed	tut=Bottom;chat=51:EarlyPlan;a=2	false
chat_allowed	tut=Bottom;chat=52:EarlyPlanChange;a=2	true
chat_allowed	tut=Bottom;chat=51:EarlyPlan;a=3	true
chat_allowed	tut=Bottom;chat=52:EarlyPlanChange;a=3	true
chat_allowed	tut=Bottom;chat=51:EarlyPlan;a=4	false
chat_allowed	tut=Bottom;chat=52:EarlyPlanChange;a=4	true
chat_allowed	tut=Bottom;chat=51:EarlyPlan;a=5	true
chat_allowed	tut=Bottom;chat=52:EarlyPlanChange;a=5	true
chat_allowed	tut=Bottom;chat=51:EarlyPlan;a=6	true
chat_allowed	tut=Bottom;chat=52:EarlyPlanChange;a=6	true
chat_allowed	tut=Bottom;chat=51:EarlyPlan;a=7	true
chat_allowed	tut=Bottom;chat=52:EarlyPlanChange;a=7	true
chat_allowed	tut=Bottom;chat=51:EarlyPlan;a=8	true
chat_allowed	tut=Bottom;chat=52:EarlyPlanChange;a=8	true
chat_allowed	tut=Bottom;chat=51:EarlyPlan;a=9	true
chat_allowed	tut=Bottom;chat=52:EarlyPlanChange;a=9	true
chat_allowed	tut=Bottom;chat=51:EarlyPlan;a=10	true
chat_allowed	tut=Bottom;chat=52:EarlyPlanChange;a=10	true
chat_allowed	tut=Bottom;chat=51:EarlyPlan;a=11	true
chat_allowed	tut=Bottom;chat=52:EarlyPlanChange;a=11	true
chat_allowed	tut=Bottom;chat=51:EarlyPlan;a=12	true
chat_allowed	tut=Bottom;chat=52:EarlyPlanChange;a=12	true
chat_allowed	tut=Bottom;chat=51:EarlyPlan;a=13	true
chat_allowed	tut=Bottom;chat=52:EarlyPlanChange;a=13	true
chat_allowed	tut=Bottom;chat=51:EarlyPlan;a=14	true
chat_allowed	tut=Bottom;chat=52:EarlyPlanChange;a=14	true
chat_allowed	tut=Bottom;chat=51:EarlyPlan;a=15	true
chat_allowed	tut=Bottom;chat=52:EarlyPlanChange;a=15	true
plan_allowed	tut=MidSolo;plan=ForcePassive	true
plan_allowed	tut=MidSolo;plan=ActiveRecall	true
plan_allowed	tut=MidSolo;plan=EpicHuntAndPoke	false
plan_allowed	tut=MidSolo;plan=EpicHuntAndBattle	false
plan_allowed	tut=MidSolo;plan=SerpenHuntAndPoke	false
plan_allowed	tut=MidSolo;plan=SerpenHuntAndBattle	false
plan_allowed	tut=MidSolo;plan=AttackNexus(default)	true
plan_allowed	tut=MidSolo;plan=DefenseNexus(default)	true
plan_allowed	tut=MidSolo;plan=PassiveLine(Mid)	true
plan_allowed	tut=MidSolo;plan=SinglePlanLine(Mid)	true
plan_allowed	tut=MidSolo;plan=LineGanker(Mid)	true
plan_allowed	tut=MidSolo;plan=LineGankCover(Mid)	true
plan_allowed	tut=MidSolo;plan=PassiveLine(Bottom)	false
plan_allowed	tut=MidSolo;plan=SinglePlanLine(Bottom)	false
plan_allowed	tut=MidSolo;plan=LineGanker(Bottom)	false
plan_allowed	tut=MidSolo;plan=LineGankCover(Bottom)	false
plan_allowed	tut=MidSolo;plan=PassiveLine(Top)	false
plan_allowed	tut=MidSolo;plan=SinglePlanLine(Top)	false
plan_allowed	tut=MidSolo;plan=LineGanker(Top)	false
plan_allowed	tut=MidSolo;plan=LineGankCover(Top)	false
plan_allowed	tut=MidSolo;plan=PassiveJungle(Rhino,0)	false
plan_allowed	tut=MidSolo;plan=PassiveJungle(Rhino,1)	false
plan_allowed	tut=MidSolo;plan=PassiveJungle(Mushroom,0)	false
plan_allowed	tut=MidSolo;plan=PassiveJungle(Mushroom,1)	false
plan_allowed	tut=MidSolo;plan=PassiveJungle(Stump,0)	false
plan_allowed	tut=MidSolo;plan=PassiveJungle(Stump,1)	false
plan_allowed	tut=MidSolo;plan=PassiveJungle(Bee,0)	false
plan_allowed	tut=MidSolo;plan=PassiveJungle(Bee,1)	false
plan_allowed	tut=MidSolo;plan=PassiveJungle(Morgard,0)	false
plan_allowed	tut=MidSolo;plan=PassiveJungle(Morgard,1)	false
plan_allowed	tut=MidSolo;plan=PassiveJungle(Serpen,0)	false
plan_allowed	tut=MidSolo;plan=PassiveJungle(Serpen,1)	false
chat_allowed	tut=MidSolo;chat=49:PlayPropose;a=0,b=0,c=0	false
chat_allowed	tut=MidSolo;chat=49:PlayPropose;a=0,b=0,c=1	false
chat_allowed	tut=MidSolo;chat=49:PlayPropose;a=0,b=0,c=2	false
chat_allowed	tut=MidSolo;chat=49:PlayPropose;a=0,b=0,c=3	false
chat_allowed	tut=MidSolo;chat=49:PlayPropose;a=0,b=0,c=4	false
chat_allowed	tut=MidSolo;chat=49:PlayPropose;a=0,b=0,c=5	false
chat_allowed	tut=MidSolo;chat=49:PlayPropose;a=0,b=0,c=6	false
chat_allowed	tut=MidSolo;chat=49:PlayPropose;a=0,b=0,c=7	false
chat_allowed	tut=MidSolo;chat=49:PlayPropose;a=0,b=1,c=0	false
chat_allowed	tut=MidSolo;chat=49:PlayPropose;a=0,b=1,c=1	false
chat_allowed	tut=MidSolo;chat=49:PlayPropose;a=0,b=1,c=2	false
chat_allowed	tut=MidSolo;chat=49:PlayPropose;a=0,b=1,c=3	false
chat_allowed	tut=MidSolo;chat=49:PlayPropose;a=0,b=1,c=4	false
chat_allowed	tut=MidSolo;chat=49:PlayPropose;a=0,b=1,c=5	false
chat_allowed	tut=MidSolo;chat=49:PlayPropose;a=0,b=1,c=6	false
chat_allowed	tut=MidSolo;chat=49:PlayPropose;a=0,b=1,c=7	false
chat_allowed	tut=MidSolo;chat=49:PlayPropose;a=0,b=2,c=0	false
chat_allowed	tut=MidSolo;chat=49:PlayPropose;a=0,b=2,c=1	false
chat_allowed	tut=MidSolo;chat=49:PlayPropose;a=0,b=2,c=2	false
chat_allowed	tut=MidSolo;chat=49:PlayPropose;a=0,b=2,c=3	false
chat_allowed	tut=MidSolo;chat=49:PlayPropose;a=0,b=2,c=4	false
chat_allowed	tut=MidSolo;chat=49:PlayPropose;a=0,b=2,c=5	false
chat_allowed	tut=MidSolo;chat=49:PlayPropose;a=0,b=2,c=6	false
chat_allowed	tut=MidSolo;chat=49:PlayPropose;a=0,b=2,c=7	false
chat_allowed	tut=MidSolo;chat=49:PlayPropose;a=0,b=3,c=0	false
chat_allowed	tut=MidSolo;chat=49:PlayPropose;a=0,b=3,c=1	false
chat_allowed	tut=MidSolo;chat=49:PlayPropose;a=0,b=3,c=2	false
chat_allowed	tut=MidSolo;chat=49:PlayPropose;a=0,b=3,c=3	false
chat_allowed	tut=MidSolo;chat=49:PlayPropose;a=0,b=3,c=4	false
chat_allowed	tut=MidSolo;chat=49:PlayPropose;a=0,b=3,c=5	false
chat_allowed	tut=MidSolo;chat=49:PlayPropose;a=0,b=3,c=6	false
chat_allowed	tut=MidSolo;chat=49:PlayPropose;a=0,b=3,c=7	false
chat_allowed	tut=MidSolo;chat=49:PlayPropose;a=0,b=4,c=0	false
chat_allowed	tut=MidSolo;chat=49:PlayPropose;a=0,b=4,c=1	false
chat_allowed	tut=MidSolo;chat=49:PlayPropose;a=0,b=4,c=2	false
chat_allowed	tut=MidSolo;chat=49:PlayPropose;a=0,b=4,c=3	false
chat_allowed	tut=MidSolo;chat=49:PlayPropose;a=0,b=4,c=4	false
chat_allowed	tut=MidSolo;chat=49:PlayPropose;a=0,b=4,c=5	false
chat_allowed	tut=MidSolo;chat=49:PlayPropose;a=0,b=4,c=6	false
chat_allowed	tut=MidSolo;chat=49:PlayPropose;a=0,b=4,c=7	false
chat_allowed	tut=MidSolo;chat=49:PlayPropose;a=0,b=5,c=0	false
chat_allowed	tut=MidSolo;chat=49:PlayPropose;a=0,b=5,c=1	false
chat_allowed	tut=MidSolo;chat=49:PlayPropose;a=0,b=5,c=2	false
chat_allowed	tut=MidSolo;chat=49:PlayPropose;a=0,b=5,c=3	false
chat_allowed	tut=MidSolo;chat=49:PlayPropose;a=0,b=5,c=4	false
chat_allowed	tut=MidSolo;chat=49:PlayPropose;a=0,b=5,c=5	false
chat_allowed	tut=MidSolo;chat=49:PlayPropose;a=0,b=5,c=6	false
chat_allowed	tut=MidSolo;chat=49:PlayPropose;a=0,b=5,c=7	false
chat_allowed	tut=MidSolo;chat=49:PlayPropose;a=0,b=6,c=0	false
chat_allowed	tut=MidSolo;chat=49:PlayPropose;a=0,b=6,c=1	false
chat_allowed	tut=MidSolo;chat=49:PlayPropose;a=0,b=6,c=2	false
chat_allowed	tut=MidSolo;chat=49:PlayPropose;a=0,b=6,c=3	false
chat_allowed	tut=MidSolo;chat=49:PlayPropose;a=0,b=6,c=4	false
chat_allowed	tut=MidSolo;chat=49:PlayPropose;a=0,b=6,c=5	false
chat_allowed	tut=MidSolo;chat=49:PlayPropose;a=0,b=6,c=6	false
chat_allowed	tut=MidSolo;chat=49:PlayPropose;a=0,b=6,c=7	false
chat_allowed	tut=MidSolo;chat=49:PlayPropose;a=0,b=7,c=0	false
chat_allowed	tut=MidSolo;chat=49:PlayPropose;a=0,b=7,c=1	false
chat_allowed	tut=MidSolo;chat=49:PlayPropose;a=0,b=7,c=2	false
chat_allowed	tut=MidSolo;chat=49:PlayPropose;a=0,b=7,c=3	false
chat_allowed	tut=MidSolo;chat=49:PlayPropose;a=0,b=7,c=4	false
chat_allowed	tut=MidSolo;chat=49:PlayPropose;a=0,b=7,c=5	false
chat_allowed	tut=MidSolo;chat=49:PlayPropose;a=0,b=7,c=6	false
chat_allowed	tut=MidSolo;chat=49:PlayPropose;a=0,b=7,c=7	false
chat_allowed	tut=MidSolo;chat=49:PlayPropose;a=1,b=0,c=0	false
chat_allowed	tut=MidSolo;chat=49:PlayPropose;a=1,b=0,c=1	false
chat_allowed	tut=MidSolo;chat=49:PlayPropose;a=1,b=0,c=2	false
chat_allowed	tut=MidSolo;chat=49:PlayPropose;a=1,b=0,c=3	false
chat_allowed	tut=MidSolo;chat=49:PlayPropose;a=1,b=0,c=4	false
chat_allowed	tut=MidSolo;chat=49:PlayPropose;a=1,b=0,c=5	false
chat_allowed	tut=MidSolo;chat=49:PlayPropose;a=1,b=0,c=6	false
chat_allowed	tut=MidSolo;chat=49:PlayPropose;a=1,b=0,c=7	false
chat_allowed	tut=MidSolo;chat=49:PlayPropose;a=1,b=1,c=0	false
chat_allowed	tut=MidSolo;chat=49:PlayPropose;a=1,b=1,c=1	false
chat_allowed	tut=MidSolo;chat=49:PlayPropose;a=1,b=1,c=2	false
chat_allowed	tut=MidSolo;chat=49:PlayPropose;a=1,b=1,c=3	false
chat_allowed	tut=MidSolo;chat=49:PlayPropose;a=1,b=1,c=4	false
chat_allowed	tut=MidSolo;chat=49:PlayPropose;a=1,b=1,c=5	false
chat_allowed	tut=MidSolo;chat=49:PlayPropose;a=1,b=1,c=6	false
chat_allowed	tut=MidSolo;chat=49:PlayPropose;a=1,b=1,c=7	false
chat_allowed	tut=MidSolo;chat=49:PlayPropose;a=1,b=2,c=0	false
chat_allowed	tut=MidSolo;chat=49:PlayPropose;a=1,b=2,c=1	false
chat_allowed	tut=MidSolo;chat=49:PlayPropose;a=1,b=2,c=2	false
chat_allowed	tut=MidSolo;chat=49:PlayPropose;a=1,b=2,c=3	false
chat_allowed	tut=MidSolo;chat=49:PlayPropose;a=1,b=2,c=4	false
chat_allowed	tut=MidSolo;chat=49:PlayPropose;a=1,b=2,c=5	false
chat_allowed	tut=MidSolo;chat=49:PlayPropose;a=1,b=2,c=6	false
chat_allowed	tut=MidSolo;chat=49:PlayPropose;a=1,b=2,c=7	false
chat_allowed	tut=MidSolo;chat=49:PlayPropose;a=1,b=3,c=0	false
chat_allowed	tut=MidSolo;chat=49:PlayPropose;a=1,b=3,c=1	false
chat_allowed	tut=MidSolo;chat=49:PlayPropose;a=1,b=3,c=2	false
chat_allowed	tut=MidSolo;chat=49:PlayPropose;a=1,b=3,c=3	false
chat_allowed	tut=MidSolo;chat=49:PlayPropose;a=1,b=3,c=4	false
chat_allowed	tut=MidSolo;chat=49:PlayPropose;a=1,b=3,c=5	false
chat_allowed	tut=MidSolo;chat=49:PlayPropose;a=1,b=3,c=6	false
chat_allowed	tut=MidSolo;chat=49:PlayPropose;a=1,b=3,c=7	false
chat_allowed	tut=MidSolo;chat=49:PlayPropose;a=1,b=4,c=0	false
chat_allowed	tut=MidSolo;chat=49:PlayPropose;a=1,b=4,c=1	false
chat_allowed	tut=MidSolo;chat=49:PlayPropose;a=1,b=4,c=2	false
chat_allowed	tut=MidSolo;chat=49:PlayPropose;a=1,b=4,c=3	false
chat_allowed	tut=MidSolo;chat=49:PlayPropose;a=1,b=4,c=4	false
chat_allowed	tut=MidSolo;chat=49:PlayPropose;a=1,b=4,c=5	false
chat_allowed	tut=MidSolo;chat=49:PlayPropose;a=1,b=4,c=6	false
chat_allowed	tut=MidSolo;chat=49:PlayPropose;a=1,b=4,c=7	false
chat_allowed	tut=MidSolo;chat=49:PlayPropose;a=1,b=5,c=0	false
chat_allowed	tut=MidSolo;chat=49:PlayPropose;a=1,b=5,c=1	false
chat_allowed	tut=MidSolo;chat=49:PlayPropose;a=1,b=5,c=2	false
chat_allowed	tut=MidSolo;chat=49:PlayPropose;a=1,b=5,c=3	false
chat_allowed	tut=MidSolo;chat=49:PlayPropose;a=1,b=5,c=4	false
chat_allowed	tut=MidSolo;chat=49:PlayPropose;a=1,b=5,c=5	false
chat_allowed	tut=MidSolo;chat=49:PlayPropose;a=1,b=5,c=6	false
chat_allowed	tut=MidSolo;chat=49:PlayPropose;a=1,b=5,c=7	false
chat_allowed	tut=MidSolo;chat=49:PlayPropose;a=1,b=6,c=0	false
chat_allowed	tut=MidSolo;chat=49:PlayPropose;a=1,b=6,c=1	false
chat_allowed	tut=MidSolo;chat=49:PlayPropose;a=1,b=6,c=2	false
chat_allowed	tut=MidSolo;chat=49:PlayPropose;a=1,b=6,c=3	false
chat_allowed	tut=MidSolo;chat=49:PlayPropose;a=1,b=6,c=4	false
chat_allowed	tut=MidSolo;chat=49:PlayPropose;a=1,b=6,c=5	false
chat_allowed	tut=MidSolo;chat=49:PlayPropose;a=1,b=6,c=6	false
chat_allowed	tut=MidSolo;chat=49:PlayPropose;a=1,b=6,c=7	false
chat_allowed	tut=MidSolo;chat=49:PlayPropose;a=1,b=7,c=0	false
chat_allowed	tut=MidSolo;chat=49:PlayPropose;a=1,b=7,c=1	false
chat_allowed	tut=MidSolo;chat=49:PlayPropose;a=1,b=7,c=2	false
chat_allowed	tut=MidSolo;chat=49:PlayPropose;a=1,b=7,c=3	false
chat_allowed	tut=MidSolo;chat=49:PlayPropose;a=1,b=7,c=4	false
chat_allowed	tut=MidSolo;chat=49:PlayPropose;a=1,b=7,c=5	false
chat_allowed	tut=MidSolo;chat=49:PlayPropose;a=1,b=7,c=6	false
chat_allowed	tut=MidSolo;chat=49:PlayPropose;a=1,b=7,c=7	false
chat_allowed	tut=MidSolo;chat=49:PlayPropose;a=2,b=0,c=0	false
chat_allowed	tut=MidSolo;chat=49:PlayPropose;a=2,b=0,c=1	false
chat_allowed	tut=MidSolo;chat=49:PlayPropose;a=2,b=0,c=2	false
chat_allowed	tut=MidSolo;chat=49:PlayPropose;a=2,b=0,c=3	false
chat_allowed	tut=MidSolo;chat=49:PlayPropose;a=2,b=0,c=4	false
chat_allowed	tut=MidSolo;chat=49:PlayPropose;a=2,b=0,c=5	false
chat_allowed	tut=MidSolo;chat=49:PlayPropose;a=2,b=0,c=6	false
chat_allowed	tut=MidSolo;chat=49:PlayPropose;a=2,b=0,c=7	false
chat_allowed	tut=MidSolo;chat=49:PlayPropose;a=2,b=1,c=0	false
chat_allowed	tut=MidSolo;chat=49:PlayPropose;a=2,b=1,c=1	false
chat_allowed	tut=MidSolo;chat=49:PlayPropose;a=2,b=1,c=2	false
chat_allowed	tut=MidSolo;chat=49:PlayPropose;a=2,b=1,c=3	false
chat_allowed	tut=MidSolo;chat=49:PlayPropose;a=2,b=1,c=4	false
chat_allowed	tut=MidSolo;chat=49:PlayPropose;a=2,b=1,c=5	false
chat_allowed	tut=MidSolo;chat=49:PlayPropose;a=2,b=1,c=6	false
chat_allowed	tut=MidSolo;chat=49:PlayPropose;a=2,b=1,c=7	false
chat_allowed	tut=MidSolo;chat=49:PlayPropose;a=2,b=2,c=0	false
chat_allowed	tut=MidSolo;chat=49:PlayPropose;a=2,b=2,c=1	false
chat_allowed	tut=MidSolo;chat=49:PlayPropose;a=2,b=2,c=2	false
chat_allowed	tut=MidSolo;chat=49:PlayPropose;a=2,b=2,c=3	false
chat_allowed	tut=MidSolo;chat=49:PlayPropose;a=2,b=2,c=4	false
chat_allowed	tut=MidSolo;chat=49:PlayPropose;a=2,b=2,c=5	false
chat_allowed	tut=MidSolo;chat=49:PlayPropose;a=2,b=2,c=6	false
chat_allowed	tut=MidSolo;chat=49:PlayPropose;a=2,b=2,c=7	false
chat_allowed	tut=MidSolo;chat=49:PlayPropose;a=2,b=3,c=0	false
chat_allowed	tut=MidSolo;chat=49:PlayPropose;a=2,b=3,c=1	false
chat_allowed	tut=MidSolo;chat=49:PlayPropose;a=2,b=3,c=2	false
chat_allowed	tut=MidSolo;chat=49:PlayPropose;a=2,b=3,c=3	false
chat_allowed	tut=MidSolo;chat=49:PlayPropose;a=2,b=3,c=4	false
chat_allowed	tut=MidSolo;chat=49:PlayPropose;a=2,b=3,c=5	false
chat_allowed	tut=MidSolo;chat=49:PlayPropose;a=2,b=3,c=6	false
chat_allowed	tut=MidSolo;chat=49:PlayPropose;a=2,b=3,c=7	false
chat_allowed	tut=MidSolo;chat=49:PlayPropose;a=2,b=4,c=0	false
chat_allowed	tut=MidSolo;chat=49:PlayPropose;a=2,b=4,c=1	false
chat_allowed	tut=MidSolo;chat=49:PlayPropose;a=2,b=4,c=2	false
chat_allowed	tut=MidSolo;chat=49:PlayPropose;a=2,b=4,c=3	false
chat_allowed	tut=MidSolo;chat=49:PlayPropose;a=2,b=4,c=4	false
chat_allowed	tut=MidSolo;chat=49:PlayPropose;a=2,b=4,c=5	false
chat_allowed	tut=MidSolo;chat=49:PlayPropose;a=2,b=4,c=6	false
chat_allowed	tut=MidSolo;chat=49:PlayPropose;a=2,b=4,c=7	false
chat_allowed	tut=MidSolo;chat=49:PlayPropose;a=2,b=5,c=0	false
chat_allowed	tut=MidSolo;chat=49:PlayPropose;a=2,b=5,c=1	false
chat_allowed	tut=MidSolo;chat=49:PlayPropose;a=2,b=5,c=2	false
chat_allowed	tut=MidSolo;chat=49:PlayPropose;a=2,b=5,c=3	false
chat_allowed	tut=MidSolo;chat=49:PlayPropose;a=2,b=5,c=4	false
chat_allowed	tut=MidSolo;chat=49:PlayPropose;a=2,b=5,c=5	false
chat_allowed	tut=MidSolo;chat=49:PlayPropose;a=2,b=5,c=6	false
chat_allowed	tut=MidSolo;chat=49:PlayPropose;a=2,b=5,c=7	false
chat_allowed	tut=MidSolo;chat=49:PlayPropose;a=2,b=6,c=0	false
chat_allowed	tut=MidSolo;chat=49:PlayPropose;a=2,b=6,c=1	false
chat_allowed	tut=MidSolo;chat=49:PlayPropose;a=2,b=6,c=2	false
chat_allowed	tut=MidSolo;chat=49:PlayPropose;a=2,b=6,c=3	false
chat_allowed	tut=MidSolo;chat=49:PlayPropose;a=2,b=6,c=4	false
chat_allowed	tut=MidSolo;chat=49:PlayPropose;a=2,b=6,c=5	false
chat_allowed	tut=MidSolo;chat=49:PlayPropose;a=2,b=6,c=6	false
chat_allowed	tut=MidSolo;chat=49:PlayPropose;a=2,b=6,c=7	false
chat_allowed	tut=MidSolo;chat=49:PlayPropose;a=2,b=7,c=0	false
chat_allowed	tut=MidSolo;chat=49:PlayPropose;a=2,b=7,c=1	false
chat_allowed	tut=MidSolo;chat=49:PlayPropose;a=2,b=7,c=2	false
chat_allowed	tut=MidSolo;chat=49:PlayPropose;a=2,b=7,c=3	false
chat_allowed	tut=MidSolo;chat=49:PlayPropose;a=2,b=7,c=4	false
chat_allowed	tut=MidSolo;chat=49:PlayPropose;a=2,b=7,c=5	false
chat_allowed	tut=MidSolo;chat=49:PlayPropose;a=2,b=7,c=6	false
chat_allowed	tut=MidSolo;chat=49:PlayPropose;a=2,b=7,c=7	false
chat_allowed	tut=MidSolo;chat=49:PlayPropose;a=3,b=0,c=0	false
chat_allowed	tut=MidSolo;chat=49:PlayPropose;a=3,b=0,c=1	false
chat_allowed	tut=MidSolo;chat=49:PlayPropose;a=3,b=0,c=2	false
chat_allowed	tut=MidSolo;chat=49:PlayPropose;a=3,b=0,c=3	false
chat_allowed	tut=MidSolo;chat=49:PlayPropose;a=3,b=0,c=4	false
chat_allowed	tut=MidSolo;chat=49:PlayPropose;a=3,b=0,c=5	false
chat_allowed	tut=MidSolo;chat=49:PlayPropose;a=3,b=0,c=6	false
chat_allowed	tut=MidSolo;chat=49:PlayPropose;a=3,b=0,c=7	false
chat_allowed	tut=MidSolo;chat=49:PlayPropose;a=3,b=1,c=0	true
chat_allowed	tut=MidSolo;chat=49:PlayPropose;a=3,b=1,c=1	true
chat_allowed	tut=MidSolo;chat=49:PlayPropose;a=3,b=1,c=2	true
chat_allowed	tut=MidSolo;chat=49:PlayPropose;a=3,b=1,c=3	true
chat_allowed	tut=MidSolo;chat=49:PlayPropose;a=3,b=1,c=4	true
chat_allowed	tut=MidSolo;chat=49:PlayPropose;a=3,b=1,c=5	true
chat_allowed	tut=MidSolo;chat=49:PlayPropose;a=3,b=1,c=6	true
chat_allowed	tut=MidSolo;chat=49:PlayPropose;a=3,b=1,c=7	true
chat_allowed	tut=MidSolo;chat=49:PlayPropose;a=3,b=2,c=0	false
chat_allowed	tut=MidSolo;chat=49:PlayPropose;a=3,b=2,c=1	false
chat_allowed	tut=MidSolo;chat=49:PlayPropose;a=3,b=2,c=2	false
chat_allowed	tut=MidSolo;chat=49:PlayPropose;a=3,b=2,c=3	false
chat_allowed	tut=MidSolo;chat=49:PlayPropose;a=3,b=2,c=4	false
chat_allowed	tut=MidSolo;chat=49:PlayPropose;a=3,b=2,c=5	false
chat_allowed	tut=MidSolo;chat=49:PlayPropose;a=3,b=2,c=6	false
chat_allowed	tut=MidSolo;chat=49:PlayPropose;a=3,b=2,c=7	false
chat_allowed	tut=MidSolo;chat=49:PlayPropose;a=3,b=3,c=0	true
chat_allowed	tut=MidSolo;chat=49:PlayPropose;a=3,b=3,c=1	true
chat_allowed	tut=MidSolo;chat=49:PlayPropose;a=3,b=3,c=2	true
chat_allowed	tut=MidSolo;chat=49:PlayPropose;a=3,b=3,c=3	true
chat_allowed	tut=MidSolo;chat=49:PlayPropose;a=3,b=3,c=4	true
chat_allowed	tut=MidSolo;chat=49:PlayPropose;a=3,b=3,c=5	true
chat_allowed	tut=MidSolo;chat=49:PlayPropose;a=3,b=3,c=6	true
chat_allowed	tut=MidSolo;chat=49:PlayPropose;a=3,b=3,c=7	true
chat_allowed	tut=MidSolo;chat=49:PlayPropose;a=3,b=4,c=0	true
chat_allowed	tut=MidSolo;chat=49:PlayPropose;a=3,b=4,c=1	true
chat_allowed	tut=MidSolo;chat=49:PlayPropose;a=3,b=4,c=2	true
chat_allowed	tut=MidSolo;chat=49:PlayPropose;a=3,b=4,c=3	true
chat_allowed	tut=MidSolo;chat=49:PlayPropose;a=3,b=4,c=4	true
chat_allowed	tut=MidSolo;chat=49:PlayPropose;a=3,b=4,c=5	true
chat_allowed	tut=MidSolo;chat=49:PlayPropose;a=3,b=4,c=6	true
chat_allowed	tut=MidSolo;chat=49:PlayPropose;a=3,b=4,c=7	true
chat_allowed	tut=MidSolo;chat=49:PlayPropose;a=3,b=5,c=0	true
chat_allowed	tut=MidSolo;chat=49:PlayPropose;a=3,b=5,c=1	true
chat_allowed	tut=MidSolo;chat=49:PlayPropose;a=3,b=5,c=2	true
chat_allowed	tut=MidSolo;chat=49:PlayPropose;a=3,b=5,c=3	true
chat_allowed	tut=MidSolo;chat=49:PlayPropose;a=3,b=5,c=4	true
chat_allowed	tut=MidSolo;chat=49:PlayPropose;a=3,b=5,c=5	true
chat_allowed	tut=MidSolo;chat=49:PlayPropose;a=3,b=5,c=6	true
chat_allowed	tut=MidSolo;chat=49:PlayPropose;a=3,b=5,c=7	true
chat_allowed	tut=MidSolo;chat=49:PlayPropose;a=3,b=6,c=0	true
chat_allowed	tut=MidSolo;chat=49:PlayPropose;a=3,b=6,c=1	true
chat_allowed	tut=MidSolo;chat=49:PlayPropose;a=3,b=6,c=2	true
chat_allowed	tut=MidSolo;chat=49:PlayPropose;a=3,b=6,c=3	true
chat_allowed	tut=MidSolo;chat=49:PlayPropose;a=3,b=6,c=4	true
chat_allowed	tut=MidSolo;chat=49:PlayPropose;a=3,b=6,c=5	true
chat_allowed	tut=MidSolo;chat=49:PlayPropose;a=3,b=6,c=6	true
chat_allowed	tut=MidSolo;chat=49:PlayPropose;a=3,b=6,c=7	true
chat_allowed	tut=MidSolo;chat=49:PlayPropose;a=3,b=7,c=0	true
chat_allowed	tut=MidSolo;chat=49:PlayPropose;a=3,b=7,c=1	true
chat_allowed	tut=MidSolo;chat=49:PlayPropose;a=3,b=7,c=2	true
chat_allowed	tut=MidSolo;chat=49:PlayPropose;a=3,b=7,c=3	true
chat_allowed	tut=MidSolo;chat=49:PlayPropose;a=3,b=7,c=4	true
chat_allowed	tut=MidSolo;chat=49:PlayPropose;a=3,b=7,c=5	true
chat_allowed	tut=MidSolo;chat=49:PlayPropose;a=3,b=7,c=6	true
chat_allowed	tut=MidSolo;chat=49:PlayPropose;a=3,b=7,c=7	true
chat_allowed	tut=MidSolo;chat=49:PlayPropose;a=4,b=0,c=0	false
chat_allowed	tut=MidSolo;chat=49:PlayPropose;a=4,b=0,c=1	false
chat_allowed	tut=MidSolo;chat=49:PlayPropose;a=4,b=0,c=2	false
chat_allowed	tut=MidSolo;chat=49:PlayPropose;a=4,b=0,c=3	false
chat_allowed	tut=MidSolo;chat=49:PlayPropose;a=4,b=0,c=4	false
chat_allowed	tut=MidSolo;chat=49:PlayPropose;a=4,b=0,c=5	false
chat_allowed	tut=MidSolo;chat=49:PlayPropose;a=4,b=0,c=6	false
chat_allowed	tut=MidSolo;chat=49:PlayPropose;a=4,b=0,c=7	false
chat_allowed	tut=MidSolo;chat=49:PlayPropose;a=4,b=1,c=0	false
chat_allowed	tut=MidSolo;chat=49:PlayPropose;a=4,b=1,c=1	false
chat_allowed	tut=MidSolo;chat=49:PlayPropose;a=4,b=1,c=2	false
chat_allowed	tut=MidSolo;chat=49:PlayPropose;a=4,b=1,c=3	false
chat_allowed	tut=MidSolo;chat=49:PlayPropose;a=4,b=1,c=4	false
chat_allowed	tut=MidSolo;chat=49:PlayPropose;a=4,b=1,c=5	false
chat_allowed	tut=MidSolo;chat=49:PlayPropose;a=4,b=1,c=6	false
chat_allowed	tut=MidSolo;chat=49:PlayPropose;a=4,b=1,c=7	false
chat_allowed	tut=MidSolo;chat=49:PlayPropose;a=4,b=2,c=0	false
chat_allowed	tut=MidSolo;chat=49:PlayPropose;a=4,b=2,c=1	false
chat_allowed	tut=MidSolo;chat=49:PlayPropose;a=4,b=2,c=2	false
chat_allowed	tut=MidSolo;chat=49:PlayPropose;a=4,b=2,c=3	false
chat_allowed	tut=MidSolo;chat=49:PlayPropose;a=4,b=2,c=4	false
chat_allowed	tut=MidSolo;chat=49:PlayPropose;a=4,b=2,c=5	false
chat_allowed	tut=MidSolo;chat=49:PlayPropose;a=4,b=2,c=6	false
chat_allowed	tut=MidSolo;chat=49:PlayPropose;a=4,b=2,c=7	false
chat_allowed	tut=MidSolo;chat=49:PlayPropose;a=4,b=3,c=0	false
chat_allowed	tut=MidSolo;chat=49:PlayPropose;a=4,b=3,c=1	false
chat_allowed	tut=MidSolo;chat=49:PlayPropose;a=4,b=3,c=2	false
chat_allowed	tut=MidSolo;chat=49:PlayPropose;a=4,b=3,c=3	false
chat_allowed	tut=MidSolo;chat=49:PlayPropose;a=4,b=3,c=4	false
chat_allowed	tut=MidSolo;chat=49:PlayPropose;a=4,b=3,c=5	false
chat_allowed	tut=MidSolo;chat=49:PlayPropose;a=4,b=3,c=6	false
chat_allowed	tut=MidSolo;chat=49:PlayPropose;a=4,b=3,c=7	false
chat_allowed	tut=MidSolo;chat=49:PlayPropose;a=4,b=4,c=0	false
chat_allowed	tut=MidSolo;chat=49:PlayPropose;a=4,b=4,c=1	false
chat_allowed	tut=MidSolo;chat=49:PlayPropose;a=4,b=4,c=2	false
chat_allowed	tut=MidSolo;chat=49:PlayPropose;a=4,b=4,c=3	false
chat_allowed	tut=MidSolo;chat=49:PlayPropose;a=4,b=4,c=4	false
chat_allowed	tut=MidSolo;chat=49:PlayPropose;a=4,b=4,c=5	false
chat_allowed	tut=MidSolo;chat=49:PlayPropose;a=4,b=4,c=6	false
chat_allowed	tut=MidSolo;chat=49:PlayPropose;a=4,b=4,c=7	false
chat_allowed	tut=MidSolo;chat=49:PlayPropose;a=4,b=5,c=0	false
chat_allowed	tut=MidSolo;chat=49:PlayPropose;a=4,b=5,c=1	false
chat_allowed	tut=MidSolo;chat=49:PlayPropose;a=4,b=5,c=2	false
chat_allowed	tut=MidSolo;chat=49:PlayPropose;a=4,b=5,c=3	false
chat_allowed	tut=MidSolo;chat=49:PlayPropose;a=4,b=5,c=4	false
chat_allowed	tut=MidSolo;chat=49:PlayPropose;a=4,b=5,c=5	false
chat_allowed	tut=MidSolo;chat=49:PlayPropose;a=4,b=5,c=6	false
chat_allowed	tut=MidSolo;chat=49:PlayPropose;a=4,b=5,c=7	false
chat_allowed	tut=MidSolo;chat=49:PlayPropose;a=4,b=6,c=0	false
chat_allowed	tut=MidSolo;chat=49:PlayPropose;a=4,b=6,c=1	false
chat_allowed	tut=MidSolo;chat=49:PlayPropose;a=4,b=6,c=2	false
chat_allowed	tut=MidSolo;chat=49:PlayPropose;a=4,b=6,c=3	false
chat_allowed	tut=MidSolo;chat=49:PlayPropose;a=4,b=6,c=4	false
chat_allowed	tut=MidSolo;chat=49:PlayPropose;a=4,b=6,c=5	false
chat_allowed	tut=MidSolo;chat=49:PlayPropose;a=4,b=6,c=6	false
chat_allowed	tut=MidSolo;chat=49:PlayPropose;a=4,b=6,c=7	false
chat_allowed	tut=MidSolo;chat=49:PlayPropose;a=4,b=7,c=0	false
chat_allowed	tut=MidSolo;chat=49:PlayPropose;a=4,b=7,c=1	false
chat_allowed	tut=MidSolo;chat=49:PlayPropose;a=4,b=7,c=2	false
chat_allowed	tut=MidSolo;chat=49:PlayPropose;a=4,b=7,c=3	false
chat_allowed	tut=MidSolo;chat=49:PlayPropose;a=4,b=7,c=4	false
chat_allowed	tut=MidSolo;chat=49:PlayPropose;a=4,b=7,c=5	false
chat_allowed	tut=MidSolo;chat=49:PlayPropose;a=4,b=7,c=6	false
chat_allowed	tut=MidSolo;chat=49:PlayPropose;a=4,b=7,c=7	false
chat_allowed	tut=MidSolo;chat=49:PlayPropose;a=5,b=0,c=0	false
chat_allowed	tut=MidSolo;chat=49:PlayPropose;a=5,b=0,c=1	false
chat_allowed	tut=MidSolo;chat=49:PlayPropose;a=5,b=0,c=2	false
chat_allowed	tut=MidSolo;chat=49:PlayPropose;a=5,b=0,c=3	false
chat_allowed	tut=MidSolo;chat=49:PlayPropose;a=5,b=0,c=4	false
chat_allowed	tut=MidSolo;chat=49:PlayPropose;a=5,b=0,c=5	false
chat_allowed	tut=MidSolo;chat=49:PlayPropose;a=5,b=0,c=6	false
chat_allowed	tut=MidSolo;chat=49:PlayPropose;a=5,b=0,c=7	false
chat_allowed	tut=MidSolo;chat=49:PlayPropose;a=5,b=1,c=0	true
chat_allowed	tut=MidSolo;chat=49:PlayPropose;a=5,b=1,c=1	true
chat_allowed	tut=MidSolo;chat=49:PlayPropose;a=5,b=1,c=2	true
chat_allowed	tut=MidSolo;chat=49:PlayPropose;a=5,b=1,c=3	true
chat_allowed	tut=MidSolo;chat=49:PlayPropose;a=5,b=1,c=4	true
chat_allowed	tut=MidSolo;chat=49:PlayPropose;a=5,b=1,c=5	true
chat_allowed	tut=MidSolo;chat=49:PlayPropose;a=5,b=1,c=6	true
chat_allowed	tut=MidSolo;chat=49:PlayPropose;a=5,b=1,c=7	true
chat_allowed	tut=MidSolo;chat=49:PlayPropose;a=5,b=2,c=0	false
chat_allowed	tut=MidSolo;chat=49:PlayPropose;a=5,b=2,c=1	false
chat_allowed	tut=MidSolo;chat=49:PlayPropose;a=5,b=2,c=2	false
chat_allowed	tut=MidSolo;chat=49:PlayPropose;a=5,b=2,c=3	false
chat_allowed	tut=MidSolo;chat=49:PlayPropose;a=5,b=2,c=4	false
chat_allowed	tut=MidSolo;chat=49:PlayPropose;a=5,b=2,c=5	false
chat_allowed	tut=MidSolo;chat=49:PlayPropose;a=5,b=2,c=6	false
chat_allowed	tut=MidSolo;chat=49:PlayPropose;a=5,b=2,c=7	false
chat_allowed	tut=MidSolo;chat=49:PlayPropose;a=5,b=3,c=0	true
chat_allowed	tut=MidSolo;chat=49:PlayPropose;a=5,b=3,c=1	true
chat_allowed	tut=MidSolo;chat=49:PlayPropose;a=5,b=3,c=2	true
chat_allowed	tut=MidSolo;chat=49:PlayPropose;a=5,b=3,c=3	true
chat_allowed	tut=MidSolo;chat=49:PlayPropose;a=5,b=3,c=4	true
chat_allowed	tut=MidSolo;chat=49:PlayPropose;a=5,b=3,c=5	true
chat_allowed	tut=MidSolo;chat=49:PlayPropose;a=5,b=3,c=6	true
chat_allowed	tut=MidSolo;chat=49:PlayPropose;a=5,b=3,c=7	true
chat_allowed	tut=MidSolo;chat=49:PlayPropose;a=5,b=4,c=0	true
chat_allowed	tut=MidSolo;chat=49:PlayPropose;a=5,b=4,c=1	true
chat_allowed	tut=MidSolo;chat=49:PlayPropose;a=5,b=4,c=2	true
chat_allowed	tut=MidSolo;chat=49:PlayPropose;a=5,b=4,c=3	true
chat_allowed	tut=MidSolo;chat=49:PlayPropose;a=5,b=4,c=4	true
chat_allowed	tut=MidSolo;chat=49:PlayPropose;a=5,b=4,c=5	true
chat_allowed	tut=MidSolo;chat=49:PlayPropose;a=5,b=4,c=6	true
chat_allowed	tut=MidSolo;chat=49:PlayPropose;a=5,b=4,c=7	true
chat_allowed	tut=MidSolo;chat=49:PlayPropose;a=5,b=5,c=0	true
chat_allowed	tut=MidSolo;chat=49:PlayPropose;a=5,b=5,c=1	true
chat_allowed	tut=MidSolo;chat=49:PlayPropose;a=5,b=5,c=2	true
chat_allowed	tut=MidSolo;chat=49:PlayPropose;a=5,b=5,c=3	true
chat_allowed	tut=MidSolo;chat=49:PlayPropose;a=5,b=5,c=4	true
chat_allowed	tut=MidSolo;chat=49:PlayPropose;a=5,b=5,c=5	true
chat_allowed	tut=MidSolo;chat=49:PlayPropose;a=5,b=5,c=6	true
chat_allowed	tut=MidSolo;chat=49:PlayPropose;a=5,b=5,c=7	true
chat_allowed	tut=MidSolo;chat=49:PlayPropose;a=5,b=6,c=0	true
chat_allowed	tut=MidSolo;chat=49:PlayPropose;a=5,b=6,c=1	true
chat_allowed	tut=MidSolo;chat=49:PlayPropose;a=5,b=6,c=2	true
chat_allowed	tut=MidSolo;chat=49:PlayPropose;a=5,b=6,c=3	true
chat_allowed	tut=MidSolo;chat=49:PlayPropose;a=5,b=6,c=4	true
chat_allowed	tut=MidSolo;chat=49:PlayPropose;a=5,b=6,c=5	true
chat_allowed	tut=MidSolo;chat=49:PlayPropose;a=5,b=6,c=6	true
chat_allowed	tut=MidSolo;chat=49:PlayPropose;a=5,b=6,c=7	true
chat_allowed	tut=MidSolo;chat=49:PlayPropose;a=5,b=7,c=0	true
chat_allowed	tut=MidSolo;chat=49:PlayPropose;a=5,b=7,c=1	true
chat_allowed	tut=MidSolo;chat=49:PlayPropose;a=5,b=7,c=2	true
chat_allowed	tut=MidSolo;chat=49:PlayPropose;a=5,b=7,c=3	true
chat_allowed	tut=MidSolo;chat=49:PlayPropose;a=5,b=7,c=4	true
chat_allowed	tut=MidSolo;chat=49:PlayPropose;a=5,b=7,c=5	true
chat_allowed	tut=MidSolo;chat=49:PlayPropose;a=5,b=7,c=6	true
chat_allowed	tut=MidSolo;chat=49:PlayPropose;a=5,b=7,c=7	true
chat_allowed	tut=MidSolo;chat=49:PlayPropose;a=6,b=0,c=0	false
chat_allowed	tut=MidSolo;chat=49:PlayPropose;a=6,b=0,c=1	false
chat_allowed	tut=MidSolo;chat=49:PlayPropose;a=6,b=0,c=2	false
chat_allowed	tut=MidSolo;chat=49:PlayPropose;a=6,b=0,c=3	false
chat_allowed	tut=MidSolo;chat=49:PlayPropose;a=6,b=0,c=4	false
chat_allowed	tut=MidSolo;chat=49:PlayPropose;a=6,b=0,c=5	false
chat_allowed	tut=MidSolo;chat=49:PlayPropose;a=6,b=0,c=6	false
chat_allowed	tut=MidSolo;chat=49:PlayPropose;a=6,b=0,c=7	false
chat_allowed	tut=MidSolo;chat=49:PlayPropose;a=6,b=1,c=0	true
chat_allowed	tut=MidSolo;chat=49:PlayPropose;a=6,b=1,c=1	true
chat_allowed	tut=MidSolo;chat=49:PlayPropose;a=6,b=1,c=2	true
chat_allowed	tut=MidSolo;chat=49:PlayPropose;a=6,b=1,c=3	true
chat_allowed	tut=MidSolo;chat=49:PlayPropose;a=6,b=1,c=4	true
chat_allowed	tut=MidSolo;chat=49:PlayPropose;a=6,b=1,c=5	true
chat_allowed	tut=MidSolo;chat=49:PlayPropose;a=6,b=1,c=6	true
chat_allowed	tut=MidSolo;chat=49:PlayPropose;a=6,b=1,c=7	true
chat_allowed	tut=MidSolo;chat=49:PlayPropose;a=6,b=2,c=0	false
chat_allowed	tut=MidSolo;chat=49:PlayPropose;a=6,b=2,c=1	false
chat_allowed	tut=MidSolo;chat=49:PlayPropose;a=6,b=2,c=2	false
chat_allowed	tut=MidSolo;chat=49:PlayPropose;a=6,b=2,c=3	false
chat_allowed	tut=MidSolo;chat=49:PlayPropose;a=6,b=2,c=4	false
chat_allowed	tut=MidSolo;chat=49:PlayPropose;a=6,b=2,c=5	false
chat_allowed	tut=MidSolo;chat=49:PlayPropose;a=6,b=2,c=6	false
chat_allowed	tut=MidSolo;chat=49:PlayPropose;a=6,b=2,c=7	false
chat_allowed	tut=MidSolo;chat=49:PlayPropose;a=6,b=3,c=0	true
chat_allowed	tut=MidSolo;chat=49:PlayPropose;a=6,b=3,c=1	true
chat_allowed	tut=MidSolo;chat=49:PlayPropose;a=6,b=3,c=2	true
chat_allowed	tut=MidSolo;chat=49:PlayPropose;a=6,b=3,c=3	true
chat_allowed	tut=MidSolo;chat=49:PlayPropose;a=6,b=3,c=4	true
chat_allowed	tut=MidSolo;chat=49:PlayPropose;a=6,b=3,c=5	true
chat_allowed	tut=MidSolo;chat=49:PlayPropose;a=6,b=3,c=6	true
chat_allowed	tut=MidSolo;chat=49:PlayPropose;a=6,b=3,c=7	true
chat_allowed	tut=MidSolo;chat=49:PlayPropose;a=6,b=4,c=0	true
chat_allowed	tut=MidSolo;chat=49:PlayPropose;a=6,b=4,c=1	true
chat_allowed	tut=MidSolo;chat=49:PlayPropose;a=6,b=4,c=2	true
chat_allowed	tut=MidSolo;chat=49:PlayPropose;a=6,b=4,c=3	true
chat_allowed	tut=MidSolo;chat=49:PlayPropose;a=6,b=4,c=4	true
chat_allowed	tut=MidSolo;chat=49:PlayPropose;a=6,b=4,c=5	true
chat_allowed	tut=MidSolo;chat=49:PlayPropose;a=6,b=4,c=6	true
chat_allowed	tut=MidSolo;chat=49:PlayPropose;a=6,b=4,c=7	true
chat_allowed	tut=MidSolo;chat=49:PlayPropose;a=6,b=5,c=0	true
chat_allowed	tut=MidSolo;chat=49:PlayPropose;a=6,b=5,c=1	true
chat_allowed	tut=MidSolo;chat=49:PlayPropose;a=6,b=5,c=2	true
chat_allowed	tut=MidSolo;chat=49:PlayPropose;a=6,b=5,c=3	true
chat_allowed	tut=MidSolo;chat=49:PlayPropose;a=6,b=5,c=4	true
chat_allowed	tut=MidSolo;chat=49:PlayPropose;a=6,b=5,c=5	true
chat_allowed	tut=MidSolo;chat=49:PlayPropose;a=6,b=5,c=6	true
chat_allowed	tut=MidSolo;chat=49:PlayPropose;a=6,b=5,c=7	true
chat_allowed	tut=MidSolo;chat=49:PlayPropose;a=6,b=6,c=0	true
chat_allowed	tut=MidSolo;chat=49:PlayPropose;a=6,b=6,c=1	true
chat_allowed	tut=MidSolo;chat=49:PlayPropose;a=6,b=6,c=2	true
chat_allowed	tut=MidSolo;chat=49:PlayPropose;a=6,b=6,c=3	true
chat_allowed	tut=MidSolo;chat=49:PlayPropose;a=6,b=6,c=4	true
chat_allowed	tut=MidSolo;chat=49:PlayPropose;a=6,b=6,c=5	true
chat_allowed	tut=MidSolo;chat=49:PlayPropose;a=6,b=6,c=6	true
chat_allowed	tut=MidSolo;chat=49:PlayPropose;a=6,b=6,c=7	true
chat_allowed	tut=MidSolo;chat=49:PlayPropose;a=6,b=7,c=0	true
chat_allowed	tut=MidSolo;chat=49:PlayPropose;a=6,b=7,c=1	true
chat_allowed	tut=MidSolo;chat=49:PlayPropose;a=6,b=7,c=2	true
chat_allowed	tut=MidSolo;chat=49:PlayPropose;a=6,b=7,c=3	true
chat_allowed	tut=MidSolo;chat=49:PlayPropose;a=6,b=7,c=4	true
chat_allowed	tut=MidSolo;chat=49:PlayPropose;a=6,b=7,c=5	true
chat_allowed	tut=MidSolo;chat=49:PlayPropose;a=6,b=7,c=6	true
chat_allowed	tut=MidSolo;chat=49:PlayPropose;a=6,b=7,c=7	true
chat_allowed	tut=MidSolo;chat=49:PlayPropose;a=7,b=0,c=0	false
chat_allowed	tut=MidSolo;chat=49:PlayPropose;a=7,b=0,c=1	false
chat_allowed	tut=MidSolo;chat=49:PlayPropose;a=7,b=0,c=2	false
chat_allowed	tut=MidSolo;chat=49:PlayPropose;a=7,b=0,c=3	false
chat_allowed	tut=MidSolo;chat=49:PlayPropose;a=7,b=0,c=4	false
chat_allowed	tut=MidSolo;chat=49:PlayPropose;a=7,b=0,c=5	false
chat_allowed	tut=MidSolo;chat=49:PlayPropose;a=7,b=0,c=6	false
chat_allowed	tut=MidSolo;chat=49:PlayPropose;a=7,b=0,c=7	false
chat_allowed	tut=MidSolo;chat=49:PlayPropose;a=7,b=1,c=0	true
chat_allowed	tut=MidSolo;chat=49:PlayPropose;a=7,b=1,c=1	true
chat_allowed	tut=MidSolo;chat=49:PlayPropose;a=7,b=1,c=2	true
chat_allowed	tut=MidSolo;chat=49:PlayPropose;a=7,b=1,c=3	true
chat_allowed	tut=MidSolo;chat=49:PlayPropose;a=7,b=1,c=4	true
chat_allowed	tut=MidSolo;chat=49:PlayPropose;a=7,b=1,c=5	true
chat_allowed	tut=MidSolo;chat=49:PlayPropose;a=7,b=1,c=6	true
chat_allowed	tut=MidSolo;chat=49:PlayPropose;a=7,b=1,c=7	true
chat_allowed	tut=MidSolo;chat=49:PlayPropose;a=7,b=2,c=0	false
chat_allowed	tut=MidSolo;chat=49:PlayPropose;a=7,b=2,c=1	false
chat_allowed	tut=MidSolo;chat=49:PlayPropose;a=7,b=2,c=2	false
chat_allowed	tut=MidSolo;chat=49:PlayPropose;a=7,b=2,c=3	false
chat_allowed	tut=MidSolo;chat=49:PlayPropose;a=7,b=2,c=4	false
chat_allowed	tut=MidSolo;chat=49:PlayPropose;a=7,b=2,c=5	false
chat_allowed	tut=MidSolo;chat=49:PlayPropose;a=7,b=2,c=6	false
chat_allowed	tut=MidSolo;chat=49:PlayPropose;a=7,b=2,c=7	false
chat_allowed	tut=MidSolo;chat=49:PlayPropose;a=7,b=3,c=0	true
chat_allowed	tut=MidSolo;chat=49:PlayPropose;a=7,b=3,c=1	true
chat_allowed	tut=MidSolo;chat=49:PlayPropose;a=7,b=3,c=2	true
chat_allowed	tut=MidSolo;chat=49:PlayPropose;a=7,b=3,c=3	true
chat_allowed	tut=MidSolo;chat=49:PlayPropose;a=7,b=3,c=4	true
chat_allowed	tut=MidSolo;chat=49:PlayPropose;a=7,b=3,c=5	true
chat_allowed	tut=MidSolo;chat=49:PlayPropose;a=7,b=3,c=6	true
chat_allowed	tut=MidSolo;chat=49:PlayPropose;a=7,b=3,c=7	true
chat_allowed	tut=MidSolo;chat=49:PlayPropose;a=7,b=4,c=0	true
chat_allowed	tut=MidSolo;chat=49:PlayPropose;a=7,b=4,c=1	true
chat_allowed	tut=MidSolo;chat=49:PlayPropose;a=7,b=4,c=2	true
chat_allowed	tut=MidSolo;chat=49:PlayPropose;a=7,b=4,c=3	true
chat_allowed	tut=MidSolo;chat=49:PlayPropose;a=7,b=4,c=4	true
chat_allowed	tut=MidSolo;chat=49:PlayPropose;a=7,b=4,c=5	true
chat_allowed	tut=MidSolo;chat=49:PlayPropose;a=7,b=4,c=6	true
chat_allowed	tut=MidSolo;chat=49:PlayPropose;a=7,b=4,c=7	true
chat_allowed	tut=MidSolo;chat=49:PlayPropose;a=7,b=5,c=0	true
chat_allowed	tut=MidSolo;chat=49:PlayPropose;a=7,b=5,c=1	true
chat_allowed	tut=MidSolo;chat=49:PlayPropose;a=7,b=5,c=2	true
chat_allowed	tut=MidSolo;chat=49:PlayPropose;a=7,b=5,c=3	true
chat_allowed	tut=MidSolo;chat=49:PlayPropose;a=7,b=5,c=4	true
chat_allowed	tut=MidSolo;chat=49:PlayPropose;a=7,b=5,c=5	true
chat_allowed	tut=MidSolo;chat=49:PlayPropose;a=7,b=5,c=6	true
chat_allowed	tut=MidSolo;chat=49:PlayPropose;a=7,b=5,c=7	true
chat_allowed	tut=MidSolo;chat=49:PlayPropose;a=7,b=6,c=0	true
chat_allowed	tut=MidSolo;chat=49:PlayPropose;a=7,b=6,c=1	true
chat_allowed	tut=MidSolo;chat=49:PlayPropose;a=7,b=6,c=2	true
chat_allowed	tut=MidSolo;chat=49:PlayPropose;a=7,b=6,c=3	true
chat_allowed	tut=MidSolo;chat=49:PlayPropose;a=7,b=6,c=4	true
chat_allowed	tut=MidSolo;chat=49:PlayPropose;a=7,b=6,c=5	true
chat_allowed	tut=MidSolo;chat=49:PlayPropose;a=7,b=6,c=6	true
chat_allowed	tut=MidSolo;chat=49:PlayPropose;a=7,b=6,c=7	true
chat_allowed	tut=MidSolo;chat=49:PlayPropose;a=7,b=7,c=0	true
chat_allowed	tut=MidSolo;chat=49:PlayPropose;a=7,b=7,c=1	true
chat_allowed	tut=MidSolo;chat=49:PlayPropose;a=7,b=7,c=2	true
chat_allowed	tut=MidSolo;chat=49:PlayPropose;a=7,b=7,c=3	true
chat_allowed	tut=MidSolo;chat=49:PlayPropose;a=7,b=7,c=4	true
chat_allowed	tut=MidSolo;chat=49:PlayPropose;a=7,b=7,c=5	true
chat_allowed	tut=MidSolo;chat=49:PlayPropose;a=7,b=7,c=6	true
chat_allowed	tut=MidSolo;chat=49:PlayPropose;a=7,b=7,c=7	true
chat_allowed	tut=MidSolo;chat=50:GankPlan;line=Mid,a=0	true
chat_allowed	tut=MidSolo;chat=50:GankPlan;line=Mid,a=1	true
chat_allowed	tut=MidSolo;chat=50:GankPlan;line=Mid,a=2	true
chat_allowed	tut=MidSolo;chat=50:GankPlan;line=Mid,a=3	true
chat_allowed	tut=MidSolo;chat=50:GankPlan;line=Mid,a=4	true
chat_allowed	tut=MidSolo;chat=50:GankPlan;line=Mid,a=5	true
chat_allowed	tut=MidSolo;chat=50:GankPlan;line=Mid,a=6	true
chat_allowed	tut=MidSolo;chat=50:GankPlan;line=Mid,a=7	true
chat_allowed	tut=MidSolo;chat=50:GankPlan;line=Mid,a=8	true
chat_allowed	tut=MidSolo;chat=50:GankPlan;line=Mid,a=9	true
chat_allowed	tut=MidSolo;chat=50:GankPlan;line=Mid,a=10	true
chat_allowed	tut=MidSolo;chat=50:GankPlan;line=Mid,a=11	true
chat_allowed	tut=MidSolo;chat=50:GankPlan;line=Mid,a=12	true
chat_allowed	tut=MidSolo;chat=50:GankPlan;line=Mid,a=13	true
chat_allowed	tut=MidSolo;chat=50:GankPlan;line=Mid,a=14	true
chat_allowed	tut=MidSolo;chat=50:GankPlan;line=Mid,a=15	true
chat_allowed	tut=MidSolo;chat=50:GankPlan;line=Bottom,a=0	false
chat_allowed	tut=MidSolo;chat=50:GankPlan;line=Bottom,a=1	false
chat_allowed	tut=MidSolo;chat=50:GankPlan;line=Bottom,a=2	false
chat_allowed	tut=MidSolo;chat=50:GankPlan;line=Bottom,a=3	false
chat_allowed	tut=MidSolo;chat=50:GankPlan;line=Bottom,a=4	false
chat_allowed	tut=MidSolo;chat=50:GankPlan;line=Bottom,a=5	false
chat_allowed	tut=MidSolo;chat=50:GankPlan;line=Bottom,a=6	false
chat_allowed	tut=MidSolo;chat=50:GankPlan;line=Bottom,a=7	false
chat_allowed	tut=MidSolo;chat=50:GankPlan;line=Bottom,a=8	false
chat_allowed	tut=MidSolo;chat=50:GankPlan;line=Bottom,a=9	false
chat_allowed	tut=MidSolo;chat=50:GankPlan;line=Bottom,a=10	false
chat_allowed	tut=MidSolo;chat=50:GankPlan;line=Bottom,a=11	false
chat_allowed	tut=MidSolo;chat=50:GankPlan;line=Bottom,a=12	false
chat_allowed	tut=MidSolo;chat=50:GankPlan;line=Bottom,a=13	false
chat_allowed	tut=MidSolo;chat=50:GankPlan;line=Bottom,a=14	false
chat_allowed	tut=MidSolo;chat=50:GankPlan;line=Bottom,a=15	false
chat_allowed	tut=MidSolo;chat=50:GankPlan;line=Top,a=0	false
chat_allowed	tut=MidSolo;chat=50:GankPlan;line=Top,a=1	false
chat_allowed	tut=MidSolo;chat=50:GankPlan;line=Top,a=2	false
chat_allowed	tut=MidSolo;chat=50:GankPlan;line=Top,a=3	false
chat_allowed	tut=MidSolo;chat=50:GankPlan;line=Top,a=4	false
chat_allowed	tut=MidSolo;chat=50:GankPlan;line=Top,a=5	false
chat_allowed	tut=MidSolo;chat=50:GankPlan;line=Top,a=6	false
chat_allowed	tut=MidSolo;chat=50:GankPlan;line=Top,a=7	false
chat_allowed	tut=MidSolo;chat=50:GankPlan;line=Top,a=8	false
chat_allowed	tut=MidSolo;chat=50:GankPlan;line=Top,a=9	false
chat_allowed	tut=MidSolo;chat=50:GankPlan;line=Top,a=10	false
chat_allowed	tut=MidSolo;chat=50:GankPlan;line=Top,a=11	false
chat_allowed	tut=MidSolo;chat=50:GankPlan;line=Top,a=12	false
chat_allowed	tut=MidSolo;chat=50:GankPlan;line=Top,a=13	false
chat_allowed	tut=MidSolo;chat=50:GankPlan;line=Top,a=14	false
chat_allowed	tut=MidSolo;chat=50:GankPlan;line=Top,a=15	false
chat_allowed	tut=MidSolo;chat=47:PlayCall;a=0,b=0	false
chat_allowed	tut=MidSolo;chat=55:CounterRequest;a=0,b=0	false
chat_allowed	tut=MidSolo;chat=47:PlayCall;a=0,b=1	false
chat_allowed	tut=MidSolo;chat=55:CounterRequest;a=0,b=1	true
chat_allowed	tut=MidSolo;chat=47:PlayCall;a=0,b=2	false
chat_allowed	tut=MidSolo;chat=55:CounterRequest;a=0,b=2	false
chat_allowed	tut=MidSolo;chat=47:PlayCall;a=0,b=3	false
chat_allowed	tut=MidSolo;chat=55:CounterRequest;a=0,b=3	true
chat_allowed	tut=MidSolo;chat=47:PlayCall;a=0,b=4	false
chat_allowed	tut=MidSolo;chat=55:CounterRequest;a=0,b=4	true
chat_allowed	tut=MidSolo;chat=47:PlayCall;a=0,b=5	false
chat_allowed	tut=MidSolo;chat=55:CounterRequest;a=0,b=5	true
chat_allowed	tut=MidSolo;chat=47:PlayCall;a=0,b=6	false
chat_allowed	tut=MidSolo;chat=55:CounterRequest;a=0,b=6	true
chat_allowed	tut=MidSolo;chat=47:PlayCall;a=0,b=7	false
chat_allowed	tut=MidSolo;chat=55:CounterRequest;a=0,b=7	true
chat_allowed	tut=MidSolo;chat=47:PlayCall;a=0,b=8	false
chat_allowed	tut=MidSolo;chat=55:CounterRequest;a=0,b=8	true
chat_allowed	tut=MidSolo;chat=47:PlayCall;a=0,b=9	false
chat_allowed	tut=MidSolo;chat=55:CounterRequest;a=0,b=9	true
chat_allowed	tut=MidSolo;chat=47:PlayCall;a=0,b=10	false
chat_allowed	tut=MidSolo;chat=55:CounterRequest;a=0,b=10	true
chat_allowed	tut=MidSolo;chat=47:PlayCall;a=0,b=11	false
chat_allowed	tut=MidSolo;chat=55:CounterRequest;a=0,b=11	true
chat_allowed	tut=MidSolo;chat=47:PlayCall;a=0,b=12	false
chat_allowed	tut=MidSolo;chat=55:CounterRequest;a=0,b=12	true
chat_allowed	tut=MidSolo;chat=47:PlayCall;a=0,b=13	false
chat_allowed	tut=MidSolo;chat=55:CounterRequest;a=0,b=13	true
chat_allowed	tut=MidSolo;chat=47:PlayCall;a=0,b=14	false
chat_allowed	tut=MidSolo;chat=55:CounterRequest;a=0,b=14	true
chat_allowed	tut=MidSolo;chat=47:PlayCall;a=0,b=15	false
chat_allowed	tut=MidSolo;chat=55:CounterRequest;a=0,b=15	true
chat_allowed	tut=MidSolo;chat=47:PlayCall;a=1,b=0	false
chat_allowed	tut=MidSolo;chat=55:CounterRequest;a=1,b=0	false
chat_allowed	tut=MidSolo;chat=47:PlayCall;a=1,b=1	false
chat_allowed	tut=MidSolo;chat=55:CounterRequest;a=1,b=1	true
chat_allowed	tut=MidSolo;chat=47:PlayCall;a=1,b=2	false
chat_allowed	tut=MidSolo;chat=55:CounterRequest;a=1,b=2	false
chat_allowed	tut=MidSolo;chat=47:PlayCall;a=1,b=3	false
chat_allowed	tut=MidSolo;chat=55:CounterRequest;a=1,b=3	true
chat_allowed	tut=MidSolo;chat=47:PlayCall;a=1,b=4	false
chat_allowed	tut=MidSolo;chat=55:CounterRequest;a=1,b=4	true
chat_allowed	tut=MidSolo;chat=47:PlayCall;a=1,b=5	false
chat_allowed	tut=MidSolo;chat=55:CounterRequest;a=1,b=5	true
chat_allowed	tut=MidSolo;chat=47:PlayCall;a=1,b=6	false
chat_allowed	tut=MidSolo;chat=55:CounterRequest;a=1,b=6	true
chat_allowed	tut=MidSolo;chat=47:PlayCall;a=1,b=7	false
chat_allowed	tut=MidSolo;chat=55:CounterRequest;a=1,b=7	true
chat_allowed	tut=MidSolo;chat=47:PlayCall;a=1,b=8	false
chat_allowed	tut=MidSolo;chat=55:CounterRequest;a=1,b=8	true
chat_allowed	tut=MidSolo;chat=47:PlayCall;a=1,b=9	false
chat_allowed	tut=MidSolo;chat=55:CounterRequest;a=1,b=9	true
chat_allowed	tut=MidSolo;chat=47:PlayCall;a=1,b=10	false
chat_allowed	tut=MidSolo;chat=55:CounterRequest;a=1,b=10	true
chat_allowed	tut=MidSolo;chat=47:PlayCall;a=1,b=11	false
chat_allowed	tut=MidSolo;chat=55:CounterRequest;a=1,b=11	true
chat_allowed	tut=MidSolo;chat=47:PlayCall;a=1,b=12	false
chat_allowed	tut=MidSolo;chat=55:CounterRequest;a=1,b=12	true
chat_allowed	tut=MidSolo;chat=47:PlayCall;a=1,b=13	false
chat_allowed	tut=MidSolo;chat=55:CounterRequest;a=1,b=13	true
chat_allowed	tut=MidSolo;chat=47:PlayCall;a=1,b=14	false
chat_allowed	tut=MidSolo;chat=55:CounterRequest;a=1,b=14	true
chat_allowed	tut=MidSolo;chat=47:PlayCall;a=1,b=15	false
chat_allowed	tut=MidSolo;chat=55:CounterRequest;a=1,b=15	true
chat_allowed	tut=MidSolo;chat=47:PlayCall;a=2,b=0	false
chat_allowed	tut=MidSolo;chat=55:CounterRequest;a=2,b=0	false
chat_allowed	tut=MidSolo;chat=47:PlayCall;a=2,b=1	false
chat_allowed	tut=MidSolo;chat=55:CounterRequest;a=2,b=1	true
chat_allowed	tut=MidSolo;chat=47:PlayCall;a=2,b=2	false
chat_allowed	tut=MidSolo;chat=55:CounterRequest;a=2,b=2	false
chat_allowed	tut=MidSolo;chat=47:PlayCall;a=2,b=3	false
chat_allowed	tut=MidSolo;chat=55:CounterRequest;a=2,b=3	true
chat_allowed	tut=MidSolo;chat=47:PlayCall;a=2,b=4	false
chat_allowed	tut=MidSolo;chat=55:CounterRequest;a=2,b=4	true
chat_allowed	tut=MidSolo;chat=47:PlayCall;a=2,b=5	false
chat_allowed	tut=MidSolo;chat=55:CounterRequest;a=2,b=5	true
chat_allowed	tut=MidSolo;chat=47:PlayCall;a=2,b=6	false
chat_allowed	tut=MidSolo;chat=55:CounterRequest;a=2,b=6	true
chat_allowed	tut=MidSolo;chat=47:PlayCall;a=2,b=7	false
chat_allowed	tut=MidSolo;chat=55:CounterRequest;a=2,b=7	true
chat_allowed	tut=MidSolo;chat=47:PlayCall;a=2,b=8	false
chat_allowed	tut=MidSolo;chat=55:CounterRequest;a=2,b=8	true
chat_allowed	tut=MidSolo;chat=47:PlayCall;a=2,b=9	false
chat_allowed	tut=MidSolo;chat=55:CounterRequest;a=2,b=9	true
chat_allowed	tut=MidSolo;chat=47:PlayCall;a=2,b=10	false
chat_allowed	tut=MidSolo;chat=55:CounterRequest;a=2,b=10	true
chat_allowed	tut=MidSolo;chat=47:PlayCall;a=2,b=11	false
chat_allowed	tut=MidSolo;chat=55:CounterRequest;a=2,b=11	true
chat_allowed	tut=MidSolo;chat=47:PlayCall;a=2,b=12	false
chat_allowed	tut=MidSolo;chat=55:CounterRequest;a=2,b=12	true
chat_allowed	tut=MidSolo;chat=47:PlayCall;a=2,b=13	false
chat_allowed	tut=MidSolo;chat=55:CounterRequest;a=2,b=13	true
chat_allowed	tut=MidSolo;chat=47:PlayCall;a=2,b=14	false
chat_allowed	tut=MidSolo;chat=55:CounterRequest;a=2,b=14	true
chat_allowed	tut=MidSolo;chat=47:PlayCall;a=2,b=15	false
chat_allowed	tut=MidSolo;chat=55:CounterRequest;a=2,b=15	true
chat_allowed	tut=MidSolo;chat=47:PlayCall;a=3,b=0	false
chat_allowed	tut=MidSolo;chat=55:CounterRequest;a=3,b=0	false
chat_allowed	tut=MidSolo;chat=47:PlayCall;a=3,b=1	true
chat_allowed	tut=MidSolo;chat=55:CounterRequest;a=3,b=1	true
chat_allowed	tut=MidSolo;chat=47:PlayCall;a=3,b=2	false
chat_allowed	tut=MidSolo;chat=55:CounterRequest;a=3,b=2	false
chat_allowed	tut=MidSolo;chat=47:PlayCall;a=3,b=3	true
chat_allowed	tut=MidSolo;chat=55:CounterRequest;a=3,b=3	true
chat_allowed	tut=MidSolo;chat=47:PlayCall;a=3,b=4	true
chat_allowed	tut=MidSolo;chat=55:CounterRequest;a=3,b=4	true
chat_allowed	tut=MidSolo;chat=47:PlayCall;a=3,b=5	true
chat_allowed	tut=MidSolo;chat=55:CounterRequest;a=3,b=5	true
chat_allowed	tut=MidSolo;chat=47:PlayCall;a=3,b=6	true
chat_allowed	tut=MidSolo;chat=55:CounterRequest;a=3,b=6	true
chat_allowed	tut=MidSolo;chat=47:PlayCall;a=3,b=7	true
chat_allowed	tut=MidSolo;chat=55:CounterRequest;a=3,b=7	true
chat_allowed	tut=MidSolo;chat=47:PlayCall;a=3,b=8	true
chat_allowed	tut=MidSolo;chat=55:CounterRequest;a=3,b=8	true
chat_allowed	tut=MidSolo;chat=47:PlayCall;a=3,b=9	true
chat_allowed	tut=MidSolo;chat=55:CounterRequest;a=3,b=9	true
chat_allowed	tut=MidSolo;chat=47:PlayCall;a=3,b=10	true
chat_allowed	tut=MidSolo;chat=55:CounterRequest;a=3,b=10	true
chat_allowed	tut=MidSolo;chat=47:PlayCall;a=3,b=11	true
chat_allowed	tut=MidSolo;chat=55:CounterRequest;a=3,b=11	true
chat_allowed	tut=MidSolo;chat=47:PlayCall;a=3,b=12	true
chat_allowed	tut=MidSolo;chat=55:CounterRequest;a=3,b=12	true
chat_allowed	tut=MidSolo;chat=47:PlayCall;a=3,b=13	true
chat_allowed	tut=MidSolo;chat=55:CounterRequest;a=3,b=13	true
chat_allowed	tut=MidSolo;chat=47:PlayCall;a=3,b=14	true
chat_allowed	tut=MidSolo;chat=55:CounterRequest;a=3,b=14	true
chat_allowed	tut=MidSolo;chat=47:PlayCall;a=3,b=15	true
chat_allowed	tut=MidSolo;chat=55:CounterRequest;a=3,b=15	true
chat_allowed	tut=MidSolo;chat=47:PlayCall;a=4,b=0	false
chat_allowed	tut=MidSolo;chat=55:CounterRequest;a=4,b=0	false
chat_allowed	tut=MidSolo;chat=47:PlayCall;a=4,b=1	false
chat_allowed	tut=MidSolo;chat=55:CounterRequest;a=4,b=1	true
chat_allowed	tut=MidSolo;chat=47:PlayCall;a=4,b=2	false
chat_allowed	tut=MidSolo;chat=55:CounterRequest;a=4,b=2	false
chat_allowed	tut=MidSolo;chat=47:PlayCall;a=4,b=3	false
chat_allowed	tut=MidSolo;chat=55:CounterRequest;a=4,b=3	true
chat_allowed	tut=MidSolo;chat=47:PlayCall;a=4,b=4	false
chat_allowed	tut=MidSolo;chat=55:CounterRequest;a=4,b=4	true
chat_allowed	tut=MidSolo;chat=47:PlayCall;a=4,b=5	false
chat_allowed	tut=MidSolo;chat=55:CounterRequest;a=4,b=5	true
chat_allowed	tut=MidSolo;chat=47:PlayCall;a=4,b=6	false
chat_allowed	tut=MidSolo;chat=55:CounterRequest;a=4,b=6	true
chat_allowed	tut=MidSolo;chat=47:PlayCall;a=4,b=7	false
chat_allowed	tut=MidSolo;chat=55:CounterRequest;a=4,b=7	true
chat_allowed	tut=MidSolo;chat=47:PlayCall;a=4,b=8	false
chat_allowed	tut=MidSolo;chat=55:CounterRequest;a=4,b=8	true
chat_allowed	tut=MidSolo;chat=47:PlayCall;a=4,b=9	false
chat_allowed	tut=MidSolo;chat=55:CounterRequest;a=4,b=9	true
chat_allowed	tut=MidSolo;chat=47:PlayCall;a=4,b=10	false
chat_allowed	tut=MidSolo;chat=55:CounterRequest;a=4,b=10	true
chat_allowed	tut=MidSolo;chat=47:PlayCall;a=4,b=11	false
chat_allowed	tut=MidSolo;chat=55:CounterRequest;a=4,b=11	true
chat_allowed	tut=MidSolo;chat=47:PlayCall;a=4,b=12	false
chat_allowed	tut=MidSolo;chat=55:CounterRequest;a=4,b=12	true
chat_allowed	tut=MidSolo;chat=47:PlayCall;a=4,b=13	false
chat_allowed	tut=MidSolo;chat=55:CounterRequest;a=4,b=13	true
chat_allowed	tut=MidSolo;chat=47:PlayCall;a=4,b=14	false
chat_allowed	tut=MidSolo;chat=55:CounterRequest;a=4,b=14	true
chat_allowed	tut=MidSolo;chat=47:PlayCall;a=4,b=15	false
chat_allowed	tut=MidSolo;chat=55:CounterRequest;a=4,b=15	true
chat_allowed	tut=MidSolo;chat=47:PlayCall;a=5,b=0	false
chat_allowed	tut=MidSolo;chat=55:CounterRequest;a=5,b=0	false
chat_allowed	tut=MidSolo;chat=47:PlayCall;a=5,b=1	true
chat_allowed	tut=MidSolo;chat=55:CounterRequest;a=5,b=1	true
chat_allowed	tut=MidSolo;chat=47:PlayCall;a=5,b=2	false
chat_allowed	tut=MidSolo;chat=55:CounterRequest;a=5,b=2	false
chat_allowed	tut=MidSolo;chat=47:PlayCall;a=5,b=3	true
chat_allowed	tut=MidSolo;chat=55:CounterRequest;a=5,b=3	true
chat_allowed	tut=MidSolo;chat=47:PlayCall;a=5,b=4	true
chat_allowed	tut=MidSolo;chat=55:CounterRequest;a=5,b=4	true
chat_allowed	tut=MidSolo;chat=47:PlayCall;a=5,b=5	true
chat_allowed	tut=MidSolo;chat=55:CounterRequest;a=5,b=5	true
chat_allowed	tut=MidSolo;chat=47:PlayCall;a=5,b=6	true
chat_allowed	tut=MidSolo;chat=55:CounterRequest;a=5,b=6	true
chat_allowed	tut=MidSolo;chat=47:PlayCall;a=5,b=7	true
chat_allowed	tut=MidSolo;chat=55:CounterRequest;a=5,b=7	true
chat_allowed	tut=MidSolo;chat=47:PlayCall;a=5,b=8	true
chat_allowed	tut=MidSolo;chat=55:CounterRequest;a=5,b=8	true
chat_allowed	tut=MidSolo;chat=47:PlayCall;a=5,b=9	true
chat_allowed	tut=MidSolo;chat=55:CounterRequest;a=5,b=9	true
chat_allowed	tut=MidSolo;chat=47:PlayCall;a=5,b=10	true
chat_allowed	tut=MidSolo;chat=55:CounterRequest;a=5,b=10	true
chat_allowed	tut=MidSolo;chat=47:PlayCall;a=5,b=11	true
chat_allowed	tut=MidSolo;chat=55:CounterRequest;a=5,b=11	true
chat_allowed	tut=MidSolo;chat=47:PlayCall;a=5,b=12	true
chat_allowed	tut=MidSolo;chat=55:CounterRequest;a=5,b=12	true
chat_allowed	tut=MidSolo;chat=47:PlayCall;a=5,b=13	true
chat_allowed	tut=MidSolo;chat=55:CounterRequest;a=5,b=13	true
chat_allowed	tut=MidSolo;chat=47:PlayCall;a=5,b=14	true
chat_allowed	tut=MidSolo;chat=55:CounterRequest;a=5,b=14	true
chat_allowed	tut=MidSolo;chat=47:PlayCall;a=5,b=15	true
chat_allowed	tut=MidSolo;chat=55:CounterRequest;a=5,b=15	true
chat_allowed	tut=MidSolo;chat=47:PlayCall;a=6,b=0	false
chat_allowed	tut=MidSolo;chat=55:CounterRequest;a=6,b=0	false
chat_allowed	tut=MidSolo;chat=47:PlayCall;a=6,b=1	true
chat_allowed	tut=MidSolo;chat=55:CounterRequest;a=6,b=1	true
chat_allowed	tut=MidSolo;chat=47:PlayCall;a=6,b=2	false
chat_allowed	tut=MidSolo;chat=55:CounterRequest;a=6,b=2	false
chat_allowed	tut=MidSolo;chat=47:PlayCall;a=6,b=3	true
chat_allowed	tut=MidSolo;chat=55:CounterRequest;a=6,b=3	true
chat_allowed	tut=MidSolo;chat=47:PlayCall;a=6,b=4	true
chat_allowed	tut=MidSolo;chat=55:CounterRequest;a=6,b=4	true
chat_allowed	tut=MidSolo;chat=47:PlayCall;a=6,b=5	true
chat_allowed	tut=MidSolo;chat=55:CounterRequest;a=6,b=5	true
chat_allowed	tut=MidSolo;chat=47:PlayCall;a=6,b=6	true
chat_allowed	tut=MidSolo;chat=55:CounterRequest;a=6,b=6	true
chat_allowed	tut=MidSolo;chat=47:PlayCall;a=6,b=7	true
chat_allowed	tut=MidSolo;chat=55:CounterRequest;a=6,b=7	true
chat_allowed	tut=MidSolo;chat=47:PlayCall;a=6,b=8	true
chat_allowed	tut=MidSolo;chat=55:CounterRequest;a=6,b=8	true
chat_allowed	tut=MidSolo;chat=47:PlayCall;a=6,b=9	true
chat_allowed	tut=MidSolo;chat=55:CounterRequest;a=6,b=9	true
chat_allowed	tut=MidSolo;chat=47:PlayCall;a=6,b=10	true
chat_allowed	tut=MidSolo;chat=55:CounterRequest;a=6,b=10	true
chat_allowed	tut=MidSolo;chat=47:PlayCall;a=6,b=11	true
chat_allowed	tut=MidSolo;chat=55:CounterRequest;a=6,b=11	true
chat_allowed	tut=MidSolo;chat=47:PlayCall;a=6,b=12	true
chat_allowed	tut=MidSolo;chat=55:CounterRequest;a=6,b=12	true
chat_allowed	tut=MidSolo;chat=47:PlayCall;a=6,b=13	true
chat_allowed	tut=MidSolo;chat=55:CounterRequest;a=6,b=13	true
chat_allowed	tut=MidSolo;chat=47:PlayCall;a=6,b=14	true
chat_allowed	tut=MidSolo;chat=55:CounterRequest;a=6,b=14	true
chat_allowed	tut=MidSolo;chat=47:PlayCall;a=6,b=15	true
chat_allowed	tut=MidSolo;chat=55:CounterRequest;a=6,b=15	true
chat_allowed	tut=MidSolo;chat=47:PlayCall;a=7,b=0	false
chat_allowed	tut=MidSolo;chat=55:CounterRequest;a=7,b=0	false
chat_allowed	tut=MidSolo;chat=47:PlayCall;a=7,b=1	true
chat_allowed	tut=MidSolo;chat=55:CounterRequest;a=7,b=1	true
chat_allowed	tut=MidSolo;chat=47:PlayCall;a=7,b=2	false
chat_allowed	tut=MidSolo;chat=55:CounterRequest;a=7,b=2	false
chat_allowed	tut=MidSolo;chat=47:PlayCall;a=7,b=3	true
chat_allowed	tut=MidSolo;chat=55:CounterRequest;a=7,b=3	true
chat_allowed	tut=MidSolo;chat=47:PlayCall;a=7,b=4	true
chat_allowed	tut=MidSolo;chat=55:CounterRequest;a=7,b=4	true
chat_allowed	tut=MidSolo;chat=47:PlayCall;a=7,b=5	true
chat_allowed	tut=MidSolo;chat=55:CounterRequest;a=7,b=5	true
chat_allowed	tut=MidSolo;chat=47:PlayCall;a=7,b=6	true
chat_allowed	tut=MidSolo;chat=55:CounterRequest;a=7,b=6	true
chat_allowed	tut=MidSolo;chat=47:PlayCall;a=7,b=7	true
chat_allowed	tut=MidSolo;chat=55:CounterRequest;a=7,b=7	true
chat_allowed	tut=MidSolo;chat=47:PlayCall;a=7,b=8	true
chat_allowed	tut=MidSolo;chat=55:CounterRequest;a=7,b=8	true
chat_allowed	tut=MidSolo;chat=47:PlayCall;a=7,b=9	true
chat_allowed	tut=MidSolo;chat=55:CounterRequest;a=7,b=9	true
chat_allowed	tut=MidSolo;chat=47:PlayCall;a=7,b=10	true
chat_allowed	tut=MidSolo;chat=55:CounterRequest;a=7,b=10	true
chat_allowed	tut=MidSolo;chat=47:PlayCall;a=7,b=11	true
chat_allowed	tut=MidSolo;chat=55:CounterRequest;a=7,b=11	true
chat_allowed	tut=MidSolo;chat=47:PlayCall;a=7,b=12	true
chat_allowed	tut=MidSolo;chat=55:CounterRequest;a=7,b=12	true
chat_allowed	tut=MidSolo;chat=47:PlayCall;a=7,b=13	true
chat_allowed	tut=MidSolo;chat=55:CounterRequest;a=7,b=13	true
chat_allowed	tut=MidSolo;chat=47:PlayCall;a=7,b=14	true
chat_allowed	tut=MidSolo;chat=55:CounterRequest;a=7,b=14	true
chat_allowed	tut=MidSolo;chat=47:PlayCall;a=7,b=15	true
chat_allowed	tut=MidSolo;chat=55:CounterRequest;a=7,b=15	true
chat_allowed	tut=MidSolo;chat=47:PlayCall;a=8,b=0	false
chat_allowed	tut=MidSolo;chat=55:CounterRequest;a=8,b=0	false
chat_allowed	tut=MidSolo;chat=47:PlayCall;a=8,b=1	true
chat_allowed	tut=MidSolo;chat=55:CounterRequest;a=8,b=1	true
chat_allowed	tut=MidSolo;chat=47:PlayCall;a=8,b=2	false
chat_allowed	tut=MidSolo;chat=55:CounterRequest;a=8,b=2	false
chat_allowed	tut=MidSolo;chat=47:PlayCall;a=8,b=3	true
chat_allowed	tut=MidSolo;chat=55:CounterRequest;a=8,b=3	true
chat_allowed	tut=MidSolo;chat=47:PlayCall;a=8,b=4	true
chat_allowed	tut=MidSolo;chat=55:CounterRequest;a=8,b=4	true
chat_allowed	tut=MidSolo;chat=47:PlayCall;a=8,b=5	true
chat_allowed	tut=MidSolo;chat=55:CounterRequest;a=8,b=5	true
chat_allowed	tut=MidSolo;chat=47:PlayCall;a=8,b=6	true
chat_allowed	tut=MidSolo;chat=55:CounterRequest;a=8,b=6	true
chat_allowed	tut=MidSolo;chat=47:PlayCall;a=8,b=7	true
chat_allowed	tut=MidSolo;chat=55:CounterRequest;a=8,b=7	true
chat_allowed	tut=MidSolo;chat=47:PlayCall;a=8,b=8	true
chat_allowed	tut=MidSolo;chat=55:CounterRequest;a=8,b=8	true
chat_allowed	tut=MidSolo;chat=47:PlayCall;a=8,b=9	true
chat_allowed	tut=MidSolo;chat=55:CounterRequest;a=8,b=9	true
chat_allowed	tut=MidSolo;chat=47:PlayCall;a=8,b=10	true
chat_allowed	tut=MidSolo;chat=55:CounterRequest;a=8,b=10	true
chat_allowed	tut=MidSolo;chat=47:PlayCall;a=8,b=11	true
chat_allowed	tut=MidSolo;chat=55:CounterRequest;a=8,b=11	true
chat_allowed	tut=MidSolo;chat=47:PlayCall;a=8,b=12	true
chat_allowed	tut=MidSolo;chat=55:CounterRequest;a=8,b=12	true
chat_allowed	tut=MidSolo;chat=47:PlayCall;a=8,b=13	true
chat_allowed	tut=MidSolo;chat=55:CounterRequest;a=8,b=13	true
chat_allowed	tut=MidSolo;chat=47:PlayCall;a=8,b=14	true
chat_allowed	tut=MidSolo;chat=55:CounterRequest;a=8,b=14	true
chat_allowed	tut=MidSolo;chat=47:PlayCall;a=8,b=15	true
chat_allowed	tut=MidSolo;chat=55:CounterRequest;a=8,b=15	true
chat_allowed	tut=MidSolo;chat=47:PlayCall;a=9,b=0	false
chat_allowed	tut=MidSolo;chat=55:CounterRequest;a=9,b=0	false
chat_allowed	tut=MidSolo;chat=47:PlayCall;a=9,b=1	true
chat_allowed	tut=MidSolo;chat=55:CounterRequest;a=9,b=1	true
chat_allowed	tut=MidSolo;chat=47:PlayCall;a=9,b=2	false
chat_allowed	tut=MidSolo;chat=55:CounterRequest;a=9,b=2	false
chat_allowed	tut=MidSolo;chat=47:PlayCall;a=9,b=3	true
chat_allowed	tut=MidSolo;chat=55:CounterRequest;a=9,b=3	true
chat_allowed	tut=MidSolo;chat=47:PlayCall;a=9,b=4	true
chat_allowed	tut=MidSolo;chat=55:CounterRequest;a=9,b=4	true
chat_allowed	tut=MidSolo;chat=47:PlayCall;a=9,b=5	true
chat_allowed	tut=MidSolo;chat=55:CounterRequest;a=9,b=5	true
chat_allowed	tut=MidSolo;chat=47:PlayCall;a=9,b=6	true
chat_allowed	tut=MidSolo;chat=55:CounterRequest;a=9,b=6	true
chat_allowed	tut=MidSolo;chat=47:PlayCall;a=9,b=7	true
chat_allowed	tut=MidSolo;chat=55:CounterRequest;a=9,b=7	true
chat_allowed	tut=MidSolo;chat=47:PlayCall;a=9,b=8	true
chat_allowed	tut=MidSolo;chat=55:CounterRequest;a=9,b=8	true
chat_allowed	tut=MidSolo;chat=47:PlayCall;a=9,b=9	true
chat_allowed	tut=MidSolo;chat=55:CounterRequest;a=9,b=9	true
chat_allowed	tut=MidSolo;chat=47:PlayCall;a=9,b=10	true
chat_allowed	tut=MidSolo;chat=55:CounterRequest;a=9,b=10	true
chat_allowed	tut=MidSolo;chat=47:PlayCall;a=9,b=11	true
chat_allowed	tut=MidSolo;chat=55:CounterRequest;a=9,b=11	true
chat_allowed	tut=MidSolo;chat=47:PlayCall;a=9,b=12	true
chat_allowed	tut=MidSolo;chat=55:CounterRequest;a=9,b=12	true
chat_allowed	tut=MidSolo;chat=47:PlayCall;a=9,b=13	true
chat_allowed	tut=MidSolo;chat=55:CounterRequest;a=9,b=13	true
chat_allowed	tut=MidSolo;chat=47:PlayCall;a=9,b=14	true
chat_allowed	tut=MidSolo;chat=55:CounterRequest;a=9,b=14	true
chat_allowed	tut=MidSolo;chat=47:PlayCall;a=9,b=15	true
chat_allowed	tut=MidSolo;chat=55:CounterRequest;a=9,b=15	true
chat_allowed	tut=MidSolo;chat=47:PlayCall;a=10,b=0	false
chat_allowed	tut=MidSolo;chat=55:CounterRequest;a=10,b=0	false
chat_allowed	tut=MidSolo;chat=47:PlayCall;a=10,b=1	true
chat_allowed	tut=MidSolo;chat=55:CounterRequest;a=10,b=1	true
chat_allowed	tut=MidSolo;chat=47:PlayCall;a=10,b=2	false
chat_allowed	tut=MidSolo;chat=55:CounterRequest;a=10,b=2	false
chat_allowed	tut=MidSolo;chat=47:PlayCall;a=10,b=3	true
chat_allowed	tut=MidSolo;chat=55:CounterRequest;a=10,b=3	true
chat_allowed	tut=MidSolo;chat=47:PlayCall;a=10,b=4	true
chat_allowed	tut=MidSolo;chat=55:CounterRequest;a=10,b=4	true
chat_allowed	tut=MidSolo;chat=47:PlayCall;a=10,b=5	true
chat_allowed	tut=MidSolo;chat=55:CounterRequest;a=10,b=5	true
chat_allowed	tut=MidSolo;chat=47:PlayCall;a=10,b=6	true
chat_allowed	tut=MidSolo;chat=55:CounterRequest;a=10,b=6	true
chat_allowed	tut=MidSolo;chat=47:PlayCall;a=10,b=7	true
chat_allowed	tut=MidSolo;chat=55:CounterRequest;a=10,b=7	true
chat_allowed	tut=MidSolo;chat=47:PlayCall;a=10,b=8	true
chat_allowed	tut=MidSolo;chat=55:CounterRequest;a=10,b=8	true
chat_allowed	tut=MidSolo;chat=47:PlayCall;a=10,b=9	true
chat_allowed	tut=MidSolo;chat=55:CounterRequest;a=10,b=9	true
chat_allowed	tut=MidSolo;chat=47:PlayCall;a=10,b=10	true
chat_allowed	tut=MidSolo;chat=55:CounterRequest;a=10,b=10	true
chat_allowed	tut=MidSolo;chat=47:PlayCall;a=10,b=11	true
chat_allowed	tut=MidSolo;chat=55:CounterRequest;a=10,b=11	true
chat_allowed	tut=MidSolo;chat=47:PlayCall;a=10,b=12	true
chat_allowed	tut=MidSolo;chat=55:CounterRequest;a=10,b=12	true
chat_allowed	tut=MidSolo;chat=47:PlayCall;a=10,b=13	true
chat_allowed	tut=MidSolo;chat=55:CounterRequest;a=10,b=13	true
chat_allowed	tut=MidSolo;chat=47:PlayCall;a=10,b=14	true
chat_allowed	tut=MidSolo;chat=55:CounterRequest;a=10,b=14	true
chat_allowed	tut=MidSolo;chat=47:PlayCall;a=10,b=15	true
chat_allowed	tut=MidSolo;chat=55:CounterRequest;a=10,b=15	true
chat_allowed	tut=MidSolo;chat=47:PlayCall;a=11,b=0	false
chat_allowed	tut=MidSolo;chat=55:CounterRequest;a=11,b=0	false
chat_allowed	tut=MidSolo;chat=47:PlayCall;a=11,b=1	true
chat_allowed	tut=MidSolo;chat=55:CounterRequest;a=11,b=1	true
chat_allowed	tut=MidSolo;chat=47:PlayCall;a=11,b=2	false
chat_allowed	tut=MidSolo;chat=55:CounterRequest;a=11,b=2	false
chat_allowed	tut=MidSolo;chat=47:PlayCall;a=11,b=3	true
chat_allowed	tut=MidSolo;chat=55:CounterRequest;a=11,b=3	true
chat_allowed	tut=MidSolo;chat=47:PlayCall;a=11,b=4	true
chat_allowed	tut=MidSolo;chat=55:CounterRequest;a=11,b=4	true
chat_allowed	tut=MidSolo;chat=47:PlayCall;a=11,b=5	true
chat_allowed	tut=MidSolo;chat=55:CounterRequest;a=11,b=5	true
chat_allowed	tut=MidSolo;chat=47:PlayCall;a=11,b=6	true
chat_allowed	tut=MidSolo;chat=55:CounterRequest;a=11,b=6	true
chat_allowed	tut=MidSolo;chat=47:PlayCall;a=11,b=7	true
chat_allowed	tut=MidSolo;chat=55:CounterRequest;a=11,b=7	true
chat_allowed	tut=MidSolo;chat=47:PlayCall;a=11,b=8	true
chat_allowed	tut=MidSolo;chat=55:CounterRequest;a=11,b=8	true
chat_allowed	tut=MidSolo;chat=47:PlayCall;a=11,b=9	true
chat_allowed	tut=MidSolo;chat=55:CounterRequest;a=11,b=9	true
chat_allowed	tut=MidSolo;chat=47:PlayCall;a=11,b=10	true
chat_allowed	tut=MidSolo;chat=55:CounterRequest;a=11,b=10	true
chat_allowed	tut=MidSolo;chat=47:PlayCall;a=11,b=11	true
chat_allowed	tut=MidSolo;chat=55:CounterRequest;a=11,b=11	true
chat_allowed	tut=MidSolo;chat=47:PlayCall;a=11,b=12	true
chat_allowed	tut=MidSolo;chat=55:CounterRequest;a=11,b=12	true
chat_allowed	tut=MidSolo;chat=47:PlayCall;a=11,b=13	true
chat_allowed	tut=MidSolo;chat=55:CounterRequest;a=11,b=13	true
chat_allowed	tut=MidSolo;chat=47:PlayCall;a=11,b=14	true
chat_allowed	tut=MidSolo;chat=55:CounterRequest;a=11,b=14	true
chat_allowed	tut=MidSolo;chat=47:PlayCall;a=11,b=15	true
chat_allowed	tut=MidSolo;chat=55:CounterRequest;a=11,b=15	true
chat_allowed	tut=MidSolo;chat=47:PlayCall;a=12,b=0	false
chat_allowed	tut=MidSolo;chat=55:CounterRequest;a=12,b=0	false
chat_allowed	tut=MidSolo;chat=47:PlayCall;a=12,b=1	true
chat_allowed	tut=MidSolo;chat=55:CounterRequest;a=12,b=1	true
chat_allowed	tut=MidSolo;chat=47:PlayCall;a=12,b=2	false
chat_allowed	tut=MidSolo;chat=55:CounterRequest;a=12,b=2	false
chat_allowed	tut=MidSolo;chat=47:PlayCall;a=12,b=3	true
chat_allowed	tut=MidSolo;chat=55:CounterRequest;a=12,b=3	true
chat_allowed	tut=MidSolo;chat=47:PlayCall;a=12,b=4	true
chat_allowed	tut=MidSolo;chat=55:CounterRequest;a=12,b=4	true
chat_allowed	tut=MidSolo;chat=47:PlayCall;a=12,b=5	true
chat_allowed	tut=MidSolo;chat=55:CounterRequest;a=12,b=5	true
chat_allowed	tut=MidSolo;chat=47:PlayCall;a=12,b=6	true
chat_allowed	tut=MidSolo;chat=55:CounterRequest;a=12,b=6	true
chat_allowed	tut=MidSolo;chat=47:PlayCall;a=12,b=7	true
chat_allowed	tut=MidSolo;chat=55:CounterRequest;a=12,b=7	true
chat_allowed	tut=MidSolo;chat=47:PlayCall;a=12,b=8	true
chat_allowed	tut=MidSolo;chat=55:CounterRequest;a=12,b=8	true
chat_allowed	tut=MidSolo;chat=47:PlayCall;a=12,b=9	true
chat_allowed	tut=MidSolo;chat=55:CounterRequest;a=12,b=9	true
chat_allowed	tut=MidSolo;chat=47:PlayCall;a=12,b=10	true
chat_allowed	tut=MidSolo;chat=55:CounterRequest;a=12,b=10	true
chat_allowed	tut=MidSolo;chat=47:PlayCall;a=12,b=11	true
chat_allowed	tut=MidSolo;chat=55:CounterRequest;a=12,b=11	true
chat_allowed	tut=MidSolo;chat=47:PlayCall;a=12,b=12	true
chat_allowed	tut=MidSolo;chat=55:CounterRequest;a=12,b=12	true
chat_allowed	tut=MidSolo;chat=47:PlayCall;a=12,b=13	true
chat_allowed	tut=MidSolo;chat=55:CounterRequest;a=12,b=13	true
chat_allowed	tut=MidSolo;chat=47:PlayCall;a=12,b=14	true
chat_allowed	tut=MidSolo;chat=55:CounterRequest;a=12,b=14	true
chat_allowed	tut=MidSolo;chat=47:PlayCall;a=12,b=15	true
chat_allowed	tut=MidSolo;chat=55:CounterRequest;a=12,b=15	true
chat_allowed	tut=MidSolo;chat=47:PlayCall;a=13,b=0	false
chat_allowed	tut=MidSolo;chat=55:CounterRequest;a=13,b=0	false
chat_allowed	tut=MidSolo;chat=47:PlayCall;a=13,b=1	true
chat_allowed	tut=MidSolo;chat=55:CounterRequest;a=13,b=1	true
chat_allowed	tut=MidSolo;chat=47:PlayCall;a=13,b=2	false
chat_allowed	tut=MidSolo;chat=55:CounterRequest;a=13,b=2	false
chat_allowed	tut=MidSolo;chat=47:PlayCall;a=13,b=3	true
chat_allowed	tut=MidSolo;chat=55:CounterRequest;a=13,b=3	true
chat_allowed	tut=MidSolo;chat=47:PlayCall;a=13,b=4	true
chat_allowed	tut=MidSolo;chat=55:CounterRequest;a=13,b=4	true
chat_allowed	tut=MidSolo;chat=47:PlayCall;a=13,b=5	true
chat_allowed	tut=MidSolo;chat=55:CounterRequest;a=13,b=5	true
chat_allowed	tut=MidSolo;chat=47:PlayCall;a=13,b=6	true
chat_allowed	tut=MidSolo;chat=55:CounterRequest;a=13,b=6	true
chat_allowed	tut=MidSolo;chat=47:PlayCall;a=13,b=7	true
chat_allowed	tut=MidSolo;chat=55:CounterRequest;a=13,b=7	true
chat_allowed	tut=MidSolo;chat=47:PlayCall;a=13,b=8	true
chat_allowed	tut=MidSolo;chat=55:CounterRequest;a=13,b=8	true
chat_allowed	tut=MidSolo;chat=47:PlayCall;a=13,b=9	true
chat_allowed	tut=MidSolo;chat=55:CounterRequest;a=13,b=9	true
chat_allowed	tut=MidSolo;chat=47:PlayCall;a=13,b=10	true
chat_allowed	tut=MidSolo;chat=55:CounterRequest;a=13,b=10	true
chat_allowed	tut=MidSolo;chat=47:PlayCall;a=13,b=11	true
chat_allowed	tut=MidSolo;chat=55:CounterRequest;a=13,b=11	true
chat_allowed	tut=MidSolo;chat=47:PlayCall;a=13,b=12	true
chat_allowed	tut=MidSolo;chat=55:CounterRequest;a=13,b=12	true
chat_allowed	tut=MidSolo;chat=47:PlayCall;a=13,b=13	true
chat_allowed	tut=MidSolo;chat=55:CounterRequest;a=13,b=13	true
chat_allowed	tut=MidSolo;chat=47:PlayCall;a=13,b=14	true
chat_allowed	tut=MidSolo;chat=55:CounterRequest;a=13,b=14	true
chat_allowed	tut=MidSolo;chat=47:PlayCall;a=13,b=15	true
chat_allowed	tut=MidSolo;chat=55:CounterRequest;a=13,b=15	true
chat_allowed	tut=MidSolo;chat=47:PlayCall;a=14,b=0	false
chat_allowed	tut=MidSolo;chat=55:CounterRequest;a=14,b=0	false
chat_allowed	tut=MidSolo;chat=47:PlayCall;a=14,b=1	true
chat_allowed	tut=MidSolo;chat=55:CounterRequest;a=14,b=1	true
chat_allowed	tut=MidSolo;chat=47:PlayCall;a=14,b=2	false
chat_allowed	tut=MidSolo;chat=55:CounterRequest;a=14,b=2	false
chat_allowed	tut=MidSolo;chat=47:PlayCall;a=14,b=3	true
chat_allowed	tut=MidSolo;chat=55:CounterRequest;a=14,b=3	true
chat_allowed	tut=MidSolo;chat=47:PlayCall;a=14,b=4	true
chat_allowed	tut=MidSolo;chat=55:CounterRequest;a=14,b=4	true
chat_allowed	tut=MidSolo;chat=47:PlayCall;a=14,b=5	true
chat_allowed	tut=MidSolo;chat=55:CounterRequest;a=14,b=5	true
chat_allowed	tut=MidSolo;chat=47:PlayCall;a=14,b=6	true
chat_allowed	tut=MidSolo;chat=55:CounterRequest;a=14,b=6	true
chat_allowed	tut=MidSolo;chat=47:PlayCall;a=14,b=7	true
chat_allowed	tut=MidSolo;chat=55:CounterRequest;a=14,b=7	true
chat_allowed	tut=MidSolo;chat=47:PlayCall;a=14,b=8	true
chat_allowed	tut=MidSolo;chat=55:CounterRequest;a=14,b=8	true
chat_allowed	tut=MidSolo;chat=47:PlayCall;a=14,b=9	true
chat_allowed	tut=MidSolo;chat=55:CounterRequest;a=14,b=9	true
chat_allowed	tut=MidSolo;chat=47:PlayCall;a=14,b=10	true
chat_allowed	tut=MidSolo;chat=55:CounterRequest;a=14,b=10	true
chat_allowed	tut=MidSolo;chat=47:PlayCall;a=14,b=11	true
chat_allowed	tut=MidSolo;chat=55:CounterRequest;a=14,b=11	true
chat_allowed	tut=MidSolo;chat=47:PlayCall;a=14,b=12	true
chat_allowed	tut=MidSolo;chat=55:CounterRequest;a=14,b=12	true
chat_allowed	tut=MidSolo;chat=47:PlayCall;a=14,b=13	true
chat_allowed	tut=MidSolo;chat=55:CounterRequest;a=14,b=13	true
chat_allowed	tut=MidSolo;chat=47:PlayCall;a=14,b=14	true
chat_allowed	tut=MidSolo;chat=55:CounterRequest;a=14,b=14	true
chat_allowed	tut=MidSolo;chat=47:PlayCall;a=14,b=15	true
chat_allowed	tut=MidSolo;chat=55:CounterRequest;a=14,b=15	true
chat_allowed	tut=MidSolo;chat=47:PlayCall;a=15,b=0	false
chat_allowed	tut=MidSolo;chat=55:CounterRequest;a=15,b=0	false
chat_allowed	tut=MidSolo;chat=47:PlayCall;a=15,b=1	true
chat_allowed	tut=MidSolo;chat=55:CounterRequest;a=15,b=1	true
chat_allowed	tut=MidSolo;chat=47:PlayCall;a=15,b=2	false
chat_allowed	tut=MidSolo;chat=55:CounterRequest;a=15,b=2	false
chat_allowed	tut=MidSolo;chat=47:PlayCall;a=15,b=3	true
chat_allowed	tut=MidSolo;chat=55:CounterRequest;a=15,b=3	true
chat_allowed	tut=MidSolo;chat=47:PlayCall;a=15,b=4	true
chat_allowed	tut=MidSolo;chat=55:CounterRequest;a=15,b=4	true
chat_allowed	tut=MidSolo;chat=47:PlayCall;a=15,b=5	true
chat_allowed	tut=MidSolo;chat=55:CounterRequest;a=15,b=5	true
chat_allowed	tut=MidSolo;chat=47:PlayCall;a=15,b=6	true
chat_allowed	tut=MidSolo;chat=55:CounterRequest;a=15,b=6	true
chat_allowed	tut=MidSolo;chat=47:PlayCall;a=15,b=7	true
chat_allowed	tut=MidSolo;chat=55:CounterRequest;a=15,b=7	true
chat_allowed	tut=MidSolo;chat=47:PlayCall;a=15,b=8	true
chat_allowed	tut=MidSolo;chat=55:CounterRequest;a=15,b=8	true
chat_allowed	tut=MidSolo;chat=47:PlayCall;a=15,b=9	true
chat_allowed	tut=MidSolo;chat=55:CounterRequest;a=15,b=9	true
chat_allowed	tut=MidSolo;chat=47:PlayCall;a=15,b=10	true
chat_allowed	tut=MidSolo;chat=55:CounterRequest;a=15,b=10	true
chat_allowed	tut=MidSolo;chat=47:PlayCall;a=15,b=11	true
chat_allowed	tut=MidSolo;chat=55:CounterRequest;a=15,b=11	true
chat_allowed	tut=MidSolo;chat=47:PlayCall;a=15,b=12	true
chat_allowed	tut=MidSolo;chat=55:CounterRequest;a=15,b=12	true
chat_allowed	tut=MidSolo;chat=47:PlayCall;a=15,b=13	true
chat_allowed	tut=MidSolo;chat=55:CounterRequest;a=15,b=13	true
chat_allowed	tut=MidSolo;chat=47:PlayCall;a=15,b=14	true
chat_allowed	tut=MidSolo;chat=55:CounterRequest;a=15,b=14	true
chat_allowed	tut=MidSolo;chat=47:PlayCall;a=15,b=15	true
chat_allowed	tut=MidSolo;chat=55:CounterRequest;a=15,b=15	true
chat_allowed	tut=MidSolo;chat=51:EarlyPlan;a=0	true
chat_allowed	tut=MidSolo;chat=52:EarlyPlanChange;a=0	true
chat_allowed	tut=MidSolo;chat=51:EarlyPlan;a=1	false
chat_allowed	tut=MidSolo;chat=52:EarlyPlanChange;a=1	true
chat_allowed	tut=MidSolo;chat=51:EarlyPlan;a=2	true
chat_allowed	tut=MidSolo;chat=52:EarlyPlanChange;a=2	true
chat_allowed	tut=MidSolo;chat=51:EarlyPlan;a=3	false
chat_allowed	tut=MidSolo;chat=52:EarlyPlanChange;a=3	true
chat_allowed	tut=MidSolo;chat=51:EarlyPlan;a=4	false
chat_allowed	tut=MidSolo;chat=52:EarlyPlanChange;a=4	true
chat_allowed	tut=MidSolo;chat=51:EarlyPlan;a=5	true
chat_allowed	tut=MidSolo;chat=52:EarlyPlanChange;a=5	true
chat_allowed	tut=MidSolo;chat=51:EarlyPlan;a=6	true
chat_allowed	tut=MidSolo;chat=52:EarlyPlanChange;a=6	true
chat_allowed	tut=MidSolo;chat=51:EarlyPlan;a=7	true
chat_allowed	tut=MidSolo;chat=52:EarlyPlanChange;a=7	true
chat_allowed	tut=MidSolo;chat=51:EarlyPlan;a=8	true
chat_allowed	tut=MidSolo;chat=52:EarlyPlanChange;a=8	true
chat_allowed	tut=MidSolo;chat=51:EarlyPlan;a=9	true
chat_allowed	tut=MidSolo;chat=52:EarlyPlanChange;a=9	true
chat_allowed	tut=MidSolo;chat=51:EarlyPlan;a=10	true
chat_allowed	tut=MidSolo;chat=52:EarlyPlanChange;a=10	true
chat_allowed	tut=MidSolo;chat=51:EarlyPlan;a=11	true
chat_allowed	tut=MidSolo;chat=52:EarlyPlanChange;a=11	true
chat_allowed	tut=MidSolo;chat=51:EarlyPlan;a=12	true
chat_allowed	tut=MidSolo;chat=52:EarlyPlanChange;a=12	true
chat_allowed	tut=MidSolo;chat=51:EarlyPlan;a=13	true
chat_allowed	tut=MidSolo;chat=52:EarlyPlanChange;a=13	true
chat_allowed	tut=MidSolo;chat=51:EarlyPlan;a=14	true
chat_allowed	tut=MidSolo;chat=52:EarlyPlanChange;a=14	true
chat_allowed	tut=MidSolo;chat=51:EarlyPlan;a=15	true
chat_allowed	tut=MidSolo;chat=52:EarlyPlanChange;a=15	true
plan_allowed	tut=MidBottom;plan=ForcePassive	true
plan_allowed	tut=MidBottom;plan=ActiveRecall	true
plan_allowed	tut=MidBottom;plan=EpicHuntAndPoke	false
plan_allowed	tut=MidBottom;plan=EpicHuntAndBattle	false
plan_allowed	tut=MidBottom;plan=SerpenHuntAndPoke	true
plan_allowed	tut=MidBottom;plan=SerpenHuntAndBattle	true
plan_allowed	tut=MidBottom;plan=AttackNexus(default)	true
plan_allowed	tut=MidBottom;plan=DefenseNexus(default)	true
plan_allowed	tut=MidBottom;plan=PassiveLine(Mid)	true
plan_allowed	tut=MidBottom;plan=SinglePlanLine(Mid)	true
plan_allowed	tut=MidBottom;plan=LineGanker(Mid)	true
plan_allowed	tut=MidBottom;plan=LineGankCover(Mid)	true
plan_allowed	tut=MidBottom;plan=PassiveLine(Bottom)	true
plan_allowed	tut=MidBottom;plan=SinglePlanLine(Bottom)	true
plan_allowed	tut=MidBottom;plan=LineGanker(Bottom)	true
plan_allowed	tut=MidBottom;plan=LineGankCover(Bottom)	true
plan_allowed	tut=MidBottom;plan=PassiveLine(Top)	false
plan_allowed	tut=MidBottom;plan=SinglePlanLine(Top)	false
plan_allowed	tut=MidBottom;plan=LineGanker(Top)	false
plan_allowed	tut=MidBottom;plan=LineGankCover(Top)	false
plan_allowed	tut=MidBottom;plan=PassiveJungle(Rhino,0)	false
plan_allowed	tut=MidBottom;plan=PassiveJungle(Rhino,1)	false
plan_allowed	tut=MidBottom;plan=PassiveJungle(Mushroom,0)	false
plan_allowed	tut=MidBottom;plan=PassiveJungle(Mushroom,1)	false
plan_allowed	tut=MidBottom;plan=PassiveJungle(Stump,0)	false
plan_allowed	tut=MidBottom;plan=PassiveJungle(Stump,1)	false
plan_allowed	tut=MidBottom;plan=PassiveJungle(Bee,0)	false
plan_allowed	tut=MidBottom;plan=PassiveJungle(Bee,1)	false
plan_allowed	tut=MidBottom;plan=PassiveJungle(Morgard,0)	false
plan_allowed	tut=MidBottom;plan=PassiveJungle(Morgard,1)	false
plan_allowed	tut=MidBottom;plan=PassiveJungle(Serpen,0)	false
plan_allowed	tut=MidBottom;plan=PassiveJungle(Serpen,1)	false
chat_allowed	tut=MidBottom;chat=49:PlayPropose;a=0,b=0,c=0	false
chat_allowed	tut=MidBottom;chat=49:PlayPropose;a=0,b=0,c=1	false
chat_allowed	tut=MidBottom;chat=49:PlayPropose;a=0,b=0,c=2	false
chat_allowed	tut=MidBottom;chat=49:PlayPropose;a=0,b=0,c=3	false
chat_allowed	tut=MidBottom;chat=49:PlayPropose;a=0,b=0,c=4	false
chat_allowed	tut=MidBottom;chat=49:PlayPropose;a=0,b=0,c=5	false
chat_allowed	tut=MidBottom;chat=49:PlayPropose;a=0,b=0,c=6	false
chat_allowed	tut=MidBottom;chat=49:PlayPropose;a=0,b=0,c=7	false
chat_allowed	tut=MidBottom;chat=49:PlayPropose;a=0,b=1,c=0	false
chat_allowed	tut=MidBottom;chat=49:PlayPropose;a=0,b=1,c=1	false
chat_allowed	tut=MidBottom;chat=49:PlayPropose;a=0,b=1,c=2	false
chat_allowed	tut=MidBottom;chat=49:PlayPropose;a=0,b=1,c=3	false
chat_allowed	tut=MidBottom;chat=49:PlayPropose;a=0,b=1,c=4	false
chat_allowed	tut=MidBottom;chat=49:PlayPropose;a=0,b=1,c=5	false
chat_allowed	tut=MidBottom;chat=49:PlayPropose;a=0,b=1,c=6	false
chat_allowed	tut=MidBottom;chat=49:PlayPropose;a=0,b=1,c=7	false
chat_allowed	tut=MidBottom;chat=49:PlayPropose;a=0,b=2,c=0	false
chat_allowed	tut=MidBottom;chat=49:PlayPropose;a=0,b=2,c=1	false
chat_allowed	tut=MidBottom;chat=49:PlayPropose;a=0,b=2,c=2	false
chat_allowed	tut=MidBottom;chat=49:PlayPropose;a=0,b=2,c=3	false
chat_allowed	tut=MidBottom;chat=49:PlayPropose;a=0,b=2,c=4	false
chat_allowed	tut=MidBottom;chat=49:PlayPropose;a=0,b=2,c=5	false
chat_allowed	tut=MidBottom;chat=49:PlayPropose;a=0,b=2,c=6	false
chat_allowed	tut=MidBottom;chat=49:PlayPropose;a=0,b=2,c=7	false
chat_allowed	tut=MidBottom;chat=49:PlayPropose;a=0,b=3,c=0	false
chat_allowed	tut=MidBottom;chat=49:PlayPropose;a=0,b=3,c=1	false
chat_allowed	tut=MidBottom;chat=49:PlayPropose;a=0,b=3,c=2	false
chat_allowed	tut=MidBottom;chat=49:PlayPropose;a=0,b=3,c=3	false
chat_allowed	tut=MidBottom;chat=49:PlayPropose;a=0,b=3,c=4	false
chat_allowed	tut=MidBottom;chat=49:PlayPropose;a=0,b=3,c=5	false
chat_allowed	tut=MidBottom;chat=49:PlayPropose;a=0,b=3,c=6	false
chat_allowed	tut=MidBottom;chat=49:PlayPropose;a=0,b=3,c=7	false
chat_allowed	tut=MidBottom;chat=49:PlayPropose;a=0,b=4,c=0	false
chat_allowed	tut=MidBottom;chat=49:PlayPropose;a=0,b=4,c=1	false
chat_allowed	tut=MidBottom;chat=49:PlayPropose;a=0,b=4,c=2	false
chat_allowed	tut=MidBottom;chat=49:PlayPropose;a=0,b=4,c=3	false
chat_allowed	tut=MidBottom;chat=49:PlayPropose;a=0,b=4,c=4	false
chat_allowed	tut=MidBottom;chat=49:PlayPropose;a=0,b=4,c=5	false
chat_allowed	tut=MidBottom;chat=49:PlayPropose;a=0,b=4,c=6	false
chat_allowed	tut=MidBottom;chat=49:PlayPropose;a=0,b=4,c=7	false
chat_allowed	tut=MidBottom;chat=49:PlayPropose;a=0,b=5,c=0	false
chat_allowed	tut=MidBottom;chat=49:PlayPropose;a=0,b=5,c=1	false
chat_allowed	tut=MidBottom;chat=49:PlayPropose;a=0,b=5,c=2	false
chat_allowed	tut=MidBottom;chat=49:PlayPropose;a=0,b=5,c=3	false
chat_allowed	tut=MidBottom;chat=49:PlayPropose;a=0,b=5,c=4	false
chat_allowed	tut=MidBottom;chat=49:PlayPropose;a=0,b=5,c=5	false
chat_allowed	tut=MidBottom;chat=49:PlayPropose;a=0,b=5,c=6	false
chat_allowed	tut=MidBottom;chat=49:PlayPropose;a=0,b=5,c=7	false
chat_allowed	tut=MidBottom;chat=49:PlayPropose;a=0,b=6,c=0	false
chat_allowed	tut=MidBottom;chat=49:PlayPropose;a=0,b=6,c=1	false
chat_allowed	tut=MidBottom;chat=49:PlayPropose;a=0,b=6,c=2	false
chat_allowed	tut=MidBottom;chat=49:PlayPropose;a=0,b=6,c=3	false
chat_allowed	tut=MidBottom;chat=49:PlayPropose;a=0,b=6,c=4	false
chat_allowed	tut=MidBottom;chat=49:PlayPropose;a=0,b=6,c=5	false
chat_allowed	tut=MidBottom;chat=49:PlayPropose;a=0,b=6,c=6	false
chat_allowed	tut=MidBottom;chat=49:PlayPropose;a=0,b=6,c=7	false
chat_allowed	tut=MidBottom;chat=49:PlayPropose;a=0,b=7,c=0	false
chat_allowed	tut=MidBottom;chat=49:PlayPropose;a=0,b=7,c=1	false
chat_allowed	tut=MidBottom;chat=49:PlayPropose;a=0,b=7,c=2	false
chat_allowed	tut=MidBottom;chat=49:PlayPropose;a=0,b=7,c=3	false
chat_allowed	tut=MidBottom;chat=49:PlayPropose;a=0,b=7,c=4	false
chat_allowed	tut=MidBottom;chat=49:PlayPropose;a=0,b=7,c=5	false
chat_allowed	tut=MidBottom;chat=49:PlayPropose;a=0,b=7,c=6	false
chat_allowed	tut=MidBottom;chat=49:PlayPropose;a=0,b=7,c=7	false
chat_allowed	tut=MidBottom;chat=49:PlayPropose;a=1,b=0,c=0	false
chat_allowed	tut=MidBottom;chat=49:PlayPropose;a=1,b=0,c=1	false
chat_allowed	tut=MidBottom;chat=49:PlayPropose;a=1,b=0,c=2	false
chat_allowed	tut=MidBottom;chat=49:PlayPropose;a=1,b=0,c=3	false
chat_allowed	tut=MidBottom;chat=49:PlayPropose;a=1,b=0,c=4	false
chat_allowed	tut=MidBottom;chat=49:PlayPropose;a=1,b=0,c=5	false
chat_allowed	tut=MidBottom;chat=49:PlayPropose;a=1,b=0,c=6	false
chat_allowed	tut=MidBottom;chat=49:PlayPropose;a=1,b=0,c=7	false
chat_allowed	tut=MidBottom;chat=49:PlayPropose;a=1,b=1,c=0	true
chat_allowed	tut=MidBottom;chat=49:PlayPropose;a=1,b=1,c=1	true
chat_allowed	tut=MidBottom;chat=49:PlayPropose;a=1,b=1,c=2	true
chat_allowed	tut=MidBottom;chat=49:PlayPropose;a=1,b=1,c=3	true
chat_allowed	tut=MidBottom;chat=49:PlayPropose;a=1,b=1,c=4	true
chat_allowed	tut=MidBottom;chat=49:PlayPropose;a=1,b=1,c=5	true
chat_allowed	tut=MidBottom;chat=49:PlayPropose;a=1,b=1,c=6	true
chat_allowed	tut=MidBottom;chat=49:PlayPropose;a=1,b=1,c=7	true
chat_allowed	tut=MidBottom;chat=49:PlayPropose;a=1,b=2,c=0	true
chat_allowed	tut=MidBottom;chat=49:PlayPropose;a=1,b=2,c=1	true
chat_allowed	tut=MidBottom;chat=49:PlayPropose;a=1,b=2,c=2	true
chat_allowed	tut=MidBottom;chat=49:PlayPropose;a=1,b=2,c=3	true
chat_allowed	tut=MidBottom;chat=49:PlayPropose;a=1,b=2,c=4	true
chat_allowed	tut=MidBottom;chat=49:PlayPropose;a=1,b=2,c=5	true
chat_allowed	tut=MidBottom;chat=49:PlayPropose;a=1,b=2,c=6	true
chat_allowed	tut=MidBottom;chat=49:PlayPropose;a=1,b=2,c=7	true
chat_allowed	tut=MidBottom;chat=49:PlayPropose;a=1,b=3,c=0	true
chat_allowed	tut=MidBottom;chat=49:PlayPropose;a=1,b=3,c=1	true
chat_allowed	tut=MidBottom;chat=49:PlayPropose;a=1,b=3,c=2	true
chat_allowed	tut=MidBottom;chat=49:PlayPropose;a=1,b=3,c=3	true
chat_allowed	tut=MidBottom;chat=49:PlayPropose;a=1,b=3,c=4	true
chat_allowed	tut=MidBottom;chat=49:PlayPropose;a=1,b=3,c=5	true
chat_allowed	tut=MidBottom;chat=49:PlayPropose;a=1,b=3,c=6	true
chat_allowed	tut=MidBottom;chat=49:PlayPropose;a=1,b=3,c=7	true
chat_allowed	tut=MidBottom;chat=49:PlayPropose;a=1,b=4,c=0	true
chat_allowed	tut=MidBottom;chat=49:PlayPropose;a=1,b=4,c=1	true
chat_allowed	tut=MidBottom;chat=49:PlayPropose;a=1,b=4,c=2	true
chat_allowed	tut=MidBottom;chat=49:PlayPropose;a=1,b=4,c=3	true
chat_allowed	tut=MidBottom;chat=49:PlayPropose;a=1,b=4,c=4	true
chat_allowed	tut=MidBottom;chat=49:PlayPropose;a=1,b=4,c=5	true
chat_allowed	tut=MidBottom;chat=49:PlayPropose;a=1,b=4,c=6	true
chat_allowed	tut=MidBottom;chat=49:PlayPropose;a=1,b=4,c=7	true
chat_allowed	tut=MidBottom;chat=49:PlayPropose;a=1,b=5,c=0	true
chat_allowed	tut=MidBottom;chat=49:PlayPropose;a=1,b=5,c=1	true
chat_allowed	tut=MidBottom;chat=49:PlayPropose;a=1,b=5,c=2	true
chat_allowed	tut=MidBottom;chat=49:PlayPropose;a=1,b=5,c=3	true
chat_allowed	tut=MidBottom;chat=49:PlayPropose;a=1,b=5,c=4	true
chat_allowed	tut=MidBottom;chat=49:PlayPropose;a=1,b=5,c=5	true
chat_allowed	tut=MidBottom;chat=49:PlayPropose;a=1,b=5,c=6	true
chat_allowed	tut=MidBottom;chat=49:PlayPropose;a=1,b=5,c=7	true
chat_allowed	tut=MidBottom;chat=49:PlayPropose;a=1,b=6,c=0	true
chat_allowed	tut=MidBottom;chat=49:PlayPropose;a=1,b=6,c=1	true
chat_allowed	tut=MidBottom;chat=49:PlayPropose;a=1,b=6,c=2	true
chat_allowed	tut=MidBottom;chat=49:PlayPropose;a=1,b=6,c=3	true
chat_allowed	tut=MidBottom;chat=49:PlayPropose;a=1,b=6,c=4	true
chat_allowed	tut=MidBottom;chat=49:PlayPropose;a=1,b=6,c=5	true
chat_allowed	tut=MidBottom;chat=49:PlayPropose;a=1,b=6,c=6	true
chat_allowed	tut=MidBottom;chat=49:PlayPropose;a=1,b=6,c=7	true
chat_allowed	tut=MidBottom;chat=49:PlayPropose;a=1,b=7,c=0	true
chat_allowed	tut=MidBottom;chat=49:PlayPropose;a=1,b=7,c=1	true
chat_allowed	tut=MidBottom;chat=49:PlayPropose;a=1,b=7,c=2	true
chat_allowed	tut=MidBottom;chat=49:PlayPropose;a=1,b=7,c=3	true
chat_allowed	tut=MidBottom;chat=49:PlayPropose;a=1,b=7,c=4	true
chat_allowed	tut=MidBottom;chat=49:PlayPropose;a=1,b=7,c=5	true
chat_allowed	tut=MidBottom;chat=49:PlayPropose;a=1,b=7,c=6	true
chat_allowed	tut=MidBottom;chat=49:PlayPropose;a=1,b=7,c=7	true
chat_allowed	tut=MidBottom;chat=49:PlayPropose;a=2,b=0,c=0	false
chat_allowed	tut=MidBottom;chat=49:PlayPropose;a=2,b=0,c=1	false
chat_allowed	tut=MidBottom;chat=49:PlayPropose;a=2,b=0,c=2	false
chat_allowed	tut=MidBottom;chat=49:PlayPropose;a=2,b=0,c=3	false
chat_allowed	tut=MidBottom;chat=49:PlayPropose;a=2,b=0,c=4	false
chat_allowed	tut=MidBottom;chat=49:PlayPropose;a=2,b=0,c=5	false
chat_allowed	tut=MidBottom;chat=49:PlayPropose;a=2,b=0,c=6	false
chat_allowed	tut=MidBottom;chat=49:PlayPropose;a=2,b=0,c=7	false
chat_allowed	tut=MidBottom;chat=49:PlayPropose;a=2,b=1,c=0	false
chat_allowed	tut=MidBottom;chat=49:PlayPropose;a=2,b=1,c=1	false
chat_allowed	tut=MidBottom;chat=49:PlayPropose;a=2,b=1,c=2	false
chat_allowed	tut=MidBottom;chat=49:PlayPropose;a=2,b=1,c=3	false
chat_allowed	tut=MidBottom;chat=49:PlayPropose;a=2,b=1,c=4	false
chat_allowed	tut=MidBottom;chat=49:PlayPropose;a=2,b=1,c=5	false
chat_allowed	tut=MidBottom;chat=49:PlayPropose;a=2,b=1,c=6	false
chat_allowed	tut=MidBottom;chat=49:PlayPropose;a=2,b=1,c=7	false
chat_allowed	tut=MidBottom;chat=49:PlayPropose;a=2,b=2,c=0	false
chat_allowed	tut=MidBottom;chat=49:PlayPropose;a=2,b=2,c=1	false
chat_allowed	tut=MidBottom;chat=49:PlayPropose;a=2,b=2,c=2	false
chat_allowed	tut=MidBottom;chat=49:PlayPropose;a=2,b=2,c=3	false
chat_allowed	tut=MidBottom;chat=49:PlayPropose;a=2,b=2,c=4	false
chat_allowed	tut=MidBottom;chat=49:PlayPropose;a=2,b=2,c=5	false
chat_allowed	tut=MidBottom;chat=49:PlayPropose;a=2,b=2,c=6	false
chat_allowed	tut=MidBottom;chat=49:PlayPropose;a=2,b=2,c=7	false
chat_allowed	tut=MidBottom;chat=49:PlayPropose;a=2,b=3,c=0	false
chat_allowed	tut=MidBottom;chat=49:PlayPropose;a=2,b=3,c=1	false
chat_allowed	tut=MidBottom;chat=49:PlayPropose;a=2,b=3,c=2	false
chat_allowed	tut=MidBottom;chat=49:PlayPropose;a=2,b=3,c=3	false
chat_allowed	tut=MidBottom;chat=49:PlayPropose;a=2,b=3,c=4	false
chat_allowed	tut=MidBottom;chat=49:PlayPropose;a=2,b=3,c=5	false
chat_allowed	tut=MidBottom;chat=49:PlayPropose;a=2,b=3,c=6	false
chat_allowed	tut=MidBottom;chat=49:PlayPropose;a=2,b=3,c=7	false
chat_allowed	tut=MidBottom;chat=49:PlayPropose;a=2,b=4,c=0	false
chat_allowed	tut=MidBottom;chat=49:PlayPropose;a=2,b=4,c=1	false
chat_allowed	tut=MidBottom;chat=49:PlayPropose;a=2,b=4,c=2	false
chat_allowed	tut=MidBottom;chat=49:PlayPropose;a=2,b=4,c=3	false
chat_allowed	tut=MidBottom;chat=49:PlayPropose;a=2,b=4,c=4	false
chat_allowed	tut=MidBottom;chat=49:PlayPropose;a=2,b=4,c=5	false
chat_allowed	tut=MidBottom;chat=49:PlayPropose;a=2,b=4,c=6	false
chat_allowed	tut=MidBottom;chat=49:PlayPropose;a=2,b=4,c=7	false
chat_allowed	tut=MidBottom;chat=49:PlayPropose;a=2,b=5,c=0	false
chat_allowed	tut=MidBottom;chat=49:PlayPropose;a=2,b=5,c=1	false
chat_allowed	tut=MidBottom;chat=49:PlayPropose;a=2,b=5,c=2	false
chat_allowed	tut=MidBottom;chat=49:PlayPropose;a=2,b=5,c=3	false
chat_allowed	tut=MidBottom;chat=49:PlayPropose;a=2,b=5,c=4	false
chat_allowed	tut=MidBottom;chat=49:PlayPropose;a=2,b=5,c=5	false
chat_allowed	tut=MidBottom;chat=49:PlayPropose;a=2,b=5,c=6	false
chat_allowed	tut=MidBottom;chat=49:PlayPropose;a=2,b=5,c=7	false
chat_allowed	tut=MidBottom;chat=49:PlayPropose;a=2,b=6,c=0	false
chat_allowed	tut=MidBottom;chat=49:PlayPropose;a=2,b=6,c=1	false
chat_allowed	tut=MidBottom;chat=49:PlayPropose;a=2,b=6,c=2	false
chat_allowed	tut=MidBottom;chat=49:PlayPropose;a=2,b=6,c=3	false
chat_allowed	tut=MidBottom;chat=49:PlayPropose;a=2,b=6,c=4	false
chat_allowed	tut=MidBottom;chat=49:PlayPropose;a=2,b=6,c=5	false
chat_allowed	tut=MidBottom;chat=49:PlayPropose;a=2,b=6,c=6	false
chat_allowed	tut=MidBottom;chat=49:PlayPropose;a=2,b=6,c=7	false
chat_allowed	tut=MidBottom;chat=49:PlayPropose;a=2,b=7,c=0	false
chat_allowed	tut=MidBottom;chat=49:PlayPropose;a=2,b=7,c=1	false
chat_allowed	tut=MidBottom;chat=49:PlayPropose;a=2,b=7,c=2	false
chat_allowed	tut=MidBottom;chat=49:PlayPropose;a=2,b=7,c=3	false
chat_allowed	tut=MidBottom;chat=49:PlayPropose;a=2,b=7,c=4	false
chat_allowed	tut=MidBottom;chat=49:PlayPropose;a=2,b=7,c=5	false
chat_allowed	tut=MidBottom;chat=49:PlayPropose;a=2,b=7,c=6	false
chat_allowed	tut=MidBottom;chat=49:PlayPropose;a=2,b=7,c=7	false
chat_allowed	tut=MidBottom;chat=49:PlayPropose;a=3,b=0,c=0	false
chat_allowed	tut=MidBottom;chat=49:PlayPropose;a=3,b=0,c=1	false
chat_allowed	tut=MidBottom;chat=49:PlayPropose;a=3,b=0,c=2	false
chat_allowed	tut=MidBottom;chat=49:PlayPropose;a=3,b=0,c=3	false
chat_allowed	tut=MidBottom;chat=49:PlayPropose;a=3,b=0,c=4	false
chat_allowed	tut=MidBottom;chat=49:PlayPropose;a=3,b=0,c=5	false
chat_allowed	tut=MidBottom;chat=49:PlayPropose;a=3,b=0,c=6	false
chat_allowed	tut=MidBottom;chat=49:PlayPropose;a=3,b=0,c=7	false
chat_allowed	tut=MidBottom;chat=49:PlayPropose;a=3,b=1,c=0	true
chat_allowed	tut=MidBottom;chat=49:PlayPropose;a=3,b=1,c=1	true
chat_allowed	tut=MidBottom;chat=49:PlayPropose;a=3,b=1,c=2	true
chat_allowed	tut=MidBottom;chat=49:PlayPropose;a=3,b=1,c=3	true
chat_allowed	tut=MidBottom;chat=49:PlayPropose;a=3,b=1,c=4	true
chat_allowed	tut=MidBottom;chat=49:PlayPropose;a=3,b=1,c=5	true
chat_allowed	tut=MidBottom;chat=49:PlayPropose;a=3,b=1,c=6	true
chat_allowed	tut=MidBottom;chat=49:PlayPropose;a=3,b=1,c=7	true
chat_allowed	tut=MidBottom;chat=49:PlayPropose;a=3,b=2,c=0	true
chat_allowed	tut=MidBottom;chat=49:PlayPropose;a=3,b=2,c=1	true
chat_allowed	tut=MidBottom;chat=49:PlayPropose;a=3,b=2,c=2	true
chat_allowed	tut=MidBottom;chat=49:PlayPropose;a=3,b=2,c=3	true
chat_allowed	tut=MidBottom;chat=49:PlayPropose;a=3,b=2,c=4	true
chat_allowed	tut=MidBottom;chat=49:PlayPropose;a=3,b=2,c=5	true
chat_allowed	tut=MidBottom;chat=49:PlayPropose;a=3,b=2,c=6	true
chat_allowed	tut=MidBottom;chat=49:PlayPropose;a=3,b=2,c=7	true
chat_allowed	tut=MidBottom;chat=49:PlayPropose;a=3,b=3,c=0	true
chat_allowed	tut=MidBottom;chat=49:PlayPropose;a=3,b=3,c=1	true
chat_allowed	tut=MidBottom;chat=49:PlayPropose;a=3,b=3,c=2	true
chat_allowed	tut=MidBottom;chat=49:PlayPropose;a=3,b=3,c=3	true
chat_allowed	tut=MidBottom;chat=49:PlayPropose;a=3,b=3,c=4	true
chat_allowed	tut=MidBottom;chat=49:PlayPropose;a=3,b=3,c=5	true
chat_allowed	tut=MidBottom;chat=49:PlayPropose;a=3,b=3,c=6	true
chat_allowed	tut=MidBottom;chat=49:PlayPropose;a=3,b=3,c=7	true
chat_allowed	tut=MidBottom;chat=49:PlayPropose;a=3,b=4,c=0	true
chat_allowed	tut=MidBottom;chat=49:PlayPropose;a=3,b=4,c=1	true
chat_allowed	tut=MidBottom;chat=49:PlayPropose;a=3,b=4,c=2	true
chat_allowed	tut=MidBottom;chat=49:PlayPropose;a=3,b=4,c=3	true
chat_allowed	tut=MidBottom;chat=49:PlayPropose;a=3,b=4,c=4	true
chat_allowed	tut=MidBottom;chat=49:PlayPropose;a=3,b=4,c=5	true
chat_allowed	tut=MidBottom;chat=49:PlayPropose;a=3,b=4,c=6	true
chat_allowed	tut=MidBottom;chat=49:PlayPropose;a=3,b=4,c=7	true
chat_allowed	tut=MidBottom;chat=49:PlayPropose;a=3,b=5,c=0	true
chat_allowed	tut=MidBottom;chat=49:PlayPropose;a=3,b=5,c=1	true
chat_allowed	tut=MidBottom;chat=49:PlayPropose;a=3,b=5,c=2	true
chat_allowed	tut=MidBottom;chat=49:PlayPropose;a=3,b=5,c=3	true
chat_allowed	tut=MidBottom;chat=49:PlayPropose;a=3,b=5,c=4	true
chat_allowed	tut=MidBottom;chat=49:PlayPropose;a=3,b=5,c=5	true
chat_allowed	tut=MidBottom;chat=49:PlayPropose;a=3,b=5,c=6	true
chat_allowed	tut=MidBottom;chat=49:PlayPropose;a=3,b=5,c=7	true
chat_allowed	tut=MidBottom;chat=49:PlayPropose;a=3,b=6,c=0	true
chat_allowed	tut=MidBottom;chat=49:PlayPropose;a=3,b=6,c=1	true
chat_allowed	tut=MidBottom;chat=49:PlayPropose;a=3,b=6,c=2	true
chat_allowed	tut=MidBottom;chat=49:PlayPropose;a=3,b=6,c=3	true
chat_allowed	tut=MidBottom;chat=49:PlayPropose;a=3,b=6,c=4	true
chat_allowed	tut=MidBottom;chat=49:PlayPropose;a=3,b=6,c=5	true
chat_allowed	tut=MidBottom;chat=49:PlayPropose;a=3,b=6,c=6	true
chat_allowed	tut=MidBottom;chat=49:PlayPropose;a=3,b=6,c=7	true
chat_allowed	tut=MidBottom;chat=49:PlayPropose;a=3,b=7,c=0	true
chat_allowed	tut=MidBottom;chat=49:PlayPropose;a=3,b=7,c=1	true
chat_allowed	tut=MidBottom;chat=49:PlayPropose;a=3,b=7,c=2	true
chat_allowed	tut=MidBottom;chat=49:PlayPropose;a=3,b=7,c=3	true
chat_allowed	tut=MidBottom;chat=49:PlayPropose;a=3,b=7,c=4	true
chat_allowed	tut=MidBottom;chat=49:PlayPropose;a=3,b=7,c=5	true
chat_allowed	tut=MidBottom;chat=49:PlayPropose;a=3,b=7,c=6	true
chat_allowed	tut=MidBottom;chat=49:PlayPropose;a=3,b=7,c=7	true
chat_allowed	tut=MidBottom;chat=49:PlayPropose;a=4,b=0,c=0	false
chat_allowed	tut=MidBottom;chat=49:PlayPropose;a=4,b=0,c=1	false
chat_allowed	tut=MidBottom;chat=49:PlayPropose;a=4,b=0,c=2	false
chat_allowed	tut=MidBottom;chat=49:PlayPropose;a=4,b=0,c=3	false
chat_allowed	tut=MidBottom;chat=49:PlayPropose;a=4,b=0,c=4	false
chat_allowed	tut=MidBottom;chat=49:PlayPropose;a=4,b=0,c=5	false
chat_allowed	tut=MidBottom;chat=49:PlayPropose;a=4,b=0,c=6	false
chat_allowed	tut=MidBottom;chat=49:PlayPropose;a=4,b=0,c=7	false
chat_allowed	tut=MidBottom;chat=49:PlayPropose;a=4,b=1,c=0	true
chat_allowed	tut=MidBottom;chat=49:PlayPropose;a=4,b=1,c=1	true
chat_allowed	tut=MidBottom;chat=49:PlayPropose;a=4,b=1,c=2	true
chat_allowed	tut=MidBottom;chat=49:PlayPropose;a=4,b=1,c=3	true
chat_allowed	tut=MidBottom;chat=49:PlayPropose;a=4,b=1,c=4	true
chat_allowed	tut=MidBottom;chat=49:PlayPropose;a=4,b=1,c=5	true
chat_allowed	tut=MidBottom;chat=49:PlayPropose;a=4,b=1,c=6	true
chat_allowed	tut=MidBottom;chat=49:PlayPropose;a=4,b=1,c=7	true
chat_allowed	tut=MidBottom;chat=49:PlayPropose;a=4,b=2,c=0	true
chat_allowed	tut=MidBottom;chat=49:PlayPropose;a=4,b=2,c=1	true
chat_allowed	tut=MidBottom;chat=49:PlayPropose;a=4,b=2,c=2	true
chat_allowed	tut=MidBottom;chat=49:PlayPropose;a=4,b=2,c=3	true
chat_allowed	tut=MidBottom;chat=49:PlayPropose;a=4,b=2,c=4	true
chat_allowed	tut=MidBottom;chat=49:PlayPropose;a=4,b=2,c=5	true
chat_allowed	tut=MidBottom;chat=49:PlayPropose;a=4,b=2,c=6	true
chat_allowed	tut=MidBottom;chat=49:PlayPropose;a=4,b=2,c=7	true
chat_allowed	tut=MidBottom;chat=49:PlayPropose;a=4,b=3,c=0	true
chat_allowed	tut=MidBottom;chat=49:PlayPropose;a=4,b=3,c=1	true
chat_allowed	tut=MidBottom;chat=49:PlayPropose;a=4,b=3,c=2	true
chat_allowed	tut=MidBottom;chat=49:PlayPropose;a=4,b=3,c=3	true
chat_allowed	tut=MidBottom;chat=49:PlayPropose;a=4,b=3,c=4	true
chat_allowed	tut=MidBottom;chat=49:PlayPropose;a=4,b=3,c=5	true
chat_allowed	tut=MidBottom;chat=49:PlayPropose;a=4,b=3,c=6	true
chat_allowed	tut=MidBottom;chat=49:PlayPropose;a=4,b=3,c=7	true
chat_allowed	tut=MidBottom;chat=49:PlayPropose;a=4,b=4,c=0	true
chat_allowed	tut=MidBottom;chat=49:PlayPropose;a=4,b=4,c=1	true
chat_allowed	tut=MidBottom;chat=49:PlayPropose;a=4,b=4,c=2	true
chat_allowed	tut=MidBottom;chat=49:PlayPropose;a=4,b=4,c=3	true
chat_allowed	tut=MidBottom;chat=49:PlayPropose;a=4,b=4,c=4	true
chat_allowed	tut=MidBottom;chat=49:PlayPropose;a=4,b=4,c=5	true
chat_allowed	tut=MidBottom;chat=49:PlayPropose;a=4,b=4,c=6	true
chat_allowed	tut=MidBottom;chat=49:PlayPropose;a=4,b=4,c=7	true
chat_allowed	tut=MidBottom;chat=49:PlayPropose;a=4,b=5,c=0	true
chat_allowed	tut=MidBottom;chat=49:PlayPropose;a=4,b=5,c=1	true
chat_allowed	tut=MidBottom;chat=49:PlayPropose;a=4,b=5,c=2	true
chat_allowed	tut=MidBottom;chat=49:PlayPropose;a=4,b=5,c=3	true
chat_allowed	tut=MidBottom;chat=49:PlayPropose;a=4,b=5,c=4	true
chat_allowed	tut=MidBottom;chat=49:PlayPropose;a=4,b=5,c=5	true
chat_allowed	tut=MidBottom;chat=49:PlayPropose;a=4,b=5,c=6	true
chat_allowed	tut=MidBottom;chat=49:PlayPropose;a=4,b=5,c=7	true
chat_allowed	tut=MidBottom;chat=49:PlayPropose;a=4,b=6,c=0	true
chat_allowed	tut=MidBottom;chat=49:PlayPropose;a=4,b=6,c=1	true
chat_allowed	tut=MidBottom;chat=49:PlayPropose;a=4,b=6,c=2	true
chat_allowed	tut=MidBottom;chat=49:PlayPropose;a=4,b=6,c=3	true
chat_allowed	tut=MidBottom;chat=49:PlayPropose;a=4,b=6,c=4	true
chat_allowed	tut=MidBottom;chat=49:PlayPropose;a=4,b=6,c=5	true
chat_allowed	tut=MidBottom;chat=49:PlayPropose;a=4,b=6,c=6	true
chat_allowed	tut=MidBottom;chat=49:PlayPropose;a=4,b=6,c=7	true
chat_allowed	tut=MidBottom;chat=49:PlayPropose;a=4,b=7,c=0	true
chat_allowed	tut=MidBottom;chat=49:PlayPropose;a=4,b=7,c=1	true
chat_allowed	tut=MidBottom;chat=49:PlayPropose;a=4,b=7,c=2	true
chat_allowed	tut=MidBottom;chat=49:PlayPropose;a=4,b=7,c=3	true
chat_allowed	tut=MidBottom;chat=49:PlayPropose;a=4,b=7,c=4	true
chat_allowed	tut=MidBottom;chat=49:PlayPropose;a=4,b=7,c=5	true
chat_allowed	tut=MidBottom;chat=49:PlayPropose;a=4,b=7,c=6	true
chat_allowed	tut=MidBottom;chat=49:PlayPropose;a=4,b=7,c=7	true
chat_allowed	tut=MidBottom;chat=49:PlayPropose;a=5,b=0,c=0	false
chat_allowed	tut=MidBottom;chat=49:PlayPropose;a=5,b=0,c=1	false
chat_allowed	tut=MidBottom;chat=49:PlayPropose;a=5,b=0,c=2	false
chat_allowed	tut=MidBottom;chat=49:PlayPropose;a=5,b=0,c=3	false
chat_allowed	tut=MidBottom;chat=49:PlayPropose;a=5,b=0,c=4	false
chat_allowed	tut=MidBottom;chat=49:PlayPropose;a=5,b=0,c=5	false
chat_allowed	tut=MidBottom;chat=49:PlayPropose;a=5,b=0,c=6	false
chat_allowed	tut=MidBottom;chat=49:PlayPropose;a=5,b=0,c=7	false
chat_allowed	tut=MidBottom;chat=49:PlayPropose;a=5,b=1,c=0	true
chat_allowed	tut=MidBottom;chat=49:PlayPropose;a=5,b=1,c=1	true
chat_allowed	tut=MidBottom;chat=49:PlayPropose;a=5,b=1,c=2	true
chat_allowed	tut=MidBottom;chat=49:PlayPropose;a=5,b=1,c=3	true
chat_allowed	tut=MidBottom;chat=49:PlayPropose;a=5,b=1,c=4	true
chat_allowed	tut=MidBottom;chat=49:PlayPropose;a=5,b=1,c=5	true
chat_allowed	tut=MidBottom;chat=49:PlayPropose;a=5,b=1,c=6	true
chat_allowed	tut=MidBottom;chat=49:PlayPropose;a=5,b=1,c=7	true
chat_allowed	tut=MidBottom;chat=49:PlayPropose;a=5,b=2,c=0	true
chat_allowed	tut=MidBottom;chat=49:PlayPropose;a=5,b=2,c=1	true
chat_allowed	tut=MidBottom;chat=49:PlayPropose;a=5,b=2,c=2	true
chat_allowed	tut=MidBottom;chat=49:PlayPropose;a=5,b=2,c=3	true
chat_allowed	tut=MidBottom;chat=49:PlayPropose;a=5,b=2,c=4	true
chat_allowed	tut=MidBottom;chat=49:PlayPropose;a=5,b=2,c=5	true
chat_allowed	tut=MidBottom;chat=49:PlayPropose;a=5,b=2,c=6	true
chat_allowed	tut=MidBottom;chat=49:PlayPropose;a=5,b=2,c=7	true
chat_allowed	tut=MidBottom;chat=49:PlayPropose;a=5,b=3,c=0	true
chat_allowed	tut=MidBottom;chat=49:PlayPropose;a=5,b=3,c=1	true
chat_allowed	tut=MidBottom;chat=49:PlayPropose;a=5,b=3,c=2	true
chat_allowed	tut=MidBottom;chat=49:PlayPropose;a=5,b=3,c=3	true
chat_allowed	tut=MidBottom;chat=49:PlayPropose;a=5,b=3,c=4	true
chat_allowed	tut=MidBottom;chat=49:PlayPropose;a=5,b=3,c=5	true
chat_allowed	tut=MidBottom;chat=49:PlayPropose;a=5,b=3,c=6	true
chat_allowed	tut=MidBottom;chat=49:PlayPropose;a=5,b=3,c=7	true
chat_allowed	tut=MidBottom;chat=49:PlayPropose;a=5,b=4,c=0	true
chat_allowed	tut=MidBottom;chat=49:PlayPropose;a=5,b=4,c=1	true
chat_allowed	tut=MidBottom;chat=49:PlayPropose;a=5,b=4,c=2	true
chat_allowed	tut=MidBottom;chat=49:PlayPropose;a=5,b=4,c=3	true
chat_allowed	tut=MidBottom;chat=49:PlayPropose;a=5,b=4,c=4	true
chat_allowed	tut=MidBottom;chat=49:PlayPropose;a=5,b=4,c=5	true
chat_allowed	tut=MidBottom;chat=49:PlayPropose;a=5,b=4,c=6	true
chat_allowed	tut=MidBottom;chat=49:PlayPropose;a=5,b=4,c=7	true
chat_allowed	tut=MidBottom;chat=49:PlayPropose;a=5,b=5,c=0	true
chat_allowed	tut=MidBottom;chat=49:PlayPropose;a=5,b=5,c=1	true
chat_allowed	tut=MidBottom;chat=49:PlayPropose;a=5,b=5,c=2	true
chat_allowed	tut=MidBottom;chat=49:PlayPropose;a=5,b=5,c=3	true
chat_allowed	tut=MidBottom;chat=49:PlayPropose;a=5,b=5,c=4	true
chat_allowed	tut=MidBottom;chat=49:PlayPropose;a=5,b=5,c=5	true
chat_allowed	tut=MidBottom;chat=49:PlayPropose;a=5,b=5,c=6	true
chat_allowed	tut=MidBottom;chat=49:PlayPropose;a=5,b=5,c=7	true
chat_allowed	tut=MidBottom;chat=49:PlayPropose;a=5,b=6,c=0	true
chat_allowed	tut=MidBottom;chat=49:PlayPropose;a=5,b=6,c=1	true
chat_allowed	tut=MidBottom;chat=49:PlayPropose;a=5,b=6,c=2	true
chat_allowed	tut=MidBottom;chat=49:PlayPropose;a=5,b=6,c=3	true
chat_allowed	tut=MidBottom;chat=49:PlayPropose;a=5,b=6,c=4	true
chat_allowed	tut=MidBottom;chat=49:PlayPropose;a=5,b=6,c=5	true
chat_allowed	tut=MidBottom;chat=49:PlayPropose;a=5,b=6,c=6	true
chat_allowed	tut=MidBottom;chat=49:PlayPropose;a=5,b=6,c=7	true
chat_allowed	tut=MidBottom;chat=49:PlayPropose;a=5,b=7,c=0	true
chat_allowed	tut=MidBottom;chat=49:PlayPropose;a=5,b=7,c=1	true
chat_allowed	tut=MidBottom;chat=49:PlayPropose;a=5,b=7,c=2	true
chat_allowed	tut=MidBottom;chat=49:PlayPropose;a=5,b=7,c=3	true
chat_allowed	tut=MidBottom;chat=49:PlayPropose;a=5,b=7,c=4	true
chat_allowed	tut=MidBottom;chat=49:PlayPropose;a=5,b=7,c=5	true
chat_allowed	tut=MidBottom;chat=49:PlayPropose;a=5,b=7,c=6	true
chat_allowed	tut=MidBottom;chat=49:PlayPropose;a=5,b=7,c=7	true
chat_allowed	tut=MidBottom;chat=49:PlayPropose;a=6,b=0,c=0	false
chat_allowed	tut=MidBottom;chat=49:PlayPropose;a=6,b=0,c=1	false
chat_allowed	tut=MidBottom;chat=49:PlayPropose;a=6,b=0,c=2	false
chat_allowed	tut=MidBottom;chat=49:PlayPropose;a=6,b=0,c=3	false
chat_allowed	tut=MidBottom;chat=49:PlayPropose;a=6,b=0,c=4	false
chat_allowed	tut=MidBottom;chat=49:PlayPropose;a=6,b=0,c=5	false
chat_allowed	tut=MidBottom;chat=49:PlayPropose;a=6,b=0,c=6	false
chat_allowed	tut=MidBottom;chat=49:PlayPropose;a=6,b=0,c=7	false
chat_allowed	tut=MidBottom;chat=49:PlayPropose;a=6,b=1,c=0	true
chat_allowed	tut=MidBottom;chat=49:PlayPropose;a=6,b=1,c=1	true
chat_allowed	tut=MidBottom;chat=49:PlayPropose;a=6,b=1,c=2	true
chat_allowed	tut=MidBottom;chat=49:PlayPropose;a=6,b=1,c=3	true
chat_allowed	tut=MidBottom;chat=49:PlayPropose;a=6,b=1,c=4	true
chat_allowed	tut=MidBottom;chat=49:PlayPropose;a=6,b=1,c=5	true
chat_allowed	tut=MidBottom;chat=49:PlayPropose;a=6,b=1,c=6	true
chat_allowed	tut=MidBottom;chat=49:PlayPropose;a=6,b=1,c=7	true
chat_allowed	tut=MidBottom;chat=49:PlayPropose;a=6,b=2,c=0	true
chat_allowed	tut=MidBottom;chat=49:PlayPropose;a=6,b=2,c=1	true
chat_allowed	tut=MidBottom;chat=49:PlayPropose;a=6,b=2,c=2	true
chat_allowed	tut=MidBottom;chat=49:PlayPropose;a=6,b=2,c=3	true
chat_allowed	tut=MidBottom;chat=49:PlayPropose;a=6,b=2,c=4	true
chat_allowed	tut=MidBottom;chat=49:PlayPropose;a=6,b=2,c=5	true
chat_allowed	tut=MidBottom;chat=49:PlayPropose;a=6,b=2,c=6	true
chat_allowed	tut=MidBottom;chat=49:PlayPropose;a=6,b=2,c=7	true
chat_allowed	tut=MidBottom;chat=49:PlayPropose;a=6,b=3,c=0	true
chat_allowed	tut=MidBottom;chat=49:PlayPropose;a=6,b=3,c=1	true
chat_allowed	tut=MidBottom;chat=49:PlayPropose;a=6,b=3,c=2	true
chat_allowed	tut=MidBottom;chat=49:PlayPropose;a=6,b=3,c=3	true
chat_allowed	tut=MidBottom;chat=49:PlayPropose;a=6,b=3,c=4	true
chat_allowed	tut=MidBottom;chat=49:PlayPropose;a=6,b=3,c=5	true
chat_allowed	tut=MidBottom;chat=49:PlayPropose;a=6,b=3,c=6	true
chat_allowed	tut=MidBottom;chat=49:PlayPropose;a=6,b=3,c=7	true
chat_allowed	tut=MidBottom;chat=49:PlayPropose;a=6,b=4,c=0	true
chat_allowed	tut=MidBottom;chat=49:PlayPropose;a=6,b=4,c=1	true
chat_allowed	tut=MidBottom;chat=49:PlayPropose;a=6,b=4,c=2	true
chat_allowed	tut=MidBottom;chat=49:PlayPropose;a=6,b=4,c=3	true
chat_allowed	tut=MidBottom;chat=49:PlayPropose;a=6,b=4,c=4	true
chat_allowed	tut=MidBottom;chat=49:PlayPropose;a=6,b=4,c=5	true
chat_allowed	tut=MidBottom;chat=49:PlayPropose;a=6,b=4,c=6	true
chat_allowed	tut=MidBottom;chat=49:PlayPropose;a=6,b=4,c=7	true
chat_allowed	tut=MidBottom;chat=49:PlayPropose;a=6,b=5,c=0	true
chat_allowed	tut=MidBottom;chat=49:PlayPropose;a=6,b=5,c=1	true
chat_allowed	tut=MidBottom;chat=49:PlayPropose;a=6,b=5,c=2	true
chat_allowed	tut=MidBottom;chat=49:PlayPropose;a=6,b=5,c=3	true
chat_allowed	tut=MidBottom;chat=49:PlayPropose;a=6,b=5,c=4	true
chat_allowed	tut=MidBottom;chat=49:PlayPropose;a=6,b=5,c=5	true
chat_allowed	tut=MidBottom;chat=49:PlayPropose;a=6,b=5,c=6	true
chat_allowed	tut=MidBottom;chat=49:PlayPropose;a=6,b=5,c=7	true
chat_allowed	tut=MidBottom;chat=49:PlayPropose;a=6,b=6,c=0	true
chat_allowed	tut=MidBottom;chat=49:PlayPropose;a=6,b=6,c=1	true
chat_allowed	tut=MidBottom;chat=49:PlayPropose;a=6,b=6,c=2	true
chat_allowed	tut=MidBottom;chat=49:PlayPropose;a=6,b=6,c=3	true
chat_allowed	tut=MidBottom;chat=49:PlayPropose;a=6,b=6,c=4	true
chat_allowed	tut=MidBottom;chat=49:PlayPropose;a=6,b=6,c=5	true
chat_allowed	tut=MidBottom;chat=49:PlayPropose;a=6,b=6,c=6	true
chat_allowed	tut=MidBottom;chat=49:PlayPropose;a=6,b=6,c=7	true
chat_allowed	tut=MidBottom;chat=49:PlayPropose;a=6,b=7,c=0	true
chat_allowed	tut=MidBottom;chat=49:PlayPropose;a=6,b=7,c=1	true
chat_allowed	tut=MidBottom;chat=49:PlayPropose;a=6,b=7,c=2	true
chat_allowed	tut=MidBottom;chat=49:PlayPropose;a=6,b=7,c=3	true
chat_allowed	tut=MidBottom;chat=49:PlayPropose;a=6,b=7,c=4	true
chat_allowed	tut=MidBottom;chat=49:PlayPropose;a=6,b=7,c=5	true
chat_allowed	tut=MidBottom;chat=49:PlayPropose;a=6,b=7,c=6	true
chat_allowed	tut=MidBottom;chat=49:PlayPropose;a=6,b=7,c=7	true
chat_allowed	tut=MidBottom;chat=49:PlayPropose;a=7,b=0,c=0	false
chat_allowed	tut=MidBottom;chat=49:PlayPropose;a=7,b=0,c=1	false
chat_allowed	tut=MidBottom;chat=49:PlayPropose;a=7,b=0,c=2	false
chat_allowed	tut=MidBottom;chat=49:PlayPropose;a=7,b=0,c=3	false
chat_allowed	tut=MidBottom;chat=49:PlayPropose;a=7,b=0,c=4	false
chat_allowed	tut=MidBottom;chat=49:PlayPropose;a=7,b=0,c=5	false
chat_allowed	tut=MidBottom;chat=49:PlayPropose;a=7,b=0,c=6	false
chat_allowed	tut=MidBottom;chat=49:PlayPropose;a=7,b=0,c=7	false
chat_allowed	tut=MidBottom;chat=49:PlayPropose;a=7,b=1,c=0	true
chat_allowed	tut=MidBottom;chat=49:PlayPropose;a=7,b=1,c=1	true
chat_allowed	tut=MidBottom;chat=49:PlayPropose;a=7,b=1,c=2	true
chat_allowed	tut=MidBottom;chat=49:PlayPropose;a=7,b=1,c=3	true
chat_allowed	tut=MidBottom;chat=49:PlayPropose;a=7,b=1,c=4	true
chat_allowed	tut=MidBottom;chat=49:PlayPropose;a=7,b=1,c=5	true
chat_allowed	tut=MidBottom;chat=49:PlayPropose;a=7,b=1,c=6	true
chat_allowed	tut=MidBottom;chat=49:PlayPropose;a=7,b=1,c=7	true
chat_allowed	tut=MidBottom;chat=49:PlayPropose;a=7,b=2,c=0	true
chat_allowed	tut=MidBottom;chat=49:PlayPropose;a=7,b=2,c=1	true
chat_allowed	tut=MidBottom;chat=49:PlayPropose;a=7,b=2,c=2	true
chat_allowed	tut=MidBottom;chat=49:PlayPropose;a=7,b=2,c=3	true
chat_allowed	tut=MidBottom;chat=49:PlayPropose;a=7,b=2,c=4	true
chat_allowed	tut=MidBottom;chat=49:PlayPropose;a=7,b=2,c=5	true
chat_allowed	tut=MidBottom;chat=49:PlayPropose;a=7,b=2,c=6	true
chat_allowed	tut=MidBottom;chat=49:PlayPropose;a=7,b=2,c=7	true
chat_allowed	tut=MidBottom;chat=49:PlayPropose;a=7,b=3,c=0	true
chat_allowed	tut=MidBottom;chat=49:PlayPropose;a=7,b=3,c=1	true
chat_allowed	tut=MidBottom;chat=49:PlayPropose;a=7,b=3,c=2	true
chat_allowed	tut=MidBottom;chat=49:PlayPropose;a=7,b=3,c=3	true
chat_allowed	tut=MidBottom;chat=49:PlayPropose;a=7,b=3,c=4	true
chat_allowed	tut=MidBottom;chat=49:PlayPropose;a=7,b=3,c=5	true
chat_allowed	tut=MidBottom;chat=49:PlayPropose;a=7,b=3,c=6	true
chat_allowed	tut=MidBottom;chat=49:PlayPropose;a=7,b=3,c=7	true
chat_allowed	tut=MidBottom;chat=49:PlayPropose;a=7,b=4,c=0	true
chat_allowed	tut=MidBottom;chat=49:PlayPropose;a=7,b=4,c=1	true
chat_allowed	tut=MidBottom;chat=49:PlayPropose;a=7,b=4,c=2	true
chat_allowed	tut=MidBottom;chat=49:PlayPropose;a=7,b=4,c=3	true
chat_allowed	tut=MidBottom;chat=49:PlayPropose;a=7,b=4,c=4	true
chat_allowed	tut=MidBottom;chat=49:PlayPropose;a=7,b=4,c=5	true
chat_allowed	tut=MidBottom;chat=49:PlayPropose;a=7,b=4,c=6	true
chat_allowed	tut=MidBottom;chat=49:PlayPropose;a=7,b=4,c=7	true
chat_allowed	tut=MidBottom;chat=49:PlayPropose;a=7,b=5,c=0	true
chat_allowed	tut=MidBottom;chat=49:PlayPropose;a=7,b=5,c=1	true
chat_allowed	tut=MidBottom;chat=49:PlayPropose;a=7,b=5,c=2	true
chat_allowed	tut=MidBottom;chat=49:PlayPropose;a=7,b=5,c=3	true
chat_allowed	tut=MidBottom;chat=49:PlayPropose;a=7,b=5,c=4	true
chat_allowed	tut=MidBottom;chat=49:PlayPropose;a=7,b=5,c=5	true
chat_allowed	tut=MidBottom;chat=49:PlayPropose;a=7,b=5,c=6	true
chat_allowed	tut=MidBottom;chat=49:PlayPropose;a=7,b=5,c=7	true
chat_allowed	tut=MidBottom;chat=49:PlayPropose;a=7,b=6,c=0	true
chat_allowed	tut=MidBottom;chat=49:PlayPropose;a=7,b=6,c=1	true
chat_allowed	tut=MidBottom;chat=49:PlayPropose;a=7,b=6,c=2	true
chat_allowed	tut=MidBottom;chat=49:PlayPropose;a=7,b=6,c=3	true
chat_allowed	tut=MidBottom;chat=49:PlayPropose;a=7,b=6,c=4	true
chat_allowed	tut=MidBottom;chat=49:PlayPropose;a=7,b=6,c=5	true
chat_allowed	tut=MidBottom;chat=49:PlayPropose;a=7,b=6,c=6	true
chat_allowed	tut=MidBottom;chat=49:PlayPropose;a=7,b=6,c=7	true
chat_allowed	tut=MidBottom;chat=49:PlayPropose;a=7,b=7,c=0	true
chat_allowed	tut=MidBottom;chat=49:PlayPropose;a=7,b=7,c=1	true
chat_allowed	tut=MidBottom;chat=49:PlayPropose;a=7,b=7,c=2	true
chat_allowed	tut=MidBottom;chat=49:PlayPropose;a=7,b=7,c=3	true
chat_allowed	tut=MidBottom;chat=49:PlayPropose;a=7,b=7,c=4	true
chat_allowed	tut=MidBottom;chat=49:PlayPropose;a=7,b=7,c=5	true
chat_allowed	tut=MidBottom;chat=49:PlayPropose;a=7,b=7,c=6	true
chat_allowed	tut=MidBottom;chat=49:PlayPropose;a=7,b=7,c=7	true
chat_allowed	tut=MidBottom;chat=50:GankPlan;line=Mid,a=0	true
chat_allowed	tut=MidBottom;chat=50:GankPlan;line=Mid,a=1	true
chat_allowed	tut=MidBottom;chat=50:GankPlan;line=Mid,a=2	true
chat_allowed	tut=MidBottom;chat=50:GankPlan;line=Mid,a=3	true
chat_allowed	tut=MidBottom;chat=50:GankPlan;line=Mid,a=4	true
chat_allowed	tut=MidBottom;chat=50:GankPlan;line=Mid,a=5	true
chat_allowed	tut=MidBottom;chat=50:GankPlan;line=Mid,a=6	true
chat_allowed	tut=MidBottom;chat=50:GankPlan;line=Mid,a=7	true
chat_allowed	tut=MidBottom;chat=50:GankPlan;line=Mid,a=8	true
chat_allowed	tut=MidBottom;chat=50:GankPlan;line=Mid,a=9	true
chat_allowed	tut=MidBottom;chat=50:GankPlan;line=Mid,a=10	true
chat_allowed	tut=MidBottom;chat=50:GankPlan;line=Mid,a=11	true
chat_allowed	tut=MidBottom;chat=50:GankPlan;line=Mid,a=12	true
chat_allowed	tut=MidBottom;chat=50:GankPlan;line=Mid,a=13	true
chat_allowed	tut=MidBottom;chat=50:GankPlan;line=Mid,a=14	true
chat_allowed	tut=MidBottom;chat=50:GankPlan;line=Mid,a=15	true
chat_allowed	tut=MidBottom;chat=50:GankPlan;line=Bottom,a=0	true
chat_allowed	tut=MidBottom;chat=50:GankPlan;line=Bottom,a=1	true
chat_allowed	tut=MidBottom;chat=50:GankPlan;line=Bottom,a=2	true
chat_allowed	tut=MidBottom;chat=50:GankPlan;line=Bottom,a=3	true
chat_allowed	tut=MidBottom;chat=50:GankPlan;line=Bottom,a=4	true
chat_allowed	tut=MidBottom;chat=50:GankPlan;line=Bottom,a=5	true
chat_allowed	tut=MidBottom;chat=50:GankPlan;line=Bottom,a=6	true
chat_allowed	tut=MidBottom;chat=50:GankPlan;line=Bottom,a=7	true
chat_allowed	tut=MidBottom;chat=50:GankPlan;line=Bottom,a=8	true
chat_allowed	tut=MidBottom;chat=50:GankPlan;line=Bottom,a=9	true
chat_allowed	tut=MidBottom;chat=50:GankPlan;line=Bottom,a=10	true
chat_allowed	tut=MidBottom;chat=50:GankPlan;line=Bottom,a=11	true
chat_allowed	tut=MidBottom;chat=50:GankPlan;line=Bottom,a=12	true
chat_allowed	tut=MidBottom;chat=50:GankPlan;line=Bottom,a=13	true
chat_allowed	tut=MidBottom;chat=50:GankPlan;line=Bottom,a=14	true
chat_allowed	tut=MidBottom;chat=50:GankPlan;line=Bottom,a=15	true
chat_allowed	tut=MidBottom;chat=50:GankPlan;line=Top,a=0	false
chat_allowed	tut=MidBottom;chat=50:GankPlan;line=Top,a=1	false
chat_allowed	tut=MidBottom;chat=50:GankPlan;line=Top,a=2	false
chat_allowed	tut=MidBottom;chat=50:GankPlan;line=Top,a=3	false
chat_allowed	tut=MidBottom;chat=50:GankPlan;line=Top,a=4	false
chat_allowed	tut=MidBottom;chat=50:GankPlan;line=Top,a=5	false
chat_allowed	tut=MidBottom;chat=50:GankPlan;line=Top,a=6	false
chat_allowed	tut=MidBottom;chat=50:GankPlan;line=Top,a=7	false
chat_allowed	tut=MidBottom;chat=50:GankPlan;line=Top,a=8	false
chat_allowed	tut=MidBottom;chat=50:GankPlan;line=Top,a=9	false
chat_allowed	tut=MidBottom;chat=50:GankPlan;line=Top,a=10	false
chat_allowed	tut=MidBottom;chat=50:GankPlan;line=Top,a=11	false
chat_allowed	tut=MidBottom;chat=50:GankPlan;line=Top,a=12	false
chat_allowed	tut=MidBottom;chat=50:GankPlan;line=Top,a=13	false
chat_allowed	tut=MidBottom;chat=50:GankPlan;line=Top,a=14	false
chat_allowed	tut=MidBottom;chat=50:GankPlan;line=Top,a=15	false
chat_allowed	tut=MidBottom;chat=47:PlayCall;a=0,b=0	false
chat_allowed	tut=MidBottom;chat=55:CounterRequest;a=0,b=0	false
chat_allowed	tut=MidBottom;chat=47:PlayCall;a=0,b=1	false
chat_allowed	tut=MidBottom;chat=55:CounterRequest;a=0,b=1	true
chat_allowed	tut=MidBottom;chat=47:PlayCall;a=0,b=2	false
chat_allowed	tut=MidBottom;chat=55:CounterRequest;a=0,b=2	true
chat_allowed	tut=MidBottom;chat=47:PlayCall;a=0,b=3	false
chat_allowed	tut=MidBottom;chat=55:CounterRequest;a=0,b=3	true
chat_allowed	tut=MidBottom;chat=47:PlayCall;a=0,b=4	false
chat_allowed	tut=MidBottom;chat=55:CounterRequest;a=0,b=4	true
chat_allowed	tut=MidBottom;chat=47:PlayCall;a=0,b=5	false
chat_allowed	tut=MidBottom;chat=55:CounterRequest;a=0,b=5	true
chat_allowed	tut=MidBottom;chat=47:PlayCall;a=0,b=6	false
chat_allowed	tut=MidBottom;chat=55:CounterRequest;a=0,b=6	true
chat_allowed	tut=MidBottom;chat=47:PlayCall;a=0,b=7	false
chat_allowed	tut=MidBottom;chat=55:CounterRequest;a=0,b=7	true
chat_allowed	tut=MidBottom;chat=47:PlayCall;a=0,b=8	false
chat_allowed	tut=MidBottom;chat=55:CounterRequest;a=0,b=8	true
chat_allowed	tut=MidBottom;chat=47:PlayCall;a=0,b=9	false
chat_allowed	tut=MidBottom;chat=55:CounterRequest;a=0,b=9	true
chat_allowed	tut=MidBottom;chat=47:PlayCall;a=0,b=10	false
chat_allowed	tut=MidBottom;chat=55:CounterRequest;a=0,b=10	true
chat_allowed	tut=MidBottom;chat=47:PlayCall;a=0,b=11	false
chat_allowed	tut=MidBottom;chat=55:CounterRequest;a=0,b=11	true
chat_allowed	tut=MidBottom;chat=47:PlayCall;a=0,b=12	false
chat_allowed	tut=MidBottom;chat=55:CounterRequest;a=0,b=12	true
chat_allowed	tut=MidBottom;chat=47:PlayCall;a=0,b=13	false
chat_allowed	tut=MidBottom;chat=55:CounterRequest;a=0,b=13	true
chat_allowed	tut=MidBottom;chat=47:PlayCall;a=0,b=14	false
chat_allowed	tut=MidBottom;chat=55:CounterRequest;a=0,b=14	true
chat_allowed	tut=MidBottom;chat=47:PlayCall;a=0,b=15	false
chat_allowed	tut=MidBottom;chat=55:CounterRequest;a=0,b=15	true
chat_allowed	tut=MidBottom;chat=47:PlayCall;a=1,b=0	false
chat_allowed	tut=MidBottom;chat=55:CounterRequest;a=1,b=0	false
chat_allowed	tut=MidBottom;chat=47:PlayCall;a=1,b=1	true
chat_allowed	tut=MidBottom;chat=55:CounterRequest;a=1,b=1	true
chat_allowed	tut=MidBottom;chat=47:PlayCall;a=1,b=2	true
chat_allowed	tut=MidBottom;chat=55:CounterRequest;a=1,b=2	true
chat_allowed	tut=MidBottom;chat=47:PlayCall;a=1,b=3	true
chat_allowed	tut=MidBottom;chat=55:CounterRequest;a=1,b=3	true
chat_allowed	tut=MidBottom;chat=47:PlayCall;a=1,b=4	true
chat_allowed	tut=MidBottom;chat=55:CounterRequest;a=1,b=4	true
chat_allowed	tut=MidBottom;chat=47:PlayCall;a=1,b=5	true
chat_allowed	tut=MidBottom;chat=55:CounterRequest;a=1,b=5	true
chat_allowed	tut=MidBottom;chat=47:PlayCall;a=1,b=6	true
chat_allowed	tut=MidBottom;chat=55:CounterRequest;a=1,b=6	true
chat_allowed	tut=MidBottom;chat=47:PlayCall;a=1,b=7	true
chat_allowed	tut=MidBottom;chat=55:CounterRequest;a=1,b=7	true
chat_allowed	tut=MidBottom;chat=47:PlayCall;a=1,b=8	true
chat_allowed	tut=MidBottom;chat=55:CounterRequest;a=1,b=8	true
chat_allowed	tut=MidBottom;chat=47:PlayCall;a=1,b=9	true
chat_allowed	tut=MidBottom;chat=55:CounterRequest;a=1,b=9	true
chat_allowed	tut=MidBottom;chat=47:PlayCall;a=1,b=10	true
chat_allowed	tut=MidBottom;chat=55:CounterRequest;a=1,b=10	true
chat_allowed	tut=MidBottom;chat=47:PlayCall;a=1,b=11	true
chat_allowed	tut=MidBottom;chat=55:CounterRequest;a=1,b=11	true
chat_allowed	tut=MidBottom;chat=47:PlayCall;a=1,b=12	true
chat_allowed	tut=MidBottom;chat=55:CounterRequest;a=1,b=12	true
chat_allowed	tut=MidBottom;chat=47:PlayCall;a=1,b=13	true
chat_allowed	tut=MidBottom;chat=55:CounterRequest;a=1,b=13	true
chat_allowed	tut=MidBottom;chat=47:PlayCall;a=1,b=14	true
chat_allowed	tut=MidBottom;chat=55:CounterRequest;a=1,b=14	true
chat_allowed	tut=MidBottom;chat=47:PlayCall;a=1,b=15	true
chat_allowed	tut=MidBottom;chat=55:CounterRequest;a=1,b=15	true
chat_allowed	tut=MidBottom;chat=47:PlayCall;a=2,b=0	false
chat_allowed	tut=MidBottom;chat=55:CounterRequest;a=2,b=0	false
chat_allowed	tut=MidBottom;chat=47:PlayCall;a=2,b=1	false
chat_allowed	tut=MidBottom;chat=55:CounterRequest;a=2,b=1	true
chat_allowed	tut=MidBottom;chat=47:PlayCall;a=2,b=2	false
chat_allowed	tut=MidBottom;chat=55:CounterRequest;a=2,b=2	true
chat_allowed	tut=MidBottom;chat=47:PlayCall;a=2,b=3	false
chat_allowed	tut=MidBottom;chat=55:CounterRequest;a=2,b=3	true
chat_allowed	tut=MidBottom;chat=47:PlayCall;a=2,b=4	false
chat_allowed	tut=MidBottom;chat=55:CounterRequest;a=2,b=4	true
chat_allowed	tut=MidBottom;chat=47:PlayCall;a=2,b=5	false
chat_allowed	tut=MidBottom;chat=55:CounterRequest;a=2,b=5	true
chat_allowed	tut=MidBottom;chat=47:PlayCall;a=2,b=6	false
chat_allowed	tut=MidBottom;chat=55:CounterRequest;a=2,b=6	true
chat_allowed	tut=MidBottom;chat=47:PlayCall;a=2,b=7	false
chat_allowed	tut=MidBottom;chat=55:CounterRequest;a=2,b=7	true
chat_allowed	tut=MidBottom;chat=47:PlayCall;a=2,b=8	false
chat_allowed	tut=MidBottom;chat=55:CounterRequest;a=2,b=8	true
chat_allowed	tut=MidBottom;chat=47:PlayCall;a=2,b=9	false
chat_allowed	tut=MidBottom;chat=55:CounterRequest;a=2,b=9	true
chat_allowed	tut=MidBottom;chat=47:PlayCall;a=2,b=10	false
chat_allowed	tut=MidBottom;chat=55:CounterRequest;a=2,b=10	true
chat_allowed	tut=MidBottom;chat=47:PlayCall;a=2,b=11	false
chat_allowed	tut=MidBottom;chat=55:CounterRequest;a=2,b=11	true
chat_allowed	tut=MidBottom;chat=47:PlayCall;a=2,b=12	false
chat_allowed	tut=MidBottom;chat=55:CounterRequest;a=2,b=12	true
chat_allowed	tut=MidBottom;chat=47:PlayCall;a=2,b=13	false
chat_allowed	tut=MidBottom;chat=55:CounterRequest;a=2,b=13	true
chat_allowed	tut=MidBottom;chat=47:PlayCall;a=2,b=14	false
chat_allowed	tut=MidBottom;chat=55:CounterRequest;a=2,b=14	true
chat_allowed	tut=MidBottom;chat=47:PlayCall;a=2,b=15	false
chat_allowed	tut=MidBottom;chat=55:CounterRequest;a=2,b=15	true
chat_allowed	tut=MidBottom;chat=47:PlayCall;a=3,b=0	false
chat_allowed	tut=MidBottom;chat=55:CounterRequest;a=3,b=0	false
chat_allowed	tut=MidBottom;chat=47:PlayCall;a=3,b=1	true
chat_allowed	tut=MidBottom;chat=55:CounterRequest;a=3,b=1	true
chat_allowed	tut=MidBottom;chat=47:PlayCall;a=3,b=2	true
chat_allowed	tut=MidBottom;chat=55:CounterRequest;a=3,b=2	true
chat_allowed	tut=MidBottom;chat=47:PlayCall;a=3,b=3	true
chat_allowed	tut=MidBottom;chat=55:CounterRequest;a=3,b=3	true
chat_allowed	tut=MidBottom;chat=47:PlayCall;a=3,b=4	true
chat_allowed	tut=MidBottom;chat=55:CounterRequest;a=3,b=4	true
chat_allowed	tut=MidBottom;chat=47:PlayCall;a=3,b=5	true
chat_allowed	tut=MidBottom;chat=55:CounterRequest;a=3,b=5	true
chat_allowed	tut=MidBottom;chat=47:PlayCall;a=3,b=6	true
chat_allowed	tut=MidBottom;chat=55:CounterRequest;a=3,b=6	true
chat_allowed	tut=MidBottom;chat=47:PlayCall;a=3,b=7	true
chat_allowed	tut=MidBottom;chat=55:CounterRequest;a=3,b=7	true
chat_allowed	tut=MidBottom;chat=47:PlayCall;a=3,b=8	true
chat_allowed	tut=MidBottom;chat=55:CounterRequest;a=3,b=8	true
chat_allowed	tut=MidBottom;chat=47:PlayCall;a=3,b=9	true
chat_allowed	tut=MidBottom;chat=55:CounterRequest;a=3,b=9	true
chat_allowed	tut=MidBottom;chat=47:PlayCall;a=3,b=10	true
chat_allowed	tut=MidBottom;chat=55:CounterRequest;a=3,b=10	true
chat_allowed	tut=MidBottom;chat=47:PlayCall;a=3,b=11	true
chat_allowed	tut=MidBottom;chat=55:CounterRequest;a=3,b=11	true
chat_allowed	tut=MidBottom;chat=47:PlayCall;a=3,b=12	true
chat_allowed	tut=MidBottom;chat=55:CounterRequest;a=3,b=12	true
chat_allowed	tut=MidBottom;chat=47:PlayCall;a=3,b=13	true
chat_allowed	tut=MidBottom;chat=55:CounterRequest;a=3,b=13	true
chat_allowed	tut=MidBottom;chat=47:PlayCall;a=3,b=14	true
chat_allowed	tut=MidBottom;chat=55:CounterRequest;a=3,b=14	true
chat_allowed	tut=MidBottom;chat=47:PlayCall;a=3,b=15	true
chat_allowed	tut=MidBottom;chat=55:CounterRequest;a=3,b=15	true
chat_allowed	tut=MidBottom;chat=47:PlayCall;a=4,b=0	false
chat_allowed	tut=MidBottom;chat=55:CounterRequest;a=4,b=0	false
chat_allowed	tut=MidBottom;chat=47:PlayCall;a=4,b=1	true
chat_allowed	tut=MidBottom;chat=55:CounterRequest;a=4,b=1	true
chat_allowed	tut=MidBottom;chat=47:PlayCall;a=4,b=2	true
chat_allowed	tut=MidBottom;chat=55:CounterRequest;a=4,b=2	true
chat_allowed	tut=MidBottom;chat=47:PlayCall;a=4,b=3	true
chat_allowed	tut=MidBottom;chat=55:CounterRequest;a=4,b=3	true
chat_allowed	tut=MidBottom;chat=47:PlayCall;a=4,b=4	true
chat_allowed	tut=MidBottom;chat=55:CounterRequest;a=4,b=4	true
chat_allowed	tut=MidBottom;chat=47:PlayCall;a=4,b=5	true
chat_allowed	tut=MidBottom;chat=55:CounterRequest;a=4,b=5	true
chat_allowed	tut=MidBottom;chat=47:PlayCall;a=4,b=6	true
chat_allowed	tut=MidBottom;chat=55:CounterRequest;a=4,b=6	true
chat_allowed	tut=MidBottom;chat=47:PlayCall;a=4,b=7	true
chat_allowed	tut=MidBottom;chat=55:CounterRequest;a=4,b=7	true
chat_allowed	tut=MidBottom;chat=47:PlayCall;a=4,b=8	true
chat_allowed	tut=MidBottom;chat=55:CounterRequest;a=4,b=8	true
chat_allowed	tut=MidBottom;chat=47:PlayCall;a=4,b=9	true
chat_allowed	tut=MidBottom;chat=55:CounterRequest;a=4,b=9	true
chat_allowed	tut=MidBottom;chat=47:PlayCall;a=4,b=10	true
chat_allowed	tut=MidBottom;chat=55:CounterRequest;a=4,b=10	true
chat_allowed	tut=MidBottom;chat=47:PlayCall;a=4,b=11	true
chat_allowed	tut=MidBottom;chat=55:CounterRequest;a=4,b=11	true
chat_allowed	tut=MidBottom;chat=47:PlayCall;a=4,b=12	true
chat_allowed	tut=MidBottom;chat=55:CounterRequest;a=4,b=12	true
chat_allowed	tut=MidBottom;chat=47:PlayCall;a=4,b=13	true
chat_allowed	tut=MidBottom;chat=55:CounterRequest;a=4,b=13	true
chat_allowed	tut=MidBottom;chat=47:PlayCall;a=4,b=14	true
chat_allowed	tut=MidBottom;chat=55:CounterRequest;a=4,b=14	true
chat_allowed	tut=MidBottom;chat=47:PlayCall;a=4,b=15	true
chat_allowed	tut=MidBottom;chat=55:CounterRequest;a=4,b=15	true
chat_allowed	tut=MidBottom;chat=47:PlayCall;a=5,b=0	false
chat_allowed	tut=MidBottom;chat=55:CounterRequest;a=5,b=0	false
chat_allowed	tut=MidBottom;chat=47:PlayCall;a=5,b=1	true
chat_allowed	tut=MidBottom;chat=55:CounterRequest;a=5,b=1	true
chat_allowed	tut=MidBottom;chat=47:PlayCall;a=5,b=2	true
chat_allowed	tut=MidBottom;chat=55:CounterRequest;a=5,b=2	true
chat_allowed	tut=MidBottom;chat=47:PlayCall;a=5,b=3	true
chat_allowed	tut=MidBottom;chat=55:CounterRequest;a=5,b=3	true
chat_allowed	tut=MidBottom;chat=47:PlayCall;a=5,b=4	true
chat_allowed	tut=MidBottom;chat=55:CounterRequest;a=5,b=4	true
chat_allowed	tut=MidBottom;chat=47:PlayCall;a=5,b=5	true
chat_allowed	tut=MidBottom;chat=55:CounterRequest;a=5,b=5	true
chat_allowed	tut=MidBottom;chat=47:PlayCall;a=5,b=6	true
chat_allowed	tut=MidBottom;chat=55:CounterRequest;a=5,b=6	true
chat_allowed	tut=MidBottom;chat=47:PlayCall;a=5,b=7	true
chat_allowed	tut=MidBottom;chat=55:CounterRequest;a=5,b=7	true
chat_allowed	tut=MidBottom;chat=47:PlayCall;a=5,b=8	true
chat_allowed	tut=MidBottom;chat=55:CounterRequest;a=5,b=8	true
chat_allowed	tut=MidBottom;chat=47:PlayCall;a=5,b=9	true
chat_allowed	tut=MidBottom;chat=55:CounterRequest;a=5,b=9	true
chat_allowed	tut=MidBottom;chat=47:PlayCall;a=5,b=10	true
chat_allowed	tut=MidBottom;chat=55:CounterRequest;a=5,b=10	true
chat_allowed	tut=MidBottom;chat=47:PlayCall;a=5,b=11	true
chat_allowed	tut=MidBottom;chat=55:CounterRequest;a=5,b=11	true
chat_allowed	tut=MidBottom;chat=47:PlayCall;a=5,b=12	true
chat_allowed	tut=MidBottom;chat=55:CounterRequest;a=5,b=12	true
chat_allowed	tut=MidBottom;chat=47:PlayCall;a=5,b=13	true
chat_allowed	tut=MidBottom;chat=55:CounterRequest;a=5,b=13	true
chat_allowed	tut=MidBottom;chat=47:PlayCall;a=5,b=14	true
chat_allowed	tut=MidBottom;chat=55:CounterRequest;a=5,b=14	true
chat_allowed	tut=MidBottom;chat=47:PlayCall;a=5,b=15	true
chat_allowed	tut=MidBottom;chat=55:CounterRequest;a=5,b=15	true
chat_allowed	tut=MidBottom;chat=47:PlayCall;a=6,b=0	false
chat_allowed	tut=MidBottom;chat=55:CounterRequest;a=6,b=0	false
chat_allowed	tut=MidBottom;chat=47:PlayCall;a=6,b=1	true
chat_allowed	tut=MidBottom;chat=55:CounterRequest;a=6,b=1	true
chat_allowed	tut=MidBottom;chat=47:PlayCall;a=6,b=2	true
chat_allowed	tut=MidBottom;chat=55:CounterRequest;a=6,b=2	true
chat_allowed	tut=MidBottom;chat=47:PlayCall;a=6,b=3	true
chat_allowed	tut=MidBottom;chat=55:CounterRequest;a=6,b=3	true
chat_allowed	tut=MidBottom;chat=47:PlayCall;a=6,b=4	true
chat_allowed	tut=MidBottom;chat=55:CounterRequest;a=6,b=4	true
chat_allowed	tut=MidBottom;chat=47:PlayCall;a=6,b=5	true
chat_allowed	tut=MidBottom;chat=55:CounterRequest;a=6,b=5	true
chat_allowed	tut=MidBottom;chat=47:PlayCall;a=6,b=6	true
chat_allowed	tut=MidBottom;chat=55:CounterRequest;a=6,b=6	true
chat_allowed	tut=MidBottom;chat=47:PlayCall;a=6,b=7	true
chat_allowed	tut=MidBottom;chat=55:CounterRequest;a=6,b=7	true
chat_allowed	tut=MidBottom;chat=47:PlayCall;a=6,b=8	true
chat_allowed	tut=MidBottom;chat=55:CounterRequest;a=6,b=8	true
chat_allowed	tut=MidBottom;chat=47:PlayCall;a=6,b=9	true
chat_allowed	tut=MidBottom;chat=55:CounterRequest;a=6,b=9	true
chat_allowed	tut=MidBottom;chat=47:PlayCall;a=6,b=10	true
chat_allowed	tut=MidBottom;chat=55:CounterRequest;a=6,b=10	true
chat_allowed	tut=MidBottom;chat=47:PlayCall;a=6,b=11	true
chat_allowed	tut=MidBottom;chat=55:CounterRequest;a=6,b=11	true
chat_allowed	tut=MidBottom;chat=47:PlayCall;a=6,b=12	true
chat_allowed	tut=MidBottom;chat=55:CounterRequest;a=6,b=12	true
chat_allowed	tut=MidBottom;chat=47:PlayCall;a=6,b=13	true
chat_allowed	tut=MidBottom;chat=55:CounterRequest;a=6,b=13	true
chat_allowed	tut=MidBottom;chat=47:PlayCall;a=6,b=14	true
chat_allowed	tut=MidBottom;chat=55:CounterRequest;a=6,b=14	true
chat_allowed	tut=MidBottom;chat=47:PlayCall;a=6,b=15	true
chat_allowed	tut=MidBottom;chat=55:CounterRequest;a=6,b=15	true
chat_allowed	tut=MidBottom;chat=47:PlayCall;a=7,b=0	false
chat_allowed	tut=MidBottom;chat=55:CounterRequest;a=7,b=0	false
chat_allowed	tut=MidBottom;chat=47:PlayCall;a=7,b=1	true
chat_allowed	tut=MidBottom;chat=55:CounterRequest;a=7,b=1	true
chat_allowed	tut=MidBottom;chat=47:PlayCall;a=7,b=2	true
chat_allowed	tut=MidBottom;chat=55:CounterRequest;a=7,b=2	true
chat_allowed	tut=MidBottom;chat=47:PlayCall;a=7,b=3	true
chat_allowed	tut=MidBottom;chat=55:CounterRequest;a=7,b=3	true
chat_allowed	tut=MidBottom;chat=47:PlayCall;a=7,b=4	true
chat_allowed	tut=MidBottom;chat=55:CounterRequest;a=7,b=4	true
chat_allowed	tut=MidBottom;chat=47:PlayCall;a=7,b=5	true
chat_allowed	tut=MidBottom;chat=55:CounterRequest;a=7,b=5	true
chat_allowed	tut=MidBottom;chat=47:PlayCall;a=7,b=6	true
chat_allowed	tut=MidBottom;chat=55:CounterRequest;a=7,b=6	true
chat_allowed	tut=MidBottom;chat=47:PlayCall;a=7,b=7	true
chat_allowed	tut=MidBottom;chat=55:CounterRequest;a=7,b=7	true
chat_allowed	tut=MidBottom;chat=47:PlayCall;a=7,b=8	true
chat_allowed	tut=MidBottom;chat=55:CounterRequest;a=7,b=8	true
chat_allowed	tut=MidBottom;chat=47:PlayCall;a=7,b=9	true
chat_allowed	tut=MidBottom;chat=55:CounterRequest;a=7,b=9	true
chat_allowed	tut=MidBottom;chat=47:PlayCall;a=7,b=10	true
chat_allowed	tut=MidBottom;chat=55:CounterRequest;a=7,b=10	true
chat_allowed	tut=MidBottom;chat=47:PlayCall;a=7,b=11	true
chat_allowed	tut=MidBottom;chat=55:CounterRequest;a=7,b=11	true
chat_allowed	tut=MidBottom;chat=47:PlayCall;a=7,b=12	true
chat_allowed	tut=MidBottom;chat=55:CounterRequest;a=7,b=12	true
chat_allowed	tut=MidBottom;chat=47:PlayCall;a=7,b=13	true
chat_allowed	tut=MidBottom;chat=55:CounterRequest;a=7,b=13	true
chat_allowed	tut=MidBottom;chat=47:PlayCall;a=7,b=14	true
chat_allowed	tut=MidBottom;chat=55:CounterRequest;a=7,b=14	true
chat_allowed	tut=MidBottom;chat=47:PlayCall;a=7,b=15	true
chat_allowed	tut=MidBottom;chat=55:CounterRequest;a=7,b=15	true
chat_allowed	tut=MidBottom;chat=47:PlayCall;a=8,b=0	false
chat_allowed	tut=MidBottom;chat=55:CounterRequest;a=8,b=0	false
chat_allowed	tut=MidBottom;chat=47:PlayCall;a=8,b=1	true
chat_allowed	tut=MidBottom;chat=55:CounterRequest;a=8,b=1	true
chat_allowed	tut=MidBottom;chat=47:PlayCall;a=8,b=2	true
chat_allowed	tut=MidBottom;chat=55:CounterRequest;a=8,b=2	true
chat_allowed	tut=MidBottom;chat=47:PlayCall;a=8,b=3	true
chat_allowed	tut=MidBottom;chat=55:CounterRequest;a=8,b=3	true
chat_allowed	tut=MidBottom;chat=47:PlayCall;a=8,b=4	true
chat_allowed	tut=MidBottom;chat=55:CounterRequest;a=8,b=4	true
chat_allowed	tut=MidBottom;chat=47:PlayCall;a=8,b=5	true
chat_allowed	tut=MidBottom;chat=55:CounterRequest;a=8,b=5	true
chat_allowed	tut=MidBottom;chat=47:PlayCall;a=8,b=6	true
chat_allowed	tut=MidBottom;chat=55:CounterRequest;a=8,b=6	true
chat_allowed	tut=MidBottom;chat=47:PlayCall;a=8,b=7	true
chat_allowed	tut=MidBottom;chat=55:CounterRequest;a=8,b=7	true
chat_allowed	tut=MidBottom;chat=47:PlayCall;a=8,b=8	true
chat_allowed	tut=MidBottom;chat=55:CounterRequest;a=8,b=8	true
chat_allowed	tut=MidBottom;chat=47:PlayCall;a=8,b=9	true
chat_allowed	tut=MidBottom;chat=55:CounterRequest;a=8,b=9	true
chat_allowed	tut=MidBottom;chat=47:PlayCall;a=8,b=10	true
chat_allowed	tut=MidBottom;chat=55:CounterRequest;a=8,b=10	true
chat_allowed	tut=MidBottom;chat=47:PlayCall;a=8,b=11	true
chat_allowed	tut=MidBottom;chat=55:CounterRequest;a=8,b=11	true
chat_allowed	tut=MidBottom;chat=47:PlayCall;a=8,b=12	true
chat_allowed	tut=MidBottom;chat=55:CounterRequest;a=8,b=12	true
chat_allowed	tut=MidBottom;chat=47:PlayCall;a=8,b=13	true
chat_allowed	tut=MidBottom;chat=55:CounterRequest;a=8,b=13	true
chat_allowed	tut=MidBottom;chat=47:PlayCall;a=8,b=14	true
chat_allowed	tut=MidBottom;chat=55:CounterRequest;a=8,b=14	true
chat_allowed	tut=MidBottom;chat=47:PlayCall;a=8,b=15	true
chat_allowed	tut=MidBottom;chat=55:CounterRequest;a=8,b=15	true
chat_allowed	tut=MidBottom;chat=47:PlayCall;a=9,b=0	false
chat_allowed	tut=MidBottom;chat=55:CounterRequest;a=9,b=0	false
chat_allowed	tut=MidBottom;chat=47:PlayCall;a=9,b=1	true
chat_allowed	tut=MidBottom;chat=55:CounterRequest;a=9,b=1	true
chat_allowed	tut=MidBottom;chat=47:PlayCall;a=9,b=2	true
chat_allowed	tut=MidBottom;chat=55:CounterRequest;a=9,b=2	true
chat_allowed	tut=MidBottom;chat=47:PlayCall;a=9,b=3	true
chat_allowed	tut=MidBottom;chat=55:CounterRequest;a=9,b=3	true
chat_allowed	tut=MidBottom;chat=47:PlayCall;a=9,b=4	true
chat_allowed	tut=MidBottom;chat=55:CounterRequest;a=9,b=4	true
chat_allowed	tut=MidBottom;chat=47:PlayCall;a=9,b=5	true
chat_allowed	tut=MidBottom;chat=55:CounterRequest;a=9,b=5	true
chat_allowed	tut=MidBottom;chat=47:PlayCall;a=9,b=6	true
chat_allowed	tut=MidBottom;chat=55:CounterRequest;a=9,b=6	true
chat_allowed	tut=MidBottom;chat=47:PlayCall;a=9,b=7	true
chat_allowed	tut=MidBottom;chat=55:CounterRequest;a=9,b=7	true
chat_allowed	tut=MidBottom;chat=47:PlayCall;a=9,b=8	true
chat_allowed	tut=MidBottom;chat=55:CounterRequest;a=9,b=8	true
chat_allowed	tut=MidBottom;chat=47:PlayCall;a=9,b=9	true
chat_allowed	tut=MidBottom;chat=55:CounterRequest;a=9,b=9	true
chat_allowed	tut=MidBottom;chat=47:PlayCall;a=9,b=10	true
chat_allowed	tut=MidBottom;chat=55:CounterRequest;a=9,b=10	true
chat_allowed	tut=MidBottom;chat=47:PlayCall;a=9,b=11	true
chat_allowed	tut=MidBottom;chat=55:CounterRequest;a=9,b=11	true
chat_allowed	tut=MidBottom;chat=47:PlayCall;a=9,b=12	true
chat_allowed	tut=MidBottom;chat=55:CounterRequest;a=9,b=12	true
chat_allowed	tut=MidBottom;chat=47:PlayCall;a=9,b=13	true
chat_allowed	tut=MidBottom;chat=55:CounterRequest;a=9,b=13	true
chat_allowed	tut=MidBottom;chat=47:PlayCall;a=9,b=14	true
chat_allowed	tut=MidBottom;chat=55:CounterRequest;a=9,b=14	true
chat_allowed	tut=MidBottom;chat=47:PlayCall;a=9,b=15	true
chat_allowed	tut=MidBottom;chat=55:CounterRequest;a=9,b=15	true
chat_allowed	tut=MidBottom;chat=47:PlayCall;a=10,b=0	false
chat_allowed	tut=MidBottom;chat=55:CounterRequest;a=10,b=0	false
chat_allowed	tut=MidBottom;chat=47:PlayCall;a=10,b=1	true
chat_allowed	tut=MidBottom;chat=55:CounterRequest;a=10,b=1	true
chat_allowed	tut=MidBottom;chat=47:PlayCall;a=10,b=2	true
chat_allowed	tut=MidBottom;chat=55:CounterRequest;a=10,b=2	true
chat_allowed	tut=MidBottom;chat=47:PlayCall;a=10,b=3	true
chat_allowed	tut=MidBottom;chat=55:CounterRequest;a=10,b=3	true
chat_allowed	tut=MidBottom;chat=47:PlayCall;a=10,b=4	true
chat_allowed	tut=MidBottom;chat=55:CounterRequest;a=10,b=4	true
chat_allowed	tut=MidBottom;chat=47:PlayCall;a=10,b=5	true
chat_allowed	tut=MidBottom;chat=55:CounterRequest;a=10,b=5	true
chat_allowed	tut=MidBottom;chat=47:PlayCall;a=10,b=6	true
chat_allowed	tut=MidBottom;chat=55:CounterRequest;a=10,b=6	true
chat_allowed	tut=MidBottom;chat=47:PlayCall;a=10,b=7	true
chat_allowed	tut=MidBottom;chat=55:CounterRequest;a=10,b=7	true
chat_allowed	tut=MidBottom;chat=47:PlayCall;a=10,b=8	true
chat_allowed	tut=MidBottom;chat=55:CounterRequest;a=10,b=8	true
chat_allowed	tut=MidBottom;chat=47:PlayCall;a=10,b=9	true
chat_allowed	tut=MidBottom;chat=55:CounterRequest;a=10,b=9	true
chat_allowed	tut=MidBottom;chat=47:PlayCall;a=10,b=10	true
chat_allowed	tut=MidBottom;chat=55:CounterRequest;a=10,b=10	true
chat_allowed	tut=MidBottom;chat=47:PlayCall;a=10,b=11	true
chat_allowed	tut=MidBottom;chat=55:CounterRequest;a=10,b=11	true
chat_allowed	tut=MidBottom;chat=47:PlayCall;a=10,b=12	true
chat_allowed	tut=MidBottom;chat=55:CounterRequest;a=10,b=12	true
chat_allowed	tut=MidBottom;chat=47:PlayCall;a=10,b=13	true
chat_allowed	tut=MidBottom;chat=55:CounterRequest;a=10,b=13	true
chat_allowed	tut=MidBottom;chat=47:PlayCall;a=10,b=14	true
chat_allowed	tut=MidBottom;chat=55:CounterRequest;a=10,b=14	true
chat_allowed	tut=MidBottom;chat=47:PlayCall;a=10,b=15	true
chat_allowed	tut=MidBottom;chat=55:CounterRequest;a=10,b=15	true
chat_allowed	tut=MidBottom;chat=47:PlayCall;a=11,b=0	false
chat_allowed	tut=MidBottom;chat=55:CounterRequest;a=11,b=0	false
chat_allowed	tut=MidBottom;chat=47:PlayCall;a=11,b=1	true
chat_allowed	tut=MidBottom;chat=55:CounterRequest;a=11,b=1	true
chat_allowed	tut=MidBottom;chat=47:PlayCall;a=11,b=2	true
chat_allowed	tut=MidBottom;chat=55:CounterRequest;a=11,b=2	true
chat_allowed	tut=MidBottom;chat=47:PlayCall;a=11,b=3	true
chat_allowed	tut=MidBottom;chat=55:CounterRequest;a=11,b=3	true
chat_allowed	tut=MidBottom;chat=47:PlayCall;a=11,b=4	true
chat_allowed	tut=MidBottom;chat=55:CounterRequest;a=11,b=4	true
chat_allowed	tut=MidBottom;chat=47:PlayCall;a=11,b=5	true
chat_allowed	tut=MidBottom;chat=55:CounterRequest;a=11,b=5	true
chat_allowed	tut=MidBottom;chat=47:PlayCall;a=11,b=6	true
chat_allowed	tut=MidBottom;chat=55:CounterRequest;a=11,b=6	true
chat_allowed	tut=MidBottom;chat=47:PlayCall;a=11,b=7	true
chat_allowed	tut=MidBottom;chat=55:CounterRequest;a=11,b=7	true
chat_allowed	tut=MidBottom;chat=47:PlayCall;a=11,b=8	true
chat_allowed	tut=MidBottom;chat=55:CounterRequest;a=11,b=8	true
chat_allowed	tut=MidBottom;chat=47:PlayCall;a=11,b=9	true
chat_allowed	tut=MidBottom;chat=55:CounterRequest;a=11,b=9	true
chat_allowed	tut=MidBottom;chat=47:PlayCall;a=11,b=10	true
chat_allowed	tut=MidBottom;chat=55:CounterRequest;a=11,b=10	true
chat_allowed	tut=MidBottom;chat=47:PlayCall;a=11,b=11	true
chat_allowed	tut=MidBottom;chat=55:CounterRequest;a=11,b=11	true
chat_allowed	tut=MidBottom;chat=47:PlayCall;a=11,b=12	true
chat_allowed	tut=MidBottom;chat=55:CounterRequest;a=11,b=12	true
chat_allowed	tut=MidBottom;chat=47:PlayCall;a=11,b=13	true
chat_allowed	tut=MidBottom;chat=55:CounterRequest;a=11,b=13	true
chat_allowed	tut=MidBottom;chat=47:PlayCall;a=11,b=14	true
chat_allowed	tut=MidBottom;chat=55:CounterRequest;a=11,b=14	true
chat_allowed	tut=MidBottom;chat=47:PlayCall;a=11,b=15	true
chat_allowed	tut=MidBottom;chat=55:CounterRequest;a=11,b=15	true
chat_allowed	tut=MidBottom;chat=47:PlayCall;a=12,b=0	false
chat_allowed	tut=MidBottom;chat=55:CounterRequest;a=12,b=0	false
chat_allowed	tut=MidBottom;chat=47:PlayCall;a=12,b=1	true
chat_allowed	tut=MidBottom;chat=55:CounterRequest;a=12,b=1	true
chat_allowed	tut=MidBottom;chat=47:PlayCall;a=12,b=2	true
chat_allowed	tut=MidBottom;chat=55:CounterRequest;a=12,b=2	true
chat_allowed	tut=MidBottom;chat=47:PlayCall;a=12,b=3	true
chat_allowed	tut=MidBottom;chat=55:CounterRequest;a=12,b=3	true
chat_allowed	tut=MidBottom;chat=47:PlayCall;a=12,b=4	true
chat_allowed	tut=MidBottom;chat=55:CounterRequest;a=12,b=4	true
chat_allowed	tut=MidBottom;chat=47:PlayCall;a=12,b=5	true
chat_allowed	tut=MidBottom;chat=55:CounterRequest;a=12,b=5	true
chat_allowed	tut=MidBottom;chat=47:PlayCall;a=12,b=6	true
chat_allowed	tut=MidBottom;chat=55:CounterRequest;a=12,b=6	true
chat_allowed	tut=MidBottom;chat=47:PlayCall;a=12,b=7	true
chat_allowed	tut=MidBottom;chat=55:CounterRequest;a=12,b=7	true
chat_allowed	tut=MidBottom;chat=47:PlayCall;a=12,b=8	true
chat_allowed	tut=MidBottom;chat=55:CounterRequest;a=12,b=8	true
chat_allowed	tut=MidBottom;chat=47:PlayCall;a=12,b=9	true
chat_allowed	tut=MidBottom;chat=55:CounterRequest;a=12,b=9	true
chat_allowed	tut=MidBottom;chat=47:PlayCall;a=12,b=10	true
chat_allowed	tut=MidBottom;chat=55:CounterRequest;a=12,b=10	true
chat_allowed	tut=MidBottom;chat=47:PlayCall;a=12,b=11	true
chat_allowed	tut=MidBottom;chat=55:CounterRequest;a=12,b=11	true
chat_allowed	tut=MidBottom;chat=47:PlayCall;a=12,b=12	true
chat_allowed	tut=MidBottom;chat=55:CounterRequest;a=12,b=12	true
chat_allowed	tut=MidBottom;chat=47:PlayCall;a=12,b=13	true
chat_allowed	tut=MidBottom;chat=55:CounterRequest;a=12,b=13	true
chat_allowed	tut=MidBottom;chat=47:PlayCall;a=12,b=14	true
chat_allowed	tut=MidBottom;chat=55:CounterRequest;a=12,b=14	true
chat_allowed	tut=MidBottom;chat=47:PlayCall;a=12,b=15	true
chat_allowed	tut=MidBottom;chat=55:CounterRequest;a=12,b=15	true
chat_allowed	tut=MidBottom;chat=47:PlayCall;a=13,b=0	false
chat_allowed	tut=MidBottom;chat=55:CounterRequest;a=13,b=0	false
chat_allowed	tut=MidBottom;chat=47:PlayCall;a=13,b=1	true
chat_allowed	tut=MidBottom;chat=55:CounterRequest;a=13,b=1	true
chat_allowed	tut=MidBottom;chat=47:PlayCall;a=13,b=2	true
chat_allowed	tut=MidBottom;chat=55:CounterRequest;a=13,b=2	true
chat_allowed	tut=MidBottom;chat=47:PlayCall;a=13,b=3	true
chat_allowed	tut=MidBottom;chat=55:CounterRequest;a=13,b=3	true
chat_allowed	tut=MidBottom;chat=47:PlayCall;a=13,b=4	true
chat_allowed	tut=MidBottom;chat=55:CounterRequest;a=13,b=4	true
chat_allowed	tut=MidBottom;chat=47:PlayCall;a=13,b=5	true
chat_allowed	tut=MidBottom;chat=55:CounterRequest;a=13,b=5	true
chat_allowed	tut=MidBottom;chat=47:PlayCall;a=13,b=6	true
chat_allowed	tut=MidBottom;chat=55:CounterRequest;a=13,b=6	true
chat_allowed	tut=MidBottom;chat=47:PlayCall;a=13,b=7	true
chat_allowed	tut=MidBottom;chat=55:CounterRequest;a=13,b=7	true
chat_allowed	tut=MidBottom;chat=47:PlayCall;a=13,b=8	true
chat_allowed	tut=MidBottom;chat=55:CounterRequest;a=13,b=8	true
chat_allowed	tut=MidBottom;chat=47:PlayCall;a=13,b=9	true
chat_allowed	tut=MidBottom;chat=55:CounterRequest;a=13,b=9	true
chat_allowed	tut=MidBottom;chat=47:PlayCall;a=13,b=10	true
chat_allowed	tut=MidBottom;chat=55:CounterRequest;a=13,b=10	true
chat_allowed	tut=MidBottom;chat=47:PlayCall;a=13,b=11	true
chat_allowed	tut=MidBottom;chat=55:CounterRequest;a=13,b=11	true
chat_allowed	tut=MidBottom;chat=47:PlayCall;a=13,b=12	true
chat_allowed	tut=MidBottom;chat=55:CounterRequest;a=13,b=12	true
chat_allowed	tut=MidBottom;chat=47:PlayCall;a=13,b=13	true
chat_allowed	tut=MidBottom;chat=55:CounterRequest;a=13,b=13	true
chat_allowed	tut=MidBottom;chat=47:PlayCall;a=13,b=14	true
chat_allowed	tut=MidBottom;chat=55:CounterRequest;a=13,b=14	true
chat_allowed	tut=MidBottom;chat=47:PlayCall;a=13,b=15	true
chat_allowed	tut=MidBottom;chat=55:CounterRequest;a=13,b=15	true
chat_allowed	tut=MidBottom;chat=47:PlayCall;a=14,b=0	false
chat_allowed	tut=MidBottom;chat=55:CounterRequest;a=14,b=0	false
chat_allowed	tut=MidBottom;chat=47:PlayCall;a=14,b=1	true
chat_allowed	tut=MidBottom;chat=55:CounterRequest;a=14,b=1	true
chat_allowed	tut=MidBottom;chat=47:PlayCall;a=14,b=2	true
chat_allowed	tut=MidBottom;chat=55:CounterRequest;a=14,b=2	true
chat_allowed	tut=MidBottom;chat=47:PlayCall;a=14,b=3	true
chat_allowed	tut=MidBottom;chat=55:CounterRequest;a=14,b=3	true
chat_allowed	tut=MidBottom;chat=47:PlayCall;a=14,b=4	true
chat_allowed	tut=MidBottom;chat=55:CounterRequest;a=14,b=4	true
chat_allowed	tut=MidBottom;chat=47:PlayCall;a=14,b=5	true
chat_allowed	tut=MidBottom;chat=55:CounterRequest;a=14,b=5	true
chat_allowed	tut=MidBottom;chat=47:PlayCall;a=14,b=6	true
chat_allowed	tut=MidBottom;chat=55:CounterRequest;a=14,b=6	true
chat_allowed	tut=MidBottom;chat=47:PlayCall;a=14,b=7	true
chat_allowed	tut=MidBottom;chat=55:CounterRequest;a=14,b=7	true
chat_allowed	tut=MidBottom;chat=47:PlayCall;a=14,b=8	true
chat_allowed	tut=MidBottom;chat=55:CounterRequest;a=14,b=8	true
chat_allowed	tut=MidBottom;chat=47:PlayCall;a=14,b=9	true
chat_allowed	tut=MidBottom;chat=55:CounterRequest;a=14,b=9	true
chat_allowed	tut=MidBottom;chat=47:PlayCall;a=14,b=10	true
chat_allowed	tut=MidBottom;chat=55:CounterRequest;a=14,b=10	true
chat_allowed	tut=MidBottom;chat=47:PlayCall;a=14,b=11	true
chat_allowed	tut=MidBottom;chat=55:CounterRequest;a=14,b=11	true
chat_allowed	tut=MidBottom;chat=47:PlayCall;a=14,b=12	true
chat_allowed	tut=MidBottom;chat=55:CounterRequest;a=14,b=12	true
chat_allowed	tut=MidBottom;chat=47:PlayCall;a=14,b=13	true
chat_allowed	tut=MidBottom;chat=55:CounterRequest;a=14,b=13	true
chat_allowed	tut=MidBottom;chat=47:PlayCall;a=14,b=14	true
chat_allowed	tut=MidBottom;chat=55:CounterRequest;a=14,b=14	true
chat_allowed	tut=MidBottom;chat=47:PlayCall;a=14,b=15	true
chat_allowed	tut=MidBottom;chat=55:CounterRequest;a=14,b=15	true
chat_allowed	tut=MidBottom;chat=47:PlayCall;a=15,b=0	false
chat_allowed	tut=MidBottom;chat=55:CounterRequest;a=15,b=0	false
chat_allowed	tut=MidBottom;chat=47:PlayCall;a=15,b=1	true
chat_allowed	tut=MidBottom;chat=55:CounterRequest;a=15,b=1	true
chat_allowed	tut=MidBottom;chat=47:PlayCall;a=15,b=2	true
chat_allowed	tut=MidBottom;chat=55:CounterRequest;a=15,b=2	true
chat_allowed	tut=MidBottom;chat=47:PlayCall;a=15,b=3	true
chat_allowed	tut=MidBottom;chat=55:CounterRequest;a=15,b=3	true
chat_allowed	tut=MidBottom;chat=47:PlayCall;a=15,b=4	true
chat_allowed	tut=MidBottom;chat=55:CounterRequest;a=15,b=4	true
chat_allowed	tut=MidBottom;chat=47:PlayCall;a=15,b=5	true
chat_allowed	tut=MidBottom;chat=55:CounterRequest;a=15,b=5	true
chat_allowed	tut=MidBottom;chat=47:PlayCall;a=15,b=6	true
chat_allowed	tut=MidBottom;chat=55:CounterRequest;a=15,b=6	true
chat_allowed	tut=MidBottom;chat=47:PlayCall;a=15,b=7	true
chat_allowed	tut=MidBottom;chat=55:CounterRequest;a=15,b=7	true
chat_allowed	tut=MidBottom;chat=47:PlayCall;a=15,b=8	true
chat_allowed	tut=MidBottom;chat=55:CounterRequest;a=15,b=8	true
chat_allowed	tut=MidBottom;chat=47:PlayCall;a=15,b=9	true
chat_allowed	tut=MidBottom;chat=55:CounterRequest;a=15,b=9	true
chat_allowed	tut=MidBottom;chat=47:PlayCall;a=15,b=10	true
chat_allowed	tut=MidBottom;chat=55:CounterRequest;a=15,b=10	true
chat_allowed	tut=MidBottom;chat=47:PlayCall;a=15,b=11	true
chat_allowed	tut=MidBottom;chat=55:CounterRequest;a=15,b=11	true
chat_allowed	tut=MidBottom;chat=47:PlayCall;a=15,b=12	true
chat_allowed	tut=MidBottom;chat=55:CounterRequest;a=15,b=12	true
chat_allowed	tut=MidBottom;chat=47:PlayCall;a=15,b=13	true
chat_allowed	tut=MidBottom;chat=55:CounterRequest;a=15,b=13	true
chat_allowed	tut=MidBottom;chat=47:PlayCall;a=15,b=14	true
chat_allowed	tut=MidBottom;chat=55:CounterRequest;a=15,b=14	true
chat_allowed	tut=MidBottom;chat=47:PlayCall;a=15,b=15	true
chat_allowed	tut=MidBottom;chat=55:CounterRequest;a=15,b=15	true
chat_allowed	tut=MidBottom;chat=51:EarlyPlan;a=0	true
chat_allowed	tut=MidBottom;chat=52:EarlyPlanChange;a=0	true
chat_allowed	tut=MidBottom;chat=51:EarlyPlan;a=1	false
chat_allowed	tut=MidBottom;chat=52:EarlyPlanChange;a=1	true
chat_allowed	tut=MidBottom;chat=51:EarlyPlan;a=2	true
chat_allowed	tut=MidBottom;chat=52:EarlyPlanChange;a=2	true
chat_allowed	tut=MidBottom;chat=51:EarlyPlan;a=3	true
chat_allowed	tut=MidBottom;chat=52:EarlyPlanChange;a=3	true
chat_allowed	tut=MidBottom;chat=51:EarlyPlan;a=4	false
chat_allowed	tut=MidBottom;chat=52:EarlyPlanChange;a=4	true
chat_allowed	tut=MidBottom;chat=51:EarlyPlan;a=5	true
chat_allowed	tut=MidBottom;chat=52:EarlyPlanChange;a=5	true
chat_allowed	tut=MidBottom;chat=51:EarlyPlan;a=6	true
chat_allowed	tut=MidBottom;chat=52:EarlyPlanChange;a=6	true
chat_allowed	tut=MidBottom;chat=51:EarlyPlan;a=7	true
chat_allowed	tut=MidBottom;chat=52:EarlyPlanChange;a=7	true
chat_allowed	tut=MidBottom;chat=51:EarlyPlan;a=8	true
chat_allowed	tut=MidBottom;chat=52:EarlyPlanChange;a=8	true
chat_allowed	tut=MidBottom;chat=51:EarlyPlan;a=9	true
chat_allowed	tut=MidBottom;chat=52:EarlyPlanChange;a=9	true
chat_allowed	tut=MidBottom;chat=51:EarlyPlan;a=10	true
chat_allowed	tut=MidBottom;chat=52:EarlyPlanChange;a=10	true
chat_allowed	tut=MidBottom;chat=51:EarlyPlan;a=11	true
chat_allowed	tut=MidBottom;chat=52:EarlyPlanChange;a=11	true
chat_allowed	tut=MidBottom;chat=51:EarlyPlan;a=12	true
chat_allowed	tut=MidBottom;chat=52:EarlyPlanChange;a=12	true
chat_allowed	tut=MidBottom;chat=51:EarlyPlan;a=13	true
chat_allowed	tut=MidBottom;chat=52:EarlyPlanChange;a=13	true
chat_allowed	tut=MidBottom;chat=51:EarlyPlan;a=14	true
chat_allowed	tut=MidBottom;chat=52:EarlyPlanChange;a=14	true
chat_allowed	tut=MidBottom;chat=51:EarlyPlan;a=15	true
chat_allowed	tut=MidBottom;chat=52:EarlyPlanChange;a=15	true
plan_allowed	tut=JungleOnly;plan=ForcePassive	true
plan_allowed	tut=JungleOnly;plan=ActiveRecall	true
plan_allowed	tut=JungleOnly;plan=EpicHuntAndPoke	false
plan_allowed	tut=JungleOnly;plan=EpicHuntAndBattle	false
plan_allowed	tut=JungleOnly;plan=SerpenHuntAndPoke	false
plan_allowed	tut=JungleOnly;plan=SerpenHuntAndBattle	false
plan_allowed	tut=JungleOnly;plan=AttackNexus(default)	true
plan_allowed	tut=JungleOnly;plan=DefenseNexus(default)	true
plan_allowed	tut=JungleOnly;plan=PassiveLine(Mid)	false
plan_allowed	tut=JungleOnly;plan=SinglePlanLine(Mid)	false
plan_allowed	tut=JungleOnly;plan=LineGanker(Mid)	false
plan_allowed	tut=JungleOnly;plan=LineGankCover(Mid)	false
plan_allowed	tut=JungleOnly;plan=PassiveLine(Bottom)	false
plan_allowed	tut=JungleOnly;plan=SinglePlanLine(Bottom)	false
plan_allowed	tut=JungleOnly;plan=LineGanker(Bottom)	false
plan_allowed	tut=JungleOnly;plan=LineGankCover(Bottom)	false
plan_allowed	tut=JungleOnly;plan=PassiveLine(Top)	false
plan_allowed	tut=JungleOnly;plan=SinglePlanLine(Top)	false
plan_allowed	tut=JungleOnly;plan=LineGanker(Top)	false
plan_allowed	tut=JungleOnly;plan=LineGankCover(Top)	false
plan_allowed	tut=JungleOnly;plan=PassiveJungle(Rhino,0)	true
plan_allowed	tut=JungleOnly;plan=PassiveJungle(Rhino,1)	true
plan_allowed	tut=JungleOnly;plan=PassiveJungle(Mushroom,0)	true
plan_allowed	tut=JungleOnly;plan=PassiveJungle(Mushroom,1)	true
plan_allowed	tut=JungleOnly;plan=PassiveJungle(Stump,0)	true
plan_allowed	tut=JungleOnly;plan=PassiveJungle(Stump,1)	true
plan_allowed	tut=JungleOnly;plan=PassiveJungle(Bee,0)	true
plan_allowed	tut=JungleOnly;plan=PassiveJungle(Bee,1)	true
plan_allowed	tut=JungleOnly;plan=PassiveJungle(Morgard,0)	true
plan_allowed	tut=JungleOnly;plan=PassiveJungle(Morgard,1)	true
plan_allowed	tut=JungleOnly;plan=PassiveJungle(Serpen,0)	true
plan_allowed	tut=JungleOnly;plan=PassiveJungle(Serpen,1)	true
chat_allowed	tut=JungleOnly;chat=49:PlayPropose;a=0,b=0,c=0	false
chat_allowed	tut=JungleOnly;chat=49:PlayPropose;a=0,b=0,c=1	false
chat_allowed	tut=JungleOnly;chat=49:PlayPropose;a=0,b=0,c=2	false
chat_allowed	tut=JungleOnly;chat=49:PlayPropose;a=0,b=0,c=3	false
chat_allowed	tut=JungleOnly;chat=49:PlayPropose;a=0,b=0,c=4	false
chat_allowed	tut=JungleOnly;chat=49:PlayPropose;a=0,b=0,c=5	false
chat_allowed	tut=JungleOnly;chat=49:PlayPropose;a=0,b=0,c=6	false
chat_allowed	tut=JungleOnly;chat=49:PlayPropose;a=0,b=0,c=7	false
chat_allowed	tut=JungleOnly;chat=49:PlayPropose;a=0,b=1,c=0	false
chat_allowed	tut=JungleOnly;chat=49:PlayPropose;a=0,b=1,c=1	false
chat_allowed	tut=JungleOnly;chat=49:PlayPropose;a=0,b=1,c=2	false
chat_allowed	tut=JungleOnly;chat=49:PlayPropose;a=0,b=1,c=3	false
chat_allowed	tut=JungleOnly;chat=49:PlayPropose;a=0,b=1,c=4	false
chat_allowed	tut=JungleOnly;chat=49:PlayPropose;a=0,b=1,c=5	false
chat_allowed	tut=JungleOnly;chat=49:PlayPropose;a=0,b=1,c=6	false
chat_allowed	tut=JungleOnly;chat=49:PlayPropose;a=0,b=1,c=7	false
chat_allowed	tut=JungleOnly;chat=49:PlayPropose;a=0,b=2,c=0	false
chat_allowed	tut=JungleOnly;chat=49:PlayPropose;a=0,b=2,c=1	false
chat_allowed	tut=JungleOnly;chat=49:PlayPropose;a=0,b=2,c=2	false
chat_allowed	tut=JungleOnly;chat=49:PlayPropose;a=0,b=2,c=3	false
chat_allowed	tut=JungleOnly;chat=49:PlayPropose;a=0,b=2,c=4	false
chat_allowed	tut=JungleOnly;chat=49:PlayPropose;a=0,b=2,c=5	false
chat_allowed	tut=JungleOnly;chat=49:PlayPropose;a=0,b=2,c=6	false
chat_allowed	tut=JungleOnly;chat=49:PlayPropose;a=0,b=2,c=7	false
chat_allowed	tut=JungleOnly;chat=49:PlayPropose;a=0,b=3,c=0	false
chat_allowed	tut=JungleOnly;chat=49:PlayPropose;a=0,b=3,c=1	false
chat_allowed	tut=JungleOnly;chat=49:PlayPropose;a=0,b=3,c=2	false
chat_allowed	tut=JungleOnly;chat=49:PlayPropose;a=0,b=3,c=3	false
chat_allowed	tut=JungleOnly;chat=49:PlayPropose;a=0,b=3,c=4	false
chat_allowed	tut=JungleOnly;chat=49:PlayPropose;a=0,b=3,c=5	false
chat_allowed	tut=JungleOnly;chat=49:PlayPropose;a=0,b=3,c=6	false
chat_allowed	tut=JungleOnly;chat=49:PlayPropose;a=0,b=3,c=7	false
chat_allowed	tut=JungleOnly;chat=49:PlayPropose;a=0,b=4,c=0	false
chat_allowed	tut=JungleOnly;chat=49:PlayPropose;a=0,b=4,c=1	false
chat_allowed	tut=JungleOnly;chat=49:PlayPropose;a=0,b=4,c=2	false
chat_allowed	tut=JungleOnly;chat=49:PlayPropose;a=0,b=4,c=3	false
chat_allowed	tut=JungleOnly;chat=49:PlayPropose;a=0,b=4,c=4	false
chat_allowed	tut=JungleOnly;chat=49:PlayPropose;a=0,b=4,c=5	false
chat_allowed	tut=JungleOnly;chat=49:PlayPropose;a=0,b=4,c=6	false
chat_allowed	tut=JungleOnly;chat=49:PlayPropose;a=0,b=4,c=7	false
chat_allowed	tut=JungleOnly;chat=49:PlayPropose;a=0,b=5,c=0	false
chat_allowed	tut=JungleOnly;chat=49:PlayPropose;a=0,b=5,c=1	false
chat_allowed	tut=JungleOnly;chat=49:PlayPropose;a=0,b=5,c=2	false
chat_allowed	tut=JungleOnly;chat=49:PlayPropose;a=0,b=5,c=3	false
chat_allowed	tut=JungleOnly;chat=49:PlayPropose;a=0,b=5,c=4	false
chat_allowed	tut=JungleOnly;chat=49:PlayPropose;a=0,b=5,c=5	false
chat_allowed	tut=JungleOnly;chat=49:PlayPropose;a=0,b=5,c=6	false
chat_allowed	tut=JungleOnly;chat=49:PlayPropose;a=0,b=5,c=7	false
chat_allowed	tut=JungleOnly;chat=49:PlayPropose;a=0,b=6,c=0	false
chat_allowed	tut=JungleOnly;chat=49:PlayPropose;a=0,b=6,c=1	false
chat_allowed	tut=JungleOnly;chat=49:PlayPropose;a=0,b=6,c=2	false
chat_allowed	tut=JungleOnly;chat=49:PlayPropose;a=0,b=6,c=3	false
chat_allowed	tut=JungleOnly;chat=49:PlayPropose;a=0,b=6,c=4	false
chat_allowed	tut=JungleOnly;chat=49:PlayPropose;a=0,b=6,c=5	false
chat_allowed	tut=JungleOnly;chat=49:PlayPropose;a=0,b=6,c=6	false
chat_allowed	tut=JungleOnly;chat=49:PlayPropose;a=0,b=6,c=7	false
chat_allowed	tut=JungleOnly;chat=49:PlayPropose;a=0,b=7,c=0	false
chat_allowed	tut=JungleOnly;chat=49:PlayPropose;a=0,b=7,c=1	false
chat_allowed	tut=JungleOnly;chat=49:PlayPropose;a=0,b=7,c=2	false
chat_allowed	tut=JungleOnly;chat=49:PlayPropose;a=0,b=7,c=3	false
chat_allowed	tut=JungleOnly;chat=49:PlayPropose;a=0,b=7,c=4	false
chat_allowed	tut=JungleOnly;chat=49:PlayPropose;a=0,b=7,c=5	false
chat_allowed	tut=JungleOnly;chat=49:PlayPropose;a=0,b=7,c=6	false
chat_allowed	tut=JungleOnly;chat=49:PlayPropose;a=0,b=7,c=7	false
chat_allowed	tut=JungleOnly;chat=49:PlayPropose;a=1,b=0,c=0	false
chat_allowed	tut=JungleOnly;chat=49:PlayPropose;a=1,b=0,c=1	false
chat_allowed	tut=JungleOnly;chat=49:PlayPropose;a=1,b=0,c=2	false
chat_allowed	tut=JungleOnly;chat=49:PlayPropose;a=1,b=0,c=3	false
chat_allowed	tut=JungleOnly;chat=49:PlayPropose;a=1,b=0,c=4	false
chat_allowed	tut=JungleOnly;chat=49:PlayPropose;a=1,b=0,c=5	false
chat_allowed	tut=JungleOnly;chat=49:PlayPropose;a=1,b=0,c=6	false
chat_allowed	tut=JungleOnly;chat=49:PlayPropose;a=1,b=0,c=7	false
chat_allowed	tut=JungleOnly;chat=49:PlayPropose;a=1,b=1,c=0	false
chat_allowed	tut=JungleOnly;chat=49:PlayPropose;a=1,b=1,c=1	false
chat_allowed	tut=JungleOnly;chat=49:PlayPropose;a=1,b=1,c=2	false
chat_allowed	tut=JungleOnly;chat=49:PlayPropose;a=1,b=1,c=3	false
chat_allowed	tut=JungleOnly;chat=49:PlayPropose;a=1,b=1,c=4	false
chat_allowed	tut=JungleOnly;chat=49:PlayPropose;a=1,b=1,c=5	false
chat_allowed	tut=JungleOnly;chat=49:PlayPropose;a=1,b=1,c=6	false
chat_allowed	tut=JungleOnly;chat=49:PlayPropose;a=1,b=1,c=7	false
chat_allowed	tut=JungleOnly;chat=49:PlayPropose;a=1,b=2,c=0	false
chat_allowed	tut=JungleOnly;chat=49:PlayPropose;a=1,b=2,c=1	false
chat_allowed	tut=JungleOnly;chat=49:PlayPropose;a=1,b=2,c=2	false
chat_allowed	tut=JungleOnly;chat=49:PlayPropose;a=1,b=2,c=3	false
chat_allowed	tut=JungleOnly;chat=49:PlayPropose;a=1,b=2,c=4	false
chat_allowed	tut=JungleOnly;chat=49:PlayPropose;a=1,b=2,c=5	false
chat_allowed	tut=JungleOnly;chat=49:PlayPropose;a=1,b=2,c=6	false
chat_allowed	tut=JungleOnly;chat=49:PlayPropose;a=1,b=2,c=7	false
chat_allowed	tut=JungleOnly;chat=49:PlayPropose;a=1,b=3,c=0	false
chat_allowed	tut=JungleOnly;chat=49:PlayPropose;a=1,b=3,c=1	false
chat_allowed	tut=JungleOnly;chat=49:PlayPropose;a=1,b=3,c=2	false
chat_allowed	tut=JungleOnly;chat=49:PlayPropose;a=1,b=3,c=3	false
chat_allowed	tut=JungleOnly;chat=49:PlayPropose;a=1,b=3,c=4	false
chat_allowed	tut=JungleOnly;chat=49:PlayPropose;a=1,b=3,c=5	false
chat_allowed	tut=JungleOnly;chat=49:PlayPropose;a=1,b=3,c=6	false
chat_allowed	tut=JungleOnly;chat=49:PlayPropose;a=1,b=3,c=7	false
chat_allowed	tut=JungleOnly;chat=49:PlayPropose;a=1,b=4,c=0	false
chat_allowed	tut=JungleOnly;chat=49:PlayPropose;a=1,b=4,c=1	false
chat_allowed	tut=JungleOnly;chat=49:PlayPropose;a=1,b=4,c=2	false
chat_allowed	tut=JungleOnly;chat=49:PlayPropose;a=1,b=4,c=3	false
chat_allowed	tut=JungleOnly;chat=49:PlayPropose;a=1,b=4,c=4	false
chat_allowed	tut=JungleOnly;chat=49:PlayPropose;a=1,b=4,c=5	false
chat_allowed	tut=JungleOnly;chat=49:PlayPropose;a=1,b=4,c=6	false
chat_allowed	tut=JungleOnly;chat=49:PlayPropose;a=1,b=4,c=7	false
chat_allowed	tut=JungleOnly;chat=49:PlayPropose;a=1,b=5,c=0	false
chat_allowed	tut=JungleOnly;chat=49:PlayPropose;a=1,b=5,c=1	false
chat_allowed	tut=JungleOnly;chat=49:PlayPropose;a=1,b=5,c=2	false
chat_allowed	tut=JungleOnly;chat=49:PlayPropose;a=1,b=5,c=3	false
chat_allowed	tut=JungleOnly;chat=49:PlayPropose;a=1,b=5,c=4	false
chat_allowed	tut=JungleOnly;chat=49:PlayPropose;a=1,b=5,c=5	false
chat_allowed	tut=JungleOnly;chat=49:PlayPropose;a=1,b=5,c=6	false
chat_allowed	tut=JungleOnly;chat=49:PlayPropose;a=1,b=5,c=7	false
chat_allowed	tut=JungleOnly;chat=49:PlayPropose;a=1,b=6,c=0	false
chat_allowed	tut=JungleOnly;chat=49:PlayPropose;a=1,b=6,c=1	false
chat_allowed	tut=JungleOnly;chat=49:PlayPropose;a=1,b=6,c=2	false
chat_allowed	tut=JungleOnly;chat=49:PlayPropose;a=1,b=6,c=3	false
chat_allowed	tut=JungleOnly;chat=49:PlayPropose;a=1,b=6,c=4	false
chat_allowed	tut=JungleOnly;chat=49:PlayPropose;a=1,b=6,c=5	false
chat_allowed	tut=JungleOnly;chat=49:PlayPropose;a=1,b=6,c=6	false
chat_allowed	tut=JungleOnly;chat=49:PlayPropose;a=1,b=6,c=7	false
chat_allowed	tut=JungleOnly;chat=49:PlayPropose;a=1,b=7,c=0	false
chat_allowed	tut=JungleOnly;chat=49:PlayPropose;a=1,b=7,c=1	false
chat_allowed	tut=JungleOnly;chat=49:PlayPropose;a=1,b=7,c=2	false
chat_allowed	tut=JungleOnly;chat=49:PlayPropose;a=1,b=7,c=3	false
chat_allowed	tut=JungleOnly;chat=49:PlayPropose;a=1,b=7,c=4	false
chat_allowed	tut=JungleOnly;chat=49:PlayPropose;a=1,b=7,c=5	false
chat_allowed	tut=JungleOnly;chat=49:PlayPropose;a=1,b=7,c=6	false
chat_allowed	tut=JungleOnly;chat=49:PlayPropose;a=1,b=7,c=7	false
chat_allowed	tut=JungleOnly;chat=49:PlayPropose;a=2,b=0,c=0	false
chat_allowed	tut=JungleOnly;chat=49:PlayPropose;a=2,b=0,c=1	false
chat_allowed	tut=JungleOnly;chat=49:PlayPropose;a=2,b=0,c=2	false
chat_allowed	tut=JungleOnly;chat=49:PlayPropose;a=2,b=0,c=3	false
chat_allowed	tut=JungleOnly;chat=49:PlayPropose;a=2,b=0,c=4	false
chat_allowed	tut=JungleOnly;chat=49:PlayPropose;a=2,b=0,c=5	false
chat_allowed	tut=JungleOnly;chat=49:PlayPropose;a=2,b=0,c=6	false
chat_allowed	tut=JungleOnly;chat=49:PlayPropose;a=2,b=0,c=7	false
chat_allowed	tut=JungleOnly;chat=49:PlayPropose;a=2,b=1,c=0	false
chat_allowed	tut=JungleOnly;chat=49:PlayPropose;a=2,b=1,c=1	false
chat_allowed	tut=JungleOnly;chat=49:PlayPropose;a=2,b=1,c=2	false
chat_allowed	tut=JungleOnly;chat=49:PlayPropose;a=2,b=1,c=3	false
chat_allowed	tut=JungleOnly;chat=49:PlayPropose;a=2,b=1,c=4	false
chat_allowed	tut=JungleOnly;chat=49:PlayPropose;a=2,b=1,c=5	false
chat_allowed	tut=JungleOnly;chat=49:PlayPropose;a=2,b=1,c=6	false
chat_allowed	tut=JungleOnly;chat=49:PlayPropose;a=2,b=1,c=7	false
chat_allowed	tut=JungleOnly;chat=49:PlayPropose;a=2,b=2,c=0	false
chat_allowed	tut=JungleOnly;chat=49:PlayPropose;a=2,b=2,c=1	false
chat_allowed	tut=JungleOnly;chat=49:PlayPropose;a=2,b=2,c=2	false
chat_allowed	tut=JungleOnly;chat=49:PlayPropose;a=2,b=2,c=3	false
chat_allowed	tut=JungleOnly;chat=49:PlayPropose;a=2,b=2,c=4	false
chat_allowed	tut=JungleOnly;chat=49:PlayPropose;a=2,b=2,c=5	false
chat_allowed	tut=JungleOnly;chat=49:PlayPropose;a=2,b=2,c=6	false
chat_allowed	tut=JungleOnly;chat=49:PlayPropose;a=2,b=2,c=7	false
chat_allowed	tut=JungleOnly;chat=49:PlayPropose;a=2,b=3,c=0	false
chat_allowed	tut=JungleOnly;chat=49:PlayPropose;a=2,b=3,c=1	false
chat_allowed	tut=JungleOnly;chat=49:PlayPropose;a=2,b=3,c=2	false
chat_allowed	tut=JungleOnly;chat=49:PlayPropose;a=2,b=3,c=3	false
chat_allowed	tut=JungleOnly;chat=49:PlayPropose;a=2,b=3,c=4	false
chat_allowed	tut=JungleOnly;chat=49:PlayPropose;a=2,b=3,c=5	false
chat_allowed	tut=JungleOnly;chat=49:PlayPropose;a=2,b=3,c=6	false
chat_allowed	tut=JungleOnly;chat=49:PlayPropose;a=2,b=3,c=7	false
chat_allowed	tut=JungleOnly;chat=49:PlayPropose;a=2,b=4,c=0	false
chat_allowed	tut=JungleOnly;chat=49:PlayPropose;a=2,b=4,c=1	false
chat_allowed	tut=JungleOnly;chat=49:PlayPropose;a=2,b=4,c=2	false
chat_allowed	tut=JungleOnly;chat=49:PlayPropose;a=2,b=4,c=3	false
chat_allowed	tut=JungleOnly;chat=49:PlayPropose;a=2,b=4,c=4	false
chat_allowed	tut=JungleOnly;chat=49:PlayPropose;a=2,b=4,c=5	false
chat_allowed	tut=JungleOnly;chat=49:PlayPropose;a=2,b=4,c=6	false
chat_allowed	tut=JungleOnly;chat=49:PlayPropose;a=2,b=4,c=7	false
chat_allowed	tut=JungleOnly;chat=49:PlayPropose;a=2,b=5,c=0	false
chat_allowed	tut=JungleOnly;chat=49:PlayPropose;a=2,b=5,c=1	false
chat_allowed	tut=JungleOnly;chat=49:PlayPropose;a=2,b=5,c=2	false
chat_allowed	tut=JungleOnly;chat=49:PlayPropose;a=2,b=5,c=3	false
chat_allowed	tut=JungleOnly;chat=49:PlayPropose;a=2,b=5,c=4	false
chat_allowed	tut=JungleOnly;chat=49:PlayPropose;a=2,b=5,c=5	false
chat_allowed	tut=JungleOnly;chat=49:PlayPropose;a=2,b=5,c=6	false
chat_allowed	tut=JungleOnly;chat=49:PlayPropose;a=2,b=5,c=7	false
chat_allowed	tut=JungleOnly;chat=49:PlayPropose;a=2,b=6,c=0	false
chat_allowed	tut=JungleOnly;chat=49:PlayPropose;a=2,b=6,c=1	false
chat_allowed	tut=JungleOnly;chat=49:PlayPropose;a=2,b=6,c=2	false
chat_allowed	tut=JungleOnly;chat=49:PlayPropose;a=2,b=6,c=3	false
chat_allowed	tut=JungleOnly;chat=49:PlayPropose;a=2,b=6,c=4	false
chat_allowed	tut=JungleOnly;chat=49:PlayPropose;a=2,b=6,c=5	false
chat_allowed	tut=JungleOnly;chat=49:PlayPropose;a=2,b=6,c=6	false
chat_allowed	tut=JungleOnly;chat=49:PlayPropose;a=2,b=6,c=7	false
chat_allowed	tut=JungleOnly;chat=49:PlayPropose;a=2,b=7,c=0	false
chat_allowed	tut=JungleOnly;chat=49:PlayPropose;a=2,b=7,c=1	false
chat_allowed	tut=JungleOnly;chat=49:PlayPropose;a=2,b=7,c=2	false
chat_allowed	tut=JungleOnly;chat=49:PlayPropose;a=2,b=7,c=3	false
chat_allowed	tut=JungleOnly;chat=49:PlayPropose;a=2,b=7,c=4	false
chat_allowed	tut=JungleOnly;chat=49:PlayPropose;a=2,b=7,c=5	false
chat_allowed	tut=JungleOnly;chat=49:PlayPropose;a=2,b=7,c=6	false
chat_allowed	tut=JungleOnly;chat=49:PlayPropose;a=2,b=7,c=7	false
chat_allowed	tut=JungleOnly;chat=49:PlayPropose;a=3,b=0,c=0	false
chat_allowed	tut=JungleOnly;chat=49:PlayPropose;a=3,b=0,c=1	false
chat_allowed	tut=JungleOnly;chat=49:PlayPropose;a=3,b=0,c=2	false
chat_allowed	tut=JungleOnly;chat=49:PlayPropose;a=3,b=0,c=3	false
chat_allowed	tut=JungleOnly;chat=49:PlayPropose;a=3,b=0,c=4	false
chat_allowed	tut=JungleOnly;chat=49:PlayPropose;a=3,b=0,c=5	false
chat_allowed	tut=JungleOnly;chat=49:PlayPropose;a=3,b=0,c=6	false
chat_allowed	tut=JungleOnly;chat=49:PlayPropose;a=3,b=0,c=7	false
chat_allowed	tut=JungleOnly;chat=49:PlayPropose;a=3,b=1,c=0	false
chat_allowed	tut=JungleOnly;chat=49:PlayPropose;a=3,b=1,c=1	false
chat_allowed	tut=JungleOnly;chat=49:PlayPropose;a=3,b=1,c=2	false
chat_allowed	tut=JungleOnly;chat=49:PlayPropose;a=3,b=1,c=3	false
chat_allowed	tut=JungleOnly;chat=49:PlayPropose;a=3,b=1,c=4	false
chat_allowed	tut=JungleOnly;chat=49:PlayPropose;a=3,b=1,c=5	false
chat_allowed	tut=JungleOnly;chat=49:PlayPropose;a=3,b=1,c=6	false
chat_allowed	tut=JungleOnly;chat=49:PlayPropose;a=3,b=1,c=7	false
chat_allowed	tut=JungleOnly;chat=49:PlayPropose;a=3,b=2,c=0	false
chat_allowed	tut=JungleOnly;chat=49:PlayPropose;a=3,b=2,c=1	false
chat_allowed	tut=JungleOnly;chat=49:PlayPropose;a=3,b=2,c=2	false
chat_allowed	tut=JungleOnly;chat=49:PlayPropose;a=3,b=2,c=3	false
chat_allowed	tut=JungleOnly;chat=49:PlayPropose;a=3,b=2,c=4	false
chat_allowed	tut=JungleOnly;chat=49:PlayPropose;a=3,b=2,c=5	false
chat_allowed	tut=JungleOnly;chat=49:PlayPropose;a=3,b=2,c=6	false
chat_allowed	tut=JungleOnly;chat=49:PlayPropose;a=3,b=2,c=7	false
chat_allowed	tut=JungleOnly;chat=49:PlayPropose;a=3,b=3,c=0	false
chat_allowed	tut=JungleOnly;chat=49:PlayPropose;a=3,b=3,c=1	false
chat_allowed	tut=JungleOnly;chat=49:PlayPropose;a=3,b=3,c=2	false
chat_allowed	tut=JungleOnly;chat=49:PlayPropose;a=3,b=3,c=3	false
chat_allowed	tut=JungleOnly;chat=49:PlayPropose;a=3,b=3,c=4	false
chat_allowed	tut=JungleOnly;chat=49:PlayPropose;a=3,b=3,c=5	false
chat_allowed	tut=JungleOnly;chat=49:PlayPropose;a=3,b=3,c=6	false
chat_allowed	tut=JungleOnly;chat=49:PlayPropose;a=3,b=3,c=7	false
chat_allowed	tut=JungleOnly;chat=49:PlayPropose;a=3,b=4,c=0	false
chat_allowed	tut=JungleOnly;chat=49:PlayPropose;a=3,b=4,c=1	false
chat_allowed	tut=JungleOnly;chat=49:PlayPropose;a=3,b=4,c=2	false
chat_allowed	tut=JungleOnly;chat=49:PlayPropose;a=3,b=4,c=3	false
chat_allowed	tut=JungleOnly;chat=49:PlayPropose;a=3,b=4,c=4	false
chat_allowed	tut=JungleOnly;chat=49:PlayPropose;a=3,b=4,c=5	false
chat_allowed	tut=JungleOnly;chat=49:PlayPropose;a=3,b=4,c=6	false
chat_allowed	tut=JungleOnly;chat=49:PlayPropose;a=3,b=4,c=7	false
chat_allowed	tut=JungleOnly;chat=49:PlayPropose;a=3,b=5,c=0	false
chat_allowed	tut=JungleOnly;chat=49:PlayPropose;a=3,b=5,c=1	false
chat_allowed	tut=JungleOnly;chat=49:PlayPropose;a=3,b=5,c=2	false
chat_allowed	tut=JungleOnly;chat=49:PlayPropose;a=3,b=5,c=3	false
chat_allowed	tut=JungleOnly;chat=49:PlayPropose;a=3,b=5,c=4	false
chat_allowed	tut=JungleOnly;chat=49:PlayPropose;a=3,b=5,c=5	false
chat_allowed	tut=JungleOnly;chat=49:PlayPropose;a=3,b=5,c=6	false
chat_allowed	tut=JungleOnly;chat=49:PlayPropose;a=3,b=5,c=7	false
chat_allowed	tut=JungleOnly;chat=49:PlayPropose;a=3,b=6,c=0	false
chat_allowed	tut=JungleOnly;chat=49:PlayPropose;a=3,b=6,c=1	false
chat_allowed	tut=JungleOnly;chat=49:PlayPropose;a=3,b=6,c=2	false
chat_allowed	tut=JungleOnly;chat=49:PlayPropose;a=3,b=6,c=3	false
chat_allowed	tut=JungleOnly;chat=49:PlayPropose;a=3,b=6,c=4	false
chat_allowed	tut=JungleOnly;chat=49:PlayPropose;a=3,b=6,c=5	false
chat_allowed	tut=JungleOnly;chat=49:PlayPropose;a=3,b=6,c=6	false
chat_allowed	tut=JungleOnly;chat=49:PlayPropose;a=3,b=6,c=7	false
chat_allowed	tut=JungleOnly;chat=49:PlayPropose;a=3,b=7,c=0	false
chat_allowed	tut=JungleOnly;chat=49:PlayPropose;a=3,b=7,c=1	false
chat_allowed	tut=JungleOnly;chat=49:PlayPropose;a=3,b=7,c=2	false
chat_allowed	tut=JungleOnly;chat=49:PlayPropose;a=3,b=7,c=3	false
chat_allowed	tut=JungleOnly;chat=49:PlayPropose;a=3,b=7,c=4	false
chat_allowed	tut=JungleOnly;chat=49:PlayPropose;a=3,b=7,c=5	false
chat_allowed	tut=JungleOnly;chat=49:PlayPropose;a=3,b=7,c=6	false
chat_allowed	tut=JungleOnly;chat=49:PlayPropose;a=3,b=7,c=7	false
chat_allowed	tut=JungleOnly;chat=49:PlayPropose;a=4,b=0,c=0	false
chat_allowed	tut=JungleOnly;chat=49:PlayPropose;a=4,b=0,c=1	false
chat_allowed	tut=JungleOnly;chat=49:PlayPropose;a=4,b=0,c=2	false
chat_allowed	tut=JungleOnly;chat=49:PlayPropose;a=4,b=0,c=3	false
chat_allowed	tut=JungleOnly;chat=49:PlayPropose;a=4,b=0,c=4	false
chat_allowed	tut=JungleOnly;chat=49:PlayPropose;a=4,b=0,c=5	false
chat_allowed	tut=JungleOnly;chat=49:PlayPropose;a=4,b=0,c=6	false
chat_allowed	tut=JungleOnly;chat=49:PlayPropose;a=4,b=0,c=7	false
chat_allowed	tut=JungleOnly;chat=49:PlayPropose;a=4,b=1,c=0	false
chat_allowed	tut=JungleOnly;chat=49:PlayPropose;a=4,b=1,c=1	false
chat_allowed	tut=JungleOnly;chat=49:PlayPropose;a=4,b=1,c=2	false
chat_allowed	tut=JungleOnly;chat=49:PlayPropose;a=4,b=1,c=3	false
chat_allowed	tut=JungleOnly;chat=49:PlayPropose;a=4,b=1,c=4	false
chat_allowed	tut=JungleOnly;chat=49:PlayPropose;a=4,b=1,c=5	false
chat_allowed	tut=JungleOnly;chat=49:PlayPropose;a=4,b=1,c=6	false
chat_allowed	tut=JungleOnly;chat=49:PlayPropose;a=4,b=1,c=7	false
chat_allowed	tut=JungleOnly;chat=49:PlayPropose;a=4,b=2,c=0	false
chat_allowed	tut=JungleOnly;chat=49:PlayPropose;a=4,b=2,c=1	false
chat_allowed	tut=JungleOnly;chat=49:PlayPropose;a=4,b=2,c=2	false
chat_allowed	tut=JungleOnly;chat=49:PlayPropose;a=4,b=2,c=3	false
chat_allowed	tut=JungleOnly;chat=49:PlayPropose;a=4,b=2,c=4	false
chat_allowed	tut=JungleOnly;chat=49:PlayPropose;a=4,b=2,c=5	false
chat_allowed	tut=JungleOnly;chat=49:PlayPropose;a=4,b=2,c=6	false
chat_allowed	tut=JungleOnly;chat=49:PlayPropose;a=4,b=2,c=7	false
chat_allowed	tut=JungleOnly;chat=49:PlayPropose;a=4,b=3,c=0	false
chat_allowed	tut=JungleOnly;chat=49:PlayPropose;a=4,b=3,c=1	false
chat_allowed	tut=JungleOnly;chat=49:PlayPropose;a=4,b=3,c=2	false
chat_allowed	tut=JungleOnly;chat=49:PlayPropose;a=4,b=3,c=3	false
chat_allowed	tut=JungleOnly;chat=49:PlayPropose;a=4,b=3,c=4	false
chat_allowed	tut=JungleOnly;chat=49:PlayPropose;a=4,b=3,c=5	false
chat_allowed	tut=JungleOnly;chat=49:PlayPropose;a=4,b=3,c=6	false
chat_allowed	tut=JungleOnly;chat=49:PlayPropose;a=4,b=3,c=7	false
chat_allowed	tut=JungleOnly;chat=49:PlayPropose;a=4,b=4,c=0	false
chat_allowed	tut=JungleOnly;chat=49:PlayPropose;a=4,b=4,c=1	false
chat_allowed	tut=JungleOnly;chat=49:PlayPropose;a=4,b=4,c=2	false
chat_allowed	tut=JungleOnly;chat=49:PlayPropose;a=4,b=4,c=3	false
chat_allowed	tut=JungleOnly;chat=49:PlayPropose;a=4,b=4,c=4	false
chat_allowed	tut=JungleOnly;chat=49:PlayPropose;a=4,b=4,c=5	false
chat_allowed	tut=JungleOnly;chat=49:PlayPropose;a=4,b=4,c=6	false
chat_allowed	tut=JungleOnly;chat=49:PlayPropose;a=4,b=4,c=7	false
chat_allowed	tut=JungleOnly;chat=49:PlayPropose;a=4,b=5,c=0	false
chat_allowed	tut=JungleOnly;chat=49:PlayPropose;a=4,b=5,c=1	false
chat_allowed	tut=JungleOnly;chat=49:PlayPropose;a=4,b=5,c=2	false
chat_allowed	tut=JungleOnly;chat=49:PlayPropose;a=4,b=5,c=3	false
chat_allowed	tut=JungleOnly;chat=49:PlayPropose;a=4,b=5,c=4	false
chat_allowed	tut=JungleOnly;chat=49:PlayPropose;a=4,b=5,c=5	false
chat_allowed	tut=JungleOnly;chat=49:PlayPropose;a=4,b=5,c=6	false
chat_allowed	tut=JungleOnly;chat=49:PlayPropose;a=4,b=5,c=7	false
chat_allowed	tut=JungleOnly;chat=49:PlayPropose;a=4,b=6,c=0	false
chat_allowed	tut=JungleOnly;chat=49:PlayPropose;a=4,b=6,c=1	false
chat_allowed	tut=JungleOnly;chat=49:PlayPropose;a=4,b=6,c=2	false
chat_allowed	tut=JungleOnly;chat=49:PlayPropose;a=4,b=6,c=3	false
chat_allowed	tut=JungleOnly;chat=49:PlayPropose;a=4,b=6,c=4	false
chat_allowed	tut=JungleOnly;chat=49:PlayPropose;a=4,b=6,c=5	false
chat_allowed	tut=JungleOnly;chat=49:PlayPropose;a=4,b=6,c=6	false
chat_allowed	tut=JungleOnly;chat=49:PlayPropose;a=4,b=6,c=7	false
chat_allowed	tut=JungleOnly;chat=49:PlayPropose;a=4,b=7,c=0	false
chat_allowed	tut=JungleOnly;chat=49:PlayPropose;a=4,b=7,c=1	false
chat_allowed	tut=JungleOnly;chat=49:PlayPropose;a=4,b=7,c=2	false
chat_allowed	tut=JungleOnly;chat=49:PlayPropose;a=4,b=7,c=3	false
chat_allowed	tut=JungleOnly;chat=49:PlayPropose;a=4,b=7,c=4	false
chat_allowed	tut=JungleOnly;chat=49:PlayPropose;a=4,b=7,c=5	false
chat_allowed	tut=JungleOnly;chat=49:PlayPropose;a=4,b=7,c=6	false
chat_allowed	tut=JungleOnly;chat=49:PlayPropose;a=4,b=7,c=7	false
chat_allowed	tut=JungleOnly;chat=49:PlayPropose;a=5,b=0,c=0	false
chat_allowed	tut=JungleOnly;chat=49:PlayPropose;a=5,b=0,c=1	false
chat_allowed	tut=JungleOnly;chat=49:PlayPropose;a=5,b=0,c=2	false
chat_allowed	tut=JungleOnly;chat=49:PlayPropose;a=5,b=0,c=3	false
chat_allowed	tut=JungleOnly;chat=49:PlayPropose;a=5,b=0,c=4	false
chat_allowed	tut=JungleOnly;chat=49:PlayPropose;a=5,b=0,c=5	false
chat_allowed	tut=JungleOnly;chat=49:PlayPropose;a=5,b=0,c=6	false
chat_allowed	tut=JungleOnly;chat=49:PlayPropose;a=5,b=0,c=7	false
chat_allowed	tut=JungleOnly;chat=49:PlayPropose;a=5,b=1,c=0	false
chat_allowed	tut=JungleOnly;chat=49:PlayPropose;a=5,b=1,c=1	false
chat_allowed	tut=JungleOnly;chat=49:PlayPropose;a=5,b=1,c=2	false
chat_allowed	tut=JungleOnly;chat=49:PlayPropose;a=5,b=1,c=3	false
chat_allowed	tut=JungleOnly;chat=49:PlayPropose;a=5,b=1,c=4	false
chat_allowed	tut=JungleOnly;chat=49:PlayPropose;a=5,b=1,c=5	false
chat_allowed	tut=JungleOnly;chat=49:PlayPropose;a=5,b=1,c=6	false
chat_allowed	tut=JungleOnly;chat=49:PlayPropose;a=5,b=1,c=7	false
chat_allowed	tut=JungleOnly;chat=49:PlayPropose;a=5,b=2,c=0	false
chat_allowed	tut=JungleOnly;chat=49:PlayPropose;a=5,b=2,c=1	false
chat_allowed	tut=JungleOnly;chat=49:PlayPropose;a=5,b=2,c=2	false
chat_allowed	tut=JungleOnly;chat=49:PlayPropose;a=5,b=2,c=3	false
chat_allowed	tut=JungleOnly;chat=49:PlayPropose;a=5,b=2,c=4	false
chat_allowed	tut=JungleOnly;chat=49:PlayPropose;a=5,b=2,c=5	false
chat_allowed	tut=JungleOnly;chat=49:PlayPropose;a=5,b=2,c=6	false
chat_allowed	tut=JungleOnly;chat=49:PlayPropose;a=5,b=2,c=7	false
chat_allowed	tut=JungleOnly;chat=49:PlayPropose;a=5,b=3,c=0	true
chat_allowed	tut=JungleOnly;chat=49:PlayPropose;a=5,b=3,c=1	true
chat_allowed	tut=JungleOnly;chat=49:PlayPropose;a=5,b=3,c=2	true
chat_allowed	tut=JungleOnly;chat=49:PlayPropose;a=5,b=3,c=3	true
chat_allowed	tut=JungleOnly;chat=49:PlayPropose;a=5,b=3,c=4	true
chat_allowed	tut=JungleOnly;chat=49:PlayPropose;a=5,b=3,c=5	true
chat_allowed	tut=JungleOnly;chat=49:PlayPropose;a=5,b=3,c=6	true
chat_allowed	tut=JungleOnly;chat=49:PlayPropose;a=5,b=3,c=7	true
chat_allowed	tut=JungleOnly;chat=49:PlayPropose;a=5,b=4,c=0	true
chat_allowed	tut=JungleOnly;chat=49:PlayPropose;a=5,b=4,c=1	true
chat_allowed	tut=JungleOnly;chat=49:PlayPropose;a=5,b=4,c=2	true
chat_allowed	tut=JungleOnly;chat=49:PlayPropose;a=5,b=4,c=3	true
chat_allowed	tut=JungleOnly;chat=49:PlayPropose;a=5,b=4,c=4	true
chat_allowed	tut=JungleOnly;chat=49:PlayPropose;a=5,b=4,c=5	true
chat_allowed	tut=JungleOnly;chat=49:PlayPropose;a=5,b=4,c=6	true
chat_allowed	tut=JungleOnly;chat=49:PlayPropose;a=5,b=4,c=7	true
chat_allowed	tut=JungleOnly;chat=49:PlayPropose;a=5,b=5,c=0	true
chat_allowed	tut=JungleOnly;chat=49:PlayPropose;a=5,b=5,c=1	true
chat_allowed	tut=JungleOnly;chat=49:PlayPropose;a=5,b=5,c=2	true
chat_allowed	tut=JungleOnly;chat=49:PlayPropose;a=5,b=5,c=3	true
chat_allowed	tut=JungleOnly;chat=49:PlayPropose;a=5,b=5,c=4	true
chat_allowed	tut=JungleOnly;chat=49:PlayPropose;a=5,b=5,c=5	true
chat_allowed	tut=JungleOnly;chat=49:PlayPropose;a=5,b=5,c=6	true
chat_allowed	tut=JungleOnly;chat=49:PlayPropose;a=5,b=5,c=7	true
chat_allowed	tut=JungleOnly;chat=49:PlayPropose;a=5,b=6,c=0	true
chat_allowed	tut=JungleOnly;chat=49:PlayPropose;a=5,b=6,c=1	true
chat_allowed	tut=JungleOnly;chat=49:PlayPropose;a=5,b=6,c=2	true
chat_allowed	tut=JungleOnly;chat=49:PlayPropose;a=5,b=6,c=3	true
chat_allowed	tut=JungleOnly;chat=49:PlayPropose;a=5,b=6,c=4	true
chat_allowed	tut=JungleOnly;chat=49:PlayPropose;a=5,b=6,c=5	true
chat_allowed	tut=JungleOnly;chat=49:PlayPropose;a=5,b=6,c=6	true
chat_allowed	tut=JungleOnly;chat=49:PlayPropose;a=5,b=6,c=7	true
chat_allowed	tut=JungleOnly;chat=49:PlayPropose;a=5,b=7,c=0	true
chat_allowed	tut=JungleOnly;chat=49:PlayPropose;a=5,b=7,c=1	true
chat_allowed	tut=JungleOnly;chat=49:PlayPropose;a=5,b=7,c=2	true
chat_allowed	tut=JungleOnly;chat=49:PlayPropose;a=5,b=7,c=3	true
chat_allowed	tut=JungleOnly;chat=49:PlayPropose;a=5,b=7,c=4	true
chat_allowed	tut=JungleOnly;chat=49:PlayPropose;a=5,b=7,c=5	true
chat_allowed	tut=JungleOnly;chat=49:PlayPropose;a=5,b=7,c=6	true
chat_allowed	tut=JungleOnly;chat=49:PlayPropose;a=5,b=7,c=7	true
chat_allowed	tut=JungleOnly;chat=49:PlayPropose;a=6,b=0,c=0	false
chat_allowed	tut=JungleOnly;chat=49:PlayPropose;a=6,b=0,c=1	false
chat_allowed	tut=JungleOnly;chat=49:PlayPropose;a=6,b=0,c=2	false
chat_allowed	tut=JungleOnly;chat=49:PlayPropose;a=6,b=0,c=3	false
chat_allowed	tut=JungleOnly;chat=49:PlayPropose;a=6,b=0,c=4	false
chat_allowed	tut=JungleOnly;chat=49:PlayPropose;a=6,b=0,c=5	false
chat_allowed	tut=JungleOnly;chat=49:PlayPropose;a=6,b=0,c=6	false
chat_allowed	tut=JungleOnly;chat=49:PlayPropose;a=6,b=0,c=7	false
chat_allowed	tut=JungleOnly;chat=49:PlayPropose;a=6,b=1,c=0	false
chat_allowed	tut=JungleOnly;chat=49:PlayPropose;a=6,b=1,c=1	false
chat_allowed	tut=JungleOnly;chat=49:PlayPropose;a=6,b=1,c=2	false
chat_allowed	tut=JungleOnly;chat=49:PlayPropose;a=6,b=1,c=3	false
chat_allowed	tut=JungleOnly;chat=49:PlayPropose;a=6,b=1,c=4	false
chat_allowed	tut=JungleOnly;chat=49:PlayPropose;a=6,b=1,c=5	false
chat_allowed	tut=JungleOnly;chat=49:PlayPropose;a=6,b=1,c=6	false
chat_allowed	tut=JungleOnly;chat=49:PlayPropose;a=6,b=1,c=7	false
chat_allowed	tut=JungleOnly;chat=49:PlayPropose;a=6,b=2,c=0	false
chat_allowed	tut=JungleOnly;chat=49:PlayPropose;a=6,b=2,c=1	false
chat_allowed	tut=JungleOnly;chat=49:PlayPropose;a=6,b=2,c=2	false
chat_allowed	tut=JungleOnly;chat=49:PlayPropose;a=6,b=2,c=3	false
chat_allowed	tut=JungleOnly;chat=49:PlayPropose;a=6,b=2,c=4	false
chat_allowed	tut=JungleOnly;chat=49:PlayPropose;a=6,b=2,c=5	false
chat_allowed	tut=JungleOnly;chat=49:PlayPropose;a=6,b=2,c=6	false
chat_allowed	tut=JungleOnly;chat=49:PlayPropose;a=6,b=2,c=7	false
chat_allowed	tut=JungleOnly;chat=49:PlayPropose;a=6,b=3,c=0	true
chat_allowed	tut=JungleOnly;chat=49:PlayPropose;a=6,b=3,c=1	true
chat_allowed	tut=JungleOnly;chat=49:PlayPropose;a=6,b=3,c=2	true
chat_allowed	tut=JungleOnly;chat=49:PlayPropose;a=6,b=3,c=3	true
chat_allowed	tut=JungleOnly;chat=49:PlayPropose;a=6,b=3,c=4	true
chat_allowed	tut=JungleOnly;chat=49:PlayPropose;a=6,b=3,c=5	true
chat_allowed	tut=JungleOnly;chat=49:PlayPropose;a=6,b=3,c=6	true
chat_allowed	tut=JungleOnly;chat=49:PlayPropose;a=6,b=3,c=7	true
chat_allowed	tut=JungleOnly;chat=49:PlayPropose;a=6,b=4,c=0	true
chat_allowed	tut=JungleOnly;chat=49:PlayPropose;a=6,b=4,c=1	true
chat_allowed	tut=JungleOnly;chat=49:PlayPropose;a=6,b=4,c=2	true
chat_allowed	tut=JungleOnly;chat=49:PlayPropose;a=6,b=4,c=3	true
chat_allowed	tut=JungleOnly;chat=49:PlayPropose;a=6,b=4,c=4	true
chat_allowed	tut=JungleOnly;chat=49:PlayPropose;a=6,b=4,c=5	true
chat_allowed	tut=JungleOnly;chat=49:PlayPropose;a=6,b=4,c=6	true
chat_allowed	tut=JungleOnly;chat=49:PlayPropose;a=6,b=4,c=7	true
chat_allowed	tut=JungleOnly;chat=49:PlayPropose;a=6,b=5,c=0	true
chat_allowed	tut=JungleOnly;chat=49:PlayPropose;a=6,b=5,c=1	true
chat_allowed	tut=JungleOnly;chat=49:PlayPropose;a=6,b=5,c=2	true
chat_allowed	tut=JungleOnly;chat=49:PlayPropose;a=6,b=5,c=3	true
chat_allowed	tut=JungleOnly;chat=49:PlayPropose;a=6,b=5,c=4	true
chat_allowed	tut=JungleOnly;chat=49:PlayPropose;a=6,b=5,c=5	true
chat_allowed	tut=JungleOnly;chat=49:PlayPropose;a=6,b=5,c=6	true
chat_allowed	tut=JungleOnly;chat=49:PlayPropose;a=6,b=5,c=7	true
chat_allowed	tut=JungleOnly;chat=49:PlayPropose;a=6,b=6,c=0	true
chat_allowed	tut=JungleOnly;chat=49:PlayPropose;a=6,b=6,c=1	true
chat_allowed	tut=JungleOnly;chat=49:PlayPropose;a=6,b=6,c=2	true
chat_allowed	tut=JungleOnly;chat=49:PlayPropose;a=6,b=6,c=3	true
chat_allowed	tut=JungleOnly;chat=49:PlayPropose;a=6,b=6,c=4	true
chat_allowed	tut=JungleOnly;chat=49:PlayPropose;a=6,b=6,c=5	true
chat_allowed	tut=JungleOnly;chat=49:PlayPropose;a=6,b=6,c=6	true
chat_allowed	tut=JungleOnly;chat=49:PlayPropose;a=6,b=6,c=7	true
chat_allowed	tut=JungleOnly;chat=49:PlayPropose;a=6,b=7,c=0	true
chat_allowed	tut=JungleOnly;chat=49:PlayPropose;a=6,b=7,c=1	true
chat_allowed	tut=JungleOnly;chat=49:PlayPropose;a=6,b=7,c=2	true
chat_allowed	tut=JungleOnly;chat=49:PlayPropose;a=6,b=7,c=3	true
chat_allowed	tut=JungleOnly;chat=49:PlayPropose;a=6,b=7,c=4	true
chat_allowed	tut=JungleOnly;chat=49:PlayPropose;a=6,b=7,c=5	true
chat_allowed	tut=JungleOnly;chat=49:PlayPropose;a=6,b=7,c=6	true
chat_allowed	tut=JungleOnly;chat=49:PlayPropose;a=6,b=7,c=7	true
chat_allowed	tut=JungleOnly;chat=49:PlayPropose;a=7,b=0,c=0	false
chat_allowed	tut=JungleOnly;chat=49:PlayPropose;a=7,b=0,c=1	false
chat_allowed	tut=JungleOnly;chat=49:PlayPropose;a=7,b=0,c=2	false
chat_allowed	tut=JungleOnly;chat=49:PlayPropose;a=7,b=0,c=3	false
chat_allowed	tut=JungleOnly;chat=49:PlayPropose;a=7,b=0,c=4	false
chat_allowed	tut=JungleOnly;chat=49:PlayPropose;a=7,b=0,c=5	false
chat_allowed	tut=JungleOnly;chat=49:PlayPropose;a=7,b=0,c=6	false
chat_allowed	tut=JungleOnly;chat=49:PlayPropose;a=7,b=0,c=7	false
chat_allowed	tut=JungleOnly;chat=49:PlayPropose;a=7,b=1,c=0	false
chat_allowed	tut=JungleOnly;chat=49:PlayPropose;a=7,b=1,c=1	false
chat_allowed	tut=JungleOnly;chat=49:PlayPropose;a=7,b=1,c=2	false
chat_allowed	tut=JungleOnly;chat=49:PlayPropose;a=7,b=1,c=3	false
chat_allowed	tut=JungleOnly;chat=49:PlayPropose;a=7,b=1,c=4	false
chat_allowed	tut=JungleOnly;chat=49:PlayPropose;a=7,b=1,c=5	false
chat_allowed	tut=JungleOnly;chat=49:PlayPropose;a=7,b=1,c=6	false
chat_allowed	tut=JungleOnly;chat=49:PlayPropose;a=7,b=1,c=7	false
chat_allowed	tut=JungleOnly;chat=49:PlayPropose;a=7,b=2,c=0	false
chat_allowed	tut=JungleOnly;chat=49:PlayPropose;a=7,b=2,c=1	false
chat_allowed	tut=JungleOnly;chat=49:PlayPropose;a=7,b=2,c=2	false
chat_allowed	tut=JungleOnly;chat=49:PlayPropose;a=7,b=2,c=3	false
chat_allowed	tut=JungleOnly;chat=49:PlayPropose;a=7,b=2,c=4	false
chat_allowed	tut=JungleOnly;chat=49:PlayPropose;a=7,b=2,c=5	false
chat_allowed	tut=JungleOnly;chat=49:PlayPropose;a=7,b=2,c=6	false
chat_allowed	tut=JungleOnly;chat=49:PlayPropose;a=7,b=2,c=7	false
chat_allowed	tut=JungleOnly;chat=49:PlayPropose;a=7,b=3,c=0	true
chat_allowed	tut=JungleOnly;chat=49:PlayPropose;a=7,b=3,c=1	true
chat_allowed	tut=JungleOnly;chat=49:PlayPropose;a=7,b=3,c=2	true
chat_allowed	tut=JungleOnly;chat=49:PlayPropose;a=7,b=3,c=3	true
chat_allowed	tut=JungleOnly;chat=49:PlayPropose;a=7,b=3,c=4	true
chat_allowed	tut=JungleOnly;chat=49:PlayPropose;a=7,b=3,c=5	true
chat_allowed	tut=JungleOnly;chat=49:PlayPropose;a=7,b=3,c=6	true
chat_allowed	tut=JungleOnly;chat=49:PlayPropose;a=7,b=3,c=7	true
chat_allowed	tut=JungleOnly;chat=49:PlayPropose;a=7,b=4,c=0	true
chat_allowed	tut=JungleOnly;chat=49:PlayPropose;a=7,b=4,c=1	true
chat_allowed	tut=JungleOnly;chat=49:PlayPropose;a=7,b=4,c=2	true
chat_allowed	tut=JungleOnly;chat=49:PlayPropose;a=7,b=4,c=3	true
chat_allowed	tut=JungleOnly;chat=49:PlayPropose;a=7,b=4,c=4	true
chat_allowed	tut=JungleOnly;chat=49:PlayPropose;a=7,b=4,c=5	true
chat_allowed	tut=JungleOnly;chat=49:PlayPropose;a=7,b=4,c=6	true
chat_allowed	tut=JungleOnly;chat=49:PlayPropose;a=7,b=4,c=7	true
chat_allowed	tut=JungleOnly;chat=49:PlayPropose;a=7,b=5,c=0	true
chat_allowed	tut=JungleOnly;chat=49:PlayPropose;a=7,b=5,c=1	true
chat_allowed	tut=JungleOnly;chat=49:PlayPropose;a=7,b=5,c=2	true
chat_allowed	tut=JungleOnly;chat=49:PlayPropose;a=7,b=5,c=3	true
chat_allowed	tut=JungleOnly;chat=49:PlayPropose;a=7,b=5,c=4	true
chat_allowed	tut=JungleOnly;chat=49:PlayPropose;a=7,b=5,c=5	true
chat_allowed	tut=JungleOnly;chat=49:PlayPropose;a=7,b=5,c=6	true
chat_allowed	tut=JungleOnly;chat=49:PlayPropose;a=7,b=5,c=7	true
chat_allowed	tut=JungleOnly;chat=49:PlayPropose;a=7,b=6,c=0	true
chat_allowed	tut=JungleOnly;chat=49:PlayPropose;a=7,b=6,c=1	true
chat_allowed	tut=JungleOnly;chat=49:PlayPropose;a=7,b=6,c=2	true
chat_allowed	tut=JungleOnly;chat=49:PlayPropose;a=7,b=6,c=3	true
chat_allowed	tut=JungleOnly;chat=49:PlayPropose;a=7,b=6,c=4	true
chat_allowed	tut=JungleOnly;chat=49:PlayPropose;a=7,b=6,c=5	true
chat_allowed	tut=JungleOnly;chat=49:PlayPropose;a=7,b=6,c=6	true
chat_allowed	tut=JungleOnly;chat=49:PlayPropose;a=7,b=6,c=7	true
chat_allowed	tut=JungleOnly;chat=49:PlayPropose;a=7,b=7,c=0	true
chat_allowed	tut=JungleOnly;chat=49:PlayPropose;a=7,b=7,c=1	true
chat_allowed	tut=JungleOnly;chat=49:PlayPropose;a=7,b=7,c=2	true
chat_allowed	tut=JungleOnly;chat=49:PlayPropose;a=7,b=7,c=3	true
chat_allowed	tut=JungleOnly;chat=49:PlayPropose;a=7,b=7,c=4	true
chat_allowed	tut=JungleOnly;chat=49:PlayPropose;a=7,b=7,c=5	true
chat_allowed	tut=JungleOnly;chat=49:PlayPropose;a=7,b=7,c=6	true
chat_allowed	tut=JungleOnly;chat=49:PlayPropose;a=7,b=7,c=7	true
chat_allowed	tut=JungleOnly;chat=50:GankPlan;line=Mid,a=0	false
chat_allowed	tut=JungleOnly;chat=50:GankPlan;line=Mid,a=1	false
chat_allowed	tut=JungleOnly;chat=50:GankPlan;line=Mid,a=2	false
chat_allowed	tut=JungleOnly;chat=50:GankPlan;line=Mid,a=3	false
chat_allowed	tut=JungleOnly;chat=50:GankPlan;line=Mid,a=4	false
chat_allowed	tut=JungleOnly;chat=50:GankPlan;line=Mid,a=5	false
chat_allowed	tut=JungleOnly;chat=50:GankPlan;line=Mid,a=6	false
chat_allowed	tut=JungleOnly;chat=50:GankPlan;line=Mid,a=7	false
chat_allowed	tut=JungleOnly;chat=50:GankPlan;line=Mid,a=8	false
chat_allowed	tut=JungleOnly;chat=50:GankPlan;line=Mid,a=9	false
chat_allowed	tut=JungleOnly;chat=50:GankPlan;line=Mid,a=10	false
chat_allowed	tut=JungleOnly;chat=50:GankPlan;line=Mid,a=11	false
chat_allowed	tut=JungleOnly;chat=50:GankPlan;line=Mid,a=12	false
chat_allowed	tut=JungleOnly;chat=50:GankPlan;line=Mid,a=13	false
chat_allowed	tut=JungleOnly;chat=50:GankPlan;line=Mid,a=14	false
chat_allowed	tut=JungleOnly;chat=50:GankPlan;line=Mid,a=15	false
chat_allowed	tut=JungleOnly;chat=50:GankPlan;line=Bottom,a=0	false
chat_allowed	tut=JungleOnly;chat=50:GankPlan;line=Bottom,a=1	false
chat_allowed	tut=JungleOnly;chat=50:GankPlan;line=Bottom,a=2	false
chat_allowed	tut=JungleOnly;chat=50:GankPlan;line=Bottom,a=3	false
chat_allowed	tut=JungleOnly;chat=50:GankPlan;line=Bottom,a=4	false
chat_allowed	tut=JungleOnly;chat=50:GankPlan;line=Bottom,a=5	false
chat_allowed	tut=JungleOnly;chat=50:GankPlan;line=Bottom,a=6	false
chat_allowed	tut=JungleOnly;chat=50:GankPlan;line=Bottom,a=7	false
chat_allowed	tut=JungleOnly;chat=50:GankPlan;line=Bottom,a=8	false
chat_allowed	tut=JungleOnly;chat=50:GankPlan;line=Bottom,a=9	false
chat_allowed	tut=JungleOnly;chat=50:GankPlan;line=Bottom,a=10	false
chat_allowed	tut=JungleOnly;chat=50:GankPlan;line=Bottom,a=11	false
chat_allowed	tut=JungleOnly;chat=50:GankPlan;line=Bottom,a=12	false
chat_allowed	tut=JungleOnly;chat=50:GankPlan;line=Bottom,a=13	false
chat_allowed	tut=JungleOnly;chat=50:GankPlan;line=Bottom,a=14	false
chat_allowed	tut=JungleOnly;chat=50:GankPlan;line=Bottom,a=15	false
chat_allowed	tut=JungleOnly;chat=50:GankPlan;line=Top,a=0	false
chat_allowed	tut=JungleOnly;chat=50:GankPlan;line=Top,a=1	false
chat_allowed	tut=JungleOnly;chat=50:GankPlan;line=Top,a=2	false
chat_allowed	tut=JungleOnly;chat=50:GankPlan;line=Top,a=3	false
chat_allowed	tut=JungleOnly;chat=50:GankPlan;line=Top,a=4	false
chat_allowed	tut=JungleOnly;chat=50:GankPlan;line=Top,a=5	false
chat_allowed	tut=JungleOnly;chat=50:GankPlan;line=Top,a=6	false
chat_allowed	tut=JungleOnly;chat=50:GankPlan;line=Top,a=7	false
chat_allowed	tut=JungleOnly;chat=50:GankPlan;line=Top,a=8	false
chat_allowed	tut=JungleOnly;chat=50:GankPlan;line=Top,a=9	false
chat_allowed	tut=JungleOnly;chat=50:GankPlan;line=Top,a=10	false
chat_allowed	tut=JungleOnly;chat=50:GankPlan;line=Top,a=11	false
chat_allowed	tut=JungleOnly;chat=50:GankPlan;line=Top,a=12	false
chat_allowed	tut=JungleOnly;chat=50:GankPlan;line=Top,a=13	false
chat_allowed	tut=JungleOnly;chat=50:GankPlan;line=Top,a=14	false
chat_allowed	tut=JungleOnly;chat=50:GankPlan;line=Top,a=15	false
chat_allowed	tut=JungleOnly;chat=47:PlayCall;a=0,b=0	false
chat_allowed	tut=JungleOnly;chat=55:CounterRequest;a=0,b=0	false
chat_allowed	tut=JungleOnly;chat=47:PlayCall;a=0,b=1	false
chat_allowed	tut=JungleOnly;chat=55:CounterRequest;a=0,b=1	false
chat_allowed	tut=JungleOnly;chat=47:PlayCall;a=0,b=2	false
chat_allowed	tut=JungleOnly;chat=55:CounterRequest;a=0,b=2	false
chat_allowed	tut=JungleOnly;chat=47:PlayCall;a=0,b=3	false
chat_allowed	tut=JungleOnly;chat=55:CounterRequest;a=0,b=3	true
chat_allowed	tut=JungleOnly;chat=47:PlayCall;a=0,b=4	false
chat_allowed	tut=JungleOnly;chat=55:CounterRequest;a=0,b=4	true
chat_allowed	tut=JungleOnly;chat=47:PlayCall;a=0,b=5	false
chat_allowed	tut=JungleOnly;chat=55:CounterRequest;a=0,b=5	true
chat_allowed	tut=JungleOnly;chat=47:PlayCall;a=0,b=6	false
chat_allowed	tut=JungleOnly;chat=55:CounterRequest;a=0,b=6	true
chat_allowed	tut=JungleOnly;chat=47:PlayCall;a=0,b=7	false
chat_allowed	tut=JungleOnly;chat=55:CounterRequest;a=0,b=7	true
chat_allowed	tut=JungleOnly;chat=47:PlayCall;a=0,b=8	false
chat_allowed	tut=JungleOnly;chat=55:CounterRequest;a=0,b=8	true
chat_allowed	tut=JungleOnly;chat=47:PlayCall;a=0,b=9	false
chat_allowed	tut=JungleOnly;chat=55:CounterRequest;a=0,b=9	true
chat_allowed	tut=JungleOnly;chat=47:PlayCall;a=0,b=10	false
chat_allowed	tut=JungleOnly;chat=55:CounterRequest;a=0,b=10	true
chat_allowed	tut=JungleOnly;chat=47:PlayCall;a=0,b=11	false
chat_allowed	tut=JungleOnly;chat=55:CounterRequest;a=0,b=11	true
chat_allowed	tut=JungleOnly;chat=47:PlayCall;a=0,b=12	false
chat_allowed	tut=JungleOnly;chat=55:CounterRequest;a=0,b=12	true
chat_allowed	tut=JungleOnly;chat=47:PlayCall;a=0,b=13	false
chat_allowed	tut=JungleOnly;chat=55:CounterRequest;a=0,b=13	true
chat_allowed	tut=JungleOnly;chat=47:PlayCall;a=0,b=14	false
chat_allowed	tut=JungleOnly;chat=55:CounterRequest;a=0,b=14	true
chat_allowed	tut=JungleOnly;chat=47:PlayCall;a=0,b=15	false
chat_allowed	tut=JungleOnly;chat=55:CounterRequest;a=0,b=15	true
chat_allowed	tut=JungleOnly;chat=47:PlayCall;a=1,b=0	false
chat_allowed	tut=JungleOnly;chat=55:CounterRequest;a=1,b=0	false
chat_allowed	tut=JungleOnly;chat=47:PlayCall;a=1,b=1	false
chat_allowed	tut=JungleOnly;chat=55:CounterRequest;a=1,b=1	false
chat_allowed	tut=JungleOnly;chat=47:PlayCall;a=1,b=2	false
chat_allowed	tut=JungleOnly;chat=55:CounterRequest;a=1,b=2	false
chat_allowed	tut=JungleOnly;chat=47:PlayCall;a=1,b=3	false
chat_allowed	tut=JungleOnly;chat=55:CounterRequest;a=1,b=3	true
chat_allowed	tut=JungleOnly;chat=47:PlayCall;a=1,b=4	false
chat_allowed	tut=JungleOnly;chat=55:CounterRequest;a=1,b=4	true
chat_allowed	tut=JungleOnly;chat=47:PlayCall;a=1,b=5	false
chat_allowed	tut=JungleOnly;chat=55:CounterRequest;a=1,b=5	true
chat_allowed	tut=JungleOnly;chat=47:PlayCall;a=1,b=6	false
chat_allowed	tut=JungleOnly;chat=55:CounterRequest;a=1,b=6	true
chat_allowed	tut=JungleOnly;chat=47:PlayCall;a=1,b=7	false
chat_allowed	tut=JungleOnly;chat=55:CounterRequest;a=1,b=7	true
chat_allowed	tut=JungleOnly;chat=47:PlayCall;a=1,b=8	false
chat_allowed	tut=JungleOnly;chat=55:CounterRequest;a=1,b=8	true
chat_allowed	tut=JungleOnly;chat=47:PlayCall;a=1,b=9	false
chat_allowed	tut=JungleOnly;chat=55:CounterRequest;a=1,b=9	true
chat_allowed	tut=JungleOnly;chat=47:PlayCall;a=1,b=10	false
chat_allowed	tut=JungleOnly;chat=55:CounterRequest;a=1,b=10	true
chat_allowed	tut=JungleOnly;chat=47:PlayCall;a=1,b=11	false
chat_allowed	tut=JungleOnly;chat=55:CounterRequest;a=1,b=11	true
chat_allowed	tut=JungleOnly;chat=47:PlayCall;a=1,b=12	false
chat_allowed	tut=JungleOnly;chat=55:CounterRequest;a=1,b=12	true
chat_allowed	tut=JungleOnly;chat=47:PlayCall;a=1,b=13	false
chat_allowed	tut=JungleOnly;chat=55:CounterRequest;a=1,b=13	true
chat_allowed	tut=JungleOnly;chat=47:PlayCall;a=1,b=14	false
chat_allowed	tut=JungleOnly;chat=55:CounterRequest;a=1,b=14	true
chat_allowed	tut=JungleOnly;chat=47:PlayCall;a=1,b=15	false
chat_allowed	tut=JungleOnly;chat=55:CounterRequest;a=1,b=15	true
chat_allowed	tut=JungleOnly;chat=47:PlayCall;a=2,b=0	false
chat_allowed	tut=JungleOnly;chat=55:CounterRequest;a=2,b=0	false
chat_allowed	tut=JungleOnly;chat=47:PlayCall;a=2,b=1	false
chat_allowed	tut=JungleOnly;chat=55:CounterRequest;a=2,b=1	false
chat_allowed	tut=JungleOnly;chat=47:PlayCall;a=2,b=2	false
chat_allowed	tut=JungleOnly;chat=55:CounterRequest;a=2,b=2	false
chat_allowed	tut=JungleOnly;chat=47:PlayCall;a=2,b=3	false
chat_allowed	tut=JungleOnly;chat=55:CounterRequest;a=2,b=3	true
chat_allowed	tut=JungleOnly;chat=47:PlayCall;a=2,b=4	false
chat_allowed	tut=JungleOnly;chat=55:CounterRequest;a=2,b=4	true
chat_allowed	tut=JungleOnly;chat=47:PlayCall;a=2,b=5	false
chat_allowed	tut=JungleOnly;chat=55:CounterRequest;a=2,b=5	true
chat_allowed	tut=JungleOnly;chat=47:PlayCall;a=2,b=6	false
chat_allowed	tut=JungleOnly;chat=55:CounterRequest;a=2,b=6	true
chat_allowed	tut=JungleOnly;chat=47:PlayCall;a=2,b=7	false
chat_allowed	tut=JungleOnly;chat=55:CounterRequest;a=2,b=7	true
chat_allowed	tut=JungleOnly;chat=47:PlayCall;a=2,b=8	false
chat_allowed	tut=JungleOnly;chat=55:CounterRequest;a=2,b=8	true
chat_allowed	tut=JungleOnly;chat=47:PlayCall;a=2,b=9	false
chat_allowed	tut=JungleOnly;chat=55:CounterRequest;a=2,b=9	true
chat_allowed	tut=JungleOnly;chat=47:PlayCall;a=2,b=10	false
chat_allowed	tut=JungleOnly;chat=55:CounterRequest;a=2,b=10	true
chat_allowed	tut=JungleOnly;chat=47:PlayCall;a=2,b=11	false
chat_allowed	tut=JungleOnly;chat=55:CounterRequest;a=2,b=11	true
chat_allowed	tut=JungleOnly;chat=47:PlayCall;a=2,b=12	false
chat_allowed	tut=JungleOnly;chat=55:CounterRequest;a=2,b=12	true
chat_allowed	tut=JungleOnly;chat=47:PlayCall;a=2,b=13	false
chat_allowed	tut=JungleOnly;chat=55:CounterRequest;a=2,b=13	true
chat_allowed	tut=JungleOnly;chat=47:PlayCall;a=2,b=14	false
chat_allowed	tut=JungleOnly;chat=55:CounterRequest;a=2,b=14	true
chat_allowed	tut=JungleOnly;chat=47:PlayCall;a=2,b=15	false
chat_allowed	tut=JungleOnly;chat=55:CounterRequest;a=2,b=15	true
chat_allowed	tut=JungleOnly;chat=47:PlayCall;a=3,b=0	false
chat_allowed	tut=JungleOnly;chat=55:CounterRequest;a=3,b=0	false
chat_allowed	tut=JungleOnly;chat=47:PlayCall;a=3,b=1	false
chat_allowed	tut=JungleOnly;chat=55:CounterRequest;a=3,b=1	false
chat_allowed	tut=JungleOnly;chat=47:PlayCall;a=3,b=2	false
chat_allowed	tut=JungleOnly;chat=55:CounterRequest;a=3,b=2	false
chat_allowed	tut=JungleOnly;chat=47:PlayCall;a=3,b=3	false
chat_allowed	tut=JungleOnly;chat=55:CounterRequest;a=3,b=3	true
chat_allowed	tut=JungleOnly;chat=47:PlayCall;a=3,b=4	false
chat_allowed	tut=JungleOnly;chat=55:CounterRequest;a=3,b=4	true
chat_allowed	tut=JungleOnly;chat=47:PlayCall;a=3,b=5	false
chat_allowed	tut=JungleOnly;chat=55:CounterRequest;a=3,b=5	true
chat_allowed	tut=JungleOnly;chat=47:PlayCall;a=3,b=6	false
chat_allowed	tut=JungleOnly;chat=55:CounterRequest;a=3,b=6	true
chat_allowed	tut=JungleOnly;chat=47:PlayCall;a=3,b=7	false
chat_allowed	tut=JungleOnly;chat=55:CounterRequest;a=3,b=7	true
chat_allowed	tut=JungleOnly;chat=47:PlayCall;a=3,b=8	false
chat_allowed	tut=JungleOnly;chat=55:CounterRequest;a=3,b=8	true
chat_allowed	tut=JungleOnly;chat=47:PlayCall;a=3,b=9	false
chat_allowed	tut=JungleOnly;chat=55:CounterRequest;a=3,b=9	true
chat_allowed	tut=JungleOnly;chat=47:PlayCall;a=3,b=10	false
chat_allowed	tut=JungleOnly;chat=55:CounterRequest;a=3,b=10	true
chat_allowed	tut=JungleOnly;chat=47:PlayCall;a=3,b=11	false
chat_allowed	tut=JungleOnly;chat=55:CounterRequest;a=3,b=11	true
chat_allowed	tut=JungleOnly;chat=47:PlayCall;a=3,b=12	false
chat_allowed	tut=JungleOnly;chat=55:CounterRequest;a=3,b=12	true
chat_allowed	tut=JungleOnly;chat=47:PlayCall;a=3,b=13	false
chat_allowed	tut=JungleOnly;chat=55:CounterRequest;a=3,b=13	true
chat_allowed	tut=JungleOnly;chat=47:PlayCall;a=3,b=14	false
chat_allowed	tut=JungleOnly;chat=55:CounterRequest;a=3,b=14	true
chat_allowed	tut=JungleOnly;chat=47:PlayCall;a=3,b=15	false
chat_allowed	tut=JungleOnly;chat=55:CounterRequest;a=3,b=15	true
chat_allowed	tut=JungleOnly;chat=47:PlayCall;a=4,b=0	false
chat_allowed	tut=JungleOnly;chat=55:CounterRequest;a=4,b=0	false
chat_allowed	tut=JungleOnly;chat=47:PlayCall;a=4,b=1	false
chat_allowed	tut=JungleOnly;chat=55:CounterRequest;a=4,b=1	false
chat_allowed	tut=JungleOnly;chat=47:PlayCall;a=4,b=2	false
chat_allowed	tut=JungleOnly;chat=55:CounterRequest;a=4,b=2	false
chat_allowed	tut=JungleOnly;chat=47:PlayCall;a=4,b=3	false
chat_allowed	tut=JungleOnly;chat=55:CounterRequest;a=4,b=3	true
chat_allowed	tut=JungleOnly;chat=47:PlayCall;a=4,b=4	false
chat_allowed	tut=JungleOnly;chat=55:CounterRequest;a=4,b=4	true
chat_allowed	tut=JungleOnly;chat=47:PlayCall;a=4,b=5	false
chat_allowed	tut=JungleOnly;chat=55:CounterRequest;a=4,b=5	true
chat_allowed	tut=JungleOnly;chat=47:PlayCall;a=4,b=6	false
chat_allowed	tut=JungleOnly;chat=55:CounterRequest;a=4,b=6	true
chat_allowed	tut=JungleOnly;chat=47:PlayCall;a=4,b=7	false
chat_allowed	tut=JungleOnly;chat=55:CounterRequest;a=4,b=7	true
chat_allowed	tut=JungleOnly;chat=47:PlayCall;a=4,b=8	false
chat_allowed	tut=JungleOnly;chat=55:CounterRequest;a=4,b=8	true
chat_allowed	tut=JungleOnly;chat=47:PlayCall;a=4,b=9	false
chat_allowed	tut=JungleOnly;chat=55:CounterRequest;a=4,b=9	true
chat_allowed	tut=JungleOnly;chat=47:PlayCall;a=4,b=10	false
chat_allowed	tut=JungleOnly;chat=55:CounterRequest;a=4,b=10	true
chat_allowed	tut=JungleOnly;chat=47:PlayCall;a=4,b=11	false
chat_allowed	tut=JungleOnly;chat=55:CounterRequest;a=4,b=11	true
chat_allowed	tut=JungleOnly;chat=47:PlayCall;a=4,b=12	false
chat_allowed	tut=JungleOnly;chat=55:CounterRequest;a=4,b=12	true
chat_allowed	tut=JungleOnly;chat=47:PlayCall;a=4,b=13	false
chat_allowed	tut=JungleOnly;chat=55:CounterRequest;a=4,b=13	true
chat_allowed	tut=JungleOnly;chat=47:PlayCall;a=4,b=14	false
chat_allowed	tut=JungleOnly;chat=55:CounterRequest;a=4,b=14	true
chat_allowed	tut=JungleOnly;chat=47:PlayCall;a=4,b=15	false
chat_allowed	tut=JungleOnly;chat=55:CounterRequest;a=4,b=15	true
chat_allowed	tut=JungleOnly;chat=47:PlayCall;a=5,b=0	false
chat_allowed	tut=JungleOnly;chat=55:CounterRequest;a=5,b=0	false
chat_allowed	tut=JungleOnly;chat=47:PlayCall;a=5,b=1	false
chat_allowed	tut=JungleOnly;chat=55:CounterRequest;a=5,b=1	false
chat_allowed	tut=JungleOnly;chat=47:PlayCall;a=5,b=2	false
chat_allowed	tut=JungleOnly;chat=55:CounterRequest;a=5,b=2	false
chat_allowed	tut=JungleOnly;chat=47:PlayCall;a=5,b=3	true
chat_allowed	tut=JungleOnly;chat=55:CounterRequest;a=5,b=3	true
chat_allowed	tut=JungleOnly;chat=47:PlayCall;a=5,b=4	true
chat_allowed	tut=JungleOnly;chat=55:CounterRequest;a=5,b=4	true
chat_allowed	tut=JungleOnly;chat=47:PlayCall;a=5,b=5	true
chat_allowed	tut=JungleOnly;chat=55:CounterRequest;a=5,b=5	true
chat_allowed	tut=JungleOnly;chat=47:PlayCall;a=5,b=6	true
chat_allowed	tut=JungleOnly;chat=55:CounterRequest;a=5,b=6	true
chat_allowed	tut=JungleOnly;chat=47:PlayCall;a=5,b=7	true
chat_allowed	tut=JungleOnly;chat=55:CounterRequest;a=5,b=7	true
chat_allowed	tut=JungleOnly;chat=47:PlayCall;a=5,b=8	true
chat_allowed	tut=JungleOnly;chat=55:CounterRequest;a=5,b=8	true
chat_allowed	tut=JungleOnly;chat=47:PlayCall;a=5,b=9	true
chat_allowed	tut=JungleOnly;chat=55:CounterRequest;a=5,b=9	true
chat_allowed	tut=JungleOnly;chat=47:PlayCall;a=5,b=10	true
chat_allowed	tut=JungleOnly;chat=55:CounterRequest;a=5,b=10	true
chat_allowed	tut=JungleOnly;chat=47:PlayCall;a=5,b=11	true
chat_allowed	tut=JungleOnly;chat=55:CounterRequest;a=5,b=11	true
chat_allowed	tut=JungleOnly;chat=47:PlayCall;a=5,b=12	true
chat_allowed	tut=JungleOnly;chat=55:CounterRequest;a=5,b=12	true
chat_allowed	tut=JungleOnly;chat=47:PlayCall;a=5,b=13	true
chat_allowed	tut=JungleOnly;chat=55:CounterRequest;a=5,b=13	true
chat_allowed	tut=JungleOnly;chat=47:PlayCall;a=5,b=14	true
chat_allowed	tut=JungleOnly;chat=55:CounterRequest;a=5,b=14	true
chat_allowed	tut=JungleOnly;chat=47:PlayCall;a=5,b=15	true
chat_allowed	tut=JungleOnly;chat=55:CounterRequest;a=5,b=15	true
chat_allowed	tut=JungleOnly;chat=47:PlayCall;a=6,b=0	false
chat_allowed	tut=JungleOnly;chat=55:CounterRequest;a=6,b=0	false
chat_allowed	tut=JungleOnly;chat=47:PlayCall;a=6,b=1	false
chat_allowed	tut=JungleOnly;chat=55:CounterRequest;a=6,b=1	false
chat_allowed	tut=JungleOnly;chat=47:PlayCall;a=6,b=2	false
chat_allowed	tut=JungleOnly;chat=55:CounterRequest;a=6,b=2	false
chat_allowed	tut=JungleOnly;chat=47:PlayCall;a=6,b=3	true
chat_allowed	tut=JungleOnly;chat=55:CounterRequest;a=6,b=3	true
chat_allowed	tut=JungleOnly;chat=47:PlayCall;a=6,b=4	true
chat_allowed	tut=JungleOnly;chat=55:CounterRequest;a=6,b=4	true
chat_allowed	tut=JungleOnly;chat=47:PlayCall;a=6,b=5	true
chat_allowed	tut=JungleOnly;chat=55:CounterRequest;a=6,b=5	true
chat_allowed	tut=JungleOnly;chat=47:PlayCall;a=6,b=6	true
chat_allowed	tut=JungleOnly;chat=55:CounterRequest;a=6,b=6	true
chat_allowed	tut=JungleOnly;chat=47:PlayCall;a=6,b=7	true
chat_allowed	tut=JungleOnly;chat=55:CounterRequest;a=6,b=7	true
chat_allowed	tut=JungleOnly;chat=47:PlayCall;a=6,b=8	true
chat_allowed	tut=JungleOnly;chat=55:CounterRequest;a=6,b=8	true
chat_allowed	tut=JungleOnly;chat=47:PlayCall;a=6,b=9	true
chat_allowed	tut=JungleOnly;chat=55:CounterRequest;a=6,b=9	true
chat_allowed	tut=JungleOnly;chat=47:PlayCall;a=6,b=10	true
chat_allowed	tut=JungleOnly;chat=55:CounterRequest;a=6,b=10	true
chat_allowed	tut=JungleOnly;chat=47:PlayCall;a=6,b=11	true
chat_allowed	tut=JungleOnly;chat=55:CounterRequest;a=6,b=11	true
chat_allowed	tut=JungleOnly;chat=47:PlayCall;a=6,b=12	true
chat_allowed	tut=JungleOnly;chat=55:CounterRequest;a=6,b=12	true
chat_allowed	tut=JungleOnly;chat=47:PlayCall;a=6,b=13	true
chat_allowed	tut=JungleOnly;chat=55:CounterRequest;a=6,b=13	true
chat_allowed	tut=JungleOnly;chat=47:PlayCall;a=6,b=14	true
chat_allowed	tut=JungleOnly;chat=55:CounterRequest;a=6,b=14	true
chat_allowed	tut=JungleOnly;chat=47:PlayCall;a=6,b=15	true
chat_allowed	tut=JungleOnly;chat=55:CounterRequest;a=6,b=15	true
chat_allowed	tut=JungleOnly;chat=47:PlayCall;a=7,b=0	false
chat_allowed	tut=JungleOnly;chat=55:CounterRequest;a=7,b=0	false
chat_allowed	tut=JungleOnly;chat=47:PlayCall;a=7,b=1	false
chat_allowed	tut=JungleOnly;chat=55:CounterRequest;a=7,b=1	false
chat_allowed	tut=JungleOnly;chat=47:PlayCall;a=7,b=2	false
chat_allowed	tut=JungleOnly;chat=55:CounterRequest;a=7,b=2	false
chat_allowed	tut=JungleOnly;chat=47:PlayCall;a=7,b=3	true
chat_allowed	tut=JungleOnly;chat=55:CounterRequest;a=7,b=3	true
chat_allowed	tut=JungleOnly;chat=47:PlayCall;a=7,b=4	true
chat_allowed	tut=JungleOnly;chat=55:CounterRequest;a=7,b=4	true
chat_allowed	tut=JungleOnly;chat=47:PlayCall;a=7,b=5	true
chat_allowed	tut=JungleOnly;chat=55:CounterRequest;a=7,b=5	true
chat_allowed	tut=JungleOnly;chat=47:PlayCall;a=7,b=6	true
chat_allowed	tut=JungleOnly;chat=55:CounterRequest;a=7,b=6	true
chat_allowed	tut=JungleOnly;chat=47:PlayCall;a=7,b=7	true
chat_allowed	tut=JungleOnly;chat=55:CounterRequest;a=7,b=7	true
chat_allowed	tut=JungleOnly;chat=47:PlayCall;a=7,b=8	true
chat_allowed	tut=JungleOnly;chat=55:CounterRequest;a=7,b=8	true
chat_allowed	tut=JungleOnly;chat=47:PlayCall;a=7,b=9	true
chat_allowed	tut=JungleOnly;chat=55:CounterRequest;a=7,b=9	true
chat_allowed	tut=JungleOnly;chat=47:PlayCall;a=7,b=10	true
chat_allowed	tut=JungleOnly;chat=55:CounterRequest;a=7,b=10	true
chat_allowed	tut=JungleOnly;chat=47:PlayCall;a=7,b=11	true
chat_allowed	tut=JungleOnly;chat=55:CounterRequest;a=7,b=11	true
chat_allowed	tut=JungleOnly;chat=47:PlayCall;a=7,b=12	true
chat_allowed	tut=JungleOnly;chat=55:CounterRequest;a=7,b=12	true
chat_allowed	tut=JungleOnly;chat=47:PlayCall;a=7,b=13	true
chat_allowed	tut=JungleOnly;chat=55:CounterRequest;a=7,b=13	true
chat_allowed	tut=JungleOnly;chat=47:PlayCall;a=7,b=14	true
chat_allowed	tut=JungleOnly;chat=55:CounterRequest;a=7,b=14	true
chat_allowed	tut=JungleOnly;chat=47:PlayCall;a=7,b=15	true
chat_allowed	tut=JungleOnly;chat=55:CounterRequest;a=7,b=15	true
chat_allowed	tut=JungleOnly;chat=47:PlayCall;a=8,b=0	false
chat_allowed	tut=JungleOnly;chat=55:CounterRequest;a=8,b=0	false
chat_allowed	tut=JungleOnly;chat=47:PlayCall;a=8,b=1	false
chat_allowed	tut=JungleOnly;chat=55:CounterRequest;a=8,b=1	false
chat_allowed	tut=JungleOnly;chat=47:PlayCall;a=8,b=2	false
chat_allowed	tut=JungleOnly;chat=55:CounterRequest;a=8,b=2	false
chat_allowed	tut=JungleOnly;chat=47:PlayCall;a=8,b=3	true
chat_allowed	tut=JungleOnly;chat=55:CounterRequest;a=8,b=3	true
chat_allowed	tut=JungleOnly;chat=47:PlayCall;a=8,b=4	true
chat_allowed	tut=JungleOnly;chat=55:CounterRequest;a=8,b=4	true
chat_allowed	tut=JungleOnly;chat=47:PlayCall;a=8,b=5	true
chat_allowed	tut=JungleOnly;chat=55:CounterRequest;a=8,b=5	true
chat_allowed	tut=JungleOnly;chat=47:PlayCall;a=8,b=6	true
chat_allowed	tut=JungleOnly;chat=55:CounterRequest;a=8,b=6	true
chat_allowed	tut=JungleOnly;chat=47:PlayCall;a=8,b=7	true
chat_allowed	tut=JungleOnly;chat=55:CounterRequest;a=8,b=7	true
chat_allowed	tut=JungleOnly;chat=47:PlayCall;a=8,b=8	true
chat_allowed	tut=JungleOnly;chat=55:CounterRequest;a=8,b=8	true
chat_allowed	tut=JungleOnly;chat=47:PlayCall;a=8,b=9	true
chat_allowed	tut=JungleOnly;chat=55:CounterRequest;a=8,b=9	true
chat_allowed	tut=JungleOnly;chat=47:PlayCall;a=8,b=10	true
chat_allowed	tut=JungleOnly;chat=55:CounterRequest;a=8,b=10	true
chat_allowed	tut=JungleOnly;chat=47:PlayCall;a=8,b=11	true
chat_allowed	tut=JungleOnly;chat=55:CounterRequest;a=8,b=11	true
chat_allowed	tut=JungleOnly;chat=47:PlayCall;a=8,b=12	true
chat_allowed	tut=JungleOnly;chat=55:CounterRequest;a=8,b=12	true
chat_allowed	tut=JungleOnly;chat=47:PlayCall;a=8,b=13	true
chat_allowed	tut=JungleOnly;chat=55:CounterRequest;a=8,b=13	true
chat_allowed	tut=JungleOnly;chat=47:PlayCall;a=8,b=14	true
chat_allowed	tut=JungleOnly;chat=55:CounterRequest;a=8,b=14	true
chat_allowed	tut=JungleOnly;chat=47:PlayCall;a=8,b=15	true
chat_allowed	tut=JungleOnly;chat=55:CounterRequest;a=8,b=15	true
chat_allowed	tut=JungleOnly;chat=47:PlayCall;a=9,b=0	false
chat_allowed	tut=JungleOnly;chat=55:CounterRequest;a=9,b=0	false
chat_allowed	tut=JungleOnly;chat=47:PlayCall;a=9,b=1	false
chat_allowed	tut=JungleOnly;chat=55:CounterRequest;a=9,b=1	false
chat_allowed	tut=JungleOnly;chat=47:PlayCall;a=9,b=2	false
chat_allowed	tut=JungleOnly;chat=55:CounterRequest;a=9,b=2	false
chat_allowed	tut=JungleOnly;chat=47:PlayCall;a=9,b=3	true
chat_allowed	tut=JungleOnly;chat=55:CounterRequest;a=9,b=3	true
chat_allowed	tut=JungleOnly;chat=47:PlayCall;a=9,b=4	true
chat_allowed	tut=JungleOnly;chat=55:CounterRequest;a=9,b=4	true
chat_allowed	tut=JungleOnly;chat=47:PlayCall;a=9,b=5	true
chat_allowed	tut=JungleOnly;chat=55:CounterRequest;a=9,b=5	true
chat_allowed	tut=JungleOnly;chat=47:PlayCall;a=9,b=6	true
chat_allowed	tut=JungleOnly;chat=55:CounterRequest;a=9,b=6	true
chat_allowed	tut=JungleOnly;chat=47:PlayCall;a=9,b=7	true
chat_allowed	tut=JungleOnly;chat=55:CounterRequest;a=9,b=7	true
chat_allowed	tut=JungleOnly;chat=47:PlayCall;a=9,b=8	true
chat_allowed	tut=JungleOnly;chat=55:CounterRequest;a=9,b=8	true
chat_allowed	tut=JungleOnly;chat=47:PlayCall;a=9,b=9	true
chat_allowed	tut=JungleOnly;chat=55:CounterRequest;a=9,b=9	true
chat_allowed	tut=JungleOnly;chat=47:PlayCall;a=9,b=10	true
chat_allowed	tut=JungleOnly;chat=55:CounterRequest;a=9,b=10	true
chat_allowed	tut=JungleOnly;chat=47:PlayCall;a=9,b=11	true
chat_allowed	tut=JungleOnly;chat=55:CounterRequest;a=9,b=11	true
chat_allowed	tut=JungleOnly;chat=47:PlayCall;a=9,b=12	true
chat_allowed	tut=JungleOnly;chat=55:CounterRequest;a=9,b=12	true
chat_allowed	tut=JungleOnly;chat=47:PlayCall;a=9,b=13	true
chat_allowed	tut=JungleOnly;chat=55:CounterRequest;a=9,b=13	true
chat_allowed	tut=JungleOnly;chat=47:PlayCall;a=9,b=14	true
chat_allowed	tut=JungleOnly;chat=55:CounterRequest;a=9,b=14	true
chat_allowed	tut=JungleOnly;chat=47:PlayCall;a=9,b=15	true
chat_allowed	tut=JungleOnly;chat=55:CounterRequest;a=9,b=15	true
chat_allowed	tut=JungleOnly;chat=47:PlayCall;a=10,b=0	false
chat_allowed	tut=JungleOnly;chat=55:CounterRequest;a=10,b=0	false
chat_allowed	tut=JungleOnly;chat=47:PlayCall;a=10,b=1	false
chat_allowed	tut=JungleOnly;chat=55:CounterRequest;a=10,b=1	false
chat_allowed	tut=JungleOnly;chat=47:PlayCall;a=10,b=2	false
chat_allowed	tut=JungleOnly;chat=55:CounterRequest;a=10,b=2	false
chat_allowed	tut=JungleOnly;chat=47:PlayCall;a=10,b=3	true
chat_allowed	tut=JungleOnly;chat=55:CounterRequest;a=10,b=3	true
chat_allowed	tut=JungleOnly;chat=47:PlayCall;a=10,b=4	true
chat_allowed	tut=JungleOnly;chat=55:CounterRequest;a=10,b=4	true
chat_allowed	tut=JungleOnly;chat=47:PlayCall;a=10,b=5	true
chat_allowed	tut=JungleOnly;chat=55:CounterRequest;a=10,b=5	true
chat_allowed	tut=JungleOnly;chat=47:PlayCall;a=10,b=6	true
chat_allowed	tut=JungleOnly;chat=55:CounterRequest;a=10,b=6	true
chat_allowed	tut=JungleOnly;chat=47:PlayCall;a=10,b=7	true
chat_allowed	tut=JungleOnly;chat=55:CounterRequest;a=10,b=7	true
chat_allowed	tut=JungleOnly;chat=47:PlayCall;a=10,b=8	true
chat_allowed	tut=JungleOnly;chat=55:CounterRequest;a=10,b=8	true
chat_allowed	tut=JungleOnly;chat=47:PlayCall;a=10,b=9	true
chat_allowed	tut=JungleOnly;chat=55:CounterRequest;a=10,b=9	true
chat_allowed	tut=JungleOnly;chat=47:PlayCall;a=10,b=10	true
chat_allowed	tut=JungleOnly;chat=55:CounterRequest;a=10,b=10	true
chat_allowed	tut=JungleOnly;chat=47:PlayCall;a=10,b=11	true
chat_allowed	tut=JungleOnly;chat=55:CounterRequest;a=10,b=11	true
chat_allowed	tut=JungleOnly;chat=47:PlayCall;a=10,b=12	true
chat_allowed	tut=JungleOnly;chat=55:CounterRequest;a=10,b=12	true
chat_allowed	tut=JungleOnly;chat=47:PlayCall;a=10,b=13	true
chat_allowed	tut=JungleOnly;chat=55:CounterRequest;a=10,b=13	true
chat_allowed	tut=JungleOnly;chat=47:PlayCall;a=10,b=14	true
chat_allowed	tut=JungleOnly;chat=55:CounterRequest;a=10,b=14	true
chat_allowed	tut=JungleOnly;chat=47:PlayCall;a=10,b=15	true
chat_allowed	tut=JungleOnly;chat=55:CounterRequest;a=10,b=15	true
chat_allowed	tut=JungleOnly;chat=47:PlayCall;a=11,b=0	false
chat_allowed	tut=JungleOnly;chat=55:CounterRequest;a=11,b=0	false
chat_allowed	tut=JungleOnly;chat=47:PlayCall;a=11,b=1	false
chat_allowed	tut=JungleOnly;chat=55:CounterRequest;a=11,b=1	false
chat_allowed	tut=JungleOnly;chat=47:PlayCall;a=11,b=2	false
chat_allowed	tut=JungleOnly;chat=55:CounterRequest;a=11,b=2	false
chat_allowed	tut=JungleOnly;chat=47:PlayCall;a=11,b=3	true
chat_allowed	tut=JungleOnly;chat=55:CounterRequest;a=11,b=3	true
chat_allowed	tut=JungleOnly;chat=47:PlayCall;a=11,b=4	true
chat_allowed	tut=JungleOnly;chat=55:CounterRequest;a=11,b=4	true
chat_allowed	tut=JungleOnly;chat=47:PlayCall;a=11,b=5	true
chat_allowed	tut=JungleOnly;chat=55:CounterRequest;a=11,b=5	true
chat_allowed	tut=JungleOnly;chat=47:PlayCall;a=11,b=6	true
chat_allowed	tut=JungleOnly;chat=55:CounterRequest;a=11,b=6	true
chat_allowed	tut=JungleOnly;chat=47:PlayCall;a=11,b=7	true
chat_allowed	tut=JungleOnly;chat=55:CounterRequest;a=11,b=7	true
chat_allowed	tut=JungleOnly;chat=47:PlayCall;a=11,b=8	true
chat_allowed	tut=JungleOnly;chat=55:CounterRequest;a=11,b=8	true
chat_allowed	tut=JungleOnly;chat=47:PlayCall;a=11,b=9	true
chat_allowed	tut=JungleOnly;chat=55:CounterRequest;a=11,b=9	true
chat_allowed	tut=JungleOnly;chat=47:PlayCall;a=11,b=10	true
chat_allowed	tut=JungleOnly;chat=55:CounterRequest;a=11,b=10	true
chat_allowed	tut=JungleOnly;chat=47:PlayCall;a=11,b=11	true
chat_allowed	tut=JungleOnly;chat=55:CounterRequest;a=11,b=11	true
chat_allowed	tut=JungleOnly;chat=47:PlayCall;a=11,b=12	true
chat_allowed	tut=JungleOnly;chat=55:CounterRequest;a=11,b=12	true
chat_allowed	tut=JungleOnly;chat=47:PlayCall;a=11,b=13	true
chat_allowed	tut=JungleOnly;chat=55:CounterRequest;a=11,b=13	true
chat_allowed	tut=JungleOnly;chat=47:PlayCall;a=11,b=14	true
chat_allowed	tut=JungleOnly;chat=55:CounterRequest;a=11,b=14	true
chat_allowed	tut=JungleOnly;chat=47:PlayCall;a=11,b=15	true
chat_allowed	tut=JungleOnly;chat=55:CounterRequest;a=11,b=15	true
chat_allowed	tut=JungleOnly;chat=47:PlayCall;a=12,b=0	false
chat_allowed	tut=JungleOnly;chat=55:CounterRequest;a=12,b=0	false
chat_allowed	tut=JungleOnly;chat=47:PlayCall;a=12,b=1	false
chat_allowed	tut=JungleOnly;chat=55:CounterRequest;a=12,b=1	false
chat_allowed	tut=JungleOnly;chat=47:PlayCall;a=12,b=2	false
chat_allowed	tut=JungleOnly;chat=55:CounterRequest;a=12,b=2	false
chat_allowed	tut=JungleOnly;chat=47:PlayCall;a=12,b=3	true
chat_allowed	tut=JungleOnly;chat=55:CounterRequest;a=12,b=3	true
chat_allowed	tut=JungleOnly;chat=47:PlayCall;a=12,b=4	true
chat_allowed	tut=JungleOnly;chat=55:CounterRequest;a=12,b=4	true
chat_allowed	tut=JungleOnly;chat=47:PlayCall;a=12,b=5	true
chat_allowed	tut=JungleOnly;chat=55:CounterRequest;a=12,b=5	true
chat_allowed	tut=JungleOnly;chat=47:PlayCall;a=12,b=6	true
chat_allowed	tut=JungleOnly;chat=55:CounterRequest;a=12,b=6	true
chat_allowed	tut=JungleOnly;chat=47:PlayCall;a=12,b=7	true
chat_allowed	tut=JungleOnly;chat=55:CounterRequest;a=12,b=7	true
chat_allowed	tut=JungleOnly;chat=47:PlayCall;a=12,b=8	true
chat_allowed	tut=JungleOnly;chat=55:CounterRequest;a=12,b=8	true
chat_allowed	tut=JungleOnly;chat=47:PlayCall;a=12,b=9	true
chat_allowed	tut=JungleOnly;chat=55:CounterRequest;a=12,b=9	true
chat_allowed	tut=JungleOnly;chat=47:PlayCall;a=12,b=10	true
chat_allowed	tut=JungleOnly;chat=55:CounterRequest;a=12,b=10	true
chat_allowed	tut=JungleOnly;chat=47:PlayCall;a=12,b=11	true
chat_allowed	tut=JungleOnly;chat=55:CounterRequest;a=12,b=11	true
chat_allowed	tut=JungleOnly;chat=47:PlayCall;a=12,b=12	true
chat_allowed	tut=JungleOnly;chat=55:CounterRequest;a=12,b=12	true
chat_allowed	tut=JungleOnly;chat=47:PlayCall;a=12,b=13	true
chat_allowed	tut=JungleOnly;chat=55:CounterRequest;a=12,b=13	true
chat_allowed	tut=JungleOnly;chat=47:PlayCall;a=12,b=14	true
chat_allowed	tut=JungleOnly;chat=55:CounterRequest;a=12,b=14	true
chat_allowed	tut=JungleOnly;chat=47:PlayCall;a=12,b=15	true
chat_allowed	tut=JungleOnly;chat=55:CounterRequest;a=12,b=15	true
chat_allowed	tut=JungleOnly;chat=47:PlayCall;a=13,b=0	false
chat_allowed	tut=JungleOnly;chat=55:CounterRequest;a=13,b=0	false
chat_allowed	tut=JungleOnly;chat=47:PlayCall;a=13,b=1	false
chat_allowed	tut=JungleOnly;chat=55:CounterRequest;a=13,b=1	false
chat_allowed	tut=JungleOnly;chat=47:PlayCall;a=13,b=2	false
chat_allowed	tut=JungleOnly;chat=55:CounterRequest;a=13,b=2	false
chat_allowed	tut=JungleOnly;chat=47:PlayCall;a=13,b=3	true
chat_allowed	tut=JungleOnly;chat=55:CounterRequest;a=13,b=3	true
chat_allowed	tut=JungleOnly;chat=47:PlayCall;a=13,b=4	true
chat_allowed	tut=JungleOnly;chat=55:CounterRequest;a=13,b=4	true
chat_allowed	tut=JungleOnly;chat=47:PlayCall;a=13,b=5	true
chat_allowed	tut=JungleOnly;chat=55:CounterRequest;a=13,b=5	true
chat_allowed	tut=JungleOnly;chat=47:PlayCall;a=13,b=6	true
chat_allowed	tut=JungleOnly;chat=55:CounterRequest;a=13,b=6	true
chat_allowed	tut=JungleOnly;chat=47:PlayCall;a=13,b=7	true
chat_allowed	tut=JungleOnly;chat=55:CounterRequest;a=13,b=7	true
chat_allowed	tut=JungleOnly;chat=47:PlayCall;a=13,b=8	true
chat_allowed	tut=JungleOnly;chat=55:CounterRequest;a=13,b=8	true
chat_allowed	tut=JungleOnly;chat=47:PlayCall;a=13,b=9	true
chat_allowed	tut=JungleOnly;chat=55:CounterRequest;a=13,b=9	true
chat_allowed	tut=JungleOnly;chat=47:PlayCall;a=13,b=10	true
chat_allowed	tut=JungleOnly;chat=55:CounterRequest;a=13,b=10	true
chat_allowed	tut=JungleOnly;chat=47:PlayCall;a=13,b=11	true
chat_allowed	tut=JungleOnly;chat=55:CounterRequest;a=13,b=11	true
chat_allowed	tut=JungleOnly;chat=47:PlayCall;a=13,b=12	true
chat_allowed	tut=JungleOnly;chat=55:CounterRequest;a=13,b=12	true
chat_allowed	tut=JungleOnly;chat=47:PlayCall;a=13,b=13	true
chat_allowed	tut=JungleOnly;chat=55:CounterRequest;a=13,b=13	true
chat_allowed	tut=JungleOnly;chat=47:PlayCall;a=13,b=14	true
chat_allowed	tut=JungleOnly;chat=55:CounterRequest;a=13,b=14	true
chat_allowed	tut=JungleOnly;chat=47:PlayCall;a=13,b=15	true
chat_allowed	tut=JungleOnly;chat=55:CounterRequest;a=13,b=15	true
chat_allowed	tut=JungleOnly;chat=47:PlayCall;a=14,b=0	false
chat_allowed	tut=JungleOnly;chat=55:CounterRequest;a=14,b=0	false
chat_allowed	tut=JungleOnly;chat=47:PlayCall;a=14,b=1	false
chat_allowed	tut=JungleOnly;chat=55:CounterRequest;a=14,b=1	false
chat_allowed	tut=JungleOnly;chat=47:PlayCall;a=14,b=2	false
chat_allowed	tut=JungleOnly;chat=55:CounterRequest;a=14,b=2	false
chat_allowed	tut=JungleOnly;chat=47:PlayCall;a=14,b=3	true
chat_allowed	tut=JungleOnly;chat=55:CounterRequest;a=14,b=3	true
chat_allowed	tut=JungleOnly;chat=47:PlayCall;a=14,b=4	true
chat_allowed	tut=JungleOnly;chat=55:CounterRequest;a=14,b=4	true
chat_allowed	tut=JungleOnly;chat=47:PlayCall;a=14,b=5	true
chat_allowed	tut=JungleOnly;chat=55:CounterRequest;a=14,b=5	true
chat_allowed	tut=JungleOnly;chat=47:PlayCall;a=14,b=6	true
chat_allowed	tut=JungleOnly;chat=55:CounterRequest;a=14,b=6	true
chat_allowed	tut=JungleOnly;chat=47:PlayCall;a=14,b=7	true
chat_allowed	tut=JungleOnly;chat=55:CounterRequest;a=14,b=7	true
chat_allowed	tut=JungleOnly;chat=47:PlayCall;a=14,b=8	true
chat_allowed	tut=JungleOnly;chat=55:CounterRequest;a=14,b=8	true
chat_allowed	tut=JungleOnly;chat=47:PlayCall;a=14,b=9	true
chat_allowed	tut=JungleOnly;chat=55:CounterRequest;a=14,b=9	true
chat_allowed	tut=JungleOnly;chat=47:PlayCall;a=14,b=10	true
chat_allowed	tut=JungleOnly;chat=55:CounterRequest;a=14,b=10	true
chat_allowed	tut=JungleOnly;chat=47:PlayCall;a=14,b=11	true
chat_allowed	tut=JungleOnly;chat=55:CounterRequest;a=14,b=11	true
chat_allowed	tut=JungleOnly;chat=47:PlayCall;a=14,b=12	true
chat_allowed	tut=JungleOnly;chat=55:CounterRequest;a=14,b=12	true
chat_allowed	tut=JungleOnly;chat=47:PlayCall;a=14,b=13	true
chat_allowed	tut=JungleOnly;chat=55:CounterRequest;a=14,b=13	true
chat_allowed	tut=JungleOnly;chat=47:PlayCall;a=14,b=14	true
chat_allowed	tut=JungleOnly;chat=55:CounterRequest;a=14,b=14	true
chat_allowed	tut=JungleOnly;chat=47:PlayCall;a=14,b=15	true
chat_allowed	tut=JungleOnly;chat=55:CounterRequest;a=14,b=15	true
chat_allowed	tut=JungleOnly;chat=47:PlayCall;a=15,b=0	false
chat_allowed	tut=JungleOnly;chat=55:CounterRequest;a=15,b=0	false
chat_allowed	tut=JungleOnly;chat=47:PlayCall;a=15,b=1	false
chat_allowed	tut=JungleOnly;chat=55:CounterRequest;a=15,b=1	false
chat_allowed	tut=JungleOnly;chat=47:PlayCall;a=15,b=2	false
chat_allowed	tut=JungleOnly;chat=55:CounterRequest;a=15,b=2	false
chat_allowed	tut=JungleOnly;chat=47:PlayCall;a=15,b=3	true
chat_allowed	tut=JungleOnly;chat=55:CounterRequest;a=15,b=3	true
chat_allowed	tut=JungleOnly;chat=47:PlayCall;a=15,b=4	true
chat_allowed	tut=JungleOnly;chat=55:CounterRequest;a=15,b=4	true
chat_allowed	tut=JungleOnly;chat=47:PlayCall;a=15,b=5	true
chat_allowed	tut=JungleOnly;chat=55:CounterRequest;a=15,b=5	true
chat_allowed	tut=JungleOnly;chat=47:PlayCall;a=15,b=6	true
chat_allowed	tut=JungleOnly;chat=55:CounterRequest;a=15,b=6	true
chat_allowed	tut=JungleOnly;chat=47:PlayCall;a=15,b=7	true
chat_allowed	tut=JungleOnly;chat=55:CounterRequest;a=15,b=7	true
chat_allowed	tut=JungleOnly;chat=47:PlayCall;a=15,b=8	true
chat_allowed	tut=JungleOnly;chat=55:CounterRequest;a=15,b=8	true
chat_allowed	tut=JungleOnly;chat=47:PlayCall;a=15,b=9	true
chat_allowed	tut=JungleOnly;chat=55:CounterRequest;a=15,b=9	true
chat_allowed	tut=JungleOnly;chat=47:PlayCall;a=15,b=10	true
chat_allowed	tut=JungleOnly;chat=55:CounterRequest;a=15,b=10	true
chat_allowed	tut=JungleOnly;chat=47:PlayCall;a=15,b=11	true
chat_allowed	tut=JungleOnly;chat=55:CounterRequest;a=15,b=11	true
chat_allowed	tut=JungleOnly;chat=47:PlayCall;a=15,b=12	true
chat_allowed	tut=JungleOnly;chat=55:CounterRequest;a=15,b=12	true
chat_allowed	tut=JungleOnly;chat=47:PlayCall;a=15,b=13	true
chat_allowed	tut=JungleOnly;chat=55:CounterRequest;a=15,b=13	true
chat_allowed	tut=JungleOnly;chat=47:PlayCall;a=15,b=14	true
chat_allowed	tut=JungleOnly;chat=55:CounterRequest;a=15,b=14	true
chat_allowed	tut=JungleOnly;chat=47:PlayCall;a=15,b=15	true
chat_allowed	tut=JungleOnly;chat=55:CounterRequest;a=15,b=15	true
chat_allowed	tut=JungleOnly;chat=51:EarlyPlan;a=0	true
chat_allowed	tut=JungleOnly;chat=52:EarlyPlanChange;a=0	true
chat_allowed	tut=JungleOnly;chat=51:EarlyPlan;a=1	false
chat_allowed	tut=JungleOnly;chat=52:EarlyPlanChange;a=1	true
chat_allowed	tut=JungleOnly;chat=51:EarlyPlan;a=2	false
chat_allowed	tut=JungleOnly;chat=52:EarlyPlanChange;a=2	true
chat_allowed	tut=JungleOnly;chat=51:EarlyPlan;a=3	false
chat_allowed	tut=JungleOnly;chat=52:EarlyPlanChange;a=3	true
chat_allowed	tut=JungleOnly;chat=51:EarlyPlan;a=4	true
chat_allowed	tut=JungleOnly;chat=52:EarlyPlanChange;a=4	true
chat_allowed	tut=JungleOnly;chat=51:EarlyPlan;a=5	true
chat_allowed	tut=JungleOnly;chat=52:EarlyPlanChange;a=5	true
chat_allowed	tut=JungleOnly;chat=51:EarlyPlan;a=6	true
chat_allowed	tut=JungleOnly;chat=52:EarlyPlanChange;a=6	true
chat_allowed	tut=JungleOnly;chat=51:EarlyPlan;a=7	true
chat_allowed	tut=JungleOnly;chat=52:EarlyPlanChange;a=7	true
chat_allowed	tut=JungleOnly;chat=51:EarlyPlan;a=8	true
chat_allowed	tut=JungleOnly;chat=52:EarlyPlanChange;a=8	true
chat_allowed	tut=JungleOnly;chat=51:EarlyPlan;a=9	true
chat_allowed	tut=JungleOnly;chat=52:EarlyPlanChange;a=9	true
chat_allowed	tut=JungleOnly;chat=51:EarlyPlan;a=10	true
chat_allowed	tut=JungleOnly;chat=52:EarlyPlanChange;a=10	true
chat_allowed	tut=JungleOnly;chat=51:EarlyPlan;a=11	true
chat_allowed	tut=JungleOnly;chat=52:EarlyPlanChange;a=11	true
chat_allowed	tut=JungleOnly;chat=51:EarlyPlan;a=12	true
chat_allowed	tut=JungleOnly;chat=52:EarlyPlanChange;a=12	true
chat_allowed	tut=JungleOnly;chat=51:EarlyPlan;a=13	true
chat_allowed	tut=JungleOnly;chat=52:EarlyPlanChange;a=13	true
chat_allowed	tut=JungleOnly;chat=51:EarlyPlan;a=14	true
chat_allowed	tut=JungleOnly;chat=52:EarlyPlanChange;a=14	true
chat_allowed	tut=JungleOnly;chat=51:EarlyPlan;a=15	true
chat_allowed	tut=JungleOnly;chat=52:EarlyPlanChange;a=15	true
plan_allowed	tut=Line;plan=ForcePassive	true
plan_allowed	tut=Line;plan=ActiveRecall	true
plan_allowed	tut=Line;plan=EpicHuntAndPoke	true
plan_allowed	tut=Line;plan=EpicHuntAndBattle	true
plan_allowed	tut=Line;plan=SerpenHuntAndPoke	true
plan_allowed	tut=Line;plan=SerpenHuntAndBattle	true
plan_allowed	tut=Line;plan=AttackNexus(default)	true
plan_allowed	tut=Line;plan=DefenseNexus(default)	true
plan_allowed	tut=Line;plan=PassiveLine(Mid)	true
plan_allowed	tut=Line;plan=SinglePlanLine(Mid)	true
plan_allowed	tut=Line;plan=LineGanker(Mid)	true
plan_allowed	tut=Line;plan=LineGankCover(Mid)	true
plan_allowed	tut=Line;plan=PassiveLine(Bottom)	true
plan_allowed	tut=Line;plan=SinglePlanLine(Bottom)	true
plan_allowed	tut=Line;plan=LineGanker(Bottom)	true
plan_allowed	tut=Line;plan=LineGankCover(Bottom)	true
plan_allowed	tut=Line;plan=PassiveLine(Top)	true
plan_allowed	tut=Line;plan=SinglePlanLine(Top)	true
plan_allowed	tut=Line;plan=LineGanker(Top)	true
plan_allowed	tut=Line;plan=LineGankCover(Top)	true
plan_allowed	tut=Line;plan=PassiveJungle(Rhino,0)	false
plan_allowed	tut=Line;plan=PassiveJungle(Rhino,1)	false
plan_allowed	tut=Line;plan=PassiveJungle(Mushroom,0)	false
plan_allowed	tut=Line;plan=PassiveJungle(Mushroom,1)	false
plan_allowed	tut=Line;plan=PassiveJungle(Stump,0)	false
plan_allowed	tut=Line;plan=PassiveJungle(Stump,1)	false
plan_allowed	tut=Line;plan=PassiveJungle(Bee,0)	false
plan_allowed	tut=Line;plan=PassiveJungle(Bee,1)	false
plan_allowed	tut=Line;plan=PassiveJungle(Morgard,0)	false
plan_allowed	tut=Line;plan=PassiveJungle(Morgard,1)	false
plan_allowed	tut=Line;plan=PassiveJungle(Serpen,0)	false
plan_allowed	tut=Line;plan=PassiveJungle(Serpen,1)	false
chat_allowed	tut=Line;chat=49:PlayPropose;a=0,b=0,c=0	true
chat_allowed	tut=Line;chat=49:PlayPropose;a=0,b=0,c=1	true
chat_allowed	tut=Line;chat=49:PlayPropose;a=0,b=0,c=2	true
chat_allowed	tut=Line;chat=49:PlayPropose;a=0,b=0,c=3	true
chat_allowed	tut=Line;chat=49:PlayPropose;a=0,b=0,c=4	true
chat_allowed	tut=Line;chat=49:PlayPropose;a=0,b=0,c=5	true
chat_allowed	tut=Line;chat=49:PlayPropose;a=0,b=0,c=6	true
chat_allowed	tut=Line;chat=49:PlayPropose;a=0,b=0,c=7	true
chat_allowed	tut=Line;chat=49:PlayPropose;a=0,b=1,c=0	true
chat_allowed	tut=Line;chat=49:PlayPropose;a=0,b=1,c=1	true
chat_allowed	tut=Line;chat=49:PlayPropose;a=0,b=1,c=2	true
chat_allowed	tut=Line;chat=49:PlayPropose;a=0,b=1,c=3	true
chat_allowed	tut=Line;chat=49:PlayPropose;a=0,b=1,c=4	true
chat_allowed	tut=Line;chat=49:PlayPropose;a=0,b=1,c=5	true
chat_allowed	tut=Line;chat=49:PlayPropose;a=0,b=1,c=6	true
chat_allowed	tut=Line;chat=49:PlayPropose;a=0,b=1,c=7	true
chat_allowed	tut=Line;chat=49:PlayPropose;a=0,b=2,c=0	true
chat_allowed	tut=Line;chat=49:PlayPropose;a=0,b=2,c=1	true
chat_allowed	tut=Line;chat=49:PlayPropose;a=0,b=2,c=2	true
chat_allowed	tut=Line;chat=49:PlayPropose;a=0,b=2,c=3	true
chat_allowed	tut=Line;chat=49:PlayPropose;a=0,b=2,c=4	true
chat_allowed	tut=Line;chat=49:PlayPropose;a=0,b=2,c=5	true
chat_allowed	tut=Line;chat=49:PlayPropose;a=0,b=2,c=6	true
chat_allowed	tut=Line;chat=49:PlayPropose;a=0,b=2,c=7	true
chat_allowed	tut=Line;chat=49:PlayPropose;a=0,b=3,c=0	true
chat_allowed	tut=Line;chat=49:PlayPropose;a=0,b=3,c=1	true
chat_allowed	tut=Line;chat=49:PlayPropose;a=0,b=3,c=2	true
chat_allowed	tut=Line;chat=49:PlayPropose;a=0,b=3,c=3	true
chat_allowed	tut=Line;chat=49:PlayPropose;a=0,b=3,c=4	true
chat_allowed	tut=Line;chat=49:PlayPropose;a=0,b=3,c=5	true
chat_allowed	tut=Line;chat=49:PlayPropose;a=0,b=3,c=6	true
chat_allowed	tut=Line;chat=49:PlayPropose;a=0,b=3,c=7	true
chat_allowed	tut=Line;chat=49:PlayPropose;a=0,b=4,c=0	true
chat_allowed	tut=Line;chat=49:PlayPropose;a=0,b=4,c=1	true
chat_allowed	tut=Line;chat=49:PlayPropose;a=0,b=4,c=2	true
chat_allowed	tut=Line;chat=49:PlayPropose;a=0,b=4,c=3	true
chat_allowed	tut=Line;chat=49:PlayPropose;a=0,b=4,c=4	true
chat_allowed	tut=Line;chat=49:PlayPropose;a=0,b=4,c=5	true
chat_allowed	tut=Line;chat=49:PlayPropose;a=0,b=4,c=6	true
chat_allowed	tut=Line;chat=49:PlayPropose;a=0,b=4,c=7	true
chat_allowed	tut=Line;chat=49:PlayPropose;a=0,b=5,c=0	true
chat_allowed	tut=Line;chat=49:PlayPropose;a=0,b=5,c=1	true
chat_allowed	tut=Line;chat=49:PlayPropose;a=0,b=5,c=2	true
chat_allowed	tut=Line;chat=49:PlayPropose;a=0,b=5,c=3	true
chat_allowed	tut=Line;chat=49:PlayPropose;a=0,b=5,c=4	true
chat_allowed	tut=Line;chat=49:PlayPropose;a=0,b=5,c=5	true
chat_allowed	tut=Line;chat=49:PlayPropose;a=0,b=5,c=6	true
chat_allowed	tut=Line;chat=49:PlayPropose;a=0,b=5,c=7	true
chat_allowed	tut=Line;chat=49:PlayPropose;a=0,b=6,c=0	true
chat_allowed	tut=Line;chat=49:PlayPropose;a=0,b=6,c=1	true
chat_allowed	tut=Line;chat=49:PlayPropose;a=0,b=6,c=2	true
chat_allowed	tut=Line;chat=49:PlayPropose;a=0,b=6,c=3	true
chat_allowed	tut=Line;chat=49:PlayPropose;a=0,b=6,c=4	true
chat_allowed	tut=Line;chat=49:PlayPropose;a=0,b=6,c=5	true
chat_allowed	tut=Line;chat=49:PlayPropose;a=0,b=6,c=6	true
chat_allowed	tut=Line;chat=49:PlayPropose;a=0,b=6,c=7	true
chat_allowed	tut=Line;chat=49:PlayPropose;a=0,b=7,c=0	true
chat_allowed	tut=Line;chat=49:PlayPropose;a=0,b=7,c=1	true
chat_allowed	tut=Line;chat=49:PlayPropose;a=0,b=7,c=2	true
chat_allowed	tut=Line;chat=49:PlayPropose;a=0,b=7,c=3	true
chat_allowed	tut=Line;chat=49:PlayPropose;a=0,b=7,c=4	true
chat_allowed	tut=Line;chat=49:PlayPropose;a=0,b=7,c=5	true
chat_allowed	tut=Line;chat=49:PlayPropose;a=0,b=7,c=6	true
chat_allowed	tut=Line;chat=49:PlayPropose;a=0,b=7,c=7	true
chat_allowed	tut=Line;chat=49:PlayPropose;a=1,b=0,c=0	true
chat_allowed	tut=Line;chat=49:PlayPropose;a=1,b=0,c=1	true
chat_allowed	tut=Line;chat=49:PlayPropose;a=1,b=0,c=2	true
chat_allowed	tut=Line;chat=49:PlayPropose;a=1,b=0,c=3	true
chat_allowed	tut=Line;chat=49:PlayPropose;a=1,b=0,c=4	true
chat_allowed	tut=Line;chat=49:PlayPropose;a=1,b=0,c=5	true
chat_allowed	tut=Line;chat=49:PlayPropose;a=1,b=0,c=6	true
chat_allowed	tut=Line;chat=49:PlayPropose;a=1,b=0,c=7	true
chat_allowed	tut=Line;chat=49:PlayPropose;a=1,b=1,c=0	true
chat_allowed	tut=Line;chat=49:PlayPropose;a=1,b=1,c=1	true
chat_allowed	tut=Line;chat=49:PlayPropose;a=1,b=1,c=2	true
chat_allowed	tut=Line;chat=49:PlayPropose;a=1,b=1,c=3	true
chat_allowed	tut=Line;chat=49:PlayPropose;a=1,b=1,c=4	true
chat_allowed	tut=Line;chat=49:PlayPropose;a=1,b=1,c=5	true
chat_allowed	tut=Line;chat=49:PlayPropose;a=1,b=1,c=6	true
chat_allowed	tut=Line;chat=49:PlayPropose;a=1,b=1,c=7	true
chat_allowed	tut=Line;chat=49:PlayPropose;a=1,b=2,c=0	true
chat_allowed	tut=Line;chat=49:PlayPropose;a=1,b=2,c=1	true
chat_allowed	tut=Line;chat=49:PlayPropose;a=1,b=2,c=2	true
chat_allowed	tut=Line;chat=49:PlayPropose;a=1,b=2,c=3	true
chat_allowed	tut=Line;chat=49:PlayPropose;a=1,b=2,c=4	true
chat_allowed	tut=Line;chat=49:PlayPropose;a=1,b=2,c=5	true
chat_allowed	tut=Line;chat=49:PlayPropose;a=1,b=2,c=6	true
chat_allowed	tut=Line;chat=49:PlayPropose;a=1,b=2,c=7	true
chat_allowed	tut=Line;chat=49:PlayPropose;a=1,b=3,c=0	true
chat_allowed	tut=Line;chat=49:PlayPropose;a=1,b=3,c=1	true
chat_allowed	tut=Line;chat=49:PlayPropose;a=1,b=3,c=2	true
chat_allowed	tut=Line;chat=49:PlayPropose;a=1,b=3,c=3	true
chat_allowed	tut=Line;chat=49:PlayPropose;a=1,b=3,c=4	true
chat_allowed	tut=Line;chat=49:PlayPropose;a=1,b=3,c=5	true
chat_allowed	tut=Line;chat=49:PlayPropose;a=1,b=3,c=6	true
chat_allowed	tut=Line;chat=49:PlayPropose;a=1,b=3,c=7	true
chat_allowed	tut=Line;chat=49:PlayPropose;a=1,b=4,c=0	true
chat_allowed	tut=Line;chat=49:PlayPropose;a=1,b=4,c=1	true
chat_allowed	tut=Line;chat=49:PlayPropose;a=1,b=4,c=2	true
chat_allowed	tut=Line;chat=49:PlayPropose;a=1,b=4,c=3	true
chat_allowed	tut=Line;chat=49:PlayPropose;a=1,b=4,c=4	true
chat_allowed	tut=Line;chat=49:PlayPropose;a=1,b=4,c=5	true
chat_allowed	tut=Line;chat=49:PlayPropose;a=1,b=4,c=6	true
chat_allowed	tut=Line;chat=49:PlayPropose;a=1,b=4,c=7	true
chat_allowed	tut=Line;chat=49:PlayPropose;a=1,b=5,c=0	true
chat_allowed	tut=Line;chat=49:PlayPropose;a=1,b=5,c=1	true
chat_allowed	tut=Line;chat=49:PlayPropose;a=1,b=5,c=2	true
chat_allowed	tut=Line;chat=49:PlayPropose;a=1,b=5,c=3	true
chat_allowed	tut=Line;chat=49:PlayPropose;a=1,b=5,c=4	true
chat_allowed	tut=Line;chat=49:PlayPropose;a=1,b=5,c=5	true
chat_allowed	tut=Line;chat=49:PlayPropose;a=1,b=5,c=6	true
chat_allowed	tut=Line;chat=49:PlayPropose;a=1,b=5,c=7	true
chat_allowed	tut=Line;chat=49:PlayPropose;a=1,b=6,c=0	true
chat_allowed	tut=Line;chat=49:PlayPropose;a=1,b=6,c=1	true
chat_allowed	tut=Line;chat=49:PlayPropose;a=1,b=6,c=2	true
chat_allowed	tut=Line;chat=49:PlayPropose;a=1,b=6,c=3	true
chat_allowed	tut=Line;chat=49:PlayPropose;a=1,b=6,c=4	true
chat_allowed	tut=Line;chat=49:PlayPropose;a=1,b=6,c=5	true
chat_allowed	tut=Line;chat=49:PlayPropose;a=1,b=6,c=6	true
chat_allowed	tut=Line;chat=49:PlayPropose;a=1,b=6,c=7	true
chat_allowed	tut=Line;chat=49:PlayPropose;a=1,b=7,c=0	true
chat_allowed	tut=Line;chat=49:PlayPropose;a=1,b=7,c=1	true
chat_allowed	tut=Line;chat=49:PlayPropose;a=1,b=7,c=2	true
chat_allowed	tut=Line;chat=49:PlayPropose;a=1,b=7,c=3	true
chat_allowed	tut=Line;chat=49:PlayPropose;a=1,b=7,c=4	true
chat_allowed	tut=Line;chat=49:PlayPropose;a=1,b=7,c=5	true
chat_allowed	tut=Line;chat=49:PlayPropose;a=1,b=7,c=6	true
chat_allowed	tut=Line;chat=49:PlayPropose;a=1,b=7,c=7	true
chat_allowed	tut=Line;chat=49:PlayPropose;a=2,b=0,c=0	true
chat_allowed	tut=Line;chat=49:PlayPropose;a=2,b=0,c=1	true
chat_allowed	tut=Line;chat=49:PlayPropose;a=2,b=0,c=2	true
chat_allowed	tut=Line;chat=49:PlayPropose;a=2,b=0,c=3	true
chat_allowed	tut=Line;chat=49:PlayPropose;a=2,b=0,c=4	true
chat_allowed	tut=Line;chat=49:PlayPropose;a=2,b=0,c=5	true
chat_allowed	tut=Line;chat=49:PlayPropose;a=2,b=0,c=6	true
chat_allowed	tut=Line;chat=49:PlayPropose;a=2,b=0,c=7	true
chat_allowed	tut=Line;chat=49:PlayPropose;a=2,b=1,c=0	true
chat_allowed	tut=Line;chat=49:PlayPropose;a=2,b=1,c=1	true
chat_allowed	tut=Line;chat=49:PlayPropose;a=2,b=1,c=2	true
chat_allowed	tut=Line;chat=49:PlayPropose;a=2,b=1,c=3	true
chat_allowed	tut=Line;chat=49:PlayPropose;a=2,b=1,c=4	true
chat_allowed	tut=Line;chat=49:PlayPropose;a=2,b=1,c=5	true
chat_allowed	tut=Line;chat=49:PlayPropose;a=2,b=1,c=6	true
chat_allowed	tut=Line;chat=49:PlayPropose;a=2,b=1,c=7	true
chat_allowed	tut=Line;chat=49:PlayPropose;a=2,b=2,c=0	true
chat_allowed	tut=Line;chat=49:PlayPropose;a=2,b=2,c=1	true
chat_allowed	tut=Line;chat=49:PlayPropose;a=2,b=2,c=2	true
chat_allowed	tut=Line;chat=49:PlayPropose;a=2,b=2,c=3	true
chat_allowed	tut=Line;chat=49:PlayPropose;a=2,b=2,c=4	true
chat_allowed	tut=Line;chat=49:PlayPropose;a=2,b=2,c=5	true
chat_allowed	tut=Line;chat=49:PlayPropose;a=2,b=2,c=6	true
chat_allowed	tut=Line;chat=49:PlayPropose;a=2,b=2,c=7	true
chat_allowed	tut=Line;chat=49:PlayPropose;a=2,b=3,c=0	true
chat_allowed	tut=Line;chat=49:PlayPropose;a=2,b=3,c=1	true
chat_allowed	tut=Line;chat=49:PlayPropose;a=2,b=3,c=2	true
chat_allowed	tut=Line;chat=49:PlayPropose;a=2,b=3,c=3	true
chat_allowed	tut=Line;chat=49:PlayPropose;a=2,b=3,c=4	true
chat_allowed	tut=Line;chat=49:PlayPropose;a=2,b=3,c=5	true
chat_allowed	tut=Line;chat=49:PlayPropose;a=2,b=3,c=6	true
chat_allowed	tut=Line;chat=49:PlayPropose;a=2,b=3,c=7	true
chat_allowed	tut=Line;chat=49:PlayPropose;a=2,b=4,c=0	true
chat_allowed	tut=Line;chat=49:PlayPropose;a=2,b=4,c=1	true
chat_allowed	tut=Line;chat=49:PlayPropose;a=2,b=4,c=2	true
chat_allowed	tut=Line;chat=49:PlayPropose;a=2,b=4,c=3	true
chat_allowed	tut=Line;chat=49:PlayPropose;a=2,b=4,c=4	true
chat_allowed	tut=Line;chat=49:PlayPropose;a=2,b=4,c=5	true
chat_allowed	tut=Line;chat=49:PlayPropose;a=2,b=4,c=6	true
chat_allowed	tut=Line;chat=49:PlayPropose;a=2,b=4,c=7	true
chat_allowed	tut=Line;chat=49:PlayPropose;a=2,b=5,c=0	true
chat_allowed	tut=Line;chat=49:PlayPropose;a=2,b=5,c=1	true
chat_allowed	tut=Line;chat=49:PlayPropose;a=2,b=5,c=2	true
chat_allowed	tut=Line;chat=49:PlayPropose;a=2,b=5,c=3	true
chat_allowed	tut=Line;chat=49:PlayPropose;a=2,b=5,c=4	true
chat_allowed	tut=Line;chat=49:PlayPropose;a=2,b=5,c=5	true
chat_allowed	tut=Line;chat=49:PlayPropose;a=2,b=5,c=6	true
chat_allowed	tut=Line;chat=49:PlayPropose;a=2,b=5,c=7	true
chat_allowed	tut=Line;chat=49:PlayPropose;a=2,b=6,c=0	true
chat_allowed	tut=Line;chat=49:PlayPropose;a=2,b=6,c=1	true
chat_allowed	tut=Line;chat=49:PlayPropose;a=2,b=6,c=2	true
chat_allowed	tut=Line;chat=49:PlayPropose;a=2,b=6,c=3	true
chat_allowed	tut=Line;chat=49:PlayPropose;a=2,b=6,c=4	true
chat_allowed	tut=Line;chat=49:PlayPropose;a=2,b=6,c=5	true
chat_allowed	tut=Line;chat=49:PlayPropose;a=2,b=6,c=6	true
chat_allowed	tut=Line;chat=49:PlayPropose;a=2,b=6,c=7	true
chat_allowed	tut=Line;chat=49:PlayPropose;a=2,b=7,c=0	true
chat_allowed	tut=Line;chat=49:PlayPropose;a=2,b=7,c=1	true
chat_allowed	tut=Line;chat=49:PlayPropose;a=2,b=7,c=2	true
chat_allowed	tut=Line;chat=49:PlayPropose;a=2,b=7,c=3	true
chat_allowed	tut=Line;chat=49:PlayPropose;a=2,b=7,c=4	true
chat_allowed	tut=Line;chat=49:PlayPropose;a=2,b=7,c=5	true
chat_allowed	tut=Line;chat=49:PlayPropose;a=2,b=7,c=6	true
chat_allowed	tut=Line;chat=49:PlayPropose;a=2,b=7,c=7	true
chat_allowed	tut=Line;chat=49:PlayPropose;a=3,b=0,c=0	true
chat_allowed	tut=Line;chat=49:PlayPropose;a=3,b=0,c=1	true
chat_allowed	tut=Line;chat=49:PlayPropose;a=3,b=0,c=2	true
chat_allowed	tut=Line;chat=49:PlayPropose;a=3,b=0,c=3	true
chat_allowed	tut=Line;chat=49:PlayPropose;a=3,b=0,c=4	true
chat_allowed	tut=Line;chat=49:PlayPropose;a=3,b=0,c=5	true
chat_allowed	tut=Line;chat=49:PlayPropose;a=3,b=0,c=6	true
chat_allowed	tut=Line;chat=49:PlayPropose;a=3,b=0,c=7	true
chat_allowed	tut=Line;chat=49:PlayPropose;a=3,b=1,c=0	true
chat_allowed	tut=Line;chat=49:PlayPropose;a=3,b=1,c=1	true
chat_allowed	tut=Line;chat=49:PlayPropose;a=3,b=1,c=2	true
chat_allowed	tut=Line;chat=49:PlayPropose;a=3,b=1,c=3	true
chat_allowed	tut=Line;chat=49:PlayPropose;a=3,b=1,c=4	true
chat_allowed	tut=Line;chat=49:PlayPropose;a=3,b=1,c=5	true
chat_allowed	tut=Line;chat=49:PlayPropose;a=3,b=1,c=6	true
chat_allowed	tut=Line;chat=49:PlayPropose;a=3,b=1,c=7	true
chat_allowed	tut=Line;chat=49:PlayPropose;a=3,b=2,c=0	true
chat_allowed	tut=Line;chat=49:PlayPropose;a=3,b=2,c=1	true
chat_allowed	tut=Line;chat=49:PlayPropose;a=3,b=2,c=2	true
chat_allowed	tut=Line;chat=49:PlayPropose;a=3,b=2,c=3	true
chat_allowed	tut=Line;chat=49:PlayPropose;a=3,b=2,c=4	true
chat_allowed	tut=Line;chat=49:PlayPropose;a=3,b=2,c=5	true
chat_allowed	tut=Line;chat=49:PlayPropose;a=3,b=2,c=6	true
chat_allowed	tut=Line;chat=49:PlayPropose;a=3,b=2,c=7	true
chat_allowed	tut=Line;chat=49:PlayPropose;a=3,b=3,c=0	true
chat_allowed	tut=Line;chat=49:PlayPropose;a=3,b=3,c=1	true
chat_allowed	tut=Line;chat=49:PlayPropose;a=3,b=3,c=2	true
chat_allowed	tut=Line;chat=49:PlayPropose;a=3,b=3,c=3	true
chat_allowed	tut=Line;chat=49:PlayPropose;a=3,b=3,c=4	true
chat_allowed	tut=Line;chat=49:PlayPropose;a=3,b=3,c=5	true
chat_allowed	tut=Line;chat=49:PlayPropose;a=3,b=3,c=6	true
chat_allowed	tut=Line;chat=49:PlayPropose;a=3,b=3,c=7	true
chat_allowed	tut=Line;chat=49:PlayPropose;a=3,b=4,c=0	true
chat_allowed	tut=Line;chat=49:PlayPropose;a=3,b=4,c=1	true
chat_allowed	tut=Line;chat=49:PlayPropose;a=3,b=4,c=2	true
chat_allowed	tut=Line;chat=49:PlayPropose;a=3,b=4,c=3	true
chat_allowed	tut=Line;chat=49:PlayPropose;a=3,b=4,c=4	true
chat_allowed	tut=Line;chat=49:PlayPropose;a=3,b=4,c=5	true
chat_allowed	tut=Line;chat=49:PlayPropose;a=3,b=4,c=6	true
chat_allowed	tut=Line;chat=49:PlayPropose;a=3,b=4,c=7	true
chat_allowed	tut=Line;chat=49:PlayPropose;a=3,b=5,c=0	true
chat_allowed	tut=Line;chat=49:PlayPropose;a=3,b=5,c=1	true
chat_allowed	tut=Line;chat=49:PlayPropose;a=3,b=5,c=2	true
chat_allowed	tut=Line;chat=49:PlayPropose;a=3,b=5,c=3	true
chat_allowed	tut=Line;chat=49:PlayPropose;a=3,b=5,c=4	true
chat_allowed	tut=Line;chat=49:PlayPropose;a=3,b=5,c=5	true
chat_allowed	tut=Line;chat=49:PlayPropose;a=3,b=5,c=6	true
chat_allowed	tut=Line;chat=49:PlayPropose;a=3,b=5,c=7	true
chat_allowed	tut=Line;chat=49:PlayPropose;a=3,b=6,c=0	true
chat_allowed	tut=Line;chat=49:PlayPropose;a=3,b=6,c=1	true
chat_allowed	tut=Line;chat=49:PlayPropose;a=3,b=6,c=2	true
chat_allowed	tut=Line;chat=49:PlayPropose;a=3,b=6,c=3	true
chat_allowed	tut=Line;chat=49:PlayPropose;a=3,b=6,c=4	true
chat_allowed	tut=Line;chat=49:PlayPropose;a=3,b=6,c=5	true
chat_allowed	tut=Line;chat=49:PlayPropose;a=3,b=6,c=6	true
chat_allowed	tut=Line;chat=49:PlayPropose;a=3,b=6,c=7	true
chat_allowed	tut=Line;chat=49:PlayPropose;a=3,b=7,c=0	true
chat_allowed	tut=Line;chat=49:PlayPropose;a=3,b=7,c=1	true
chat_allowed	tut=Line;chat=49:PlayPropose;a=3,b=7,c=2	true
chat_allowed	tut=Line;chat=49:PlayPropose;a=3,b=7,c=3	true
chat_allowed	tut=Line;chat=49:PlayPropose;a=3,b=7,c=4	true
chat_allowed	tut=Line;chat=49:PlayPropose;a=3,b=7,c=5	true
chat_allowed	tut=Line;chat=49:PlayPropose;a=3,b=7,c=6	true
chat_allowed	tut=Line;chat=49:PlayPropose;a=3,b=7,c=7	true
chat_allowed	tut=Line;chat=49:PlayPropose;a=4,b=0,c=0	true
chat_allowed	tut=Line;chat=49:PlayPropose;a=4,b=0,c=1	true
chat_allowed	tut=Line;chat=49:PlayPropose;a=4,b=0,c=2	true
chat_allowed	tut=Line;chat=49:PlayPropose;a=4,b=0,c=3	true
chat_allowed	tut=Line;chat=49:PlayPropose;a=4,b=0,c=4	true
chat_allowed	tut=Line;chat=49:PlayPropose;a=4,b=0,c=5	true
chat_allowed	tut=Line;chat=49:PlayPropose;a=4,b=0,c=6	true
chat_allowed	tut=Line;chat=49:PlayPropose;a=4,b=0,c=7	true
chat_allowed	tut=Line;chat=49:PlayPropose;a=4,b=1,c=0	true
chat_allowed	tut=Line;chat=49:PlayPropose;a=4,b=1,c=1	true
chat_allowed	tut=Line;chat=49:PlayPropose;a=4,b=1,c=2	true
chat_allowed	tut=Line;chat=49:PlayPropose;a=4,b=1,c=3	true
chat_allowed	tut=Line;chat=49:PlayPropose;a=4,b=1,c=4	true
chat_allowed	tut=Line;chat=49:PlayPropose;a=4,b=1,c=5	true
chat_allowed	tut=Line;chat=49:PlayPropose;a=4,b=1,c=6	true
chat_allowed	tut=Line;chat=49:PlayPropose;a=4,b=1,c=7	true
chat_allowed	tut=Line;chat=49:PlayPropose;a=4,b=2,c=0	true
chat_allowed	tut=Line;chat=49:PlayPropose;a=4,b=2,c=1	true
chat_allowed	tut=Line;chat=49:PlayPropose;a=4,b=2,c=2	true
chat_allowed	tut=Line;chat=49:PlayPropose;a=4,b=2,c=3	true
chat_allowed	tut=Line;chat=49:PlayPropose;a=4,b=2,c=4	true
chat_allowed	tut=Line;chat=49:PlayPropose;a=4,b=2,c=5	true
chat_allowed	tut=Line;chat=49:PlayPropose;a=4,b=2,c=6	true
chat_allowed	tut=Line;chat=49:PlayPropose;a=4,b=2,c=7	true
chat_allowed	tut=Line;chat=49:PlayPropose;a=4,b=3,c=0	true
chat_allowed	tut=Line;chat=49:PlayPropose;a=4,b=3,c=1	true
chat_allowed	tut=Line;chat=49:PlayPropose;a=4,b=3,c=2	true
chat_allowed	tut=Line;chat=49:PlayPropose;a=4,b=3,c=3	true
chat_allowed	tut=Line;chat=49:PlayPropose;a=4,b=3,c=4	true
chat_allowed	tut=Line;chat=49:PlayPropose;a=4,b=3,c=5	true
chat_allowed	tut=Line;chat=49:PlayPropose;a=4,b=3,c=6	true
chat_allowed	tut=Line;chat=49:PlayPropose;a=4,b=3,c=7	true
chat_allowed	tut=Line;chat=49:PlayPropose;a=4,b=4,c=0	true
chat_allowed	tut=Line;chat=49:PlayPropose;a=4,b=4,c=1	true
chat_allowed	tut=Line;chat=49:PlayPropose;a=4,b=4,c=2	true
chat_allowed	tut=Line;chat=49:PlayPropose;a=4,b=4,c=3	true
chat_allowed	tut=Line;chat=49:PlayPropose;a=4,b=4,c=4	true
chat_allowed	tut=Line;chat=49:PlayPropose;a=4,b=4,c=5	true
chat_allowed	tut=Line;chat=49:PlayPropose;a=4,b=4,c=6	true
chat_allowed	tut=Line;chat=49:PlayPropose;a=4,b=4,c=7	true
chat_allowed	tut=Line;chat=49:PlayPropose;a=4,b=5,c=0	true
chat_allowed	tut=Line;chat=49:PlayPropose;a=4,b=5,c=1	true
chat_allowed	tut=Line;chat=49:PlayPropose;a=4,b=5,c=2	true
chat_allowed	tut=Line;chat=49:PlayPropose;a=4,b=5,c=3	true
chat_allowed	tut=Line;chat=49:PlayPropose;a=4,b=5,c=4	true
chat_allowed	tut=Line;chat=49:PlayPropose;a=4,b=5,c=5	true
chat_allowed	tut=Line;chat=49:PlayPropose;a=4,b=5,c=6	true
chat_allowed	tut=Line;chat=49:PlayPropose;a=4,b=5,c=7	true
chat_allowed	tut=Line;chat=49:PlayPropose;a=4,b=6,c=0	true
chat_allowed	tut=Line;chat=49:PlayPropose;a=4,b=6,c=1	true
chat_allowed	tut=Line;chat=49:PlayPropose;a=4,b=6,c=2	true
chat_allowed	tut=Line;chat=49:PlayPropose;a=4,b=6,c=3	true
chat_allowed	tut=Line;chat=49:PlayPropose;a=4,b=6,c=4	true
chat_allowed	tut=Line;chat=49:PlayPropose;a=4,b=6,c=5	true
chat_allowed	tut=Line;chat=49:PlayPropose;a=4,b=6,c=6	true
chat_allowed	tut=Line;chat=49:PlayPropose;a=4,b=6,c=7	true
chat_allowed	tut=Line;chat=49:PlayPropose;a=4,b=7,c=0	true
chat_allowed	tut=Line;chat=49:PlayPropose;a=4,b=7,c=1	true
chat_allowed	tut=Line;chat=49:PlayPropose;a=4,b=7,c=2	true
chat_allowed	tut=Line;chat=49:PlayPropose;a=4,b=7,c=3	true
chat_allowed	tut=Line;chat=49:PlayPropose;a=4,b=7,c=4	true
chat_allowed	tut=Line;chat=49:PlayPropose;a=4,b=7,c=5	true
chat_allowed	tut=Line;chat=49:PlayPropose;a=4,b=7,c=6	true
chat_allowed	tut=Line;chat=49:PlayPropose;a=4,b=7,c=7	true
chat_allowed	tut=Line;chat=49:PlayPropose;a=5,b=0,c=0	true
chat_allowed	tut=Line;chat=49:PlayPropose;a=5,b=0,c=1	true
chat_allowed	tut=Line;chat=49:PlayPropose;a=5,b=0,c=2	true
chat_allowed	tut=Line;chat=49:PlayPropose;a=5,b=0,c=3	true
chat_allowed	tut=Line;chat=49:PlayPropose;a=5,b=0,c=4	true
chat_allowed	tut=Line;chat=49:PlayPropose;a=5,b=0,c=5	true
chat_allowed	tut=Line;chat=49:PlayPropose;a=5,b=0,c=6	true
chat_allowed	tut=Line;chat=49:PlayPropose;a=5,b=0,c=7	true
chat_allowed	tut=Line;chat=49:PlayPropose;a=5,b=1,c=0	true
chat_allowed	tut=Line;chat=49:PlayPropose;a=5,b=1,c=1	true
chat_allowed	tut=Line;chat=49:PlayPropose;a=5,b=1,c=2	true
chat_allowed	tut=Line;chat=49:PlayPropose;a=5,b=1,c=3	true
chat_allowed	tut=Line;chat=49:PlayPropose;a=5,b=1,c=4	true
chat_allowed	tut=Line;chat=49:PlayPropose;a=5,b=1,c=5	true
chat_allowed	tut=Line;chat=49:PlayPropose;a=5,b=1,c=6	true
chat_allowed	tut=Line;chat=49:PlayPropose;a=5,b=1,c=7	true
chat_allowed	tut=Line;chat=49:PlayPropose;a=5,b=2,c=0	true
chat_allowed	tut=Line;chat=49:PlayPropose;a=5,b=2,c=1	true
chat_allowed	tut=Line;chat=49:PlayPropose;a=5,b=2,c=2	true
chat_allowed	tut=Line;chat=49:PlayPropose;a=5,b=2,c=3	true
chat_allowed	tut=Line;chat=49:PlayPropose;a=5,b=2,c=4	true
chat_allowed	tut=Line;chat=49:PlayPropose;a=5,b=2,c=5	true
chat_allowed	tut=Line;chat=49:PlayPropose;a=5,b=2,c=6	true
chat_allowed	tut=Line;chat=49:PlayPropose;a=5,b=2,c=7	true
chat_allowed	tut=Line;chat=49:PlayPropose;a=5,b=3,c=0	true
chat_allowed	tut=Line;chat=49:PlayPropose;a=5,b=3,c=1	true
chat_allowed	tut=Line;chat=49:PlayPropose;a=5,b=3,c=2	true
chat_allowed	tut=Line;chat=49:PlayPropose;a=5,b=3,c=3	true
chat_allowed	tut=Line;chat=49:PlayPropose;a=5,b=3,c=4	true
chat_allowed	tut=Line;chat=49:PlayPropose;a=5,b=3,c=5	true
chat_allowed	tut=Line;chat=49:PlayPropose;a=5,b=3,c=6	true
chat_allowed	tut=Line;chat=49:PlayPropose;a=5,b=3,c=7	true
chat_allowed	tut=Line;chat=49:PlayPropose;a=5,b=4,c=0	true
chat_allowed	tut=Line;chat=49:PlayPropose;a=5,b=4,c=1	true
chat_allowed	tut=Line;chat=49:PlayPropose;a=5,b=4,c=2	true
chat_allowed	tut=Line;chat=49:PlayPropose;a=5,b=4,c=3	true
chat_allowed	tut=Line;chat=49:PlayPropose;a=5,b=4,c=4	true
chat_allowed	tut=Line;chat=49:PlayPropose;a=5,b=4,c=5	true
chat_allowed	tut=Line;chat=49:PlayPropose;a=5,b=4,c=6	true
chat_allowed	tut=Line;chat=49:PlayPropose;a=5,b=4,c=7	true
chat_allowed	tut=Line;chat=49:PlayPropose;a=5,b=5,c=0	true
chat_allowed	tut=Line;chat=49:PlayPropose;a=5,b=5,c=1	true
chat_allowed	tut=Line;chat=49:PlayPropose;a=5,b=5,c=2	true
chat_allowed	tut=Line;chat=49:PlayPropose;a=5,b=5,c=3	true
chat_allowed	tut=Line;chat=49:PlayPropose;a=5,b=5,c=4	true
chat_allowed	tut=Line;chat=49:PlayPropose;a=5,b=5,c=5	true
chat_allowed	tut=Line;chat=49:PlayPropose;a=5,b=5,c=6	true
chat_allowed	tut=Line;chat=49:PlayPropose;a=5,b=5,c=7	true
chat_allowed	tut=Line;chat=49:PlayPropose;a=5,b=6,c=0	true
chat_allowed	tut=Line;chat=49:PlayPropose;a=5,b=6,c=1	true
chat_allowed	tut=Line;chat=49:PlayPropose;a=5,b=6,c=2	true
chat_allowed	tut=Line;chat=49:PlayPropose;a=5,b=6,c=3	true
chat_allowed	tut=Line;chat=49:PlayPropose;a=5,b=6,c=4	true
chat_allowed	tut=Line;chat=49:PlayPropose;a=5,b=6,c=5	true
chat_allowed	tut=Line;chat=49:PlayPropose;a=5,b=6,c=6	true
chat_allowed	tut=Line;chat=49:PlayPropose;a=5,b=6,c=7	true
chat_allowed	tut=Line;chat=49:PlayPropose;a=5,b=7,c=0	true
chat_allowed	tut=Line;chat=49:PlayPropose;a=5,b=7,c=1	true
chat_allowed	tut=Line;chat=49:PlayPropose;a=5,b=7,c=2	true
chat_allowed	tut=Line;chat=49:PlayPropose;a=5,b=7,c=3	true
chat_allowed	tut=Line;chat=49:PlayPropose;a=5,b=7,c=4	true
chat_allowed	tut=Line;chat=49:PlayPropose;a=5,b=7,c=5	true
chat_allowed	tut=Line;chat=49:PlayPropose;a=5,b=7,c=6	true
chat_allowed	tut=Line;chat=49:PlayPropose;a=5,b=7,c=7	true
chat_allowed	tut=Line;chat=49:PlayPropose;a=6,b=0,c=0	true
chat_allowed	tut=Line;chat=49:PlayPropose;a=6,b=0,c=1	true
chat_allowed	tut=Line;chat=49:PlayPropose;a=6,b=0,c=2	true
chat_allowed	tut=Line;chat=49:PlayPropose;a=6,b=0,c=3	true
chat_allowed	tut=Line;chat=49:PlayPropose;a=6,b=0,c=4	true
chat_allowed	tut=Line;chat=49:PlayPropose;a=6,b=0,c=5	true
chat_allowed	tut=Line;chat=49:PlayPropose;a=6,b=0,c=6	true
chat_allowed	tut=Line;chat=49:PlayPropose;a=6,b=0,c=7	true
chat_allowed	tut=Line;chat=49:PlayPropose;a=6,b=1,c=0	true
chat_allowed	tut=Line;chat=49:PlayPropose;a=6,b=1,c=1	true
chat_allowed	tut=Line;chat=49:PlayPropose;a=6,b=1,c=2	true
chat_allowed	tut=Line;chat=49:PlayPropose;a=6,b=1,c=3	true
chat_allowed	tut=Line;chat=49:PlayPropose;a=6,b=1,c=4	true
chat_allowed	tut=Line;chat=49:PlayPropose;a=6,b=1,c=5	true
chat_allowed	tut=Line;chat=49:PlayPropose;a=6,b=1,c=6	true
chat_allowed	tut=Line;chat=49:PlayPropose;a=6,b=1,c=7	true
chat_allowed	tut=Line;chat=49:PlayPropose;a=6,b=2,c=0	true
chat_allowed	tut=Line;chat=49:PlayPropose;a=6,b=2,c=1	true
chat_allowed	tut=Line;chat=49:PlayPropose;a=6,b=2,c=2	true
chat_allowed	tut=Line;chat=49:PlayPropose;a=6,b=2,c=3	true
chat_allowed	tut=Line;chat=49:PlayPropose;a=6,b=2,c=4	true
chat_allowed	tut=Line;chat=49:PlayPropose;a=6,b=2,c=5	true
chat_allowed	tut=Line;chat=49:PlayPropose;a=6,b=2,c=6	true
chat_allowed	tut=Line;chat=49:PlayPropose;a=6,b=2,c=7	true
chat_allowed	tut=Line;chat=49:PlayPropose;a=6,b=3,c=0	true
chat_allowed	tut=Line;chat=49:PlayPropose;a=6,b=3,c=1	true
chat_allowed	tut=Line;chat=49:PlayPropose;a=6,b=3,c=2	true
chat_allowed	tut=Line;chat=49:PlayPropose;a=6,b=3,c=3	true
chat_allowed	tut=Line;chat=49:PlayPropose;a=6,b=3,c=4	true
chat_allowed	tut=Line;chat=49:PlayPropose;a=6,b=3,c=5	true
chat_allowed	tut=Line;chat=49:PlayPropose;a=6,b=3,c=6	true
chat_allowed	tut=Line;chat=49:PlayPropose;a=6,b=3,c=7	true
chat_allowed	tut=Line;chat=49:PlayPropose;a=6,b=4,c=0	true
chat_allowed	tut=Line;chat=49:PlayPropose;a=6,b=4,c=1	true
chat_allowed	tut=Line;chat=49:PlayPropose;a=6,b=4,c=2	true
chat_allowed	tut=Line;chat=49:PlayPropose;a=6,b=4,c=3	true
chat_allowed	tut=Line;chat=49:PlayPropose;a=6,b=4,c=4	true
chat_allowed	tut=Line;chat=49:PlayPropose;a=6,b=4,c=5	true
chat_allowed	tut=Line;chat=49:PlayPropose;a=6,b=4,c=6	true
chat_allowed	tut=Line;chat=49:PlayPropose;a=6,b=4,c=7	true
chat_allowed	tut=Line;chat=49:PlayPropose;a=6,b=5,c=0	true
chat_allowed	tut=Line;chat=49:PlayPropose;a=6,b=5,c=1	true
chat_allowed	tut=Line;chat=49:PlayPropose;a=6,b=5,c=2	true
chat_allowed	tut=Line;chat=49:PlayPropose;a=6,b=5,c=3	true
chat_allowed	tut=Line;chat=49:PlayPropose;a=6,b=5,c=4	true
chat_allowed	tut=Line;chat=49:PlayPropose;a=6,b=5,c=5	true
chat_allowed	tut=Line;chat=49:PlayPropose;a=6,b=5,c=6	true
chat_allowed	tut=Line;chat=49:PlayPropose;a=6,b=5,c=7	true
chat_allowed	tut=Line;chat=49:PlayPropose;a=6,b=6,c=0	true
chat_allowed	tut=Line;chat=49:PlayPropose;a=6,b=6,c=1	true
chat_allowed	tut=Line;chat=49:PlayPropose;a=6,b=6,c=2	true
chat_allowed	tut=Line;chat=49:PlayPropose;a=6,b=6,c=3	true
chat_allowed	tut=Line;chat=49:PlayPropose;a=6,b=6,c=4	true
chat_allowed	tut=Line;chat=49:PlayPropose;a=6,b=6,c=5	true
chat_allowed	tut=Line;chat=49:PlayPropose;a=6,b=6,c=6	true
chat_allowed	tut=Line;chat=49:PlayPropose;a=6,b=6,c=7	true
chat_allowed	tut=Line;chat=49:PlayPropose;a=6,b=7,c=0	true
chat_allowed	tut=Line;chat=49:PlayPropose;a=6,b=7,c=1	true
chat_allowed	tut=Line;chat=49:PlayPropose;a=6,b=7,c=2	true
chat_allowed	tut=Line;chat=49:PlayPropose;a=6,b=7,c=3	true
chat_allowed	tut=Line;chat=49:PlayPropose;a=6,b=7,c=4	true
chat_allowed	tut=Line;chat=49:PlayPropose;a=6,b=7,c=5	true
chat_allowed	tut=Line;chat=49:PlayPropose;a=6,b=7,c=6	true
chat_allowed	tut=Line;chat=49:PlayPropose;a=6,b=7,c=7	true
chat_allowed	tut=Line;chat=49:PlayPropose;a=7,b=0,c=0	true
chat_allowed	tut=Line;chat=49:PlayPropose;a=7,b=0,c=1	true
chat_allowed	tut=Line;chat=49:PlayPropose;a=7,b=0,c=2	true
chat_allowed	tut=Line;chat=49:PlayPropose;a=7,b=0,c=3	true
chat_allowed	tut=Line;chat=49:PlayPropose;a=7,b=0,c=4	true
chat_allowed	tut=Line;chat=49:PlayPropose;a=7,b=0,c=5	true
chat_allowed	tut=Line;chat=49:PlayPropose;a=7,b=0,c=6	true
chat_allowed	tut=Line;chat=49:PlayPropose;a=7,b=0,c=7	true
chat_allowed	tut=Line;chat=49:PlayPropose;a=7,b=1,c=0	true
chat_allowed	tut=Line;chat=49:PlayPropose;a=7,b=1,c=1	true
chat_allowed	tut=Line;chat=49:PlayPropose;a=7,b=1,c=2	true
chat_allowed	tut=Line;chat=49:PlayPropose;a=7,b=1,c=3	true
chat_allowed	tut=Line;chat=49:PlayPropose;a=7,b=1,c=4	true
chat_allowed	tut=Line;chat=49:PlayPropose;a=7,b=1,c=5	true
chat_allowed	tut=Line;chat=49:PlayPropose;a=7,b=1,c=6	true
chat_allowed	tut=Line;chat=49:PlayPropose;a=7,b=1,c=7	true
chat_allowed	tut=Line;chat=49:PlayPropose;a=7,b=2,c=0	true
chat_allowed	tut=Line;chat=49:PlayPropose;a=7,b=2,c=1	true
chat_allowed	tut=Line;chat=49:PlayPropose;a=7,b=2,c=2	true
chat_allowed	tut=Line;chat=49:PlayPropose;a=7,b=2,c=3	true
chat_allowed	tut=Line;chat=49:PlayPropose;a=7,b=2,c=4	true
chat_allowed	tut=Line;chat=49:PlayPropose;a=7,b=2,c=5	true
chat_allowed	tut=Line;chat=49:PlayPropose;a=7,b=2,c=6	true
chat_allowed	tut=Line;chat=49:PlayPropose;a=7,b=2,c=7	true
chat_allowed	tut=Line;chat=49:PlayPropose;a=7,b=3,c=0	true
chat_allowed	tut=Line;chat=49:PlayPropose;a=7,b=3,c=1	true
chat_allowed	tut=Line;chat=49:PlayPropose;a=7,b=3,c=2	true
chat_allowed	tut=Line;chat=49:PlayPropose;a=7,b=3,c=3	true
chat_allowed	tut=Line;chat=49:PlayPropose;a=7,b=3,c=4	true
chat_allowed	tut=Line;chat=49:PlayPropose;a=7,b=3,c=5	true
chat_allowed	tut=Line;chat=49:PlayPropose;a=7,b=3,c=6	true
chat_allowed	tut=Line;chat=49:PlayPropose;a=7,b=3,c=7	true
chat_allowed	tut=Line;chat=49:PlayPropose;a=7,b=4,c=0	true
chat_allowed	tut=Line;chat=49:PlayPropose;a=7,b=4,c=1	true
chat_allowed	tut=Line;chat=49:PlayPropose;a=7,b=4,c=2	true
chat_allowed	tut=Line;chat=49:PlayPropose;a=7,b=4,c=3	true
chat_allowed	tut=Line;chat=49:PlayPropose;a=7,b=4,c=4	true
chat_allowed	tut=Line;chat=49:PlayPropose;a=7,b=4,c=5	true
chat_allowed	tut=Line;chat=49:PlayPropose;a=7,b=4,c=6	true
chat_allowed	tut=Line;chat=49:PlayPropose;a=7,b=4,c=7	true
chat_allowed	tut=Line;chat=49:PlayPropose;a=7,b=5,c=0	true
chat_allowed	tut=Line;chat=49:PlayPropose;a=7,b=5,c=1	true
chat_allowed	tut=Line;chat=49:PlayPropose;a=7,b=5,c=2	true
chat_allowed	tut=Line;chat=49:PlayPropose;a=7,b=5,c=3	true
chat_allowed	tut=Line;chat=49:PlayPropose;a=7,b=5,c=4	true
chat_allowed	tut=Line;chat=49:PlayPropose;a=7,b=5,c=5	true
chat_allowed	tut=Line;chat=49:PlayPropose;a=7,b=5,c=6	true
chat_allowed	tut=Line;chat=49:PlayPropose;a=7,b=5,c=7	true
chat_allowed	tut=Line;chat=49:PlayPropose;a=7,b=6,c=0	true
chat_allowed	tut=Line;chat=49:PlayPropose;a=7,b=6,c=1	true
chat_allowed	tut=Line;chat=49:PlayPropose;a=7,b=6,c=2	true
chat_allowed	tut=Line;chat=49:PlayPropose;a=7,b=6,c=3	true
chat_allowed	tut=Line;chat=49:PlayPropose;a=7,b=6,c=4	true
chat_allowed	tut=Line;chat=49:PlayPropose;a=7,b=6,c=5	true
chat_allowed	tut=Line;chat=49:PlayPropose;a=7,b=6,c=6	true
chat_allowed	tut=Line;chat=49:PlayPropose;a=7,b=6,c=7	true
chat_allowed	tut=Line;chat=49:PlayPropose;a=7,b=7,c=0	true
chat_allowed	tut=Line;chat=49:PlayPropose;a=7,b=7,c=1	true
chat_allowed	tut=Line;chat=49:PlayPropose;a=7,b=7,c=2	true
chat_allowed	tut=Line;chat=49:PlayPropose;a=7,b=7,c=3	true
chat_allowed	tut=Line;chat=49:PlayPropose;a=7,b=7,c=4	true
chat_allowed	tut=Line;chat=49:PlayPropose;a=7,b=7,c=5	true
chat_allowed	tut=Line;chat=49:PlayPropose;a=7,b=7,c=6	true
chat_allowed	tut=Line;chat=49:PlayPropose;a=7,b=7,c=7	true
chat_allowed	tut=Line;chat=50:GankPlan;line=Mid,a=0	true
chat_allowed	tut=Line;chat=50:GankPlan;line=Mid,a=1	true
chat_allowed	tut=Line;chat=50:GankPlan;line=Mid,a=2	true
chat_allowed	tut=Line;chat=50:GankPlan;line=Mid,a=3	true
chat_allowed	tut=Line;chat=50:GankPlan;line=Mid,a=4	true
chat_allowed	tut=Line;chat=50:GankPlan;line=Mid,a=5	true
chat_allowed	tut=Line;chat=50:GankPlan;line=Mid,a=6	true
chat_allowed	tut=Line;chat=50:GankPlan;line=Mid,a=7	true
chat_allowed	tut=Line;chat=50:GankPlan;line=Mid,a=8	true
chat_allowed	tut=Line;chat=50:GankPlan;line=Mid,a=9	true
chat_allowed	tut=Line;chat=50:GankPlan;line=Mid,a=10	true
chat_allowed	tut=Line;chat=50:GankPlan;line=Mid,a=11	true
chat_allowed	tut=Line;chat=50:GankPlan;line=Mid,a=12	true
chat_allowed	tut=Line;chat=50:GankPlan;line=Mid,a=13	true
chat_allowed	tut=Line;chat=50:GankPlan;line=Mid,a=14	true
chat_allowed	tut=Line;chat=50:GankPlan;line=Mid,a=15	true
chat_allowed	tut=Line;chat=50:GankPlan;line=Bottom,a=0	true
chat_allowed	tut=Line;chat=50:GankPlan;line=Bottom,a=1	true
chat_allowed	tut=Line;chat=50:GankPlan;line=Bottom,a=2	true
chat_allowed	tut=Line;chat=50:GankPlan;line=Bottom,a=3	true
chat_allowed	tut=Line;chat=50:GankPlan;line=Bottom,a=4	true
chat_allowed	tut=Line;chat=50:GankPlan;line=Bottom,a=5	true
chat_allowed	tut=Line;chat=50:GankPlan;line=Bottom,a=6	true
chat_allowed	tut=Line;chat=50:GankPlan;line=Bottom,a=7	true
chat_allowed	tut=Line;chat=50:GankPlan;line=Bottom,a=8	true
chat_allowed	tut=Line;chat=50:GankPlan;line=Bottom,a=9	true
chat_allowed	tut=Line;chat=50:GankPlan;line=Bottom,a=10	true
chat_allowed	tut=Line;chat=50:GankPlan;line=Bottom,a=11	true
chat_allowed	tut=Line;chat=50:GankPlan;line=Bottom,a=12	true
chat_allowed	tut=Line;chat=50:GankPlan;line=Bottom,a=13	true
chat_allowed	tut=Line;chat=50:GankPlan;line=Bottom,a=14	true
chat_allowed	tut=Line;chat=50:GankPlan;line=Bottom,a=15	true
chat_allowed	tut=Line;chat=50:GankPlan;line=Top,a=0	true
chat_allowed	tut=Line;chat=50:GankPlan;line=Top,a=1	true
chat_allowed	tut=Line;chat=50:GankPlan;line=Top,a=2	true
chat_allowed	tut=Line;chat=50:GankPlan;line=Top,a=3	true
chat_allowed	tut=Line;chat=50:GankPlan;line=Top,a=4	true
chat_allowed	tut=Line;chat=50:GankPlan;line=Top,a=5	true
chat_allowed	tut=Line;chat=50:GankPlan;line=Top,a=6	true
chat_allowed	tut=Line;chat=50:GankPlan;line=Top,a=7	true
chat_allowed	tut=Line;chat=50:GankPlan;line=Top,a=8	true
chat_allowed	tut=Line;chat=50:GankPlan;line=Top,a=9	true
chat_allowed	tut=Line;chat=50:GankPlan;line=Top,a=10	true
chat_allowed	tut=Line;chat=50:GankPlan;line=Top,a=11	true
chat_allowed	tut=Line;chat=50:GankPlan;line=Top,a=12	true
chat_allowed	tut=Line;chat=50:GankPlan;line=Top,a=13	true
chat_allowed	tut=Line;chat=50:GankPlan;line=Top,a=14	true
chat_allowed	tut=Line;chat=50:GankPlan;line=Top,a=15	true
chat_allowed	tut=Line;chat=47:PlayCall;a=0,b=0	true
chat_allowed	tut=Line;chat=55:CounterRequest;a=0,b=0	true
chat_allowed	tut=Line;chat=47:PlayCall;a=0,b=1	true
chat_allowed	tut=Line;chat=55:CounterRequest;a=0,b=1	true
chat_allowed	tut=Line;chat=47:PlayCall;a=0,b=2	true
chat_allowed	tut=Line;chat=55:CounterRequest;a=0,b=2	true
chat_allowed	tut=Line;chat=47:PlayCall;a=0,b=3	true
chat_allowed	tut=Line;chat=55:CounterRequest;a=0,b=3	true
chat_allowed	tut=Line;chat=47:PlayCall;a=0,b=4	true
chat_allowed	tut=Line;chat=55:CounterRequest;a=0,b=4	true
chat_allowed	tut=Line;chat=47:PlayCall;a=0,b=5	true
chat_allowed	tut=Line;chat=55:CounterRequest;a=0,b=5	true
chat_allowed	tut=Line;chat=47:PlayCall;a=0,b=6	true
chat_allowed	tut=Line;chat=55:CounterRequest;a=0,b=6	true
chat_allowed	tut=Line;chat=47:PlayCall;a=0,b=7	true
chat_allowed	tut=Line;chat=55:CounterRequest;a=0,b=7	true
chat_allowed	tut=Line;chat=47:PlayCall;a=0,b=8	true
chat_allowed	tut=Line;chat=55:CounterRequest;a=0,b=8	true
chat_allowed	tut=Line;chat=47:PlayCall;a=0,b=9	true
chat_allowed	tut=Line;chat=55:CounterRequest;a=0,b=9	true
chat_allowed	tut=Line;chat=47:PlayCall;a=0,b=10	true
chat_allowed	tut=Line;chat=55:CounterRequest;a=0,b=10	true
chat_allowed	tut=Line;chat=47:PlayCall;a=0,b=11	true
chat_allowed	tut=Line;chat=55:CounterRequest;a=0,b=11	true
chat_allowed	tut=Line;chat=47:PlayCall;a=0,b=12	true
chat_allowed	tut=Line;chat=55:CounterRequest;a=0,b=12	true
chat_allowed	tut=Line;chat=47:PlayCall;a=0,b=13	true
chat_allowed	tut=Line;chat=55:CounterRequest;a=0,b=13	true
chat_allowed	tut=Line;chat=47:PlayCall;a=0,b=14	true
chat_allowed	tut=Line;chat=55:CounterRequest;a=0,b=14	true
chat_allowed	tut=Line;chat=47:PlayCall;a=0,b=15	true
chat_allowed	tut=Line;chat=55:CounterRequest;a=0,b=15	true
chat_allowed	tut=Line;chat=47:PlayCall;a=1,b=0	true
chat_allowed	tut=Line;chat=55:CounterRequest;a=1,b=0	true
chat_allowed	tut=Line;chat=47:PlayCall;a=1,b=1	true
chat_allowed	tut=Line;chat=55:CounterRequest;a=1,b=1	true
chat_allowed	tut=Line;chat=47:PlayCall;a=1,b=2	true
chat_allowed	tut=Line;chat=55:CounterRequest;a=1,b=2	true
chat_allowed	tut=Line;chat=47:PlayCall;a=1,b=3	true
chat_allowed	tut=Line;chat=55:CounterRequest;a=1,b=3	true
chat_allowed	tut=Line;chat=47:PlayCall;a=1,b=4	true
chat_allowed	tut=Line;chat=55:CounterRequest;a=1,b=4	true
chat_allowed	tut=Line;chat=47:PlayCall;a=1,b=5	true
chat_allowed	tut=Line;chat=55:CounterRequest;a=1,b=5	true
chat_allowed	tut=Line;chat=47:PlayCall;a=1,b=6	true
chat_allowed	tut=Line;chat=55:CounterRequest;a=1,b=6	true
chat_allowed	tut=Line;chat=47:PlayCall;a=1,b=7	true
chat_allowed	tut=Line;chat=55:CounterRequest;a=1,b=7	true
chat_allowed	tut=Line;chat=47:PlayCall;a=1,b=8	true
chat_allowed	tut=Line;chat=55:CounterRequest;a=1,b=8	true
chat_allowed	tut=Line;chat=47:PlayCall;a=1,b=9	true
chat_allowed	tut=Line;chat=55:CounterRequest;a=1,b=9	true
chat_allowed	tut=Line;chat=47:PlayCall;a=1,b=10	true
chat_allowed	tut=Line;chat=55:CounterRequest;a=1,b=10	true
chat_allowed	tut=Line;chat=47:PlayCall;a=1,b=11	true
chat_allowed	tut=Line;chat=55:CounterRequest;a=1,b=11	true
chat_allowed	tut=Line;chat=47:PlayCall;a=1,b=12	true
chat_allowed	tut=Line;chat=55:CounterRequest;a=1,b=12	true
chat_allowed	tut=Line;chat=47:PlayCall;a=1,b=13	true
chat_allowed	tut=Line;chat=55:CounterRequest;a=1,b=13	true
chat_allowed	tut=Line;chat=47:PlayCall;a=1,b=14	true
chat_allowed	tut=Line;chat=55:CounterRequest;a=1,b=14	true
chat_allowed	tut=Line;chat=47:PlayCall;a=1,b=15	true
chat_allowed	tut=Line;chat=55:CounterRequest;a=1,b=15	true
chat_allowed	tut=Line;chat=47:PlayCall;a=2,b=0	true
chat_allowed	tut=Line;chat=55:CounterRequest;a=2,b=0	true
chat_allowed	tut=Line;chat=47:PlayCall;a=2,b=1	true
chat_allowed	tut=Line;chat=55:CounterRequest;a=2,b=1	true
chat_allowed	tut=Line;chat=47:PlayCall;a=2,b=2	true
chat_allowed	tut=Line;chat=55:CounterRequest;a=2,b=2	true
chat_allowed	tut=Line;chat=47:PlayCall;a=2,b=3	true
chat_allowed	tut=Line;chat=55:CounterRequest;a=2,b=3	true
chat_allowed	tut=Line;chat=47:PlayCall;a=2,b=4	true
chat_allowed	tut=Line;chat=55:CounterRequest;a=2,b=4	true
chat_allowed	tut=Line;chat=47:PlayCall;a=2,b=5	true
chat_allowed	tut=Line;chat=55:CounterRequest;a=2,b=5	true
chat_allowed	tut=Line;chat=47:PlayCall;a=2,b=6	true
chat_allowed	tut=Line;chat=55:CounterRequest;a=2,b=6	true
chat_allowed	tut=Line;chat=47:PlayCall;a=2,b=7	true
chat_allowed	tut=Line;chat=55:CounterRequest;a=2,b=7	true
chat_allowed	tut=Line;chat=47:PlayCall;a=2,b=8	true
chat_allowed	tut=Line;chat=55:CounterRequest;a=2,b=8	true
chat_allowed	tut=Line;chat=47:PlayCall;a=2,b=9	true
chat_allowed	tut=Line;chat=55:CounterRequest;a=2,b=9	true
chat_allowed	tut=Line;chat=47:PlayCall;a=2,b=10	true
chat_allowed	tut=Line;chat=55:CounterRequest;a=2,b=10	true
chat_allowed	tut=Line;chat=47:PlayCall;a=2,b=11	true
chat_allowed	tut=Line;chat=55:CounterRequest;a=2,b=11	true
chat_allowed	tut=Line;chat=47:PlayCall;a=2,b=12	true
chat_allowed	tut=Line;chat=55:CounterRequest;a=2,b=12	true
chat_allowed	tut=Line;chat=47:PlayCall;a=2,b=13	true
chat_allowed	tut=Line;chat=55:CounterRequest;a=2,b=13	true
chat_allowed	tut=Line;chat=47:PlayCall;a=2,b=14	true
chat_allowed	tut=Line;chat=55:CounterRequest;a=2,b=14	true
chat_allowed	tut=Line;chat=47:PlayCall;a=2,b=15	true
chat_allowed	tut=Line;chat=55:CounterRequest;a=2,b=15	true
chat_allowed	tut=Line;chat=47:PlayCall;a=3,b=0	true
chat_allowed	tut=Line;chat=55:CounterRequest;a=3,b=0	true
chat_allowed	tut=Line;chat=47:PlayCall;a=3,b=1	true
chat_allowed	tut=Line;chat=55:CounterRequest;a=3,b=1	true
chat_allowed	tut=Line;chat=47:PlayCall;a=3,b=2	true
chat_allowed	tut=Line;chat=55:CounterRequest;a=3,b=2	true
chat_allowed	tut=Line;chat=47:PlayCall;a=3,b=3	true
chat_allowed	tut=Line;chat=55:CounterRequest;a=3,b=3	true
chat_allowed	tut=Line;chat=47:PlayCall;a=3,b=4	true
chat_allowed	tut=Line;chat=55:CounterRequest;a=3,b=4	true
chat_allowed	tut=Line;chat=47:PlayCall;a=3,b=5	true
chat_allowed	tut=Line;chat=55:CounterRequest;a=3,b=5	true
chat_allowed	tut=Line;chat=47:PlayCall;a=3,b=6	true
chat_allowed	tut=Line;chat=55:CounterRequest;a=3,b=6	true
chat_allowed	tut=Line;chat=47:PlayCall;a=3,b=7	true
chat_allowed	tut=Line;chat=55:CounterRequest;a=3,b=7	true
chat_allowed	tut=Line;chat=47:PlayCall;a=3,b=8	true
chat_allowed	tut=Line;chat=55:CounterRequest;a=3,b=8	true
chat_allowed	tut=Line;chat=47:PlayCall;a=3,b=9	true
chat_allowed	tut=Line;chat=55:CounterRequest;a=3,b=9	true
chat_allowed	tut=Line;chat=47:PlayCall;a=3,b=10	true
chat_allowed	tut=Line;chat=55:CounterRequest;a=3,b=10	true
chat_allowed	tut=Line;chat=47:PlayCall;a=3,b=11	true
chat_allowed	tut=Line;chat=55:CounterRequest;a=3,b=11	true
chat_allowed	tut=Line;chat=47:PlayCall;a=3,b=12	true
chat_allowed	tut=Line;chat=55:CounterRequest;a=3,b=12	true
chat_allowed	tut=Line;chat=47:PlayCall;a=3,b=13	true
chat_allowed	tut=Line;chat=55:CounterRequest;a=3,b=13	true
chat_allowed	tut=Line;chat=47:PlayCall;a=3,b=14	true
chat_allowed	tut=Line;chat=55:CounterRequest;a=3,b=14	true
chat_allowed	tut=Line;chat=47:PlayCall;a=3,b=15	true
chat_allowed	tut=Line;chat=55:CounterRequest;a=3,b=15	true
chat_allowed	tut=Line;chat=47:PlayCall;a=4,b=0	true
chat_allowed	tut=Line;chat=55:CounterRequest;a=4,b=0	true
chat_allowed	tut=Line;chat=47:PlayCall;a=4,b=1	true
chat_allowed	tut=Line;chat=55:CounterRequest;a=4,b=1	true
chat_allowed	tut=Line;chat=47:PlayCall;a=4,b=2	true
chat_allowed	tut=Line;chat=55:CounterRequest;a=4,b=2	true
chat_allowed	tut=Line;chat=47:PlayCall;a=4,b=3	true
chat_allowed	tut=Line;chat=55:CounterRequest;a=4,b=3	true
chat_allowed	tut=Line;chat=47:PlayCall;a=4,b=4	true
chat_allowed	tut=Line;chat=55:CounterRequest;a=4,b=4	true
chat_allowed	tut=Line;chat=47:PlayCall;a=4,b=5	true
chat_allowed	tut=Line;chat=55:CounterRequest;a=4,b=5	true
chat_allowed	tut=Line;chat=47:PlayCall;a=4,b=6	true
chat_allowed	tut=Line;chat=55:CounterRequest;a=4,b=6	true
chat_allowed	tut=Line;chat=47:PlayCall;a=4,b=7	true
chat_allowed	tut=Line;chat=55:CounterRequest;a=4,b=7	true
chat_allowed	tut=Line;chat=47:PlayCall;a=4,b=8	true
chat_allowed	tut=Line;chat=55:CounterRequest;a=4,b=8	true
chat_allowed	tut=Line;chat=47:PlayCall;a=4,b=9	true
chat_allowed	tut=Line;chat=55:CounterRequest;a=4,b=9	true
chat_allowed	tut=Line;chat=47:PlayCall;a=4,b=10	true
chat_allowed	tut=Line;chat=55:CounterRequest;a=4,b=10	true
chat_allowed	tut=Line;chat=47:PlayCall;a=4,b=11	true
chat_allowed	tut=Line;chat=55:CounterRequest;a=4,b=11	true
chat_allowed	tut=Line;chat=47:PlayCall;a=4,b=12	true
chat_allowed	tut=Line;chat=55:CounterRequest;a=4,b=12	true
chat_allowed	tut=Line;chat=47:PlayCall;a=4,b=13	true
chat_allowed	tut=Line;chat=55:CounterRequest;a=4,b=13	true
chat_allowed	tut=Line;chat=47:PlayCall;a=4,b=14	true
chat_allowed	tut=Line;chat=55:CounterRequest;a=4,b=14	true
chat_allowed	tut=Line;chat=47:PlayCall;a=4,b=15	true
chat_allowed	tut=Line;chat=55:CounterRequest;a=4,b=15	true
chat_allowed	tut=Line;chat=47:PlayCall;a=5,b=0	true
chat_allowed	tut=Line;chat=55:CounterRequest;a=5,b=0	true
chat_allowed	tut=Line;chat=47:PlayCall;a=5,b=1	true
chat_allowed	tut=Line;chat=55:CounterRequest;a=5,b=1	true
chat_allowed	tut=Line;chat=47:PlayCall;a=5,b=2	true
chat_allowed	tut=Line;chat=55:CounterRequest;a=5,b=2	true
chat_allowed	tut=Line;chat=47:PlayCall;a=5,b=3	true
chat_allowed	tut=Line;chat=55:CounterRequest;a=5,b=3	true
chat_allowed	tut=Line;chat=47:PlayCall;a=5,b=4	true
chat_allowed	tut=Line;chat=55:CounterRequest;a=5,b=4	true
chat_allowed	tut=Line;chat=47:PlayCall;a=5,b=5	true
chat_allowed	tut=Line;chat=55:CounterRequest;a=5,b=5	true
chat_allowed	tut=Line;chat=47:PlayCall;a=5,b=6	true
chat_allowed	tut=Line;chat=55:CounterRequest;a=5,b=6	true
chat_allowed	tut=Line;chat=47:PlayCall;a=5,b=7	true
chat_allowed	tut=Line;chat=55:CounterRequest;a=5,b=7	true
chat_allowed	tut=Line;chat=47:PlayCall;a=5,b=8	true
chat_allowed	tut=Line;chat=55:CounterRequest;a=5,b=8	true
chat_allowed	tut=Line;chat=47:PlayCall;a=5,b=9	true
chat_allowed	tut=Line;chat=55:CounterRequest;a=5,b=9	true
chat_allowed	tut=Line;chat=47:PlayCall;a=5,b=10	true
chat_allowed	tut=Line;chat=55:CounterRequest;a=5,b=10	true
chat_allowed	tut=Line;chat=47:PlayCall;a=5,b=11	true
chat_allowed	tut=Line;chat=55:CounterRequest;a=5,b=11	true
chat_allowed	tut=Line;chat=47:PlayCall;a=5,b=12	true
chat_allowed	tut=Line;chat=55:CounterRequest;a=5,b=12	true
chat_allowed	tut=Line;chat=47:PlayCall;a=5,b=13	true
chat_allowed	tut=Line;chat=55:CounterRequest;a=5,b=13	true
chat_allowed	tut=Line;chat=47:PlayCall;a=5,b=14	true
chat_allowed	tut=Line;chat=55:CounterRequest;a=5,b=14	true
chat_allowed	tut=Line;chat=47:PlayCall;a=5,b=15	true
chat_allowed	tut=Line;chat=55:CounterRequest;a=5,b=15	true
chat_allowed	tut=Line;chat=47:PlayCall;a=6,b=0	true
chat_allowed	tut=Line;chat=55:CounterRequest;a=6,b=0	true
chat_allowed	tut=Line;chat=47:PlayCall;a=6,b=1	true
chat_allowed	tut=Line;chat=55:CounterRequest;a=6,b=1	true
chat_allowed	tut=Line;chat=47:PlayCall;a=6,b=2	true
chat_allowed	tut=Line;chat=55:CounterRequest;a=6,b=2	true
chat_allowed	tut=Line;chat=47:PlayCall;a=6,b=3	true
chat_allowed	tut=Line;chat=55:CounterRequest;a=6,b=3	true
chat_allowed	tut=Line;chat=47:PlayCall;a=6,b=4	true
chat_allowed	tut=Line;chat=55:CounterRequest;a=6,b=4	true
chat_allowed	tut=Line;chat=47:PlayCall;a=6,b=5	true
chat_allowed	tut=Line;chat=55:CounterRequest;a=6,b=5	true
chat_allowed	tut=Line;chat=47:PlayCall;a=6,b=6	true
chat_allowed	tut=Line;chat=55:CounterRequest;a=6,b=6	true
chat_allowed	tut=Line;chat=47:PlayCall;a=6,b=7	true
chat_allowed	tut=Line;chat=55:CounterRequest;a=6,b=7	true
chat_allowed	tut=Line;chat=47:PlayCall;a=6,b=8	true
chat_allowed	tut=Line;chat=55:CounterRequest;a=6,b=8	true
chat_allowed	tut=Line;chat=47:PlayCall;a=6,b=9	true
chat_allowed	tut=Line;chat=55:CounterRequest;a=6,b=9	true
chat_allowed	tut=Line;chat=47:PlayCall;a=6,b=10	true
chat_allowed	tut=Line;chat=55:CounterRequest;a=6,b=10	true
chat_allowed	tut=Line;chat=47:PlayCall;a=6,b=11	true
chat_allowed	tut=Line;chat=55:CounterRequest;a=6,b=11	true
chat_allowed	tut=Line;chat=47:PlayCall;a=6,b=12	true
chat_allowed	tut=Line;chat=55:CounterRequest;a=6,b=12	true
chat_allowed	tut=Line;chat=47:PlayCall;a=6,b=13	true
chat_allowed	tut=Line;chat=55:CounterRequest;a=6,b=13	true
chat_allowed	tut=Line;chat=47:PlayCall;a=6,b=14	true
chat_allowed	tut=Line;chat=55:CounterRequest;a=6,b=14	true
chat_allowed	tut=Line;chat=47:PlayCall;a=6,b=15	true
chat_allowed	tut=Line;chat=55:CounterRequest;a=6,b=15	true
chat_allowed	tut=Line;chat=47:PlayCall;a=7,b=0	true
chat_allowed	tut=Line;chat=55:CounterRequest;a=7,b=0	true
chat_allowed	tut=Line;chat=47:PlayCall;a=7,b=1	true
chat_allowed	tut=Line;chat=55:CounterRequest;a=7,b=1	true
chat_allowed	tut=Line;chat=47:PlayCall;a=7,b=2	true
chat_allowed	tut=Line;chat=55:CounterRequest;a=7,b=2	true
chat_allowed	tut=Line;chat=47:PlayCall;a=7,b=3	true
chat_allowed	tut=Line;chat=55:CounterRequest;a=7,b=3	true
chat_allowed	tut=Line;chat=47:PlayCall;a=7,b=4	true
chat_allowed	tut=Line;chat=55:CounterRequest;a=7,b=4	true
chat_allowed	tut=Line;chat=47:PlayCall;a=7,b=5	true
chat_allowed	tut=Line;chat=55:CounterRequest;a=7,b=5	true
chat_allowed	tut=Line;chat=47:PlayCall;a=7,b=6	true
chat_allowed	tut=Line;chat=55:CounterRequest;a=7,b=6	true
chat_allowed	tut=Line;chat=47:PlayCall;a=7,b=7	true
chat_allowed	tut=Line;chat=55:CounterRequest;a=7,b=7	true
chat_allowed	tut=Line;chat=47:PlayCall;a=7,b=8	true
chat_allowed	tut=Line;chat=55:CounterRequest;a=7,b=8	true
chat_allowed	tut=Line;chat=47:PlayCall;a=7,b=9	true
chat_allowed	tut=Line;chat=55:CounterRequest;a=7,b=9	true
chat_allowed	tut=Line;chat=47:PlayCall;a=7,b=10	true
chat_allowed	tut=Line;chat=55:CounterRequest;a=7,b=10	true
chat_allowed	tut=Line;chat=47:PlayCall;a=7,b=11	true
chat_allowed	tut=Line;chat=55:CounterRequest;a=7,b=11	true
chat_allowed	tut=Line;chat=47:PlayCall;a=7,b=12	true
chat_allowed	tut=Line;chat=55:CounterRequest;a=7,b=12	true
chat_allowed	tut=Line;chat=47:PlayCall;a=7,b=13	true
chat_allowed	tut=Line;chat=55:CounterRequest;a=7,b=13	true
chat_allowed	tut=Line;chat=47:PlayCall;a=7,b=14	true
chat_allowed	tut=Line;chat=55:CounterRequest;a=7,b=14	true
chat_allowed	tut=Line;chat=47:PlayCall;a=7,b=15	true
chat_allowed	tut=Line;chat=55:CounterRequest;a=7,b=15	true
chat_allowed	tut=Line;chat=47:PlayCall;a=8,b=0	true
chat_allowed	tut=Line;chat=55:CounterRequest;a=8,b=0	true
chat_allowed	tut=Line;chat=47:PlayCall;a=8,b=1	true
chat_allowed	tut=Line;chat=55:CounterRequest;a=8,b=1	true
chat_allowed	tut=Line;chat=47:PlayCall;a=8,b=2	true
chat_allowed	tut=Line;chat=55:CounterRequest;a=8,b=2	true
chat_allowed	tut=Line;chat=47:PlayCall;a=8,b=3	true
chat_allowed	tut=Line;chat=55:CounterRequest;a=8,b=3	true
chat_allowed	tut=Line;chat=47:PlayCall;a=8,b=4	true
chat_allowed	tut=Line;chat=55:CounterRequest;a=8,b=4	true
chat_allowed	tut=Line;chat=47:PlayCall;a=8,b=5	true
chat_allowed	tut=Line;chat=55:CounterRequest;a=8,b=5	true
chat_allowed	tut=Line;chat=47:PlayCall;a=8,b=6	true
chat_allowed	tut=Line;chat=55:CounterRequest;a=8,b=6	true
chat_allowed	tut=Line;chat=47:PlayCall;a=8,b=7	true
chat_allowed	tut=Line;chat=55:CounterRequest;a=8,b=7	true
chat_allowed	tut=Line;chat=47:PlayCall;a=8,b=8	true
chat_allowed	tut=Line;chat=55:CounterRequest;a=8,b=8	true
chat_allowed	tut=Line;chat=47:PlayCall;a=8,b=9	true
chat_allowed	tut=Line;chat=55:CounterRequest;a=8,b=9	true
chat_allowed	tut=Line;chat=47:PlayCall;a=8,b=10	true
chat_allowed	tut=Line;chat=55:CounterRequest;a=8,b=10	true
chat_allowed	tut=Line;chat=47:PlayCall;a=8,b=11	true
chat_allowed	tut=Line;chat=55:CounterRequest;a=8,b=11	true
chat_allowed	tut=Line;chat=47:PlayCall;a=8,b=12	true
chat_allowed	tut=Line;chat=55:CounterRequest;a=8,b=12	true
chat_allowed	tut=Line;chat=47:PlayCall;a=8,b=13	true
chat_allowed	tut=Line;chat=55:CounterRequest;a=8,b=13	true
chat_allowed	tut=Line;chat=47:PlayCall;a=8,b=14	true
chat_allowed	tut=Line;chat=55:CounterRequest;a=8,b=14	true
chat_allowed	tut=Line;chat=47:PlayCall;a=8,b=15	true
chat_allowed	tut=Line;chat=55:CounterRequest;a=8,b=15	true
chat_allowed	tut=Line;chat=47:PlayCall;a=9,b=0	true
chat_allowed	tut=Line;chat=55:CounterRequest;a=9,b=0	true
chat_allowed	tut=Line;chat=47:PlayCall;a=9,b=1	true
chat_allowed	tut=Line;chat=55:CounterRequest;a=9,b=1	true
chat_allowed	tut=Line;chat=47:PlayCall;a=9,b=2	true
chat_allowed	tut=Line;chat=55:CounterRequest;a=9,b=2	true
chat_allowed	tut=Line;chat=47:PlayCall;a=9,b=3	true
chat_allowed	tut=Line;chat=55:CounterRequest;a=9,b=3	true
chat_allowed	tut=Line;chat=47:PlayCall;a=9,b=4	true
chat_allowed	tut=Line;chat=55:CounterRequest;a=9,b=4	true
chat_allowed	tut=Line;chat=47:PlayCall;a=9,b=5	true
chat_allowed	tut=Line;chat=55:CounterRequest;a=9,b=5	true
chat_allowed	tut=Line;chat=47:PlayCall;a=9,b=6	true
chat_allowed	tut=Line;chat=55:CounterRequest;a=9,b=6	true
chat_allowed	tut=Line;chat=47:PlayCall;a=9,b=7	true
chat_allowed	tut=Line;chat=55:CounterRequest;a=9,b=7	true
chat_allowed	tut=Line;chat=47:PlayCall;a=9,b=8	true
chat_allowed	tut=Line;chat=55:CounterRequest;a=9,b=8	true
chat_allowed	tut=Line;chat=47:PlayCall;a=9,b=9	true
chat_allowed	tut=Line;chat=55:CounterRequest;a=9,b=9	true
chat_allowed	tut=Line;chat=47:PlayCall;a=9,b=10	true
chat_allowed	tut=Line;chat=55:CounterRequest;a=9,b=10	true
chat_allowed	tut=Line;chat=47:PlayCall;a=9,b=11	true
chat_allowed	tut=Line;chat=55:CounterRequest;a=9,b=11	true
chat_allowed	tut=Line;chat=47:PlayCall;a=9,b=12	true
chat_allowed	tut=Line;chat=55:CounterRequest;a=9,b=12	true
chat_allowed	tut=Line;chat=47:PlayCall;a=9,b=13	true
chat_allowed	tut=Line;chat=55:CounterRequest;a=9,b=13	true
chat_allowed	tut=Line;chat=47:PlayCall;a=9,b=14	true
chat_allowed	tut=Line;chat=55:CounterRequest;a=9,b=14	true
chat_allowed	tut=Line;chat=47:PlayCall;a=9,b=15	true
chat_allowed	tut=Line;chat=55:CounterRequest;a=9,b=15	true
chat_allowed	tut=Line;chat=47:PlayCall;a=10,b=0	true
chat_allowed	tut=Line;chat=55:CounterRequest;a=10,b=0	true
chat_allowed	tut=Line;chat=47:PlayCall;a=10,b=1	true
chat_allowed	tut=Line;chat=55:CounterRequest;a=10,b=1	true
chat_allowed	tut=Line;chat=47:PlayCall;a=10,b=2	true
chat_allowed	tut=Line;chat=55:CounterRequest;a=10,b=2	true
chat_allowed	tut=Line;chat=47:PlayCall;a=10,b=3	true
chat_allowed	tut=Line;chat=55:CounterRequest;a=10,b=3	true
chat_allowed	tut=Line;chat=47:PlayCall;a=10,b=4	true
chat_allowed	tut=Line;chat=55:CounterRequest;a=10,b=4	true
chat_allowed	tut=Line;chat=47:PlayCall;a=10,b=5	true
chat_allowed	tut=Line;chat=55:CounterRequest;a=10,b=5	true
chat_allowed	tut=Line;chat=47:PlayCall;a=10,b=6	true
chat_allowed	tut=Line;chat=55:CounterRequest;a=10,b=6	true
chat_allowed	tut=Line;chat=47:PlayCall;a=10,b=7	true
chat_allowed	tut=Line;chat=55:CounterRequest;a=10,b=7	true
chat_allowed	tut=Line;chat=47:PlayCall;a=10,b=8	true
chat_allowed	tut=Line;chat=55:CounterRequest;a=10,b=8	true
chat_allowed	tut=Line;chat=47:PlayCall;a=10,b=9	true
chat_allowed	tut=Line;chat=55:CounterRequest;a=10,b=9	true
chat_allowed	tut=Line;chat=47:PlayCall;a=10,b=10	true
chat_allowed	tut=Line;chat=55:CounterRequest;a=10,b=10	true
chat_allowed	tut=Line;chat=47:PlayCall;a=10,b=11	true
chat_allowed	tut=Line;chat=55:CounterRequest;a=10,b=11	true
chat_allowed	tut=Line;chat=47:PlayCall;a=10,b=12	true
chat_allowed	tut=Line;chat=55:CounterRequest;a=10,b=12	true
chat_allowed	tut=Line;chat=47:PlayCall;a=10,b=13	true
chat_allowed	tut=Line;chat=55:CounterRequest;a=10,b=13	true
chat_allowed	tut=Line;chat=47:PlayCall;a=10,b=14	true
chat_allowed	tut=Line;chat=55:CounterRequest;a=10,b=14	true
chat_allowed	tut=Line;chat=47:PlayCall;a=10,b=15	true
chat_allowed	tut=Line;chat=55:CounterRequest;a=10,b=15	true
chat_allowed	tut=Line;chat=47:PlayCall;a=11,b=0	true
chat_allowed	tut=Line;chat=55:CounterRequest;a=11,b=0	true
chat_allowed	tut=Line;chat=47:PlayCall;a=11,b=1	true
chat_allowed	tut=Line;chat=55:CounterRequest;a=11,b=1	true
chat_allowed	tut=Line;chat=47:PlayCall;a=11,b=2	true
chat_allowed	tut=Line;chat=55:CounterRequest;a=11,b=2	true
chat_allowed	tut=Line;chat=47:PlayCall;a=11,b=3	true
chat_allowed	tut=Line;chat=55:CounterRequest;a=11,b=3	true
chat_allowed	tut=Line;chat=47:PlayCall;a=11,b=4	true
chat_allowed	tut=Line;chat=55:CounterRequest;a=11,b=4	true
chat_allowed	tut=Line;chat=47:PlayCall;a=11,b=5	true
chat_allowed	tut=Line;chat=55:CounterRequest;a=11,b=5	true
chat_allowed	tut=Line;chat=47:PlayCall;a=11,b=6	true
chat_allowed	tut=Line;chat=55:CounterRequest;a=11,b=6	true
chat_allowed	tut=Line;chat=47:PlayCall;a=11,b=7	true
chat_allowed	tut=Line;chat=55:CounterRequest;a=11,b=7	true
chat_allowed	tut=Line;chat=47:PlayCall;a=11,b=8	true
chat_allowed	tut=Line;chat=55:CounterRequest;a=11,b=8	true
chat_allowed	tut=Line;chat=47:PlayCall;a=11,b=9	true
chat_allowed	tut=Line;chat=55:CounterRequest;a=11,b=9	true
chat_allowed	tut=Line;chat=47:PlayCall;a=11,b=10	true
chat_allowed	tut=Line;chat=55:CounterRequest;a=11,b=10	true
chat_allowed	tut=Line;chat=47:PlayCall;a=11,b=11	true
chat_allowed	tut=Line;chat=55:CounterRequest;a=11,b=11	true
chat_allowed	tut=Line;chat=47:PlayCall;a=11,b=12	true
chat_allowed	tut=Line;chat=55:CounterRequest;a=11,b=12	true
chat_allowed	tut=Line;chat=47:PlayCall;a=11,b=13	true
chat_allowed	tut=Line;chat=55:CounterRequest;a=11,b=13	true
chat_allowed	tut=Line;chat=47:PlayCall;a=11,b=14	true
chat_allowed	tut=Line;chat=55:CounterRequest;a=11,b=14	true
chat_allowed	tut=Line;chat=47:PlayCall;a=11,b=15	true
chat_allowed	tut=Line;chat=55:CounterRequest;a=11,b=15	true
chat_allowed	tut=Line;chat=47:PlayCall;a=12,b=0	true
chat_allowed	tut=Line;chat=55:CounterRequest;a=12,b=0	true
chat_allowed	tut=Line;chat=47:PlayCall;a=12,b=1	true
chat_allowed	tut=Line;chat=55:CounterRequest;a=12,b=1	true
chat_allowed	tut=Line;chat=47:PlayCall;a=12,b=2	true
chat_allowed	tut=Line;chat=55:CounterRequest;a=12,b=2	true
chat_allowed	tut=Line;chat=47:PlayCall;a=12,b=3	true
chat_allowed	tut=Line;chat=55:CounterRequest;a=12,b=3	true
chat_allowed	tut=Line;chat=47:PlayCall;a=12,b=4	true
chat_allowed	tut=Line;chat=55:CounterRequest;a=12,b=4	true
chat_allowed	tut=Line;chat=47:PlayCall;a=12,b=5	true
chat_allowed	tut=Line;chat=55:CounterRequest;a=12,b=5	true
chat_allowed	tut=Line;chat=47:PlayCall;a=12,b=6	true
chat_allowed	tut=Line;chat=55:CounterRequest;a=12,b=6	true
chat_allowed	tut=Line;chat=47:PlayCall;a=12,b=7	true
chat_allowed	tut=Line;chat=55:CounterRequest;a=12,b=7	true
chat_allowed	tut=Line;chat=47:PlayCall;a=12,b=8	true
chat_allowed	tut=Line;chat=55:CounterRequest;a=12,b=8	true
chat_allowed	tut=Line;chat=47:PlayCall;a=12,b=9	true
chat_allowed	tut=Line;chat=55:CounterRequest;a=12,b=9	true
chat_allowed	tut=Line;chat=47:PlayCall;a=12,b=10	true
chat_allowed	tut=Line;chat=55:CounterRequest;a=12,b=10	true
chat_allowed	tut=Line;chat=47:PlayCall;a=12,b=11	true
chat_allowed	tut=Line;chat=55:CounterRequest;a=12,b=11	true
chat_allowed	tut=Line;chat=47:PlayCall;a=12,b=12	true
chat_allowed	tut=Line;chat=55:CounterRequest;a=12,b=12	true
chat_allowed	tut=Line;chat=47:PlayCall;a=12,b=13	true
chat_allowed	tut=Line;chat=55:CounterRequest;a=12,b=13	true
chat_allowed	tut=Line;chat=47:PlayCall;a=12,b=14	true
chat_allowed	tut=Line;chat=55:CounterRequest;a=12,b=14	true
chat_allowed	tut=Line;chat=47:PlayCall;a=12,b=15	true
chat_allowed	tut=Line;chat=55:CounterRequest;a=12,b=15	true
chat_allowed	tut=Line;chat=47:PlayCall;a=13,b=0	true
chat_allowed	tut=Line;chat=55:CounterRequest;a=13,b=0	true
chat_allowed	tut=Line;chat=47:PlayCall;a=13,b=1	true
chat_allowed	tut=Line;chat=55:CounterRequest;a=13,b=1	true
chat_allowed	tut=Line;chat=47:PlayCall;a=13,b=2	true
chat_allowed	tut=Line;chat=55:CounterRequest;a=13,b=2	true
chat_allowed	tut=Line;chat=47:PlayCall;a=13,b=3	true
chat_allowed	tut=Line;chat=55:CounterRequest;a=13,b=3	true
chat_allowed	tut=Line;chat=47:PlayCall;a=13,b=4	true
chat_allowed	tut=Line;chat=55:CounterRequest;a=13,b=4	true
chat_allowed	tut=Line;chat=47:PlayCall;a=13,b=5	true
chat_allowed	tut=Line;chat=55:CounterRequest;a=13,b=5	true
chat_allowed	tut=Line;chat=47:PlayCall;a=13,b=6	true
chat_allowed	tut=Line;chat=55:CounterRequest;a=13,b=6	true
chat_allowed	tut=Line;chat=47:PlayCall;a=13,b=7	true
chat_allowed	tut=Line;chat=55:CounterRequest;a=13,b=7	true
chat_allowed	tut=Line;chat=47:PlayCall;a=13,b=8	true
chat_allowed	tut=Line;chat=55:CounterRequest;a=13,b=8	true
chat_allowed	tut=Line;chat=47:PlayCall;a=13,b=9	true
chat_allowed	tut=Line;chat=55:CounterRequest;a=13,b=9	true
chat_allowed	tut=Line;chat=47:PlayCall;a=13,b=10	true
chat_allowed	tut=Line;chat=55:CounterRequest;a=13,b=10	true
chat_allowed	tut=Line;chat=47:PlayCall;a=13,b=11	true
chat_allowed	tut=Line;chat=55:CounterRequest;a=13,b=11	true
chat_allowed	tut=Line;chat=47:PlayCall;a=13,b=12	true
chat_allowed	tut=Line;chat=55:CounterRequest;a=13,b=12	true
chat_allowed	tut=Line;chat=47:PlayCall;a=13,b=13	true
chat_allowed	tut=Line;chat=55:CounterRequest;a=13,b=13	true
chat_allowed	tut=Line;chat=47:PlayCall;a=13,b=14	true
chat_allowed	tut=Line;chat=55:CounterRequest;a=13,b=14	true
chat_allowed	tut=Line;chat=47:PlayCall;a=13,b=15	true
chat_allowed	tut=Line;chat=55:CounterRequest;a=13,b=15	true
chat_allowed	tut=Line;chat=47:PlayCall;a=14,b=0	true
chat_allowed	tut=Line;chat=55:CounterRequest;a=14,b=0	true
chat_allowed	tut=Line;chat=47:PlayCall;a=14,b=1	true
chat_allowed	tut=Line;chat=55:CounterRequest;a=14,b=1	true
chat_allowed	tut=Line;chat=47:PlayCall;a=14,b=2	true
chat_allowed	tut=Line;chat=55:CounterRequest;a=14,b=2	true
chat_allowed	tut=Line;chat=47:PlayCall;a=14,b=3	true
chat_allowed	tut=Line;chat=55:CounterRequest;a=14,b=3	true
chat_allowed	tut=Line;chat=47:PlayCall;a=14,b=4	true
chat_allowed	tut=Line;chat=55:CounterRequest;a=14,b=4	true
chat_allowed	tut=Line;chat=47:PlayCall;a=14,b=5	true
chat_allowed	tut=Line;chat=55:CounterRequest;a=14,b=5	true
chat_allowed	tut=Line;chat=47:PlayCall;a=14,b=6	true
chat_allowed	tut=Line;chat=55:CounterRequest;a=14,b=6	true
chat_allowed	tut=Line;chat=47:PlayCall;a=14,b=7	true
chat_allowed	tut=Line;chat=55:CounterRequest;a=14,b=7	true
chat_allowed	tut=Line;chat=47:PlayCall;a=14,b=8	true
chat_allowed	tut=Line;chat=55:CounterRequest;a=14,b=8	true
chat_allowed	tut=Line;chat=47:PlayCall;a=14,b=9	true
chat_allowed	tut=Line;chat=55:CounterRequest;a=14,b=9	true
chat_allowed	tut=Line;chat=47:PlayCall;a=14,b=10	true
chat_allowed	tut=Line;chat=55:CounterRequest;a=14,b=10	true
chat_allowed	tut=Line;chat=47:PlayCall;a=14,b=11	true
chat_allowed	tut=Line;chat=55:CounterRequest;a=14,b=11	true
chat_allowed	tut=Line;chat=47:PlayCall;a=14,b=12	true
chat_allowed	tut=Line;chat=55:CounterRequest;a=14,b=12	true
chat_allowed	tut=Line;chat=47:PlayCall;a=14,b=13	true
chat_allowed	tut=Line;chat=55:CounterRequest;a=14,b=13	true
chat_allowed	tut=Line;chat=47:PlayCall;a=14,b=14	true
chat_allowed	tut=Line;chat=55:CounterRequest;a=14,b=14	true
chat_allowed	tut=Line;chat=47:PlayCall;a=14,b=15	true
chat_allowed	tut=Line;chat=55:CounterRequest;a=14,b=15	true
chat_allowed	tut=Line;chat=47:PlayCall;a=15,b=0	true
chat_allowed	tut=Line;chat=55:CounterRequest;a=15,b=0	true
chat_allowed	tut=Line;chat=47:PlayCall;a=15,b=1	true
chat_allowed	tut=Line;chat=55:CounterRequest;a=15,b=1	true
chat_allowed	tut=Line;chat=47:PlayCall;a=15,b=2	true
chat_allowed	tut=Line;chat=55:CounterRequest;a=15,b=2	true
chat_allowed	tut=Line;chat=47:PlayCall;a=15,b=3	true
chat_allowed	tut=Line;chat=55:CounterRequest;a=15,b=3	true
chat_allowed	tut=Line;chat=47:PlayCall;a=15,b=4	true
chat_allowed	tut=Line;chat=55:CounterRequest;a=15,b=4	true
chat_allowed	tut=Line;chat=47:PlayCall;a=15,b=5	true
chat_allowed	tut=Line;chat=55:CounterRequest;a=15,b=5	true
chat_allowed	tut=Line;chat=47:PlayCall;a=15,b=6	true
chat_allowed	tut=Line;chat=55:CounterRequest;a=15,b=6	true
chat_allowed	tut=Line;chat=47:PlayCall;a=15,b=7	true
chat_allowed	tut=Line;chat=55:CounterRequest;a=15,b=7	true
chat_allowed	tut=Line;chat=47:PlayCall;a=15,b=8	true
chat_allowed	tut=Line;chat=55:CounterRequest;a=15,b=8	true
chat_allowed	tut=Line;chat=47:PlayCall;a=15,b=9	true
chat_allowed	tut=Line;chat=55:CounterRequest;a=15,b=9	true
chat_allowed	tut=Line;chat=47:PlayCall;a=15,b=10	true
chat_allowed	tut=Line;chat=55:CounterRequest;a=15,b=10	true
chat_allowed	tut=Line;chat=47:PlayCall;a=15,b=11	true
chat_allowed	tut=Line;chat=55:CounterRequest;a=15,b=11	true
chat_allowed	tut=Line;chat=47:PlayCall;a=15,b=12	true
chat_allowed	tut=Line;chat=55:CounterRequest;a=15,b=12	true
chat_allowed	tut=Line;chat=47:PlayCall;a=15,b=13	true
chat_allowed	tut=Line;chat=55:CounterRequest;a=15,b=13	true
chat_allowed	tut=Line;chat=47:PlayCall;a=15,b=14	true
chat_allowed	tut=Line;chat=55:CounterRequest;a=15,b=14	true
chat_allowed	tut=Line;chat=47:PlayCall;a=15,b=15	true
chat_allowed	tut=Line;chat=55:CounterRequest;a=15,b=15	true
chat_allowed	tut=Line;chat=51:EarlyPlan;a=0	true
chat_allowed	tut=Line;chat=52:EarlyPlanChange;a=0	true
chat_allowed	tut=Line;chat=51:EarlyPlan;a=1	true
chat_allowed	tut=Line;chat=52:EarlyPlanChange;a=1	true
chat_allowed	tut=Line;chat=51:EarlyPlan;a=2	true
chat_allowed	tut=Line;chat=52:EarlyPlanChange;a=2	true
chat_allowed	tut=Line;chat=51:EarlyPlan;a=3	true
chat_allowed	tut=Line;chat=52:EarlyPlanChange;a=3	true
chat_allowed	tut=Line;chat=51:EarlyPlan;a=4	false
chat_allowed	tut=Line;chat=52:EarlyPlanChange;a=4	true
chat_allowed	tut=Line;chat=51:EarlyPlan;a=5	true
chat_allowed	tut=Line;chat=52:EarlyPlanChange;a=5	true
chat_allowed	tut=Line;chat=51:EarlyPlan;a=6	true
chat_allowed	tut=Line;chat=52:EarlyPlanChange;a=6	true
chat_allowed	tut=Line;chat=51:EarlyPlan;a=7	true
chat_allowed	tut=Line;chat=52:EarlyPlanChange;a=7	true
chat_allowed	tut=Line;chat=51:EarlyPlan;a=8	true
chat_allowed	tut=Line;chat=52:EarlyPlanChange;a=8	true
chat_allowed	tut=Line;chat=51:EarlyPlan;a=9	true
chat_allowed	tut=Line;chat=52:EarlyPlanChange;a=9	true
chat_allowed	tut=Line;chat=51:EarlyPlan;a=10	true
chat_allowed	tut=Line;chat=52:EarlyPlanChange;a=10	true
chat_allowed	tut=Line;chat=51:EarlyPlan;a=11	true
chat_allowed	tut=Line;chat=52:EarlyPlanChange;a=11	true
chat_allowed	tut=Line;chat=51:EarlyPlan;a=12	true
chat_allowed	tut=Line;chat=52:EarlyPlanChange;a=12	true
chat_allowed	tut=Line;chat=51:EarlyPlan;a=13	true
chat_allowed	tut=Line;chat=52:EarlyPlanChange;a=13	true
chat_allowed	tut=Line;chat=51:EarlyPlan;a=14	true
chat_allowed	tut=Line;chat=52:EarlyPlanChange;a=14	true
chat_allowed	tut=Line;chat=51:EarlyPlan;a=15	true
chat_allowed	tut=Line;chat=52:EarlyPlanChange;a=15	true
plan_allowed	tut=Total;plan=ForcePassive	true
plan_allowed	tut=Total;plan=ActiveRecall	true
plan_allowed	tut=Total;plan=EpicHuntAndPoke	true
plan_allowed	tut=Total;plan=EpicHuntAndBattle	true
plan_allowed	tut=Total;plan=SerpenHuntAndPoke	true
plan_allowed	tut=Total;plan=SerpenHuntAndBattle	true
plan_allowed	tut=Total;plan=AttackNexus(default)	true
plan_allowed	tut=Total;plan=DefenseNexus(default)	true
plan_allowed	tut=Total;plan=PassiveLine(Mid)	true
plan_allowed	tut=Total;plan=SinglePlanLine(Mid)	true
plan_allowed	tut=Total;plan=LineGanker(Mid)	true
plan_allowed	tut=Total;plan=LineGankCover(Mid)	true
plan_allowed	tut=Total;plan=PassiveLine(Bottom)	true
plan_allowed	tut=Total;plan=SinglePlanLine(Bottom)	true
plan_allowed	tut=Total;plan=LineGanker(Bottom)	true
plan_allowed	tut=Total;plan=LineGankCover(Bottom)	true
plan_allowed	tut=Total;plan=PassiveLine(Top)	true
plan_allowed	tut=Total;plan=SinglePlanLine(Top)	true
plan_allowed	tut=Total;plan=LineGanker(Top)	true
plan_allowed	tut=Total;plan=LineGankCover(Top)	true
plan_allowed	tut=Total;plan=PassiveJungle(Rhino,0)	true
plan_allowed	tut=Total;plan=PassiveJungle(Rhino,1)	true
plan_allowed	tut=Total;plan=PassiveJungle(Mushroom,0)	true
plan_allowed	tut=Total;plan=PassiveJungle(Mushroom,1)	true
plan_allowed	tut=Total;plan=PassiveJungle(Stump,0)	true
plan_allowed	tut=Total;plan=PassiveJungle(Stump,1)	true
plan_allowed	tut=Total;plan=PassiveJungle(Bee,0)	true
plan_allowed	tut=Total;plan=PassiveJungle(Bee,1)	true
plan_allowed	tut=Total;plan=PassiveJungle(Morgard,0)	true
plan_allowed	tut=Total;plan=PassiveJungle(Morgard,1)	true
plan_allowed	tut=Total;plan=PassiveJungle(Serpen,0)	true
plan_allowed	tut=Total;plan=PassiveJungle(Serpen,1)	true
chat_allowed	tut=Total;chat=49:PlayPropose;a=0,b=0,c=0	true
chat_allowed	tut=Total;chat=49:PlayPropose;a=0,b=0,c=1	true
chat_allowed	tut=Total;chat=49:PlayPropose;a=0,b=0,c=2	true
chat_allowed	tut=Total;chat=49:PlayPropose;a=0,b=0,c=3	true
chat_allowed	tut=Total;chat=49:PlayPropose;a=0,b=0,c=4	true
chat_allowed	tut=Total;chat=49:PlayPropose;a=0,b=0,c=5	true
chat_allowed	tut=Total;chat=49:PlayPropose;a=0,b=0,c=6	true
chat_allowed	tut=Total;chat=49:PlayPropose;a=0,b=0,c=7	true
chat_allowed	tut=Total;chat=49:PlayPropose;a=0,b=1,c=0	true
chat_allowed	tut=Total;chat=49:PlayPropose;a=0,b=1,c=1	true
chat_allowed	tut=Total;chat=49:PlayPropose;a=0,b=1,c=2	true
chat_allowed	tut=Total;chat=49:PlayPropose;a=0,b=1,c=3	true
chat_allowed	tut=Total;chat=49:PlayPropose;a=0,b=1,c=4	true
chat_allowed	tut=Total;chat=49:PlayPropose;a=0,b=1,c=5	true
chat_allowed	tut=Total;chat=49:PlayPropose;a=0,b=1,c=6	true
chat_allowed	tut=Total;chat=49:PlayPropose;a=0,b=1,c=7	true
chat_allowed	tut=Total;chat=49:PlayPropose;a=0,b=2,c=0	true
chat_allowed	tut=Total;chat=49:PlayPropose;a=0,b=2,c=1	true
chat_allowed	tut=Total;chat=49:PlayPropose;a=0,b=2,c=2	true
chat_allowed	tut=Total;chat=49:PlayPropose;a=0,b=2,c=3	true
chat_allowed	tut=Total;chat=49:PlayPropose;a=0,b=2,c=4	true
chat_allowed	tut=Total;chat=49:PlayPropose;a=0,b=2,c=5	true
chat_allowed	tut=Total;chat=49:PlayPropose;a=0,b=2,c=6	true
chat_allowed	tut=Total;chat=49:PlayPropose;a=0,b=2,c=7	true
chat_allowed	tut=Total;chat=49:PlayPropose;a=0,b=3,c=0	true
chat_allowed	tut=Total;chat=49:PlayPropose;a=0,b=3,c=1	true
chat_allowed	tut=Total;chat=49:PlayPropose;a=0,b=3,c=2	true
chat_allowed	tut=Total;chat=49:PlayPropose;a=0,b=3,c=3	true
chat_allowed	tut=Total;chat=49:PlayPropose;a=0,b=3,c=4	true
chat_allowed	tut=Total;chat=49:PlayPropose;a=0,b=3,c=5	true
chat_allowed	tut=Total;chat=49:PlayPropose;a=0,b=3,c=6	true
chat_allowed	tut=Total;chat=49:PlayPropose;a=0,b=3,c=7	true
chat_allowed	tut=Total;chat=49:PlayPropose;a=0,b=4,c=0	true
chat_allowed	tut=Total;chat=49:PlayPropose;a=0,b=4,c=1	true
chat_allowed	tut=Total;chat=49:PlayPropose;a=0,b=4,c=2	true
chat_allowed	tut=Total;chat=49:PlayPropose;a=0,b=4,c=3	true
chat_allowed	tut=Total;chat=49:PlayPropose;a=0,b=4,c=4	true
chat_allowed	tut=Total;chat=49:PlayPropose;a=0,b=4,c=5	true
chat_allowed	tut=Total;chat=49:PlayPropose;a=0,b=4,c=6	true
chat_allowed	tut=Total;chat=49:PlayPropose;a=0,b=4,c=7	true
chat_allowed	tut=Total;chat=49:PlayPropose;a=0,b=5,c=0	true
chat_allowed	tut=Total;chat=49:PlayPropose;a=0,b=5,c=1	true
chat_allowed	tut=Total;chat=49:PlayPropose;a=0,b=5,c=2	true
chat_allowed	tut=Total;chat=49:PlayPropose;a=0,b=5,c=3	true
chat_allowed	tut=Total;chat=49:PlayPropose;a=0,b=5,c=4	true
chat_allowed	tut=Total;chat=49:PlayPropose;a=0,b=5,c=5	true
chat_allowed	tut=Total;chat=49:PlayPropose;a=0,b=5,c=6	true
chat_allowed	tut=Total;chat=49:PlayPropose;a=0,b=5,c=7	true
chat_allowed	tut=Total;chat=49:PlayPropose;a=0,b=6,c=0	true
chat_allowed	tut=Total;chat=49:PlayPropose;a=0,b=6,c=1	true
chat_allowed	tut=Total;chat=49:PlayPropose;a=0,b=6,c=2	true
chat_allowed	tut=Total;chat=49:PlayPropose;a=0,b=6,c=3	true
chat_allowed	tut=Total;chat=49:PlayPropose;a=0,b=6,c=4	true
chat_allowed	tut=Total;chat=49:PlayPropose;a=0,b=6,c=5	true
chat_allowed	tut=Total;chat=49:PlayPropose;a=0,b=6,c=6	true
chat_allowed	tut=Total;chat=49:PlayPropose;a=0,b=6,c=7	true
chat_allowed	tut=Total;chat=49:PlayPropose;a=0,b=7,c=0	true
chat_allowed	tut=Total;chat=49:PlayPropose;a=0,b=7,c=1	true
chat_allowed	tut=Total;chat=49:PlayPropose;a=0,b=7,c=2	true
chat_allowed	tut=Total;chat=49:PlayPropose;a=0,b=7,c=3	true
chat_allowed	tut=Total;chat=49:PlayPropose;a=0,b=7,c=4	true
chat_allowed	tut=Total;chat=49:PlayPropose;a=0,b=7,c=5	true
chat_allowed	tut=Total;chat=49:PlayPropose;a=0,b=7,c=6	true
chat_allowed	tut=Total;chat=49:PlayPropose;a=0,b=7,c=7	true
chat_allowed	tut=Total;chat=49:PlayPropose;a=1,b=0,c=0	true
chat_allowed	tut=Total;chat=49:PlayPropose;a=1,b=0,c=1	true
chat_allowed	tut=Total;chat=49:PlayPropose;a=1,b=0,c=2	true
chat_allowed	tut=Total;chat=49:PlayPropose;a=1,b=0,c=3	true
chat_allowed	tut=Total;chat=49:PlayPropose;a=1,b=0,c=4	true
chat_allowed	tut=Total;chat=49:PlayPropose;a=1,b=0,c=5	true
chat_allowed	tut=Total;chat=49:PlayPropose;a=1,b=0,c=6	true
chat_allowed	tut=Total;chat=49:PlayPropose;a=1,b=0,c=7	true
chat_allowed	tut=Total;chat=49:PlayPropose;a=1,b=1,c=0	true
chat_allowed	tut=Total;chat=49:PlayPropose;a=1,b=1,c=1	true
chat_allowed	tut=Total;chat=49:PlayPropose;a=1,b=1,c=2	true
chat_allowed	tut=Total;chat=49:PlayPropose;a=1,b=1,c=3	true
chat_allowed	tut=Total;chat=49:PlayPropose;a=1,b=1,c=4	true
chat_allowed	tut=Total;chat=49:PlayPropose;a=1,b=1,c=5	true
chat_allowed	tut=Total;chat=49:PlayPropose;a=1,b=1,c=6	true
chat_allowed	tut=Total;chat=49:PlayPropose;a=1,b=1,c=7	true
chat_allowed	tut=Total;chat=49:PlayPropose;a=1,b=2,c=0	true
chat_allowed	tut=Total;chat=49:PlayPropose;a=1,b=2,c=1	true
chat_allowed	tut=Total;chat=49:PlayPropose;a=1,b=2,c=2	true
chat_allowed	tut=Total;chat=49:PlayPropose;a=1,b=2,c=3	true
chat_allowed	tut=Total;chat=49:PlayPropose;a=1,b=2,c=4	true
chat_allowed	tut=Total;chat=49:PlayPropose;a=1,b=2,c=5	true
chat_allowed	tut=Total;chat=49:PlayPropose;a=1,b=2,c=6	true
chat_allowed	tut=Total;chat=49:PlayPropose;a=1,b=2,c=7	true
chat_allowed	tut=Total;chat=49:PlayPropose;a=1,b=3,c=0	true
chat_allowed	tut=Total;chat=49:PlayPropose;a=1,b=3,c=1	true
chat_allowed	tut=Total;chat=49:PlayPropose;a=1,b=3,c=2	true
chat_allowed	tut=Total;chat=49:PlayPropose;a=1,b=3,c=3	true
chat_allowed	tut=Total;chat=49:PlayPropose;a=1,b=3,c=4	true
chat_allowed	tut=Total;chat=49:PlayPropose;a=1,b=3,c=5	true
chat_allowed	tut=Total;chat=49:PlayPropose;a=1,b=3,c=6	true
chat_allowed	tut=Total;chat=49:PlayPropose;a=1,b=3,c=7	true
chat_allowed	tut=Total;chat=49:PlayPropose;a=1,b=4,c=0	true
chat_allowed	tut=Total;chat=49:PlayPropose;a=1,b=4,c=1	true
chat_allowed	tut=Total;chat=49:PlayPropose;a=1,b=4,c=2	true
chat_allowed	tut=Total;chat=49:PlayPropose;a=1,b=4,c=3	true
chat_allowed	tut=Total;chat=49:PlayPropose;a=1,b=4,c=4	true
chat_allowed	tut=Total;chat=49:PlayPropose;a=1,b=4,c=5	true
chat_allowed	tut=Total;chat=49:PlayPropose;a=1,b=4,c=6	true
chat_allowed	tut=Total;chat=49:PlayPropose;a=1,b=4,c=7	true
chat_allowed	tut=Total;chat=49:PlayPropose;a=1,b=5,c=0	true
chat_allowed	tut=Total;chat=49:PlayPropose;a=1,b=5,c=1	true
chat_allowed	tut=Total;chat=49:PlayPropose;a=1,b=5,c=2	true
chat_allowed	tut=Total;chat=49:PlayPropose;a=1,b=5,c=3	true
chat_allowed	tut=Total;chat=49:PlayPropose;a=1,b=5,c=4	true
chat_allowed	tut=Total;chat=49:PlayPropose;a=1,b=5,c=5	true
chat_allowed	tut=Total;chat=49:PlayPropose;a=1,b=5,c=6	true
chat_allowed	tut=Total;chat=49:PlayPropose;a=1,b=5,c=7	true
chat_allowed	tut=Total;chat=49:PlayPropose;a=1,b=6,c=0	true
chat_allowed	tut=Total;chat=49:PlayPropose;a=1,b=6,c=1	true
chat_allowed	tut=Total;chat=49:PlayPropose;a=1,b=6,c=2	true
chat_allowed	tut=Total;chat=49:PlayPropose;a=1,b=6,c=3	true
chat_allowed	tut=Total;chat=49:PlayPropose;a=1,b=6,c=4	true
chat_allowed	tut=Total;chat=49:PlayPropose;a=1,b=6,c=5	true
chat_allowed	tut=Total;chat=49:PlayPropose;a=1,b=6,c=6	true
chat_allowed	tut=Total;chat=49:PlayPropose;a=1,b=6,c=7	true
chat_allowed	tut=Total;chat=49:PlayPropose;a=1,b=7,c=0	true
chat_allowed	tut=Total;chat=49:PlayPropose;a=1,b=7,c=1	true
chat_allowed	tut=Total;chat=49:PlayPropose;a=1,b=7,c=2	true
chat_allowed	tut=Total;chat=49:PlayPropose;a=1,b=7,c=3	true
chat_allowed	tut=Total;chat=49:PlayPropose;a=1,b=7,c=4	true
chat_allowed	tut=Total;chat=49:PlayPropose;a=1,b=7,c=5	true
chat_allowed	tut=Total;chat=49:PlayPropose;a=1,b=7,c=6	true
chat_allowed	tut=Total;chat=49:PlayPropose;a=1,b=7,c=7	true
chat_allowed	tut=Total;chat=49:PlayPropose;a=2,b=0,c=0	true
chat_allowed	tut=Total;chat=49:PlayPropose;a=2,b=0,c=1	true
chat_allowed	tut=Total;chat=49:PlayPropose;a=2,b=0,c=2	true
chat_allowed	tut=Total;chat=49:PlayPropose;a=2,b=0,c=3	true
chat_allowed	tut=Total;chat=49:PlayPropose;a=2,b=0,c=4	true
chat_allowed	tut=Total;chat=49:PlayPropose;a=2,b=0,c=5	true
chat_allowed	tut=Total;chat=49:PlayPropose;a=2,b=0,c=6	true
chat_allowed	tut=Total;chat=49:PlayPropose;a=2,b=0,c=7	true
chat_allowed	tut=Total;chat=49:PlayPropose;a=2,b=1,c=0	true
chat_allowed	tut=Total;chat=49:PlayPropose;a=2,b=1,c=1	true
chat_allowed	tut=Total;chat=49:PlayPropose;a=2,b=1,c=2	true
chat_allowed	tut=Total;chat=49:PlayPropose;a=2,b=1,c=3	true
chat_allowed	tut=Total;chat=49:PlayPropose;a=2,b=1,c=4	true
chat_allowed	tut=Total;chat=49:PlayPropose;a=2,b=1,c=5	true
chat_allowed	tut=Total;chat=49:PlayPropose;a=2,b=1,c=6	true
chat_allowed	tut=Total;chat=49:PlayPropose;a=2,b=1,c=7	true
chat_allowed	tut=Total;chat=49:PlayPropose;a=2,b=2,c=0	true
chat_allowed	tut=Total;chat=49:PlayPropose;a=2,b=2,c=1	true
chat_allowed	tut=Total;chat=49:PlayPropose;a=2,b=2,c=2	true
chat_allowed	tut=Total;chat=49:PlayPropose;a=2,b=2,c=3	true
chat_allowed	tut=Total;chat=49:PlayPropose;a=2,b=2,c=4	true
chat_allowed	tut=Total;chat=49:PlayPropose;a=2,b=2,c=5	true
chat_allowed	tut=Total;chat=49:PlayPropose;a=2,b=2,c=6	true
chat_allowed	tut=Total;chat=49:PlayPropose;a=2,b=2,c=7	true
chat_allowed	tut=Total;chat=49:PlayPropose;a=2,b=3,c=0	true
chat_allowed	tut=Total;chat=49:PlayPropose;a=2,b=3,c=1	true
chat_allowed	tut=Total;chat=49:PlayPropose;a=2,b=3,c=2	true
chat_allowed	tut=Total;chat=49:PlayPropose;a=2,b=3,c=3	true
chat_allowed	tut=Total;chat=49:PlayPropose;a=2,b=3,c=4	true
chat_allowed	tut=Total;chat=49:PlayPropose;a=2,b=3,c=5	true
chat_allowed	tut=Total;chat=49:PlayPropose;a=2,b=3,c=6	true
chat_allowed	tut=Total;chat=49:PlayPropose;a=2,b=3,c=7	true
chat_allowed	tut=Total;chat=49:PlayPropose;a=2,b=4,c=0	true
chat_allowed	tut=Total;chat=49:PlayPropose;a=2,b=4,c=1	true
chat_allowed	tut=Total;chat=49:PlayPropose;a=2,b=4,c=2	true
chat_allowed	tut=Total;chat=49:PlayPropose;a=2,b=4,c=3	true
chat_allowed	tut=Total;chat=49:PlayPropose;a=2,b=4,c=4	true
chat_allowed	tut=Total;chat=49:PlayPropose;a=2,b=4,c=5	true
chat_allowed	tut=Total;chat=49:PlayPropose;a=2,b=4,c=6	true
chat_allowed	tut=Total;chat=49:PlayPropose;a=2,b=4,c=7	true
chat_allowed	tut=Total;chat=49:PlayPropose;a=2,b=5,c=0	true
chat_allowed	tut=Total;chat=49:PlayPropose;a=2,b=5,c=1	true
chat_allowed	tut=Total;chat=49:PlayPropose;a=2,b=5,c=2	true
chat_allowed	tut=Total;chat=49:PlayPropose;a=2,b=5,c=3	true
chat_allowed	tut=Total;chat=49:PlayPropose;a=2,b=5,c=4	true
chat_allowed	tut=Total;chat=49:PlayPropose;a=2,b=5,c=5	true
chat_allowed	tut=Total;chat=49:PlayPropose;a=2,b=5,c=6	true
chat_allowed	tut=Total;chat=49:PlayPropose;a=2,b=5,c=7	true
chat_allowed	tut=Total;chat=49:PlayPropose;a=2,b=6,c=0	true
chat_allowed	tut=Total;chat=49:PlayPropose;a=2,b=6,c=1	true
chat_allowed	tut=Total;chat=49:PlayPropose;a=2,b=6,c=2	true
chat_allowed	tut=Total;chat=49:PlayPropose;a=2,b=6,c=3	true
chat_allowed	tut=Total;chat=49:PlayPropose;a=2,b=6,c=4	true
chat_allowed	tut=Total;chat=49:PlayPropose;a=2,b=6,c=5	true
chat_allowed	tut=Total;chat=49:PlayPropose;a=2,b=6,c=6	true
chat_allowed	tut=Total;chat=49:PlayPropose;a=2,b=6,c=7	true
chat_allowed	tut=Total;chat=49:PlayPropose;a=2,b=7,c=0	true
chat_allowed	tut=Total;chat=49:PlayPropose;a=2,b=7,c=1	true
chat_allowed	tut=Total;chat=49:PlayPropose;a=2,b=7,c=2	true
chat_allowed	tut=Total;chat=49:PlayPropose;a=2,b=7,c=3	true
chat_allowed	tut=Total;chat=49:PlayPropose;a=2,b=7,c=4	true
chat_allowed	tut=Total;chat=49:PlayPropose;a=2,b=7,c=5	true
chat_allowed	tut=Total;chat=49:PlayPropose;a=2,b=7,c=6	true
chat_allowed	tut=Total;chat=49:PlayPropose;a=2,b=7,c=7	true
chat_allowed	tut=Total;chat=49:PlayPropose;a=3,b=0,c=0	true
chat_allowed	tut=Total;chat=49:PlayPropose;a=3,b=0,c=1	true
chat_allowed	tut=Total;chat=49:PlayPropose;a=3,b=0,c=2	true
chat_allowed	tut=Total;chat=49:PlayPropose;a=3,b=0,c=3	true
chat_allowed	tut=Total;chat=49:PlayPropose;a=3,b=0,c=4	true
chat_allowed	tut=Total;chat=49:PlayPropose;a=3,b=0,c=5	true
chat_allowed	tut=Total;chat=49:PlayPropose;a=3,b=0,c=6	true
chat_allowed	tut=Total;chat=49:PlayPropose;a=3,b=0,c=7	true
chat_allowed	tut=Total;chat=49:PlayPropose;a=3,b=1,c=0	true
chat_allowed	tut=Total;chat=49:PlayPropose;a=3,b=1,c=1	true
chat_allowed	tut=Total;chat=49:PlayPropose;a=3,b=1,c=2	true
chat_allowed	tut=Total;chat=49:PlayPropose;a=3,b=1,c=3	true
chat_allowed	tut=Total;chat=49:PlayPropose;a=3,b=1,c=4	true
chat_allowed	tut=Total;chat=49:PlayPropose;a=3,b=1,c=5	true
chat_allowed	tut=Total;chat=49:PlayPropose;a=3,b=1,c=6	true
chat_allowed	tut=Total;chat=49:PlayPropose;a=3,b=1,c=7	true
chat_allowed	tut=Total;chat=49:PlayPropose;a=3,b=2,c=0	true
chat_allowed	tut=Total;chat=49:PlayPropose;a=3,b=2,c=1	true
chat_allowed	tut=Total;chat=49:PlayPropose;a=3,b=2,c=2	true
chat_allowed	tut=Total;chat=49:PlayPropose;a=3,b=2,c=3	true
chat_allowed	tut=Total;chat=49:PlayPropose;a=3,b=2,c=4	true
chat_allowed	tut=Total;chat=49:PlayPropose;a=3,b=2,c=5	true
chat_allowed	tut=Total;chat=49:PlayPropose;a=3,b=2,c=6	true
chat_allowed	tut=Total;chat=49:PlayPropose;a=3,b=2,c=7	true
chat_allowed	tut=Total;chat=49:PlayPropose;a=3,b=3,c=0	true
chat_allowed	tut=Total;chat=49:PlayPropose;a=3,b=3,c=1	true
chat_allowed	tut=Total;chat=49:PlayPropose;a=3,b=3,c=2	true
chat_allowed	tut=Total;chat=49:PlayPropose;a=3,b=3,c=3	true
chat_allowed	tut=Total;chat=49:PlayPropose;a=3,b=3,c=4	true
chat_allowed	tut=Total;chat=49:PlayPropose;a=3,b=3,c=5	true
chat_allowed	tut=Total;chat=49:PlayPropose;a=3,b=3,c=6	true
chat_allowed	tut=Total;chat=49:PlayPropose;a=3,b=3,c=7	true
chat_allowed	tut=Total;chat=49:PlayPropose;a=3,b=4,c=0	true
chat_allowed	tut=Total;chat=49:PlayPropose;a=3,b=4,c=1	true
chat_allowed	tut=Total;chat=49:PlayPropose;a=3,b=4,c=2	true
chat_allowed	tut=Total;chat=49:PlayPropose;a=3,b=4,c=3	true
chat_allowed	tut=Total;chat=49:PlayPropose;a=3,b=4,c=4	true
chat_allowed	tut=Total;chat=49:PlayPropose;a=3,b=4,c=5	true
chat_allowed	tut=Total;chat=49:PlayPropose;a=3,b=4,c=6	true
chat_allowed	tut=Total;chat=49:PlayPropose;a=3,b=4,c=7	true
chat_allowed	tut=Total;chat=49:PlayPropose;a=3,b=5,c=0	true
chat_allowed	tut=Total;chat=49:PlayPropose;a=3,b=5,c=1	true
chat_allowed	tut=Total;chat=49:PlayPropose;a=3,b=5,c=2	true
chat_allowed	tut=Total;chat=49:PlayPropose;a=3,b=5,c=3	true
chat_allowed	tut=Total;chat=49:PlayPropose;a=3,b=5,c=4	true
chat_allowed	tut=Total;chat=49:PlayPropose;a=3,b=5,c=5	true
chat_allowed	tut=Total;chat=49:PlayPropose;a=3,b=5,c=6	true
chat_allowed	tut=Total;chat=49:PlayPropose;a=3,b=5,c=7	true
chat_allowed	tut=Total;chat=49:PlayPropose;a=3,b=6,c=0	true
chat_allowed	tut=Total;chat=49:PlayPropose;a=3,b=6,c=1	true
chat_allowed	tut=Total;chat=49:PlayPropose;a=3,b=6,c=2	true
chat_allowed	tut=Total;chat=49:PlayPropose;a=3,b=6,c=3	true
chat_allowed	tut=Total;chat=49:PlayPropose;a=3,b=6,c=4	true
chat_allowed	tut=Total;chat=49:PlayPropose;a=3,b=6,c=5	true
chat_allowed	tut=Total;chat=49:PlayPropose;a=3,b=6,c=6	true
chat_allowed	tut=Total;chat=49:PlayPropose;a=3,b=6,c=7	true
chat_allowed	tut=Total;chat=49:PlayPropose;a=3,b=7,c=0	true
chat_allowed	tut=Total;chat=49:PlayPropose;a=3,b=7,c=1	true
chat_allowed	tut=Total;chat=49:PlayPropose;a=3,b=7,c=2	true
chat_allowed	tut=Total;chat=49:PlayPropose;a=3,b=7,c=3	true
chat_allowed	tut=Total;chat=49:PlayPropose;a=3,b=7,c=4	true
chat_allowed	tut=Total;chat=49:PlayPropose;a=3,b=7,c=5	true
chat_allowed	tut=Total;chat=49:PlayPropose;a=3,b=7,c=6	true
chat_allowed	tut=Total;chat=49:PlayPropose;a=3,b=7,c=7	true
chat_allowed	tut=Total;chat=49:PlayPropose;a=4,b=0,c=0	true
chat_allowed	tut=Total;chat=49:PlayPropose;a=4,b=0,c=1	true
chat_allowed	tut=Total;chat=49:PlayPropose;a=4,b=0,c=2	true
chat_allowed	tut=Total;chat=49:PlayPropose;a=4,b=0,c=3	true
chat_allowed	tut=Total;chat=49:PlayPropose;a=4,b=0,c=4	true
chat_allowed	tut=Total;chat=49:PlayPropose;a=4,b=0,c=5	true
chat_allowed	tut=Total;chat=49:PlayPropose;a=4,b=0,c=6	true
chat_allowed	tut=Total;chat=49:PlayPropose;a=4,b=0,c=7	true
chat_allowed	tut=Total;chat=49:PlayPropose;a=4,b=1,c=0	true
chat_allowed	tut=Total;chat=49:PlayPropose;a=4,b=1,c=1	true
chat_allowed	tut=Total;chat=49:PlayPropose;a=4,b=1,c=2	true
chat_allowed	tut=Total;chat=49:PlayPropose;a=4,b=1,c=3	true
chat_allowed	tut=Total;chat=49:PlayPropose;a=4,b=1,c=4	true
chat_allowed	tut=Total;chat=49:PlayPropose;a=4,b=1,c=5	true
chat_allowed	tut=Total;chat=49:PlayPropose;a=4,b=1,c=6	true
chat_allowed	tut=Total;chat=49:PlayPropose;a=4,b=1,c=7	true
chat_allowed	tut=Total;chat=49:PlayPropose;a=4,b=2,c=0	true
chat_allowed	tut=Total;chat=49:PlayPropose;a=4,b=2,c=1	true
chat_allowed	tut=Total;chat=49:PlayPropose;a=4,b=2,c=2	true
chat_allowed	tut=Total;chat=49:PlayPropose;a=4,b=2,c=3	true
chat_allowed	tut=Total;chat=49:PlayPropose;a=4,b=2,c=4	true
chat_allowed	tut=Total;chat=49:PlayPropose;a=4,b=2,c=5	true
chat_allowed	tut=Total;chat=49:PlayPropose;a=4,b=2,c=6	true
chat_allowed	tut=Total;chat=49:PlayPropose;a=4,b=2,c=7	true
chat_allowed	tut=Total;chat=49:PlayPropose;a=4,b=3,c=0	true
chat_allowed	tut=Total;chat=49:PlayPropose;a=4,b=3,c=1	true
chat_allowed	tut=Total;chat=49:PlayPropose;a=4,b=3,c=2	true
chat_allowed	tut=Total;chat=49:PlayPropose;a=4,b=3,c=3	true
chat_allowed	tut=Total;chat=49:PlayPropose;a=4,b=3,c=4	true
chat_allowed	tut=Total;chat=49:PlayPropose;a=4,b=3,c=5	true
chat_allowed	tut=Total;chat=49:PlayPropose;a=4,b=3,c=6	true
chat_allowed	tut=Total;chat=49:PlayPropose;a=4,b=3,c=7	true
chat_allowed	tut=Total;chat=49:PlayPropose;a=4,b=4,c=0	true
chat_allowed	tut=Total;chat=49:PlayPropose;a=4,b=4,c=1	true
chat_allowed	tut=Total;chat=49:PlayPropose;a=4,b=4,c=2	true
chat_allowed	tut=Total;chat=49:PlayPropose;a=4,b=4,c=3	true
chat_allowed	tut=Total;chat=49:PlayPropose;a=4,b=4,c=4	true
chat_allowed	tut=Total;chat=49:PlayPropose;a=4,b=4,c=5	true
chat_allowed	tut=Total;chat=49:PlayPropose;a=4,b=4,c=6	true
chat_allowed	tut=Total;chat=49:PlayPropose;a=4,b=4,c=7	true
chat_allowed	tut=Total;chat=49:PlayPropose;a=4,b=5,c=0	true
chat_allowed	tut=Total;chat=49:PlayPropose;a=4,b=5,c=1	true
chat_allowed	tut=Total;chat=49:PlayPropose;a=4,b=5,c=2	true
chat_allowed	tut=Total;chat=49:PlayPropose;a=4,b=5,c=3	true
chat_allowed	tut=Total;chat=49:PlayPropose;a=4,b=5,c=4	true
chat_allowed	tut=Total;chat=49:PlayPropose;a=4,b=5,c=5	true
chat_allowed	tut=Total;chat=49:PlayPropose;a=4,b=5,c=6	true
chat_allowed	tut=Total;chat=49:PlayPropose;a=4,b=5,c=7	true
chat_allowed	tut=Total;chat=49:PlayPropose;a=4,b=6,c=0	true
chat_allowed	tut=Total;chat=49:PlayPropose;a=4,b=6,c=1	true
chat_allowed	tut=Total;chat=49:PlayPropose;a=4,b=6,c=2	true
chat_allowed	tut=Total;chat=49:PlayPropose;a=4,b=6,c=3	true
chat_allowed	tut=Total;chat=49:PlayPropose;a=4,b=6,c=4	true
chat_allowed	tut=Total;chat=49:PlayPropose;a=4,b=6,c=5	true
chat_allowed	tut=Total;chat=49:PlayPropose;a=4,b=6,c=6	true
chat_allowed	tut=Total;chat=49:PlayPropose;a=4,b=6,c=7	true
chat_allowed	tut=Total;chat=49:PlayPropose;a=4,b=7,c=0	true
chat_allowed	tut=Total;chat=49:PlayPropose;a=4,b=7,c=1	true
chat_allowed	tut=Total;chat=49:PlayPropose;a=4,b=7,c=2	true
chat_allowed	tut=Total;chat=49:PlayPropose;a=4,b=7,c=3	true
chat_allowed	tut=Total;chat=49:PlayPropose;a=4,b=7,c=4	true
chat_allowed	tut=Total;chat=49:PlayPropose;a=4,b=7,c=5	true
chat_allowed	tut=Total;chat=49:PlayPropose;a=4,b=7,c=6	true
chat_allowed	tut=Total;chat=49:PlayPropose;a=4,b=7,c=7	true
chat_allowed	tut=Total;chat=49:PlayPropose;a=5,b=0,c=0	true
chat_allowed	tut=Total;chat=49:PlayPropose;a=5,b=0,c=1	true
chat_allowed	tut=Total;chat=49:PlayPropose;a=5,b=0,c=2	true
chat_allowed	tut=Total;chat=49:PlayPropose;a=5,b=0,c=3	true
chat_allowed	tut=Total;chat=49:PlayPropose;a=5,b=0,c=4	true
chat_allowed	tut=Total;chat=49:PlayPropose;a=5,b=0,c=5	true
chat_allowed	tut=Total;chat=49:PlayPropose;a=5,b=0,c=6	true
chat_allowed	tut=Total;chat=49:PlayPropose;a=5,b=0,c=7	true
chat_allowed	tut=Total;chat=49:PlayPropose;a=5,b=1,c=0	true
chat_allowed	tut=Total;chat=49:PlayPropose;a=5,b=1,c=1	true
chat_allowed	tut=Total;chat=49:PlayPropose;a=5,b=1,c=2	true
chat_allowed	tut=Total;chat=49:PlayPropose;a=5,b=1,c=3	true
chat_allowed	tut=Total;chat=49:PlayPropose;a=5,b=1,c=4	true
chat_allowed	tut=Total;chat=49:PlayPropose;a=5,b=1,c=5	true
chat_allowed	tut=Total;chat=49:PlayPropose;a=5,b=1,c=6	true
chat_allowed	tut=Total;chat=49:PlayPropose;a=5,b=1,c=7	true
chat_allowed	tut=Total;chat=49:PlayPropose;a=5,b=2,c=0	true
chat_allowed	tut=Total;chat=49:PlayPropose;a=5,b=2,c=1	true
chat_allowed	tut=Total;chat=49:PlayPropose;a=5,b=2,c=2	true
chat_allowed	tut=Total;chat=49:PlayPropose;a=5,b=2,c=3	true
chat_allowed	tut=Total;chat=49:PlayPropose;a=5,b=2,c=4	true
chat_allowed	tut=Total;chat=49:PlayPropose;a=5,b=2,c=5	true
chat_allowed	tut=Total;chat=49:PlayPropose;a=5,b=2,c=6	true
chat_allowed	tut=Total;chat=49:PlayPropose;a=5,b=2,c=7	true
chat_allowed	tut=Total;chat=49:PlayPropose;a=5,b=3,c=0	true
chat_allowed	tut=Total;chat=49:PlayPropose;a=5,b=3,c=1	true
chat_allowed	tut=Total;chat=49:PlayPropose;a=5,b=3,c=2	true
chat_allowed	tut=Total;chat=49:PlayPropose;a=5,b=3,c=3	true
chat_allowed	tut=Total;chat=49:PlayPropose;a=5,b=3,c=4	true
chat_allowed	tut=Total;chat=49:PlayPropose;a=5,b=3,c=5	true
chat_allowed	tut=Total;chat=49:PlayPropose;a=5,b=3,c=6	true
chat_allowed	tut=Total;chat=49:PlayPropose;a=5,b=3,c=7	true
chat_allowed	tut=Total;chat=49:PlayPropose;a=5,b=4,c=0	true
chat_allowed	tut=Total;chat=49:PlayPropose;a=5,b=4,c=1	true
chat_allowed	tut=Total;chat=49:PlayPropose;a=5,b=4,c=2	true
chat_allowed	tut=Total;chat=49:PlayPropose;a=5,b=4,c=3	true
chat_allowed	tut=Total;chat=49:PlayPropose;a=5,b=4,c=4	true
chat_allowed	tut=Total;chat=49:PlayPropose;a=5,b=4,c=5	true
chat_allowed	tut=Total;chat=49:PlayPropose;a=5,b=4,c=6	true
chat_allowed	tut=Total;chat=49:PlayPropose;a=5,b=4,c=7	true
chat_allowed	tut=Total;chat=49:PlayPropose;a=5,b=5,c=0	true
chat_allowed	tut=Total;chat=49:PlayPropose;a=5,b=5,c=1	true
chat_allowed	tut=Total;chat=49:PlayPropose;a=5,b=5,c=2	true
chat_allowed	tut=Total;chat=49:PlayPropose;a=5,b=5,c=3	true
chat_allowed	tut=Total;chat=49:PlayPropose;a=5,b=5,c=4	true
chat_allowed	tut=Total;chat=49:PlayPropose;a=5,b=5,c=5	true
chat_allowed	tut=Total;chat=49:PlayPropose;a=5,b=5,c=6	true
chat_allowed	tut=Total;chat=49:PlayPropose;a=5,b=5,c=7	true
chat_allowed	tut=Total;chat=49:PlayPropose;a=5,b=6,c=0	true
chat_allowed	tut=Total;chat=49:PlayPropose;a=5,b=6,c=1	true
chat_allowed	tut=Total;chat=49:PlayPropose;a=5,b=6,c=2	true
chat_allowed	tut=Total;chat=49:PlayPropose;a=5,b=6,c=3	true
chat_allowed	tut=Total;chat=49:PlayPropose;a=5,b=6,c=4	true
chat_allowed	tut=Total;chat=49:PlayPropose;a=5,b=6,c=5	true
chat_allowed	tut=Total;chat=49:PlayPropose;a=5,b=6,c=6	true
chat_allowed	tut=Total;chat=49:PlayPropose;a=5,b=6,c=7	true
chat_allowed	tut=Total;chat=49:PlayPropose;a=5,b=7,c=0	true
chat_allowed	tut=Total;chat=49:PlayPropose;a=5,b=7,c=1	true
chat_allowed	tut=Total;chat=49:PlayPropose;a=5,b=7,c=2	true
chat_allowed	tut=Total;chat=49:PlayPropose;a=5,b=7,c=3	true
chat_allowed	tut=Total;chat=49:PlayPropose;a=5,b=7,c=4	true
chat_allowed	tut=Total;chat=49:PlayPropose;a=5,b=7,c=5	true
chat_allowed	tut=Total;chat=49:PlayPropose;a=5,b=7,c=6	true
chat_allowed	tut=Total;chat=49:PlayPropose;a=5,b=7,c=7	true
chat_allowed	tut=Total;chat=49:PlayPropose;a=6,b=0,c=0	true
chat_allowed	tut=Total;chat=49:PlayPropose;a=6,b=0,c=1	true
chat_allowed	tut=Total;chat=49:PlayPropose;a=6,b=0,c=2	true
chat_allowed	tut=Total;chat=49:PlayPropose;a=6,b=0,c=3	true
chat_allowed	tut=Total;chat=49:PlayPropose;a=6,b=0,c=4	true
chat_allowed	tut=Total;chat=49:PlayPropose;a=6,b=0,c=5	true
chat_allowed	tut=Total;chat=49:PlayPropose;a=6,b=0,c=6	true
chat_allowed	tut=Total;chat=49:PlayPropose;a=6,b=0,c=7	true
chat_allowed	tut=Total;chat=49:PlayPropose;a=6,b=1,c=0	true
chat_allowed	tut=Total;chat=49:PlayPropose;a=6,b=1,c=1	true
chat_allowed	tut=Total;chat=49:PlayPropose;a=6,b=1,c=2	true
chat_allowed	tut=Total;chat=49:PlayPropose;a=6,b=1,c=3	true
chat_allowed	tut=Total;chat=49:PlayPropose;a=6,b=1,c=4	true
chat_allowed	tut=Total;chat=49:PlayPropose;a=6,b=1,c=5	true
chat_allowed	tut=Total;chat=49:PlayPropose;a=6,b=1,c=6	true
chat_allowed	tut=Total;chat=49:PlayPropose;a=6,b=1,c=7	true
chat_allowed	tut=Total;chat=49:PlayPropose;a=6,b=2,c=0	true
chat_allowed	tut=Total;chat=49:PlayPropose;a=6,b=2,c=1	true
chat_allowed	tut=Total;chat=49:PlayPropose;a=6,b=2,c=2	true
chat_allowed	tut=Total;chat=49:PlayPropose;a=6,b=2,c=3	true
chat_allowed	tut=Total;chat=49:PlayPropose;a=6,b=2,c=4	true
chat_allowed	tut=Total;chat=49:PlayPropose;a=6,b=2,c=5	true
chat_allowed	tut=Total;chat=49:PlayPropose;a=6,b=2,c=6	true
chat_allowed	tut=Total;chat=49:PlayPropose;a=6,b=2,c=7	true
chat_allowed	tut=Total;chat=49:PlayPropose;a=6,b=3,c=0	true
chat_allowed	tut=Total;chat=49:PlayPropose;a=6,b=3,c=1	true
chat_allowed	tut=Total;chat=49:PlayPropose;a=6,b=3,c=2	true
chat_allowed	tut=Total;chat=49:PlayPropose;a=6,b=3,c=3	true
chat_allowed	tut=Total;chat=49:PlayPropose;a=6,b=3,c=4	true
chat_allowed	tut=Total;chat=49:PlayPropose;a=6,b=3,c=5	true
chat_allowed	tut=Total;chat=49:PlayPropose;a=6,b=3,c=6	true
chat_allowed	tut=Total;chat=49:PlayPropose;a=6,b=3,c=7	true
chat_allowed	tut=Total;chat=49:PlayPropose;a=6,b=4,c=0	true
chat_allowed	tut=Total;chat=49:PlayPropose;a=6,b=4,c=1	true
chat_allowed	tut=Total;chat=49:PlayPropose;a=6,b=4,c=2	true
chat_allowed	tut=Total;chat=49:PlayPropose;a=6,b=4,c=3	true
chat_allowed	tut=Total;chat=49:PlayPropose;a=6,b=4,c=4	true
chat_allowed	tut=Total;chat=49:PlayPropose;a=6,b=4,c=5	true
chat_allowed	tut=Total;chat=49:PlayPropose;a=6,b=4,c=6	true
chat_allowed	tut=Total;chat=49:PlayPropose;a=6,b=4,c=7	true
chat_allowed	tut=Total;chat=49:PlayPropose;a=6,b=5,c=0	true
chat_allowed	tut=Total;chat=49:PlayPropose;a=6,b=5,c=1	true
chat_allowed	tut=Total;chat=49:PlayPropose;a=6,b=5,c=2	true
chat_allowed	tut=Total;chat=49:PlayPropose;a=6,b=5,c=3	true
chat_allowed	tut=Total;chat=49:PlayPropose;a=6,b=5,c=4	true
chat_allowed	tut=Total;chat=49:PlayPropose;a=6,b=5,c=5	true
chat_allowed	tut=Total;chat=49:PlayPropose;a=6,b=5,c=6	true
chat_allowed	tut=Total;chat=49:PlayPropose;a=6,b=5,c=7	true
chat_allowed	tut=Total;chat=49:PlayPropose;a=6,b=6,c=0	true
chat_allowed	tut=Total;chat=49:PlayPropose;a=6,b=6,c=1	true
chat_allowed	tut=Total;chat=49:PlayPropose;a=6,b=6,c=2	true
chat_allowed	tut=Total;chat=49:PlayPropose;a=6,b=6,c=3	true
chat_allowed	tut=Total;chat=49:PlayPropose;a=6,b=6,c=4	true
chat_allowed	tut=Total;chat=49:PlayPropose;a=6,b=6,c=5	true
chat_allowed	tut=Total;chat=49:PlayPropose;a=6,b=6,c=6	true
chat_allowed	tut=Total;chat=49:PlayPropose;a=6,b=6,c=7	true
chat_allowed	tut=Total;chat=49:PlayPropose;a=6,b=7,c=0	true
chat_allowed	tut=Total;chat=49:PlayPropose;a=6,b=7,c=1	true
chat_allowed	tut=Total;chat=49:PlayPropose;a=6,b=7,c=2	true
chat_allowed	tut=Total;chat=49:PlayPropose;a=6,b=7,c=3	true
chat_allowed	tut=Total;chat=49:PlayPropose;a=6,b=7,c=4	true
chat_allowed	tut=Total;chat=49:PlayPropose;a=6,b=7,c=5	true
chat_allowed	tut=Total;chat=49:PlayPropose;a=6,b=7,c=6	true
chat_allowed	tut=Total;chat=49:PlayPropose;a=6,b=7,c=7	true
chat_allowed	tut=Total;chat=49:PlayPropose;a=7,b=0,c=0	true
chat_allowed	tut=Total;chat=49:PlayPropose;a=7,b=0,c=1	true
chat_allowed	tut=Total;chat=49:PlayPropose;a=7,b=0,c=2	true
chat_allowed	tut=Total;chat=49:PlayPropose;a=7,b=0,c=3	true
chat_allowed	tut=Total;chat=49:PlayPropose;a=7,b=0,c=4	true
chat_allowed	tut=Total;chat=49:PlayPropose;a=7,b=0,c=5	true
chat_allowed	tut=Total;chat=49:PlayPropose;a=7,b=0,c=6	true
chat_allowed	tut=Total;chat=49:PlayPropose;a=7,b=0,c=7	true
chat_allowed	tut=Total;chat=49:PlayPropose;a=7,b=1,c=0	true
chat_allowed	tut=Total;chat=49:PlayPropose;a=7,b=1,c=1	true
chat_allowed	tut=Total;chat=49:PlayPropose;a=7,b=1,c=2	true
chat_allowed	tut=Total;chat=49:PlayPropose;a=7,b=1,c=3	true
chat_allowed	tut=Total;chat=49:PlayPropose;a=7,b=1,c=4	true
chat_allowed	tut=Total;chat=49:PlayPropose;a=7,b=1,c=5	true
chat_allowed	tut=Total;chat=49:PlayPropose;a=7,b=1,c=6	true
chat_allowed	tut=Total;chat=49:PlayPropose;a=7,b=1,c=7	true
chat_allowed	tut=Total;chat=49:PlayPropose;a=7,b=2,c=0	true
chat_allowed	tut=Total;chat=49:PlayPropose;a=7,b=2,c=1	true
chat_allowed	tut=Total;chat=49:PlayPropose;a=7,b=2,c=2	true
chat_allowed	tut=Total;chat=49:PlayPropose;a=7,b=2,c=3	true
chat_allowed	tut=Total;chat=49:PlayPropose;a=7,b=2,c=4	true
chat_allowed	tut=Total;chat=49:PlayPropose;a=7,b=2,c=5	true
chat_allowed	tut=Total;chat=49:PlayPropose;a=7,b=2,c=6	true
chat_allowed	tut=Total;chat=49:PlayPropose;a=7,b=2,c=7	true
chat_allowed	tut=Total;chat=49:PlayPropose;a=7,b=3,c=0	true
chat_allowed	tut=Total;chat=49:PlayPropose;a=7,b=3,c=1	true
chat_allowed	tut=Total;chat=49:PlayPropose;a=7,b=3,c=2	true
chat_allowed	tut=Total;chat=49:PlayPropose;a=7,b=3,c=3	true
chat_allowed	tut=Total;chat=49:PlayPropose;a=7,b=3,c=4	true
chat_allowed	tut=Total;chat=49:PlayPropose;a=7,b=3,c=5	true
chat_allowed	tut=Total;chat=49:PlayPropose;a=7,b=3,c=6	true
chat_allowed	tut=Total;chat=49:PlayPropose;a=7,b=3,c=7	true
chat_allowed	tut=Total;chat=49:PlayPropose;a=7,b=4,c=0	true
chat_allowed	tut=Total;chat=49:PlayPropose;a=7,b=4,c=1	true
chat_allowed	tut=Total;chat=49:PlayPropose;a=7,b=4,c=2	true
chat_allowed	tut=Total;chat=49:PlayPropose;a=7,b=4,c=3	true
chat_allowed	tut=Total;chat=49:PlayPropose;a=7,b=4,c=4	true
chat_allowed	tut=Total;chat=49:PlayPropose;a=7,b=4,c=5	true
chat_allowed	tut=Total;chat=49:PlayPropose;a=7,b=4,c=6	true
chat_allowed	tut=Total;chat=49:PlayPropose;a=7,b=4,c=7	true
chat_allowed	tut=Total;chat=49:PlayPropose;a=7,b=5,c=0	true
chat_allowed	tut=Total;chat=49:PlayPropose;a=7,b=5,c=1	true
chat_allowed	tut=Total;chat=49:PlayPropose;a=7,b=5,c=2	true
chat_allowed	tut=Total;chat=49:PlayPropose;a=7,b=5,c=3	true
chat_allowed	tut=Total;chat=49:PlayPropose;a=7,b=5,c=4	true
chat_allowed	tut=Total;chat=49:PlayPropose;a=7,b=5,c=5	true
chat_allowed	tut=Total;chat=49:PlayPropose;a=7,b=5,c=6	true
chat_allowed	tut=Total;chat=49:PlayPropose;a=7,b=5,c=7	true
chat_allowed	tut=Total;chat=49:PlayPropose;a=7,b=6,c=0	true
chat_allowed	tut=Total;chat=49:PlayPropose;a=7,b=6,c=1	true
chat_allowed	tut=Total;chat=49:PlayPropose;a=7,b=6,c=2	true
chat_allowed	tut=Total;chat=49:PlayPropose;a=7,b=6,c=3	true
chat_allowed	tut=Total;chat=49:PlayPropose;a=7,b=6,c=4	true
chat_allowed	tut=Total;chat=49:PlayPropose;a=7,b=6,c=5	true
chat_allowed	tut=Total;chat=49:PlayPropose;a=7,b=6,c=6	true
chat_allowed	tut=Total;chat=49:PlayPropose;a=7,b=6,c=7	true
chat_allowed	tut=Total;chat=49:PlayPropose;a=7,b=7,c=0	true
chat_allowed	tut=Total;chat=49:PlayPropose;a=7,b=7,c=1	true
chat_allowed	tut=Total;chat=49:PlayPropose;a=7,b=7,c=2	true
chat_allowed	tut=Total;chat=49:PlayPropose;a=7,b=7,c=3	true
chat_allowed	tut=Total;chat=49:PlayPropose;a=7,b=7,c=4	true
chat_allowed	tut=Total;chat=49:PlayPropose;a=7,b=7,c=5	true
chat_allowed	tut=Total;chat=49:PlayPropose;a=7,b=7,c=6	true
chat_allowed	tut=Total;chat=49:PlayPropose;a=7,b=7,c=7	true
chat_allowed	tut=Total;chat=50:GankPlan;line=Mid,a=0	true
chat_allowed	tut=Total;chat=50:GankPlan;line=Mid,a=1	true
chat_allowed	tut=Total;chat=50:GankPlan;line=Mid,a=2	true
chat_allowed	tut=Total;chat=50:GankPlan;line=Mid,a=3	true
chat_allowed	tut=Total;chat=50:GankPlan;line=Mid,a=4	true
chat_allowed	tut=Total;chat=50:GankPlan;line=Mid,a=5	true
chat_allowed	tut=Total;chat=50:GankPlan;line=Mid,a=6	true
chat_allowed	tut=Total;chat=50:GankPlan;line=Mid,a=7	true
chat_allowed	tut=Total;chat=50:GankPlan;line=Mid,a=8	true
chat_allowed	tut=Total;chat=50:GankPlan;line=Mid,a=9	true
chat_allowed	tut=Total;chat=50:GankPlan;line=Mid,a=10	true
chat_allowed	tut=Total;chat=50:GankPlan;line=Mid,a=11	true
chat_allowed	tut=Total;chat=50:GankPlan;line=Mid,a=12	true
chat_allowed	tut=Total;chat=50:GankPlan;line=Mid,a=13	true
chat_allowed	tut=Total;chat=50:GankPlan;line=Mid,a=14	true
chat_allowed	tut=Total;chat=50:GankPlan;line=Mid,a=15	true
chat_allowed	tut=Total;chat=50:GankPlan;line=Bottom,a=0	true
chat_allowed	tut=Total;chat=50:GankPlan;line=Bottom,a=1	true
chat_allowed	tut=Total;chat=50:GankPlan;line=Bottom,a=2	true
chat_allowed	tut=Total;chat=50:GankPlan;line=Bottom,a=3	true
chat_allowed	tut=Total;chat=50:GankPlan;line=Bottom,a=4	true
chat_allowed	tut=Total;chat=50:GankPlan;line=Bottom,a=5	true
chat_allowed	tut=Total;chat=50:GankPlan;line=Bottom,a=6	true
chat_allowed	tut=Total;chat=50:GankPlan;line=Bottom,a=7	true
chat_allowed	tut=Total;chat=50:GankPlan;line=Bottom,a=8	true
chat_allowed	tut=Total;chat=50:GankPlan;line=Bottom,a=9	true
chat_allowed	tut=Total;chat=50:GankPlan;line=Bottom,a=10	true
chat_allowed	tut=Total;chat=50:GankPlan;line=Bottom,a=11	true
chat_allowed	tut=Total;chat=50:GankPlan;line=Bottom,a=12	true
chat_allowed	tut=Total;chat=50:GankPlan;line=Bottom,a=13	true
chat_allowed	tut=Total;chat=50:GankPlan;line=Bottom,a=14	true
chat_allowed	tut=Total;chat=50:GankPlan;line=Bottom,a=15	true
chat_allowed	tut=Total;chat=50:GankPlan;line=Top,a=0	true
chat_allowed	tut=Total;chat=50:GankPlan;line=Top,a=1	true
chat_allowed	tut=Total;chat=50:GankPlan;line=Top,a=2	true
chat_allowed	tut=Total;chat=50:GankPlan;line=Top,a=3	true
chat_allowed	tut=Total;chat=50:GankPlan;line=Top,a=4	true
chat_allowed	tut=Total;chat=50:GankPlan;line=Top,a=5	true
chat_allowed	tut=Total;chat=50:GankPlan;line=Top,a=6	true
chat_allowed	tut=Total;chat=50:GankPlan;line=Top,a=7	true
chat_allowed	tut=Total;chat=50:GankPlan;line=Top,a=8	true
chat_allowed	tut=Total;chat=50:GankPlan;line=Top,a=9	true
chat_allowed	tut=Total;chat=50:GankPlan;line=Top,a=10	true
chat_allowed	tut=Total;chat=50:GankPlan;line=Top,a=11	true
chat_allowed	tut=Total;chat=50:GankPlan;line=Top,a=12	true
chat_allowed	tut=Total;chat=50:GankPlan;line=Top,a=13	true
chat_allowed	tut=Total;chat=50:GankPlan;line=Top,a=14	true
chat_allowed	tut=Total;chat=50:GankPlan;line=Top,a=15	true
chat_allowed	tut=Total;chat=47:PlayCall;a=0,b=0	true
chat_allowed	tut=Total;chat=55:CounterRequest;a=0,b=0	true
chat_allowed	tut=Total;chat=47:PlayCall;a=0,b=1	true
chat_allowed	tut=Total;chat=55:CounterRequest;a=0,b=1	true
chat_allowed	tut=Total;chat=47:PlayCall;a=0,b=2	true
chat_allowed	tut=Total;chat=55:CounterRequest;a=0,b=2	true
chat_allowed	tut=Total;chat=47:PlayCall;a=0,b=3	true
chat_allowed	tut=Total;chat=55:CounterRequest;a=0,b=3	true
chat_allowed	tut=Total;chat=47:PlayCall;a=0,b=4	true
chat_allowed	tut=Total;chat=55:CounterRequest;a=0,b=4	true
chat_allowed	tut=Total;chat=47:PlayCall;a=0,b=5	true
chat_allowed	tut=Total;chat=55:CounterRequest;a=0,b=5	true
chat_allowed	tut=Total;chat=47:PlayCall;a=0,b=6	true
chat_allowed	tut=Total;chat=55:CounterRequest;a=0,b=6	true
chat_allowed	tut=Total;chat=47:PlayCall;a=0,b=7	true
chat_allowed	tut=Total;chat=55:CounterRequest;a=0,b=7	true
chat_allowed	tut=Total;chat=47:PlayCall;a=0,b=8	true
chat_allowed	tut=Total;chat=55:CounterRequest;a=0,b=8	true
chat_allowed	tut=Total;chat=47:PlayCall;a=0,b=9	true
chat_allowed	tut=Total;chat=55:CounterRequest;a=0,b=9	true
chat_allowed	tut=Total;chat=47:PlayCall;a=0,b=10	true
chat_allowed	tut=Total;chat=55:CounterRequest;a=0,b=10	true
chat_allowed	tut=Total;chat=47:PlayCall;a=0,b=11	true
chat_allowed	tut=Total;chat=55:CounterRequest;a=0,b=11	true
chat_allowed	tut=Total;chat=47:PlayCall;a=0,b=12	true
chat_allowed	tut=Total;chat=55:CounterRequest;a=0,b=12	true
chat_allowed	tut=Total;chat=47:PlayCall;a=0,b=13	true
chat_allowed	tut=Total;chat=55:CounterRequest;a=0,b=13	true
chat_allowed	tut=Total;chat=47:PlayCall;a=0,b=14	true
chat_allowed	tut=Total;chat=55:CounterRequest;a=0,b=14	true
chat_allowed	tut=Total;chat=47:PlayCall;a=0,b=15	true
chat_allowed	tut=Total;chat=55:CounterRequest;a=0,b=15	true
chat_allowed	tut=Total;chat=47:PlayCall;a=1,b=0	true
chat_allowed	tut=Total;chat=55:CounterRequest;a=1,b=0	true
chat_allowed	tut=Total;chat=47:PlayCall;a=1,b=1	true
chat_allowed	tut=Total;chat=55:CounterRequest;a=1,b=1	true
chat_allowed	tut=Total;chat=47:PlayCall;a=1,b=2	true
chat_allowed	tut=Total;chat=55:CounterRequest;a=1,b=2	true
chat_allowed	tut=Total;chat=47:PlayCall;a=1,b=3	true
chat_allowed	tut=Total;chat=55:CounterRequest;a=1,b=3	true
chat_allowed	tut=Total;chat=47:PlayCall;a=1,b=4	true
chat_allowed	tut=Total;chat=55:CounterRequest;a=1,b=4	true
chat_allowed	tut=Total;chat=47:PlayCall;a=1,b=5	true
chat_allowed	tut=Total;chat=55:CounterRequest;a=1,b=5	true
chat_allowed	tut=Total;chat=47:PlayCall;a=1,b=6	true
chat_allowed	tut=Total;chat=55:CounterRequest;a=1,b=6	true
chat_allowed	tut=Total;chat=47:PlayCall;a=1,b=7	true
chat_allowed	tut=Total;chat=55:CounterRequest;a=1,b=7	true
chat_allowed	tut=Total;chat=47:PlayCall;a=1,b=8	true
chat_allowed	tut=Total;chat=55:CounterRequest;a=1,b=8	true
chat_allowed	tut=Total;chat=47:PlayCall;a=1,b=9	true
chat_allowed	tut=Total;chat=55:CounterRequest;a=1,b=9	true
chat_allowed	tut=Total;chat=47:PlayCall;a=1,b=10	true
chat_allowed	tut=Total;chat=55:CounterRequest;a=1,b=10	true
chat_allowed	tut=Total;chat=47:PlayCall;a=1,b=11	true
chat_allowed	tut=Total;chat=55:CounterRequest;a=1,b=11	true
chat_allowed	tut=Total;chat=47:PlayCall;a=1,b=12	true
chat_allowed	tut=Total;chat=55:CounterRequest;a=1,b=12	true
chat_allowed	tut=Total;chat=47:PlayCall;a=1,b=13	true
chat_allowed	tut=Total;chat=55:CounterRequest;a=1,b=13	true
chat_allowed	tut=Total;chat=47:PlayCall;a=1,b=14	true
chat_allowed	tut=Total;chat=55:CounterRequest;a=1,b=14	true
chat_allowed	tut=Total;chat=47:PlayCall;a=1,b=15	true
chat_allowed	tut=Total;chat=55:CounterRequest;a=1,b=15	true
chat_allowed	tut=Total;chat=47:PlayCall;a=2,b=0	true
chat_allowed	tut=Total;chat=55:CounterRequest;a=2,b=0	true
chat_allowed	tut=Total;chat=47:PlayCall;a=2,b=1	true
chat_allowed	tut=Total;chat=55:CounterRequest;a=2,b=1	true
chat_allowed	tut=Total;chat=47:PlayCall;a=2,b=2	true
chat_allowed	tut=Total;chat=55:CounterRequest;a=2,b=2	true
chat_allowed	tut=Total;chat=47:PlayCall;a=2,b=3	true
chat_allowed	tut=Total;chat=55:CounterRequest;a=2,b=3	true
chat_allowed	tut=Total;chat=47:PlayCall;a=2,b=4	true
chat_allowed	tut=Total;chat=55:CounterRequest;a=2,b=4	true
chat_allowed	tut=Total;chat=47:PlayCall;a=2,b=5	true
chat_allowed	tut=Total;chat=55:CounterRequest;a=2,b=5	true
chat_allowed	tut=Total;chat=47:PlayCall;a=2,b=6	true
chat_allowed	tut=Total;chat=55:CounterRequest;a=2,b=6	true
chat_allowed	tut=Total;chat=47:PlayCall;a=2,b=7	true
chat_allowed	tut=Total;chat=55:CounterRequest;a=2,b=7	true
chat_allowed	tut=Total;chat=47:PlayCall;a=2,b=8	true
chat_allowed	tut=Total;chat=55:CounterRequest;a=2,b=8	true
chat_allowed	tut=Total;chat=47:PlayCall;a=2,b=9	true
chat_allowed	tut=Total;chat=55:CounterRequest;a=2,b=9	true
chat_allowed	tut=Total;chat=47:PlayCall;a=2,b=10	true
chat_allowed	tut=Total;chat=55:CounterRequest;a=2,b=10	true
chat_allowed	tut=Total;chat=47:PlayCall;a=2,b=11	true
chat_allowed	tut=Total;chat=55:CounterRequest;a=2,b=11	true
chat_allowed	tut=Total;chat=47:PlayCall;a=2,b=12	true
chat_allowed	tut=Total;chat=55:CounterRequest;a=2,b=12	true
chat_allowed	tut=Total;chat=47:PlayCall;a=2,b=13	true
chat_allowed	tut=Total;chat=55:CounterRequest;a=2,b=13	true
chat_allowed	tut=Total;chat=47:PlayCall;a=2,b=14	true
chat_allowed	tut=Total;chat=55:CounterRequest;a=2,b=14	true
chat_allowed	tut=Total;chat=47:PlayCall;a=2,b=15	true
chat_allowed	tut=Total;chat=55:CounterRequest;a=2,b=15	true
chat_allowed	tut=Total;chat=47:PlayCall;a=3,b=0	true
chat_allowed	tut=Total;chat=55:CounterRequest;a=3,b=0	true
chat_allowed	tut=Total;chat=47:PlayCall;a=3,b=1	true
chat_allowed	tut=Total;chat=55:CounterRequest;a=3,b=1	true
chat_allowed	tut=Total;chat=47:PlayCall;a=3,b=2	true
chat_allowed	tut=Total;chat=55:CounterRequest;a=3,b=2	true
chat_allowed	tut=Total;chat=47:PlayCall;a=3,b=3	true
chat_allowed	tut=Total;chat=55:CounterRequest;a=3,b=3	true
chat_allowed	tut=Total;chat=47:PlayCall;a=3,b=4	true
chat_allowed	tut=Total;chat=55:CounterRequest;a=3,b=4	true
chat_allowed	tut=Total;chat=47:PlayCall;a=3,b=5	true
chat_allowed	tut=Total;chat=55:CounterRequest;a=3,b=5	true
chat_allowed	tut=Total;chat=47:PlayCall;a=3,b=6	true
chat_allowed	tut=Total;chat=55:CounterRequest;a=3,b=6	true
chat_allowed	tut=Total;chat=47:PlayCall;a=3,b=7	true
chat_allowed	tut=Total;chat=55:CounterRequest;a=3,b=7	true
chat_allowed	tut=Total;chat=47:PlayCall;a=3,b=8	true
chat_allowed	tut=Total;chat=55:CounterRequest;a=3,b=8	true
chat_allowed	tut=Total;chat=47:PlayCall;a=3,b=9	true
chat_allowed	tut=Total;chat=55:CounterRequest;a=3,b=9	true
chat_allowed	tut=Total;chat=47:PlayCall;a=3,b=10	true
chat_allowed	tut=Total;chat=55:CounterRequest;a=3,b=10	true
chat_allowed	tut=Total;chat=47:PlayCall;a=3,b=11	true
chat_allowed	tut=Total;chat=55:CounterRequest;a=3,b=11	true
chat_allowed	tut=Total;chat=47:PlayCall;a=3,b=12	true
chat_allowed	tut=Total;chat=55:CounterRequest;a=3,b=12	true
chat_allowed	tut=Total;chat=47:PlayCall;a=3,b=13	true
chat_allowed	tut=Total;chat=55:CounterRequest;a=3,b=13	true
chat_allowed	tut=Total;chat=47:PlayCall;a=3,b=14	true
chat_allowed	tut=Total;chat=55:CounterRequest;a=3,b=14	true
chat_allowed	tut=Total;chat=47:PlayCall;a=3,b=15	true
chat_allowed	tut=Total;chat=55:CounterRequest;a=3,b=15	true
chat_allowed	tut=Total;chat=47:PlayCall;a=4,b=0	true
chat_allowed	tut=Total;chat=55:CounterRequest;a=4,b=0	true
chat_allowed	tut=Total;chat=47:PlayCall;a=4,b=1	true
chat_allowed	tut=Total;chat=55:CounterRequest;a=4,b=1	true
chat_allowed	tut=Total;chat=47:PlayCall;a=4,b=2	true
chat_allowed	tut=Total;chat=55:CounterRequest;a=4,b=2	true
chat_allowed	tut=Total;chat=47:PlayCall;a=4,b=3	true
chat_allowed	tut=Total;chat=55:CounterRequest;a=4,b=3	true
chat_allowed	tut=Total;chat=47:PlayCall;a=4,b=4	true
chat_allowed	tut=Total;chat=55:CounterRequest;a=4,b=4	true
chat_allowed	tut=Total;chat=47:PlayCall;a=4,b=5	true
chat_allowed	tut=Total;chat=55:CounterRequest;a=4,b=5	true
chat_allowed	tut=Total;chat=47:PlayCall;a=4,b=6	true
chat_allowed	tut=Total;chat=55:CounterRequest;a=4,b=6	true
chat_allowed	tut=Total;chat=47:PlayCall;a=4,b=7	true
chat_allowed	tut=Total;chat=55:CounterRequest;a=4,b=7	true
chat_allowed	tut=Total;chat=47:PlayCall;a=4,b=8	true
chat_allowed	tut=Total;chat=55:CounterRequest;a=4,b=8	true
chat_allowed	tut=Total;chat=47:PlayCall;a=4,b=9	true
chat_allowed	tut=Total;chat=55:CounterRequest;a=4,b=9	true
chat_allowed	tut=Total;chat=47:PlayCall;a=4,b=10	true
chat_allowed	tut=Total;chat=55:CounterRequest;a=4,b=10	true
chat_allowed	tut=Total;chat=47:PlayCall;a=4,b=11	true
chat_allowed	tut=Total;chat=55:CounterRequest;a=4,b=11	true
chat_allowed	tut=Total;chat=47:PlayCall;a=4,b=12	true
chat_allowed	tut=Total;chat=55:CounterRequest;a=4,b=12	true
chat_allowed	tut=Total;chat=47:PlayCall;a=4,b=13	true
chat_allowed	tut=Total;chat=55:CounterRequest;a=4,b=13	true
chat_allowed	tut=Total;chat=47:PlayCall;a=4,b=14	true
chat_allowed	tut=Total;chat=55:CounterRequest;a=4,b=14	true
chat_allowed	tut=Total;chat=47:PlayCall;a=4,b=15	true
chat_allowed	tut=Total;chat=55:CounterRequest;a=4,b=15	true
chat_allowed	tut=Total;chat=47:PlayCall;a=5,b=0	true
chat_allowed	tut=Total;chat=55:CounterRequest;a=5,b=0	true
chat_allowed	tut=Total;chat=47:PlayCall;a=5,b=1	true
chat_allowed	tut=Total;chat=55:CounterRequest;a=5,b=1	true
chat_allowed	tut=Total;chat=47:PlayCall;a=5,b=2	true
chat_allowed	tut=Total;chat=55:CounterRequest;a=5,b=2	true
chat_allowed	tut=Total;chat=47:PlayCall;a=5,b=3	true
chat_allowed	tut=Total;chat=55:CounterRequest;a=5,b=3	true
chat_allowed	tut=Total;chat=47:PlayCall;a=5,b=4	true
chat_allowed	tut=Total;chat=55:CounterRequest;a=5,b=4	true
chat_allowed	tut=Total;chat=47:PlayCall;a=5,b=5	true
chat_allowed	tut=Total;chat=55:CounterRequest;a=5,b=5	true
chat_allowed	tut=Total;chat=47:PlayCall;a=5,b=6	true
chat_allowed	tut=Total;chat=55:CounterRequest;a=5,b=6	true
chat_allowed	tut=Total;chat=47:PlayCall;a=5,b=7	true
chat_allowed	tut=Total;chat=55:CounterRequest;a=5,b=7	true
chat_allowed	tut=Total;chat=47:PlayCall;a=5,b=8	true
chat_allowed	tut=Total;chat=55:CounterRequest;a=5,b=8	true
chat_allowed	tut=Total;chat=47:PlayCall;a=5,b=9	true
chat_allowed	tut=Total;chat=55:CounterRequest;a=5,b=9	true
chat_allowed	tut=Total;chat=47:PlayCall;a=5,b=10	true
chat_allowed	tut=Total;chat=55:CounterRequest;a=5,b=10	true
chat_allowed	tut=Total;chat=47:PlayCall;a=5,b=11	true
chat_allowed	tut=Total;chat=55:CounterRequest;a=5,b=11	true
chat_allowed	tut=Total;chat=47:PlayCall;a=5,b=12	true
chat_allowed	tut=Total;chat=55:CounterRequest;a=5,b=12	true
chat_allowed	tut=Total;chat=47:PlayCall;a=5,b=13	true
chat_allowed	tut=Total;chat=55:CounterRequest;a=5,b=13	true
chat_allowed	tut=Total;chat=47:PlayCall;a=5,b=14	true
chat_allowed	tut=Total;chat=55:CounterRequest;a=5,b=14	true
chat_allowed	tut=Total;chat=47:PlayCall;a=5,b=15	true
chat_allowed	tut=Total;chat=55:CounterRequest;a=5,b=15	true
chat_allowed	tut=Total;chat=47:PlayCall;a=6,b=0	true
chat_allowed	tut=Total;chat=55:CounterRequest;a=6,b=0	true
chat_allowed	tut=Total;chat=47:PlayCall;a=6,b=1	true
chat_allowed	tut=Total;chat=55:CounterRequest;a=6,b=1	true
chat_allowed	tut=Total;chat=47:PlayCall;a=6,b=2	true
chat_allowed	tut=Total;chat=55:CounterRequest;a=6,b=2	true
chat_allowed	tut=Total;chat=47:PlayCall;a=6,b=3	true
chat_allowed	tut=Total;chat=55:CounterRequest;a=6,b=3	true
chat_allowed	tut=Total;chat=47:PlayCall;a=6,b=4	true
chat_allowed	tut=Total;chat=55:CounterRequest;a=6,b=4	true
chat_allowed	tut=Total;chat=47:PlayCall;a=6,b=5	true
chat_allowed	tut=Total;chat=55:CounterRequest;a=6,b=5	true
chat_allowed	tut=Total;chat=47:PlayCall;a=6,b=6	true
chat_allowed	tut=Total;chat=55:CounterRequest;a=6,b=6	true
chat_allowed	tut=Total;chat=47:PlayCall;a=6,b=7	true
chat_allowed	tut=Total;chat=55:CounterRequest;a=6,b=7	true
chat_allowed	tut=Total;chat=47:PlayCall;a=6,b=8	true
chat_allowed	tut=Total;chat=55:CounterRequest;a=6,b=8	true
chat_allowed	tut=Total;chat=47:PlayCall;a=6,b=9	true
chat_allowed	tut=Total;chat=55:CounterRequest;a=6,b=9	true
chat_allowed	tut=Total;chat=47:PlayCall;a=6,b=10	true
chat_allowed	tut=Total;chat=55:CounterRequest;a=6,b=10	true
chat_allowed	tut=Total;chat=47:PlayCall;a=6,b=11	true
chat_allowed	tut=Total;chat=55:CounterRequest;a=6,b=11	true
chat_allowed	tut=Total;chat=47:PlayCall;a=6,b=12	true
chat_allowed	tut=Total;chat=55:CounterRequest;a=6,b=12	true
chat_allowed	tut=Total;chat=47:PlayCall;a=6,b=13	true
chat_allowed	tut=Total;chat=55:CounterRequest;a=6,b=13	true
chat_allowed	tut=Total;chat=47:PlayCall;a=6,b=14	true
chat_allowed	tut=Total;chat=55:CounterRequest;a=6,b=14	true
chat_allowed	tut=Total;chat=47:PlayCall;a=6,b=15	true
chat_allowed	tut=Total;chat=55:CounterRequest;a=6,b=15	true
chat_allowed	tut=Total;chat=47:PlayCall;a=7,b=0	true
chat_allowed	tut=Total;chat=55:CounterRequest;a=7,b=0	true
chat_allowed	tut=Total;chat=47:PlayCall;a=7,b=1	true
chat_allowed	tut=Total;chat=55:CounterRequest;a=7,b=1	true
chat_allowed	tut=Total;chat=47:PlayCall;a=7,b=2	true
chat_allowed	tut=Total;chat=55:CounterRequest;a=7,b=2	true
chat_allowed	tut=Total;chat=47:PlayCall;a=7,b=3	true
chat_allowed	tut=Total;chat=55:CounterRequest;a=7,b=3	true
chat_allowed	tut=Total;chat=47:PlayCall;a=7,b=4	true
chat_allowed	tut=Total;chat=55:CounterRequest;a=7,b=4	true
chat_allowed	tut=Total;chat=47:PlayCall;a=7,b=5	true
chat_allowed	tut=Total;chat=55:CounterRequest;a=7,b=5	true
chat_allowed	tut=Total;chat=47:PlayCall;a=7,b=6	true
chat_allowed	tut=Total;chat=55:CounterRequest;a=7,b=6	true
chat_allowed	tut=Total;chat=47:PlayCall;a=7,b=7	true
chat_allowed	tut=Total;chat=55:CounterRequest;a=7,b=7	true
chat_allowed	tut=Total;chat=47:PlayCall;a=7,b=8	true
chat_allowed	tut=Total;chat=55:CounterRequest;a=7,b=8	true
chat_allowed	tut=Total;chat=47:PlayCall;a=7,b=9	true
chat_allowed	tut=Total;chat=55:CounterRequest;a=7,b=9	true
chat_allowed	tut=Total;chat=47:PlayCall;a=7,b=10	true
chat_allowed	tut=Total;chat=55:CounterRequest;a=7,b=10	true
chat_allowed	tut=Total;chat=47:PlayCall;a=7,b=11	true
chat_allowed	tut=Total;chat=55:CounterRequest;a=7,b=11	true
chat_allowed	tut=Total;chat=47:PlayCall;a=7,b=12	true
chat_allowed	tut=Total;chat=55:CounterRequest;a=7,b=12	true
chat_allowed	tut=Total;chat=47:PlayCall;a=7,b=13	true
chat_allowed	tut=Total;chat=55:CounterRequest;a=7,b=13	true
chat_allowed	tut=Total;chat=47:PlayCall;a=7,b=14	true
chat_allowed	tut=Total;chat=55:CounterRequest;a=7,b=14	true
chat_allowed	tut=Total;chat=47:PlayCall;a=7,b=15	true
chat_allowed	tut=Total;chat=55:CounterRequest;a=7,b=15	true
chat_allowed	tut=Total;chat=47:PlayCall;a=8,b=0	true
chat_allowed	tut=Total;chat=55:CounterRequest;a=8,b=0	true
chat_allowed	tut=Total;chat=47:PlayCall;a=8,b=1	true
chat_allowed	tut=Total;chat=55:CounterRequest;a=8,b=1	true
chat_allowed	tut=Total;chat=47:PlayCall;a=8,b=2	true
chat_allowed	tut=Total;chat=55:CounterRequest;a=8,b=2	true
chat_allowed	tut=Total;chat=47:PlayCall;a=8,b=3	true
chat_allowed	tut=Total;chat=55:CounterRequest;a=8,b=3	true
chat_allowed	tut=Total;chat=47:PlayCall;a=8,b=4	true
chat_allowed	tut=Total;chat=55:CounterRequest;a=8,b=4	true
chat_allowed	tut=Total;chat=47:PlayCall;a=8,b=5	true
chat_allowed	tut=Total;chat=55:CounterRequest;a=8,b=5	true
chat_allowed	tut=Total;chat=47:PlayCall;a=8,b=6	true
chat_allowed	tut=Total;chat=55:CounterRequest;a=8,b=6	true
chat_allowed	tut=Total;chat=47:PlayCall;a=8,b=7	true
chat_allowed	tut=Total;chat=55:CounterRequest;a=8,b=7	true
chat_allowed	tut=Total;chat=47:PlayCall;a=8,b=8	true
chat_allowed	tut=Total;chat=55:CounterRequest;a=8,b=8	true
chat_allowed	tut=Total;chat=47:PlayCall;a=8,b=9	true
chat_allowed	tut=Total;chat=55:CounterRequest;a=8,b=9	true
chat_allowed	tut=Total;chat=47:PlayCall;a=8,b=10	true
chat_allowed	tut=Total;chat=55:CounterRequest;a=8,b=10	true
chat_allowed	tut=Total;chat=47:PlayCall;a=8,b=11	true
chat_allowed	tut=Total;chat=55:CounterRequest;a=8,b=11	true
chat_allowed	tut=Total;chat=47:PlayCall;a=8,b=12	true
chat_allowed	tut=Total;chat=55:CounterRequest;a=8,b=12	true
chat_allowed	tut=Total;chat=47:PlayCall;a=8,b=13	true
chat_allowed	tut=Total;chat=55:CounterRequest;a=8,b=13	true
chat_allowed	tut=Total;chat=47:PlayCall;a=8,b=14	true
chat_allowed	tut=Total;chat=55:CounterRequest;a=8,b=14	true
chat_allowed	tut=Total;chat=47:PlayCall;a=8,b=15	true
chat_allowed	tut=Total;chat=55:CounterRequest;a=8,b=15	true
chat_allowed	tut=Total;chat=47:PlayCall;a=9,b=0	true
chat_allowed	tut=Total;chat=55:CounterRequest;a=9,b=0	true
chat_allowed	tut=Total;chat=47:PlayCall;a=9,b=1	true
chat_allowed	tut=Total;chat=55:CounterRequest;a=9,b=1	true
chat_allowed	tut=Total;chat=47:PlayCall;a=9,b=2	true
chat_allowed	tut=Total;chat=55:CounterRequest;a=9,b=2	true
chat_allowed	tut=Total;chat=47:PlayCall;a=9,b=3	true
chat_allowed	tut=Total;chat=55:CounterRequest;a=9,b=3	true
chat_allowed	tut=Total;chat=47:PlayCall;a=9,b=4	true
chat_allowed	tut=Total;chat=55:CounterRequest;a=9,b=4	true
chat_allowed	tut=Total;chat=47:PlayCall;a=9,b=5	true
chat_allowed	tut=Total;chat=55:CounterRequest;a=9,b=5	true
chat_allowed	tut=Total;chat=47:PlayCall;a=9,b=6	true
chat_allowed	tut=Total;chat=55:CounterRequest;a=9,b=6	true
chat_allowed	tut=Total;chat=47:PlayCall;a=9,b=7	true
chat_allowed	tut=Total;chat=55:CounterRequest;a=9,b=7	true
chat_allowed	tut=Total;chat=47:PlayCall;a=9,b=8	true
chat_allowed	tut=Total;chat=55:CounterRequest;a=9,b=8	true
chat_allowed	tut=Total;chat=47:PlayCall;a=9,b=9	true
chat_allowed	tut=Total;chat=55:CounterRequest;a=9,b=9	true
chat_allowed	tut=Total;chat=47:PlayCall;a=9,b=10	true
chat_allowed	tut=Total;chat=55:CounterRequest;a=9,b=10	true
chat_allowed	tut=Total;chat=47:PlayCall;a=9,b=11	true
chat_allowed	tut=Total;chat=55:CounterRequest;a=9,b=11	true
chat_allowed	tut=Total;chat=47:PlayCall;a=9,b=12	true
chat_allowed	tut=Total;chat=55:CounterRequest;a=9,b=12	true
chat_allowed	tut=Total;chat=47:PlayCall;a=9,b=13	true
chat_allowed	tut=Total;chat=55:CounterRequest;a=9,b=13	true
chat_allowed	tut=Total;chat=47:PlayCall;a=9,b=14	true
chat_allowed	tut=Total;chat=55:CounterRequest;a=9,b=14	true
chat_allowed	tut=Total;chat=47:PlayCall;a=9,b=15	true
chat_allowed	tut=Total;chat=55:CounterRequest;a=9,b=15	true
chat_allowed	tut=Total;chat=47:PlayCall;a=10,b=0	true
chat_allowed	tut=Total;chat=55:CounterRequest;a=10,b=0	true
chat_allowed	tut=Total;chat=47:PlayCall;a=10,b=1	true
chat_allowed	tut=Total;chat=55:CounterRequest;a=10,b=1	true
chat_allowed	tut=Total;chat=47:PlayCall;a=10,b=2	true
chat_allowed	tut=Total;chat=55:CounterRequest;a=10,b=2	true
chat_allowed	tut=Total;chat=47:PlayCall;a=10,b=3	true
chat_allowed	tut=Total;chat=55:CounterRequest;a=10,b=3	true
chat_allowed	tut=Total;chat=47:PlayCall;a=10,b=4	true
chat_allowed	tut=Total;chat=55:CounterRequest;a=10,b=4	true
chat_allowed	tut=Total;chat=47:PlayCall;a=10,b=5	true
chat_allowed	tut=Total;chat=55:CounterRequest;a=10,b=5	true
chat_allowed	tut=Total;chat=47:PlayCall;a=10,b=6	true
chat_allowed	tut=Total;chat=55:CounterRequest;a=10,b=6	true
chat_allowed	tut=Total;chat=47:PlayCall;a=10,b=7	true
chat_allowed	tut=Total;chat=55:CounterRequest;a=10,b=7	true
chat_allowed	tut=Total;chat=47:PlayCall;a=10,b=8	true
chat_allowed	tut=Total;chat=55:CounterRequest;a=10,b=8	true
chat_allowed	tut=Total;chat=47:PlayCall;a=10,b=9	true
chat_allowed	tut=Total;chat=55:CounterRequest;a=10,b=9	true
chat_allowed	tut=Total;chat=47:PlayCall;a=10,b=10	true
chat_allowed	tut=Total;chat=55:CounterRequest;a=10,b=10	true
chat_allowed	tut=Total;chat=47:PlayCall;a=10,b=11	true
chat_allowed	tut=Total;chat=55:CounterRequest;a=10,b=11	true
chat_allowed	tut=Total;chat=47:PlayCall;a=10,b=12	true
chat_allowed	tut=Total;chat=55:CounterRequest;a=10,b=12	true
chat_allowed	tut=Total;chat=47:PlayCall;a=10,b=13	true
chat_allowed	tut=Total;chat=55:CounterRequest;a=10,b=13	true
chat_allowed	tut=Total;chat=47:PlayCall;a=10,b=14	true
chat_allowed	tut=Total;chat=55:CounterRequest;a=10,b=14	true
chat_allowed	tut=Total;chat=47:PlayCall;a=10,b=15	true
chat_allowed	tut=Total;chat=55:CounterRequest;a=10,b=15	true
chat_allowed	tut=Total;chat=47:PlayCall;a=11,b=0	true
chat_allowed	tut=Total;chat=55:CounterRequest;a=11,b=0	true
chat_allowed	tut=Total;chat=47:PlayCall;a=11,b=1	true
chat_allowed	tut=Total;chat=55:CounterRequest;a=11,b=1	true
chat_allowed	tut=Total;chat=47:PlayCall;a=11,b=2	true
chat_allowed	tut=Total;chat=55:CounterRequest;a=11,b=2	true
chat_allowed	tut=Total;chat=47:PlayCall;a=11,b=3	true
chat_allowed	tut=Total;chat=55:CounterRequest;a=11,b=3	true
chat_allowed	tut=Total;chat=47:PlayCall;a=11,b=4	true
chat_allowed	tut=Total;chat=55:CounterRequest;a=11,b=4	true
chat_allowed	tut=Total;chat=47:PlayCall;a=11,b=5	true
chat_allowed	tut=Total;chat=55:CounterRequest;a=11,b=5	true
chat_allowed	tut=Total;chat=47:PlayCall;a=11,b=6	true
chat_allowed	tut=Total;chat=55:CounterRequest;a=11,b=6	true
chat_allowed	tut=Total;chat=47:PlayCall;a=11,b=7	true
chat_allowed	tut=Total;chat=55:CounterRequest;a=11,b=7	true
chat_allowed	tut=Total;chat=47:PlayCall;a=11,b=8	true
chat_allowed	tut=Total;chat=55:CounterRequest;a=11,b=8	true
chat_allowed	tut=Total;chat=47:PlayCall;a=11,b=9	true
chat_allowed	tut=Total;chat=55:CounterRequest;a=11,b=9	true
chat_allowed	tut=Total;chat=47:PlayCall;a=11,b=10	true
chat_allowed	tut=Total;chat=55:CounterRequest;a=11,b=10	true
chat_allowed	tut=Total;chat=47:PlayCall;a=11,b=11	true
chat_allowed	tut=Total;chat=55:CounterRequest;a=11,b=11	true
chat_allowed	tut=Total;chat=47:PlayCall;a=11,b=12	true
chat_allowed	tut=Total;chat=55:CounterRequest;a=11,b=12	true
chat_allowed	tut=Total;chat=47:PlayCall;a=11,b=13	true
chat_allowed	tut=Total;chat=55:CounterRequest;a=11,b=13	true
chat_allowed	tut=Total;chat=47:PlayCall;a=11,b=14	true
chat_allowed	tut=Total;chat=55:CounterRequest;a=11,b=14	true
chat_allowed	tut=Total;chat=47:PlayCall;a=11,b=15	true
chat_allowed	tut=Total;chat=55:CounterRequest;a=11,b=15	true
chat_allowed	tut=Total;chat=47:PlayCall;a=12,b=0	true
chat_allowed	tut=Total;chat=55:CounterRequest;a=12,b=0	true
chat_allowed	tut=Total;chat=47:PlayCall;a=12,b=1	true
chat_allowed	tut=Total;chat=55:CounterRequest;a=12,b=1	true
chat_allowed	tut=Total;chat=47:PlayCall;a=12,b=2	true
chat_allowed	tut=Total;chat=55:CounterRequest;a=12,b=2	true
chat_allowed	tut=Total;chat=47:PlayCall;a=12,b=3	true
chat_allowed	tut=Total;chat=55:CounterRequest;a=12,b=3	true
chat_allowed	tut=Total;chat=47:PlayCall;a=12,b=4	true
chat_allowed	tut=Total;chat=55:CounterRequest;a=12,b=4	true
chat_allowed	tut=Total;chat=47:PlayCall;a=12,b=5	true
chat_allowed	tut=Total;chat=55:CounterRequest;a=12,b=5	true
chat_allowed	tut=Total;chat=47:PlayCall;a=12,b=6	true
chat_allowed	tut=Total;chat=55:CounterRequest;a=12,b=6	true
chat_allowed	tut=Total;chat=47:PlayCall;a=12,b=7	true
chat_allowed	tut=Total;chat=55:CounterRequest;a=12,b=7	true
chat_allowed	tut=Total;chat=47:PlayCall;a=12,b=8	true
chat_allowed	tut=Total;chat=55:CounterRequest;a=12,b=8	true
chat_allowed	tut=Total;chat=47:PlayCall;a=12,b=9	true
chat_allowed	tut=Total;chat=55:CounterRequest;a=12,b=9	true
chat_allowed	tut=Total;chat=47:PlayCall;a=12,b=10	true
chat_allowed	tut=Total;chat=55:CounterRequest;a=12,b=10	true
chat_allowed	tut=Total;chat=47:PlayCall;a=12,b=11	true
chat_allowed	tut=Total;chat=55:CounterRequest;a=12,b=11	true
chat_allowed	tut=Total;chat=47:PlayCall;a=12,b=12	true
chat_allowed	tut=Total;chat=55:CounterRequest;a=12,b=12	true
chat_allowed	tut=Total;chat=47:PlayCall;a=12,b=13	true
chat_allowed	tut=Total;chat=55:CounterRequest;a=12,b=13	true
chat_allowed	tut=Total;chat=47:PlayCall;a=12,b=14	true
chat_allowed	tut=Total;chat=55:CounterRequest;a=12,b=14	true
chat_allowed	tut=Total;chat=47:PlayCall;a=12,b=15	true
chat_allowed	tut=Total;chat=55:CounterRequest;a=12,b=15	true
chat_allowed	tut=Total;chat=47:PlayCall;a=13,b=0	true
chat_allowed	tut=Total;chat=55:CounterRequest;a=13,b=0	true
chat_allowed	tut=Total;chat=47:PlayCall;a=13,b=1	true
chat_allowed	tut=Total;chat=55:CounterRequest;a=13,b=1	true
chat_allowed	tut=Total;chat=47:PlayCall;a=13,b=2	true
chat_allowed	tut=Total;chat=55:CounterRequest;a=13,b=2	true
chat_allowed	tut=Total;chat=47:PlayCall;a=13,b=3	true
chat_allowed	tut=Total;chat=55:CounterRequest;a=13,b=3	true
chat_allowed	tut=Total;chat=47:PlayCall;a=13,b=4	true
chat_allowed	tut=Total;chat=55:CounterRequest;a=13,b=4	true
chat_allowed	tut=Total;chat=47:PlayCall;a=13,b=5	true
chat_allowed	tut=Total;chat=55:CounterRequest;a=13,b=5	true
chat_allowed	tut=Total;chat=47:PlayCall;a=13,b=6	true
chat_allowed	tut=Total;chat=55:CounterRequest;a=13,b=6	true
chat_allowed	tut=Total;chat=47:PlayCall;a=13,b=7	true
chat_allowed	tut=Total;chat=55:CounterRequest;a=13,b=7	true
chat_allowed	tut=Total;chat=47:PlayCall;a=13,b=8	true
chat_allowed	tut=Total;chat=55:CounterRequest;a=13,b=8	true
chat_allowed	tut=Total;chat=47:PlayCall;a=13,b=9	true
chat_allowed	tut=Total;chat=55:CounterRequest;a=13,b=9	true
chat_allowed	tut=Total;chat=47:PlayCall;a=13,b=10	true
chat_allowed	tut=Total;chat=55:CounterRequest;a=13,b=10	true
chat_allowed	tut=Total;chat=47:PlayCall;a=13,b=11	true
chat_allowed	tut=Total;chat=55:CounterRequest;a=13,b=11	true
chat_allowed	tut=Total;chat=47:PlayCall;a=13,b=12	true
chat_allowed	tut=Total;chat=55:CounterRequest;a=13,b=12	true
chat_allowed	tut=Total;chat=47:PlayCall;a=13,b=13	true
chat_allowed	tut=Total;chat=55:CounterRequest;a=13,b=13	true
chat_allowed	tut=Total;chat=47:PlayCall;a=13,b=14	true
chat_allowed	tut=Total;chat=55:CounterRequest;a=13,b=14	true
chat_allowed	tut=Total;chat=47:PlayCall;a=13,b=15	true
chat_allowed	tut=Total;chat=55:CounterRequest;a=13,b=15	true
chat_allowed	tut=Total;chat=47:PlayCall;a=14,b=0	true
chat_allowed	tut=Total;chat=55:CounterRequest;a=14,b=0	true
chat_allowed	tut=Total;chat=47:PlayCall;a=14,b=1	true
chat_allowed	tut=Total;chat=55:CounterRequest;a=14,b=1	true
chat_allowed	tut=Total;chat=47:PlayCall;a=14,b=2	true
chat_allowed	tut=Total;chat=55:CounterRequest;a=14,b=2	true
chat_allowed	tut=Total;chat=47:PlayCall;a=14,b=3	true
chat_allowed	tut=Total;chat=55:CounterRequest;a=14,b=3	true
chat_allowed	tut=Total;chat=47:PlayCall;a=14,b=4	true
chat_allowed	tut=Total;chat=55:CounterRequest;a=14,b=4	true
chat_allowed	tut=Total;chat=47:PlayCall;a=14,b=5	true
chat_allowed	tut=Total;chat=55:CounterRequest;a=14,b=5	true
chat_allowed	tut=Total;chat=47:PlayCall;a=14,b=6	true
chat_allowed	tut=Total;chat=55:CounterRequest;a=14,b=6	true
chat_allowed	tut=Total;chat=47:PlayCall;a=14,b=7	true
chat_allowed	tut=Total;chat=55:CounterRequest;a=14,b=7	true
chat_allowed	tut=Total;chat=47:PlayCall;a=14,b=8	true
chat_allowed	tut=Total;chat=55:CounterRequest;a=14,b=8	true
chat_allowed	tut=Total;chat=47:PlayCall;a=14,b=9	true
chat_allowed	tut=Total;chat=55:CounterRequest;a=14,b=9	true
chat_allowed	tut=Total;chat=47:PlayCall;a=14,b=10	true
chat_allowed	tut=Total;chat=55:CounterRequest;a=14,b=10	true
chat_allowed	tut=Total;chat=47:PlayCall;a=14,b=11	true
chat_allowed	tut=Total;chat=55:CounterRequest;a=14,b=11	true
chat_allowed	tut=Total;chat=47:PlayCall;a=14,b=12	true
chat_allowed	tut=Total;chat=55:CounterRequest;a=14,b=12	true
chat_allowed	tut=Total;chat=47:PlayCall;a=14,b=13	true
chat_allowed	tut=Total;chat=55:CounterRequest;a=14,b=13	true
chat_allowed	tut=Total;chat=47:PlayCall;a=14,b=14	true
chat_allowed	tut=Total;chat=55:CounterRequest;a=14,b=14	true
chat_allowed	tut=Total;chat=47:PlayCall;a=14,b=15	true
chat_allowed	tut=Total;chat=55:CounterRequest;a=14,b=15	true
chat_allowed	tut=Total;chat=47:PlayCall;a=15,b=0	true
chat_allowed	tut=Total;chat=55:CounterRequest;a=15,b=0	true
chat_allowed	tut=Total;chat=47:PlayCall;a=15,b=1	true
chat_allowed	tut=Total;chat=55:CounterRequest;a=15,b=1	true
chat_allowed	tut=Total;chat=47:PlayCall;a=15,b=2	true
chat_allowed	tut=Total;chat=55:CounterRequest;a=15,b=2	true
chat_allowed	tut=Total;chat=47:PlayCall;a=15,b=3	true
chat_allowed	tut=Total;chat=55:CounterRequest;a=15,b=3	true
chat_allowed	tut=Total;chat=47:PlayCall;a=15,b=4	true
chat_allowed	tut=Total;chat=55:CounterRequest;a=15,b=4	true
chat_allowed	tut=Total;chat=47:PlayCall;a=15,b=5	true
chat_allowed	tut=Total;chat=55:CounterRequest;a=15,b=5	true
chat_allowed	tut=Total;chat=47:PlayCall;a=15,b=6	true
chat_allowed	tut=Total;chat=55:CounterRequest;a=15,b=6	true
chat_allowed	tut=Total;chat=47:PlayCall;a=15,b=7	true
chat_allowed	tut=Total;chat=55:CounterRequest;a=15,b=7	true
chat_allowed	tut=Total;chat=47:PlayCall;a=15,b=8	true
chat_allowed	tut=Total;chat=55:CounterRequest;a=15,b=8	true
chat_allowed	tut=Total;chat=47:PlayCall;a=15,b=9	true
chat_allowed	tut=Total;chat=55:CounterRequest;a=15,b=9	true
chat_allowed	tut=Total;chat=47:PlayCall;a=15,b=10	true
chat_allowed	tut=Total;chat=55:CounterRequest;a=15,b=10	true
chat_allowed	tut=Total;chat=47:PlayCall;a=15,b=11	true
chat_allowed	tut=Total;chat=55:CounterRequest;a=15,b=11	true
chat_allowed	tut=Total;chat=47:PlayCall;a=15,b=12	true
chat_allowed	tut=Total;chat=55:CounterRequest;a=15,b=12	true
chat_allowed	tut=Total;chat=47:PlayCall;a=15,b=13	true
chat_allowed	tut=Total;chat=55:CounterRequest;a=15,b=13	true
chat_allowed	tut=Total;chat=47:PlayCall;a=15,b=14	true
chat_allowed	tut=Total;chat=55:CounterRequest;a=15,b=14	true
chat_allowed	tut=Total;chat=47:PlayCall;a=15,b=15	true
chat_allowed	tut=Total;chat=55:CounterRequest;a=15,b=15	true
chat_allowed	tut=Total;chat=51:EarlyPlan;a=0	true
chat_allowed	tut=Total;chat=52:EarlyPlanChange;a=0	true
chat_allowed	tut=Total;chat=51:EarlyPlan;a=1	true
chat_allowed	tut=Total;chat=52:EarlyPlanChange;a=1	true
chat_allowed	tut=Total;chat=51:EarlyPlan;a=2	true
chat_allowed	tut=Total;chat=52:EarlyPlanChange;a=2	true
chat_allowed	tut=Total;chat=51:EarlyPlan;a=3	true
chat_allowed	tut=Total;chat=52:EarlyPlanChange;a=3	true
chat_allowed	tut=Total;chat=51:EarlyPlan;a=4	true
chat_allowed	tut=Total;chat=52:EarlyPlanChange;a=4	true
chat_allowed	tut=Total;chat=51:EarlyPlan;a=5	true
chat_allowed	tut=Total;chat=52:EarlyPlanChange;a=5	true
chat_allowed	tut=Total;chat=51:EarlyPlan;a=6	true
chat_allowed	tut=Total;chat=52:EarlyPlanChange;a=6	true
chat_allowed	tut=Total;chat=51:EarlyPlan;a=7	true
chat_allowed	tut=Total;chat=52:EarlyPlanChange;a=7	true
chat_allowed	tut=Total;chat=51:EarlyPlan;a=8	true
chat_allowed	tut=Total;chat=52:EarlyPlanChange;a=8	true
chat_allowed	tut=Total;chat=51:EarlyPlan;a=9	true
chat_allowed	tut=Total;chat=52:EarlyPlanChange;a=9	true
chat_allowed	tut=Total;chat=51:EarlyPlan;a=10	true
chat_allowed	tut=Total;chat=52:EarlyPlanChange;a=10	true
chat_allowed	tut=Total;chat=51:EarlyPlan;a=11	true
chat_allowed	tut=Total;chat=52:EarlyPlanChange;a=11	true
chat_allowed	tut=Total;chat=51:EarlyPlan;a=12	true
chat_allowed	tut=Total;chat=52:EarlyPlanChange;a=12	true
chat_allowed	tut=Total;chat=51:EarlyPlan;a=13	true
chat_allowed	tut=Total;chat=52:EarlyPlanChange;a=13	true
chat_allowed	tut=Total;chat=51:EarlyPlan;a=14	true
chat_allowed	tut=Total;chat=52:EarlyPlanChange;a=14	true
chat_allowed	tut=Total;chat=51:EarlyPlan;a=15	true
chat_allowed	tut=Total;chat=52:EarlyPlanChange;a=15	true
