champ	t0	Top	x=15000	y=913000	is_top_side=true	is_bottom_side=false
champ	t0	Jungle	x=32000	y=928000	is_top_side=true	is_bottom_side=false
champ	t0	Mid	x=49000	y=911000	is_top_side=true	is_bottom_side=false
champ	t0	Bottom	x=15000	y=938000	is_top_side=true	is_bottom_side=false
champ	t0	Support	x=49000	y=946000	is_top_side=true	is_bottom_side=false
champ	t1	Top	x=913000	y=15000	is_top_side=true	is_bottom_side=false
champ	t1	Jungle	x=928000	y=32000	is_top_side=true	is_bottom_side=false
champ	t1	Mid	x=911000	y=49000	is_top_side=true	is_bottom_side=false
champ	t1	Bottom	x=938000	y=15000	is_top_side=true	is_bottom_side=false
champ	t1	Support	x=946000	y=49000	is_top_side=true	is_bottom_side=false
bush	lead=0	line=Top	team=0	pos=Top	GANKER=Hide(HideSubPlan { bush: 16, out_line: Outline, check_move: false, enemy_spotted_me: false })	COVER=Hide(HideSubPlan { bush: 3, out_line: Outline, check_move: false, enemy_spotted_me: false })
bush	lead=0	line=Top	team=0	pos=Jungle	GANKER=Hide(HideSubPlan { bush: 16, out_line: Outline, check_move: false, enemy_spotted_me: false })	COVER=Hide(HideSubPlan { bush: 3, out_line: Outline, check_move: false, enemy_spotted_me: false })
bush	lead=0	line=Top	team=0	pos=Mid	GANKER=Hide(HideSubPlan { bush: 16, out_line: Outline, check_move: false, enemy_spotted_me: false })	COVER=Hide(HideSubPlan { bush: 3, out_line: Outline, check_move: false, enemy_spotted_me: false })
bush	lead=0	line=Top	team=0	pos=Bottom	GANKER=Hide(HideSubPlan { bush: 16, out_line: Outline, check_move: false, enemy_spotted_me: false })	COVER=Hide(HideSubPlan { bush: 3, out_line: Outline, check_move: false, enemy_spotted_me: false })
bush	lead=0	line=Top	team=0	pos=Support	GANKER=Hide(HideSubPlan { bush: 16, out_line: Outline, check_move: false, enemy_spotted_me: false })	COVER=Hide(HideSubPlan { bush: 3, out_line: Outline, check_move: false, enemy_spotted_me: false })
bush	lead=0	line=Top	team=1	pos=Top	GANKER=Hide(HideSubPlan { bush: 2, out_line: Outline, check_move: false, enemy_spotted_me: false })	COVER=Hide(HideSubPlan { bush: 6, out_line: Outline, check_move: false, enemy_spotted_me: false })
bush	lead=0	line=Top	team=1	pos=Jungle	GANKER=Hide(HideSubPlan { bush: 2, out_line: Outline, check_move: false, enemy_spotted_me: false })	COVER=Hide(HideSubPlan { bush: 6, out_line: Outline, check_move: false, enemy_spotted_me: false })
bush	lead=0	line=Top	team=1	pos=Mid	GANKER=Hide(HideSubPlan { bush: 2, out_line: Outline, check_move: false, enemy_spotted_me: false })	COVER=Hide(HideSubPlan { bush: 6, out_line: Outline, check_move: false, enemy_spotted_me: false })
bush	lead=0	line=Top	team=1	pos=Bottom	GANKER=Hide(HideSubPlan { bush: 2, out_line: Outline, check_move: false, enemy_spotted_me: false })	COVER=Hide(HideSubPlan { bush: 6, out_line: Outline, check_move: false, enemy_spotted_me: false })
bush	lead=0	line=Top	team=1	pos=Support	GANKER=Hide(HideSubPlan { bush: 2, out_line: Outline, check_move: false, enemy_spotted_me: false })	COVER=Hide(HideSubPlan { bush: 6, out_line: Outline, check_move: false, enemy_spotted_me: false })
bush	lead=0	line=Mid	team=0	pos=Top	GANKER=Hide(HideSubPlan { bush: 17, out_line: Outline, check_move: false, enemy_spotted_me: false })	COVER=Hide(HideSubPlan { bush: 11, out_line: Outline, check_move: false, enemy_spotted_me: false })
bush	lead=0	line=Mid	team=0	pos=Jungle	GANKER=Hide(HideSubPlan { bush: 17, out_line: Outline, check_move: false, enemy_spotted_me: false })	COVER=Hide(HideSubPlan { bush: 11, out_line: Outline, check_move: false, enemy_spotted_me: false })
bush	lead=0	line=Mid	team=0	pos=Mid	GANKER=Hide(HideSubPlan { bush: 17, out_line: Outline, check_move: false, enemy_spotted_me: false })	COVER=Hide(HideSubPlan { bush: 11, out_line: Outline, check_move: false, enemy_spotted_me: false })
bush	lead=0	line=Mid	team=0	pos=Bottom	GANKER=Hide(HideSubPlan { bush: 17, out_line: Outline, check_move: false, enemy_spotted_me: false })	COVER=Hide(HideSubPlan { bush: 11, out_line: Outline, check_move: false, enemy_spotted_me: false })
bush	lead=0	line=Mid	team=0	pos=Support	GANKER=Hide(HideSubPlan { bush: 17, out_line: Outline, check_move: false, enemy_spotted_me: false })	COVER=Hide(HideSubPlan { bush: 11, out_line: Outline, check_move: false, enemy_spotted_me: false })
bush	lead=0	line=Mid	team=1	pos=Top	GANKER=Hide(HideSubPlan { bush: 4, out_line: Outline, check_move: false, enemy_spotted_me: false })	COVER=Hide(HideSubPlan { bush: 11, out_line: Outline, check_move: false, enemy_spotted_me: false })
bush	lead=0	line=Mid	team=1	pos=Jungle	GANKER=Hide(HideSubPlan { bush: 4, out_line: Outline, check_move: false, enemy_spotted_me: false })	COVER=Hide(HideSubPlan { bush: 11, out_line: Outline, check_move: false, enemy_spotted_me: false })
bush	lead=0	line=Mid	team=1	pos=Mid	GANKER=Hide(HideSubPlan { bush: 4, out_line: Outline, check_move: false, enemy_spotted_me: false })	COVER=Hide(HideSubPlan { bush: 11, out_line: Outline, check_move: false, enemy_spotted_me: false })
bush	lead=0	line=Mid	team=1	pos=Bottom	GANKER=Hide(HideSubPlan { bush: 4, out_line: Outline, check_move: false, enemy_spotted_me: false })	COVER=Hide(HideSubPlan { bush: 11, out_line: Outline, check_move: false, enemy_spotted_me: false })
bush	lead=0	line=Mid	team=1	pos=Support	GANKER=Hide(HideSubPlan { bush: 4, out_line: Outline, check_move: false, enemy_spotted_me: false })	COVER=Hide(HideSubPlan { bush: 11, out_line: Outline, check_move: false, enemy_spotted_me: false })
bush	lead=0	line=Bottom	team=0	pos=Top	GANKER=Hide(HideSubPlan { bush: 21, out_line: Outline, check_move: false, enemy_spotted_me: false })	COVER=Hide(HideSubPlan { bush: 15, out_line: Outline, check_move: false, enemy_spotted_me: false })
bush	lead=0	line=Bottom	team=0	pos=Jungle	GANKER=Hide(HideSubPlan { bush: 21, out_line: Outline, check_move: false, enemy_spotted_me: false })	COVER=Hide(HideSubPlan { bush: 15, out_line: Outline, check_move: false, enemy_spotted_me: false })
bush	lead=0	line=Bottom	team=0	pos=Mid	GANKER=Hide(HideSubPlan { bush: 21, out_line: Outline, check_move: false, enemy_spotted_me: false })	COVER=Hide(HideSubPlan { bush: 15, out_line: Outline, check_move: false, enemy_spotted_me: false })
bush	lead=0	line=Bottom	team=0	pos=Bottom	GANKER=Hide(HideSubPlan { bush: 21, out_line: Outline, check_move: false, enemy_spotted_me: false })	COVER=Hide(HideSubPlan { bush: 15, out_line: Outline, check_move: false, enemy_spotted_me: false })
bush	lead=0	line=Bottom	team=0	pos=Support	GANKER=Hide(HideSubPlan { bush: 21, out_line: Outline, check_move: false, enemy_spotted_me: false })	COVER=Hide(HideSubPlan { bush: 15, out_line: Outline, check_move: false, enemy_spotted_me: false })
bush	lead=0	line=Bottom	team=1	pos=Top	GANKER=Hide(HideSubPlan { bush: 9, out_line: Outline, check_move: false, enemy_spotted_me: false })	COVER=Hide(HideSubPlan { bush: 20, out_line: Outline, check_move: false, enemy_spotted_me: false })
bush	lead=0	line=Bottom	team=1	pos=Jungle	GANKER=Hide(HideSubPlan { bush: 9, out_line: Outline, check_move: false, enemy_spotted_me: false })	COVER=Hide(HideSubPlan { bush: 20, out_line: Outline, check_move: false, enemy_spotted_me: false })
bush	lead=0	line=Bottom	team=1	pos=Mid	GANKER=Hide(HideSubPlan { bush: 9, out_line: Outline, check_move: false, enemy_spotted_me: false })	COVER=Hide(HideSubPlan { bush: 20, out_line: Outline, check_move: false, enemy_spotted_me: false })
bush	lead=0	line=Bottom	team=1	pos=Bottom	GANKER=Hide(HideSubPlan { bush: 9, out_line: Outline, check_move: false, enemy_spotted_me: false })	COVER=Hide(HideSubPlan { bush: 20, out_line: Outline, check_move: false, enemy_spotted_me: false })
bush	lead=0	line=Bottom	team=1	pos=Support	GANKER=Hide(HideSubPlan { bush: 9, out_line: Outline, check_move: false, enemy_spotted_me: false })	COVER=Hide(HideSubPlan { bush: 20, out_line: Outline, check_move: false, enemy_spotted_me: false })
bush	lead=1	line=Top	team=0	pos=Top	GANKER=Hide(HideSubPlan { bush: 6, out_line: Outline, check_move: false, enemy_spotted_me: false })	COVER=Hide(HideSubPlan { bush: 3, out_line: Outline, check_move: false, enemy_spotted_me: false })
bush	lead=1	line=Top	team=0	pos=Jungle	GANKER=Hide(HideSubPlan { bush: 6, out_line: Outline, check_move: false, enemy_spotted_me: false })	COVER=Hide(HideSubPlan { bush: 3, out_line: Outline, check_move: false, enemy_spotted_me: false })
bush	lead=1	line=Top	team=0	pos=Mid	GANKER=Hide(HideSubPlan { bush: 6, out_line: Outline, check_move: false, enemy_spotted_me: false })	COVER=Hide(HideSubPlan { bush: 3, out_line: Outline, check_move: false, enemy_spotted_me: false })
bush	lead=1	line=Top	team=0	pos=Bottom	GANKER=Hide(HideSubPlan { bush: 6, out_line: Outline, check_move: false, enemy_spotted_me: false })	COVER=Hide(HideSubPlan { bush: 3, out_line: Outline, check_move: false, enemy_spotted_me: false })
bush	lead=1	line=Top	team=0	pos=Support	GANKER=Hide(HideSubPlan { bush: 6, out_line: Outline, check_move: false, enemy_spotted_me: false })	COVER=Hide(HideSubPlan { bush: 3, out_line: Outline, check_move: false, enemy_spotted_me: false })
bush	lead=1	line=Top	team=1	pos=Top	GANKER=Hide(HideSubPlan { bush: 3, out_line: Outline, check_move: false, enemy_spotted_me: false })	COVER=Hide(HideSubPlan { bush: 6, out_line: Outline, check_move: false, enemy_spotted_me: false })
bush	lead=1	line=Top	team=1	pos=Jungle	GANKER=Hide(HideSubPlan { bush: 3, out_line: Outline, check_move: false, enemy_spotted_me: false })	COVER=Hide(HideSubPlan { bush: 6, out_line: Outline, check_move: false, enemy_spotted_me: false })
bush	lead=1	line=Top	team=1	pos=Mid	GANKER=Hide(HideSubPlan { bush: 3, out_line: Outline, check_move: false, enemy_spotted_me: false })	COVER=Hide(HideSubPlan { bush: 6, out_line: Outline, check_move: false, enemy_spotted_me: false })
bush	lead=1	line=Top	team=1	pos=Bottom	GANKER=Hide(HideSubPlan { bush: 3, out_line: Outline, check_move: false, enemy_spotted_me: false })	COVER=Hide(HideSubPlan { bush: 6, out_line: Outline, check_move: false, enemy_spotted_me: false })
bush	lead=1	line=Top	team=1	pos=Support	GANKER=Hide(HideSubPlan { bush: 3, out_line: Outline, check_move: false, enemy_spotted_me: false })	COVER=Hide(HideSubPlan { bush: 6, out_line: Outline, check_move: false, enemy_spotted_me: false })
bush	lead=1	line=Mid	team=0	pos=Top	GANKER=Hide(HideSubPlan { bush: 11, out_line: Outline, check_move: false, enemy_spotted_me: false })	COVER=Hide(HideSubPlan { bush: 11, out_line: Outline, check_move: false, enemy_spotted_me: false })
bush	lead=1	line=Mid	team=0	pos=Jungle	GANKER=Hide(HideSubPlan { bush: 11, out_line: Outline, check_move: false, enemy_spotted_me: false })	COVER=Hide(HideSubPlan { bush: 11, out_line: Outline, check_move: false, enemy_spotted_me: false })
bush	lead=1	line=Mid	team=0	pos=Mid	GANKER=Hide(HideSubPlan { bush: 11, out_line: Outline, check_move: false, enemy_spotted_me: false })	COVER=Hide(HideSubPlan { bush: 11, out_line: Outline, check_move: false, enemy_spotted_me: false })
bush	lead=1	line=Mid	team=0	pos=Bottom	GANKER=Hide(HideSubPlan { bush: 11, out_line: Outline, check_move: false, enemy_spotted_me: false })	COVER=Hide(HideSubPlan { bush: 11, out_line: Outline, check_move: false, enemy_spotted_me: false })
bush	lead=1	line=Mid	team=0	pos=Support	GANKER=Hide(HideSubPlan { bush: 11, out_line: Outline, check_move: false, enemy_spotted_me: false })	COVER=Hide(HideSubPlan { bush: 11, out_line: Outline, check_move: false, enemy_spotted_me: false })
bush	lead=1	line=Mid	team=1	pos=Top	GANKER=Hide(HideSubPlan { bush: 11, out_line: Outline, check_move: false, enemy_spotted_me: false })	COVER=Hide(HideSubPlan { bush: 11, out_line: Outline, check_move: false, enemy_spotted_me: false })
bush	lead=1	line=Mid	team=1	pos=Jungle	GANKER=Hide(HideSubPlan { bush: 11, out_line: Outline, check_move: false, enemy_spotted_me: false })	COVER=Hide(HideSubPlan { bush: 11, out_line: Outline, check_move: false, enemy_spotted_me: false })
bush	lead=1	line=Mid	team=1	pos=Mid	GANKER=Hide(HideSubPlan { bush: 11, out_line: Outline, check_move: false, enemy_spotted_me: false })	COVER=Hide(HideSubPlan { bush: 11, out_line: Outline, check_move: false, enemy_spotted_me: false })
bush	lead=1	line=Mid	team=1	pos=Bottom	GANKER=Hide(HideSubPlan { bush: 11, out_line: Outline, check_move: false, enemy_spotted_me: false })	COVER=Hide(HideSubPlan { bush: 11, out_line: Outline, check_move: false, enemy_spotted_me: false })
bush	lead=1	line=Mid	team=1	pos=Support	GANKER=Hide(HideSubPlan { bush: 11, out_line: Outline, check_move: false, enemy_spotted_me: false })	COVER=Hide(HideSubPlan { bush: 11, out_line: Outline, check_move: false, enemy_spotted_me: false })
bush	lead=1	line=Bottom	team=0	pos=Top	GANKER=Hide(HideSubPlan { bush: 20, out_line: Outline, check_move: false, enemy_spotted_me: false })	COVER=Hide(HideSubPlan { bush: 15, out_line: Outline, check_move: false, enemy_spotted_me: false })
bush	lead=1	line=Bottom	team=0	pos=Jungle	GANKER=Hide(HideSubPlan { bush: 20, out_line: Outline, check_move: false, enemy_spotted_me: false })	COVER=Hide(HideSubPlan { bush: 15, out_line: Outline, check_move: false, enemy_spotted_me: false })
bush	lead=1	line=Bottom	team=0	pos=Mid	GANKER=Hide(HideSubPlan { bush: 20, out_line: Outline, check_move: false, enemy_spotted_me: false })	COVER=Hide(HideSubPlan { bush: 15, out_line: Outline, check_move: false, enemy_spotted_me: false })
bush	lead=1	line=Bottom	team=0	pos=Bottom	GANKER=Hide(HideSubPlan { bush: 20, out_line: Outline, check_move: false, enemy_spotted_me: false })	COVER=Hide(HideSubPlan { bush: 15, out_line: Outline, check_move: false, enemy_spotted_me: false })
bush	lead=1	line=Bottom	team=0	pos=Support	GANKER=Hide(HideSubPlan { bush: 20, out_line: Outline, check_move: false, enemy_spotted_me: false })	COVER=Hide(HideSubPlan { bush: 15, out_line: Outline, check_move: false, enemy_spotted_me: false })
bush	lead=1	line=Bottom	team=1	pos=Top	GANKER=Hide(HideSubPlan { bush: 15, out_line: Outline, check_move: false, enemy_spotted_me: false })	COVER=Hide(HideSubPlan { bush: 20, out_line: Outline, check_move: false, enemy_spotted_me: false })
bush	lead=1	line=Bottom	team=1	pos=Jungle	GANKER=Hide(HideSubPlan { bush: 15, out_line: Outline, check_move: false, enemy_spotted_me: false })	COVER=Hide(HideSubPlan { bush: 20, out_line: Outline, check_move: false, enemy_spotted_me: false })
bush	lead=1	line=Bottom	team=1	pos=Mid	GANKER=Hide(HideSubPlan { bush: 15, out_line: Outline, check_move: false, enemy_spotted_me: false })	COVER=Hide(HideSubPlan { bush: 20, out_line: Outline, check_move: false, enemy_spotted_me: false })
bush	lead=1	line=Bottom	team=1	pos=Bottom	GANKER=Hide(HideSubPlan { bush: 15, out_line: Outline, check_move: false, enemy_spotted_me: false })	COVER=Hide(HideSubPlan { bush: 20, out_line: Outline, check_move: false, enemy_spotted_me: false })
bush	lead=1	line=Bottom	team=1	pos=Support	GANKER=Hide(HideSubPlan { bush: 15, out_line: Outline, check_move: false, enemy_spotted_me: false })	COVER=Hide(HideSubPlan { bush: 20, out_line: Outline, check_move: false, enemy_spotted_me: false })
bush	lead=2	line=Top	team=0	pos=Top	GANKER=Hide(HideSubPlan { bush: 3, out_line: Outline, check_move: false, enemy_spotted_me: false })	COVER=Hide(HideSubPlan { bush: 3, out_line: Outline, check_move: false, enemy_spotted_me: false })
bush	lead=2	line=Top	team=0	pos=Jungle	GANKER=Hide(HideSubPlan { bush: 3, out_line: Outline, check_move: false, enemy_spotted_me: false })	COVER=Hide(HideSubPlan { bush: 3, out_line: Outline, check_move: false, enemy_spotted_me: false })
bush	lead=2	line=Top	team=0	pos=Mid	GANKER=Hide(HideSubPlan { bush: 3, out_line: Outline, check_move: false, enemy_spotted_me: false })	COVER=Hide(HideSubPlan { bush: 3, out_line: Outline, check_move: false, enemy_spotted_me: false })
bush	lead=2	line=Top	team=0	pos=Bottom	GANKER=Hide(HideSubPlan { bush: 3, out_line: Outline, check_move: false, enemy_spotted_me: false })	COVER=Hide(HideSubPlan { bush: 3, out_line: Outline, check_move: false, enemy_spotted_me: false })
bush	lead=2	line=Top	team=0	pos=Support	GANKER=Hide(HideSubPlan { bush: 3, out_line: Outline, check_move: false, enemy_spotted_me: false })	COVER=Hide(HideSubPlan { bush: 3, out_line: Outline, check_move: false, enemy_spotted_me: false })
bush	lead=2	line=Top	team=1	pos=Top	GANKER=Hide(HideSubPlan { bush: 6, out_line: Outline, check_move: false, enemy_spotted_me: false })	COVER=Hide(HideSubPlan { bush: 6, out_line: Outline, check_move: false, enemy_spotted_me: false })
bush	lead=2	line=Top	team=1	pos=Jungle	GANKER=Hide(HideSubPlan { bush: 6, out_line: Outline, check_move: false, enemy_spotted_me: false })	COVER=Hide(HideSubPlan { bush: 6, out_line: Outline, check_move: false, enemy_spotted_me: false })
bush	lead=2	line=Top	team=1	pos=Mid	GANKER=Hide(HideSubPlan { bush: 6, out_line: Outline, check_move: false, enemy_spotted_me: false })	COVER=Hide(HideSubPlan { bush: 6, out_line: Outline, check_move: false, enemy_spotted_me: false })
bush	lead=2	line=Top	team=1	pos=Bottom	GANKER=Hide(HideSubPlan { bush: 6, out_line: Outline, check_move: false, enemy_spotted_me: false })	COVER=Hide(HideSubPlan { bush: 6, out_line: Outline, check_move: false, enemy_spotted_me: false })
bush	lead=2	line=Top	team=1	pos=Support	GANKER=Hide(HideSubPlan { bush: 6, out_line: Outline, check_move: false, enemy_spotted_me: false })	COVER=Hide(HideSubPlan { bush: 6, out_line: Outline, check_move: false, enemy_spotted_me: false })
bush	lead=2	line=Mid	team=0	pos=Top	GANKER=Hide(HideSubPlan { bush: 11, out_line: Outline, check_move: false, enemy_spotted_me: false })	COVER=Hide(HideSubPlan { bush: 11, out_line: Outline, check_move: false, enemy_spotted_me: false })
bush	lead=2	line=Mid	team=0	pos=Jungle	GANKER=Hide(HideSubPlan { bush: 11, out_line: Outline, check_move: false, enemy_spotted_me: false })	COVER=Hide(HideSubPlan { bush: 11, out_line: Outline, check_move: false, enemy_spotted_me: false })
bush	lead=2	line=Mid	team=0	pos=Mid	GANKER=Hide(HideSubPlan { bush: 11, out_line: Outline, check_move: false, enemy_spotted_me: false })	COVER=Hide(HideSubPlan { bush: 11, out_line: Outline, check_move: false, enemy_spotted_me: false })
bush	lead=2	line=Mid	team=0	pos=Bottom	GANKER=Hide(HideSubPlan { bush: 11, out_line: Outline, check_move: false, enemy_spotted_me: false })	COVER=Hide(HideSubPlan { bush: 11, out_line: Outline, check_move: false, enemy_spotted_me: false })
bush	lead=2	line=Mid	team=0	pos=Support	GANKER=Hide(HideSubPlan { bush: 11, out_line: Outline, check_move: false, enemy_spotted_me: false })	COVER=Hide(HideSubPlan { bush: 11, out_line: Outline, check_move: false, enemy_spotted_me: false })
bush	lead=2	line=Mid	team=1	pos=Top	GANKER=Hide(HideSubPlan { bush: 11, out_line: Outline, check_move: false, enemy_spotted_me: false })	COVER=Hide(HideSubPlan { bush: 11, out_line: Outline, check_move: false, enemy_spotted_me: false })
bush	lead=2	line=Mid	team=1	pos=Jungle	GANKER=Hide(HideSubPlan { bush: 11, out_line: Outline, check_move: false, enemy_spotted_me: false })	COVER=Hide(HideSubPlan { bush: 11, out_line: Outline, check_move: false, enemy_spotted_me: false })
bush	lead=2	line=Mid	team=1	pos=Mid	GANKER=Hide(HideSubPlan { bush: 11, out_line: Outline, check_move: false, enemy_spotted_me: false })	COVER=Hide(HideSubPlan { bush: 11, out_line: Outline, check_move: false, enemy_spotted_me: false })
bush	lead=2	line=Mid	team=1	pos=Bottom	GANKER=Hide(HideSubPlan { bush: 11, out_line: Outline, check_move: false, enemy_spotted_me: false })	COVER=Hide(HideSubPlan { bush: 11, out_line: Outline, check_move: false, enemy_spotted_me: false })
bush	lead=2	line=Mid	team=1	pos=Support	GANKER=Hide(HideSubPlan { bush: 11, out_line: Outline, check_move: false, enemy_spotted_me: false })	COVER=Hide(HideSubPlan { bush: 11, out_line: Outline, check_move: false, enemy_spotted_me: false })
bush	lead=2	line=Bottom	team=0	pos=Top	GANKER=Hide(HideSubPlan { bush: 15, out_line: Outline, check_move: false, enemy_spotted_me: false })	COVER=Hide(HideSubPlan { bush: 15, out_line: Outline, check_move: false, enemy_spotted_me: false })
bush	lead=2	line=Bottom	team=0	pos=Jungle	GANKER=Hide(HideSubPlan { bush: 15, out_line: Outline, check_move: false, enemy_spotted_me: false })	COVER=Hide(HideSubPlan { bush: 15, out_line: Outline, check_move: false, enemy_spotted_me: false })
bush	lead=2	line=Bottom	team=0	pos=Mid	GANKER=Hide(HideSubPlan { bush: 15, out_line: Outline, check_move: false, enemy_spotted_me: false })	COVER=Hide(HideSubPlan { bush: 15, out_line: Outline, check_move: false, enemy_spotted_me: false })
bush	lead=2	line=Bottom	team=0	pos=Bottom	GANKER=Hide(HideSubPlan { bush: 15, out_line: Outline, check_move: false, enemy_spotted_me: false })	COVER=Hide(HideSubPlan { bush: 15, out_line: Outline, check_move: false, enemy_spotted_me: false })
bush	lead=2	line=Bottom	team=0	pos=Support	GANKER=Hide(HideSubPlan { bush: 15, out_line: Outline, check_move: false, enemy_spotted_me: false })	COVER=Hide(HideSubPlan { bush: 15, out_line: Outline, check_move: false, enemy_spotted_me: false })
bush	lead=2	line=Bottom	team=1	pos=Top	GANKER=Hide(HideSubPlan { bush: 20, out_line: Outline, check_move: false, enemy_spotted_me: false })	COVER=Hide(HideSubPlan { bush: 20, out_line: Outline, check_move: false, enemy_spotted_me: false })
bush	lead=2	line=Bottom	team=1	pos=Jungle	GANKER=Hide(HideSubPlan { bush: 20, out_line: Outline, check_move: false, enemy_spotted_me: false })	COVER=Hide(HideSubPlan { bush: 20, out_line: Outline, check_move: false, enemy_spotted_me: false })
bush	lead=2	line=Bottom	team=1	pos=Mid	GANKER=Hide(HideSubPlan { bush: 20, out_line: Outline, check_move: false, enemy_spotted_me: false })	COVER=Hide(HideSubPlan { bush: 20, out_line: Outline, check_move: false, enemy_spotted_me: false })
bush	lead=2	line=Bottom	team=1	pos=Bottom	GANKER=Hide(HideSubPlan { bush: 20, out_line: Outline, check_move: false, enemy_spotted_me: false })	COVER=Hide(HideSubPlan { bush: 20, out_line: Outline, check_move: false, enemy_spotted_me: false })
bush	lead=2	line=Bottom	team=1	pos=Support	GANKER=Hide(HideSubPlan { bush: 20, out_line: Outline, check_move: false, enemy_spotted_me: false })	COVER=Hide(HideSubPlan { bush: 20, out_line: Outline, check_move: false, enemy_spotted_me: false })
bush	lead=3	line=Top	team=0	pos=Top	GANKER=Hide(HideSubPlan { bush: 3, out_line: Outline, check_move: false, enemy_spotted_me: false })	COVER=Hide(HideSubPlan { bush: 3, out_line: Outline, check_move: false, enemy_spotted_me: false })
bush	lead=3	line=Top	team=0	pos=Jungle	GANKER=Hide(HideSubPlan { bush: 3, out_line: Outline, check_move: false, enemy_spotted_me: false })	COVER=Hide(HideSubPlan { bush: 3, out_line: Outline, check_move: false, enemy_spotted_me: false })
bush	lead=3	line=Top	team=0	pos=Mid	GANKER=Hide(HideSubPlan { bush: 3, out_line: Outline, check_move: false, enemy_spotted_me: false })	COVER=Hide(HideSubPlan { bush: 3, out_line: Outline, check_move: false, enemy_spotted_me: false })
bush	lead=3	line=Top	team=0	pos=Bottom	GANKER=Hide(HideSubPlan { bush: 3, out_line: Outline, check_move: false, enemy_spotted_me: false })	COVER=Hide(HideSubPlan { bush: 3, out_line: Outline, check_move: false, enemy_spotted_me: false })
bush	lead=3	line=Top	team=0	pos=Support	GANKER=Hide(HideSubPlan { bush: 3, out_line: Outline, check_move: false, enemy_spotted_me: false })	COVER=Hide(HideSubPlan { bush: 3, out_line: Outline, check_move: false, enemy_spotted_me: false })
bush	lead=3	line=Top	team=1	pos=Top	GANKER=Hide(HideSubPlan { bush: 6, out_line: Outline, check_move: false, enemy_spotted_me: false })	COVER=Hide(HideSubPlan { bush: 6, out_line: Outline, check_move: false, enemy_spotted_me: false })
bush	lead=3	line=Top	team=1	pos=Jungle	GANKER=Hide(HideSubPlan { bush: 6, out_line: Outline, check_move: false, enemy_spotted_me: false })	COVER=Hide(HideSubPlan { bush: 6, out_line: Outline, check_move: false, enemy_spotted_me: false })
bush	lead=3	line=Top	team=1	pos=Mid	GANKER=Hide(HideSubPlan { bush: 6, out_line: Outline, check_move: false, enemy_spotted_me: false })	COVER=Hide(HideSubPlan { bush: 6, out_line: Outline, check_move: false, enemy_spotted_me: false })
bush	lead=3	line=Top	team=1	pos=Bottom	GANKER=Hide(HideSubPlan { bush: 6, out_line: Outline, check_move: false, enemy_spotted_me: false })	COVER=Hide(HideSubPlan { bush: 6, out_line: Outline, check_move: false, enemy_spotted_me: false })
bush	lead=3	line=Top	team=1	pos=Support	GANKER=Hide(HideSubPlan { bush: 6, out_line: Outline, check_move: false, enemy_spotted_me: false })	COVER=Hide(HideSubPlan { bush: 6, out_line: Outline, check_move: false, enemy_spotted_me: false })
bush	lead=3	line=Mid	team=0	pos=Top	GANKER=Hide(HideSubPlan { bush: 11, out_line: Outline, check_move: false, enemy_spotted_me: false })	COVER=Hide(HideSubPlan { bush: 11, out_line: Outline, check_move: false, enemy_spotted_me: false })
bush	lead=3	line=Mid	team=0	pos=Jungle	GANKER=Hide(HideSubPlan { bush: 11, out_line: Outline, check_move: false, enemy_spotted_me: false })	COVER=Hide(HideSubPlan { bush: 11, out_line: Outline, check_move: false, enemy_spotted_me: false })
bush	lead=3	line=Mid	team=0	pos=Mid	GANKER=Hide(HideSubPlan { bush: 11, out_line: Outline, check_move: false, enemy_spotted_me: false })	COVER=Hide(HideSubPlan { bush: 11, out_line: Outline, check_move: false, enemy_spotted_me: false })
bush	lead=3	line=Mid	team=0	pos=Bottom	GANKER=Hide(HideSubPlan { bush: 11, out_line: Outline, check_move: false, enemy_spotted_me: false })	COVER=Hide(HideSubPlan { bush: 11, out_line: Outline, check_move: false, enemy_spotted_me: false })
bush	lead=3	line=Mid	team=0	pos=Support	GANKER=Hide(HideSubPlan { bush: 11, out_line: Outline, check_move: false, enemy_spotted_me: false })	COVER=Hide(HideSubPlan { bush: 11, out_line: Outline, check_move: false, enemy_spotted_me: false })
bush	lead=3	line=Mid	team=1	pos=Top	GANKER=Hide(HideSubPlan { bush: 11, out_line: Outline, check_move: false, enemy_spotted_me: false })	COVER=Hide(HideSubPlan { bush: 11, out_line: Outline, check_move: false, enemy_spotted_me: false })
bush	lead=3	line=Mid	team=1	pos=Jungle	GANKER=Hide(HideSubPlan { bush: 11, out_line: Outline, check_move: false, enemy_spotted_me: false })	COVER=Hide(HideSubPlan { bush: 11, out_line: Outline, check_move: false, enemy_spotted_me: false })
bush	lead=3	line=Mid	team=1	pos=Mid	GANKER=Hide(HideSubPlan { bush: 11, out_line: Outline, check_move: false, enemy_spotted_me: false })	COVER=Hide(HideSubPlan { bush: 11, out_line: Outline, check_move: false, enemy_spotted_me: false })
bush	lead=3	line=Mid	team=1	pos=Bottom	GANKER=Hide(HideSubPlan { bush: 11, out_line: Outline, check_move: false, enemy_spotted_me: false })	COVER=Hide(HideSubPlan { bush: 11, out_line: Outline, check_move: false, enemy_spotted_me: false })
bush	lead=3	line=Mid	team=1	pos=Support	GANKER=Hide(HideSubPlan { bush: 11, out_line: Outline, check_move: false, enemy_spotted_me: false })	COVER=Hide(HideSubPlan { bush: 11, out_line: Outline, check_move: false, enemy_spotted_me: false })
bush	lead=3	line=Bottom	team=0	pos=Top	GANKER=Hide(HideSubPlan { bush: 15, out_line: Outline, check_move: false, enemy_spotted_me: false })	COVER=Hide(HideSubPlan { bush: 15, out_line: Outline, check_move: false, enemy_spotted_me: false })
bush	lead=3	line=Bottom	team=0	pos=Jungle	GANKER=Hide(HideSubPlan { bush: 15, out_line: Outline, check_move: false, enemy_spotted_me: false })	COVER=Hide(HideSubPlan { bush: 15, out_line: Outline, check_move: false, enemy_spotted_me: false })
bush	lead=3	line=Bottom	team=0	pos=Mid	GANKER=Hide(HideSubPlan { bush: 15, out_line: Outline, check_move: false, enemy_spotted_me: false })	COVER=Hide(HideSubPlan { bush: 15, out_line: Outline, check_move: false, enemy_spotted_me: false })
bush	lead=3	line=Bottom	team=0	pos=Bottom	GANKER=Hide(HideSubPlan { bush: 15, out_line: Outline, check_move: false, enemy_spotted_me: false })	COVER=Hide(HideSubPlan { bush: 15, out_line: Outline, check_move: false, enemy_spotted_me: false })
bush	lead=3	line=Bottom	team=0	pos=Support	GANKER=Hide(HideSubPlan { bush: 15, out_line: Outline, check_move: false, enemy_spotted_me: false })	COVER=Hide(HideSubPlan { bush: 15, out_line: Outline, check_move: false, enemy_spotted_me: false })
bush	lead=3	line=Bottom	team=1	pos=Top	GANKER=Hide(HideSubPlan { bush: 20, out_line: Outline, check_move: false, enemy_spotted_me: false })	COVER=Hide(HideSubPlan { bush: 20, out_line: Outline, check_move: false, enemy_spotted_me: false })
bush	lead=3	line=Bottom	team=1	pos=Jungle	GANKER=Hide(HideSubPlan { bush: 20, out_line: Outline, check_move: false, enemy_spotted_me: false })	COVER=Hide(HideSubPlan { bush: 20, out_line: Outline, check_move: false, enemy_spotted_me: false })
bush	lead=3	line=Bottom	team=1	pos=Mid	GANKER=Hide(HideSubPlan { bush: 20, out_line: Outline, check_move: false, enemy_spotted_me: false })	COVER=Hide(HideSubPlan { bush: 20, out_line: Outline, check_move: false, enemy_spotted_me: false })
bush	lead=3	line=Bottom	team=1	pos=Bottom	GANKER=Hide(HideSubPlan { bush: 20, out_line: Outline, check_move: false, enemy_spotted_me: false })	COVER=Hide(HideSubPlan { bush: 20, out_line: Outline, check_move: false, enemy_spotted_me: false })
bush	lead=3	line=Bottom	team=1	pos=Support	GANKER=Hide(HideSubPlan { bush: 20, out_line: Outline, check_move: false, enemy_spotted_me: false })	COVER=Hide(HideSubPlan { bush: 20, out_line: Outline, check_move: false, enemy_spotted_me: false })
bush	lead=4	line=Top	team=0	pos=Top	GANKER=Hide(HideSubPlan { bush: 3, out_line: Outline, check_move: false, enemy_spotted_me: false })	COVER=Hide(HideSubPlan { bush: 3, out_line: Outline, check_move: false, enemy_spotted_me: false })
bush	lead=4	line=Top	team=0	pos=Jungle	GANKER=Hide(HideSubPlan { bush: 3, out_line: Outline, check_move: false, enemy_spotted_me: false })	COVER=Hide(HideSubPlan { bush: 3, out_line: Outline, check_move: false, enemy_spotted_me: false })
bush	lead=4	line=Top	team=0	pos=Mid	GANKER=Hide(HideSubPlan { bush: 3, out_line: Outline, check_move: false, enemy_spotted_me: false })	COVER=Hide(HideSubPlan { bush: 3, out_line: Outline, check_move: false, enemy_spotted_me: false })
bush	lead=4	line=Top	team=0	pos=Bottom	GANKER=Hide(HideSubPlan { bush: 3, out_line: Outline, check_move: false, enemy_spotted_me: false })	COVER=Hide(HideSubPlan { bush: 3, out_line: Outline, check_move: false, enemy_spotted_me: false })
bush	lead=4	line=Top	team=0	pos=Support	GANKER=Hide(HideSubPlan { bush: 3, out_line: Outline, check_move: false, enemy_spotted_me: false })	COVER=Hide(HideSubPlan { bush: 3, out_line: Outline, check_move: false, enemy_spotted_me: false })
bush	lead=4	line=Top	team=1	pos=Top	GANKER=Hide(HideSubPlan { bush: 6, out_line: Outline, check_move: false, enemy_spotted_me: false })	COVER=Hide(HideSubPlan { bush: 6, out_line: Outline, check_move: false, enemy_spotted_me: false })
bush	lead=4	line=Top	team=1	pos=Jungle	GANKER=Hide(HideSubPlan { bush: 6, out_line: Outline, check_move: false, enemy_spotted_me: false })	COVER=Hide(HideSubPlan { bush: 6, out_line: Outline, check_move: false, enemy_spotted_me: false })
bush	lead=4	line=Top	team=1	pos=Mid	GANKER=Hide(HideSubPlan { bush: 6, out_line: Outline, check_move: false, enemy_spotted_me: false })	COVER=Hide(HideSubPlan { bush: 6, out_line: Outline, check_move: false, enemy_spotted_me: false })
bush	lead=4	line=Top	team=1	pos=Bottom	GANKER=Hide(HideSubPlan { bush: 6, out_line: Outline, check_move: false, enemy_spotted_me: false })	COVER=Hide(HideSubPlan { bush: 6, out_line: Outline, check_move: false, enemy_spotted_me: false })
bush	lead=4	line=Top	team=1	pos=Support	GANKER=Hide(HideSubPlan { bush: 6, out_line: Outline, check_move: false, enemy_spotted_me: false })	COVER=Hide(HideSubPlan { bush: 6, out_line: Outline, check_move: false, enemy_spotted_me: false })
bush	lead=4	line=Mid	team=0	pos=Top	GANKER=Hide(HideSubPlan { bush: 11, out_line: Outline, check_move: false, enemy_spotted_me: false })	COVER=Hide(HideSubPlan { bush: 11, out_line: Outline, check_move: false, enemy_spotted_me: false })
bush	lead=4	line=Mid	team=0	pos=Jungle	GANKER=Hide(HideSubPlan { bush: 11, out_line: Outline, check_move: false, enemy_spotted_me: false })	COVER=Hide(HideSubPlan { bush: 11, out_line: Outline, check_move: false, enemy_spotted_me: false })
bush	lead=4	line=Mid	team=0	pos=Mid	GANKER=Hide(HideSubPlan { bush: 11, out_line: Outline, check_move: false, enemy_spotted_me: false })	COVER=Hide(HideSubPlan { bush: 11, out_line: Outline, check_move: false, enemy_spotted_me: false })
bush	lead=4	line=Mid	team=0	pos=Bottom	GANKER=Hide(HideSubPlan { bush: 11, out_line: Outline, check_move: false, enemy_spotted_me: false })	COVER=Hide(HideSubPlan { bush: 11, out_line: Outline, check_move: false, enemy_spotted_me: false })
bush	lead=4	line=Mid	team=0	pos=Support	GANKER=Hide(HideSubPlan { bush: 11, out_line: Outline, check_move: false, enemy_spotted_me: false })	COVER=Hide(HideSubPlan { bush: 11, out_line: Outline, check_move: false, enemy_spotted_me: false })
bush	lead=4	line=Mid	team=1	pos=Top	GANKER=Hide(HideSubPlan { bush: 11, out_line: Outline, check_move: false, enemy_spotted_me: false })	COVER=Hide(HideSubPlan { bush: 11, out_line: Outline, check_move: false, enemy_spotted_me: false })
bush	lead=4	line=Mid	team=1	pos=Jungle	GANKER=Hide(HideSubPlan { bush: 11, out_line: Outline, check_move: false, enemy_spotted_me: false })	COVER=Hide(HideSubPlan { bush: 11, out_line: Outline, check_move: false, enemy_spotted_me: false })
bush	lead=4	line=Mid	team=1	pos=Mid	GANKER=Hide(HideSubPlan { bush: 11, out_line: Outline, check_move: false, enemy_spotted_me: false })	COVER=Hide(HideSubPlan { bush: 11, out_line: Outline, check_move: false, enemy_spotted_me: false })
bush	lead=4	line=Mid	team=1	pos=Bottom	GANKER=Hide(HideSubPlan { bush: 11, out_line: Outline, check_move: false, enemy_spotted_me: false })	COVER=Hide(HideSubPlan { bush: 11, out_line: Outline, check_move: false, enemy_spotted_me: false })
bush	lead=4	line=Mid	team=1	pos=Support	GANKER=Hide(HideSubPlan { bush: 11, out_line: Outline, check_move: false, enemy_spotted_me: false })	COVER=Hide(HideSubPlan { bush: 11, out_line: Outline, check_move: false, enemy_spotted_me: false })
bush	lead=4	line=Bottom	team=0	pos=Top	GANKER=Hide(HideSubPlan { bush: 15, out_line: Outline, check_move: false, enemy_spotted_me: false })	COVER=Hide(HideSubPlan { bush: 15, out_line: Outline, check_move: false, enemy_spotted_me: false })
bush	lead=4	line=Bottom	team=0	pos=Jungle	GANKER=Hide(HideSubPlan { bush: 15, out_line: Outline, check_move: false, enemy_spotted_me: false })	COVER=Hide(HideSubPlan { bush: 15, out_line: Outline, check_move: false, enemy_spotted_me: false })
bush	lead=4	line=Bottom	team=0	pos=Mid	GANKER=Hide(HideSubPlan { bush: 15, out_line: Outline, check_move: false, enemy_spotted_me: false })	COVER=Hide(HideSubPlan { bush: 15, out_line: Outline, check_move: false, enemy_spotted_me: false })
bush	lead=4	line=Bottom	team=0	pos=Bottom	GANKER=Hide(HideSubPlan { bush: 15, out_line: Outline, check_move: false, enemy_spotted_me: false })	COVER=Hide(HideSubPlan { bush: 15, out_line: Outline, check_move: false, enemy_spotted_me: false })
bush	lead=4	line=Bottom	team=0	pos=Support	GANKER=Hide(HideSubPlan { bush: 15, out_line: Outline, check_move: false, enemy_spotted_me: false })	COVER=Hide(HideSubPlan { bush: 15, out_line: Outline, check_move: false, enemy_spotted_me: false })
bush	lead=4	line=Bottom	team=1	pos=Top	GANKER=Hide(HideSubPlan { bush: 20, out_line: Outline, check_move: false, enemy_spotted_me: false })	COVER=Hide(HideSubPlan { bush: 20, out_line: Outline, check_move: false, enemy_spotted_me: false })
bush	lead=4	line=Bottom	team=1	pos=Jungle	GANKER=Hide(HideSubPlan { bush: 20, out_line: Outline, check_move: false, enemy_spotted_me: false })	COVER=Hide(HideSubPlan { bush: 20, out_line: Outline, check_move: false, enemy_spotted_me: false })
bush	lead=4	line=Bottom	team=1	pos=Mid	GANKER=Hide(HideSubPlan { bush: 20, out_line: Outline, check_move: false, enemy_spotted_me: false })	COVER=Hide(HideSubPlan { bush: 20, out_line: Outline, check_move: false, enemy_spotted_me: false })
bush	lead=4	line=Bottom	team=1	pos=Bottom	GANKER=Hide(HideSubPlan { bush: 20, out_line: Outline, check_move: false, enemy_spotted_me: false })	COVER=Hide(HideSubPlan { bush: 20, out_line: Outline, check_move: false, enemy_spotted_me: false })
bush	lead=4	line=Bottom	team=1	pos=Support	GANKER=Hide(HideSubPlan { bush: 20, out_line: Outline, check_move: false, enemy_spotted_me: false })	COVER=Hide(HideSubPlan { bush: 20, out_line: Outline, check_move: false, enemy_spotted_me: false })
bush	lead=5	line=Top	team=0	pos=Top	GANKER=Hide(HideSubPlan { bush: 2, out_line: Outline, check_move: false, enemy_spotted_me: false })	COVER=Hide(HideSubPlan { bush: 3, out_line: Outline, check_move: false, enemy_spotted_me: false })
bush	lead=5	line=Top	team=0	pos=Jungle	GANKER=Hide(HideSubPlan { bush: 2, out_line: Outline, check_move: false, enemy_spotted_me: false })	COVER=Hide(HideSubPlan { bush: 3, out_line: Outline, check_move: false, enemy_spotted_me: false })
bush	lead=5	line=Top	team=0	pos=Mid	GANKER=Hide(HideSubPlan { bush: 2, out_line: Outline, check_move: false, enemy_spotted_me: false })	COVER=Hide(HideSubPlan { bush: 3, out_line: Outline, check_move: false, enemy_spotted_me: false })
bush	lead=5	line=Top	team=0	pos=Bottom	GANKER=Hide(HideSubPlan { bush: 2, out_line: Outline, check_move: false, enemy_spotted_me: false })	COVER=Hide(HideSubPlan { bush: 3, out_line: Outline, check_move: false, enemy_spotted_me: false })
bush	lead=5	line=Top	team=0	pos=Support	GANKER=Hide(HideSubPlan { bush: 2, out_line: Outline, check_move: false, enemy_spotted_me: false })	COVER=Hide(HideSubPlan { bush: 3, out_line: Outline, check_move: false, enemy_spotted_me: false })
bush	lead=5	line=Top	team=1	pos=Top	GANKER=Hide(HideSubPlan { bush: 16, out_line: Outline, check_move: false, enemy_spotted_me: false })	COVER=Hide(HideSubPlan { bush: 6, out_line: Outline, check_move: false, enemy_spotted_me: false })
bush	lead=5	line=Top	team=1	pos=Jungle	GANKER=Hide(HideSubPlan { bush: 16, out_line: Outline, check_move: false, enemy_spotted_me: false })	COVER=Hide(HideSubPlan { bush: 6, out_line: Outline, check_move: false, enemy_spotted_me: false })
bush	lead=5	line=Top	team=1	pos=Mid	GANKER=Hide(HideSubPlan { bush: 16, out_line: Outline, check_move: false, enemy_spotted_me: false })	COVER=Hide(HideSubPlan { bush: 6, out_line: Outline, check_move: false, enemy_spotted_me: false })
bush	lead=5	line=Top	team=1	pos=Bottom	GANKER=Hide(HideSubPlan { bush: 16, out_line: Outline, check_move: false, enemy_spotted_me: false })	COVER=Hide(HideSubPlan { bush: 6, out_line: Outline, check_move: false, enemy_spotted_me: false })
bush	lead=5	line=Top	team=1	pos=Support	GANKER=Hide(HideSubPlan { bush: 16, out_line: Outline, check_move: false, enemy_spotted_me: false })	COVER=Hide(HideSubPlan { bush: 6, out_line: Outline, check_move: false, enemy_spotted_me: false })
bush	lead=5	line=Mid	team=0	pos=Top	GANKER=Hide(HideSubPlan { bush: 4, out_line: Outline, check_move: false, enemy_spotted_me: false })	COVER=Hide(HideSubPlan { bush: 11, out_line: Outline, check_move: false, enemy_spotted_me: false })
bush	lead=5	line=Mid	team=0	pos=Jungle	GANKER=Hide(HideSubPlan { bush: 4, out_line: Outline, check_move: false, enemy_spotted_me: false })	COVER=Hide(HideSubPlan { bush: 11, out_line: Outline, check_move: false, enemy_spotted_me: false })
bush	lead=5	line=Mid	team=0	pos=Mid	GANKER=Hide(HideSubPlan { bush: 4, out_line: Outline, check_move: false, enemy_spotted_me: false })	COVER=Hide(HideSubPlan { bush: 11, out_line: Outline, check_move: false, enemy_spotted_me: false })
bush	lead=5	line=Mid	team=0	pos=Bottom	GANKER=Hide(HideSubPlan { bush: 4, out_line: Outline, check_move: false, enemy_spotted_me: false })	COVER=Hide(HideSubPlan { bush: 11, out_line: Outline, check_move: false, enemy_spotted_me: false })
bush	lead=5	line=Mid	team=0	pos=Support	GANKER=Hide(HideSubPlan { bush: 4, out_line: Outline, check_move: false, enemy_spotted_me: false })	COVER=Hide(HideSubPlan { bush: 11, out_line: Outline, check_move: false, enemy_spotted_me: false })
bush	lead=5	line=Mid	team=1	pos=Top	GANKER=Hide(HideSubPlan { bush: 17, out_line: Outline, check_move: false, enemy_spotted_me: false })	COVER=Hide(HideSubPlan { bush: 11, out_line: Outline, check_move: false, enemy_spotted_me: false })
bush	lead=5	line=Mid	team=1	pos=Jungle	GANKER=Hide(HideSubPlan { bush: 17, out_line: Outline, check_move: false, enemy_spotted_me: false })	COVER=Hide(HideSubPlan { bush: 11, out_line: Outline, check_move: false, enemy_spotted_me: false })
bush	lead=5	line=Mid	team=1	pos=Mid	GANKER=Hide(HideSubPlan { bush: 17, out_line: Outline, check_move: false, enemy_spotted_me: false })	COVER=Hide(HideSubPlan { bush: 11, out_line: Outline, check_move: false, enemy_spotted_me: false })
bush	lead=5	line=Mid	team=1	pos=Bottom	GANKER=Hide(HideSubPlan { bush: 17, out_line: Outline, check_move: false, enemy_spotted_me: false })	COVER=Hide(HideSubPlan { bush: 11, out_line: Outline, check_move: false, enemy_spotted_me: false })
bush	lead=5	line=Mid	team=1	pos=Support	GANKER=Hide(HideSubPlan { bush: 17, out_line: Outline, check_move: false, enemy_spotted_me: false })	COVER=Hide(HideSubPlan { bush: 11, out_line: Outline, check_move: false, enemy_spotted_me: false })
bush	lead=5	line=Bottom	team=0	pos=Top	GANKER=Hide(HideSubPlan { bush: 9, out_line: Outline, check_move: false, enemy_spotted_me: false })	COVER=Hide(HideSubPlan { bush: 15, out_line: Outline, check_move: false, enemy_spotted_me: false })
bush	lead=5	line=Bottom	team=0	pos=Jungle	GANKER=Hide(HideSubPlan { bush: 9, out_line: Outline, check_move: false, enemy_spotted_me: false })	COVER=Hide(HideSubPlan { bush: 15, out_line: Outline, check_move: false, enemy_spotted_me: false })
bush	lead=5	line=Bottom	team=0	pos=Mid	GANKER=Hide(HideSubPlan { bush: 9, out_line: Outline, check_move: false, enemy_spotted_me: false })	COVER=Hide(HideSubPlan { bush: 15, out_line: Outline, check_move: false, enemy_spotted_me: false })
bush	lead=5	line=Bottom	team=0	pos=Bottom	GANKER=Hide(HideSubPlan { bush: 9, out_line: Outline, check_move: false, enemy_spotted_me: false })	COVER=Hide(HideSubPlan { bush: 15, out_line: Outline, check_move: false, enemy_spotted_me: false })
bush	lead=5	line=Bottom	team=0	pos=Support	GANKER=Hide(HideSubPlan { bush: 9, out_line: Outline, check_move: false, enemy_spotted_me: false })	COVER=Hide(HideSubPlan { bush: 15, out_line: Outline, check_move: false, enemy_spotted_me: false })
bush	lead=5	line=Bottom	team=1	pos=Top	GANKER=Hide(HideSubPlan { bush: 21, out_line: Outline, check_move: false, enemy_spotted_me: false })	COVER=Hide(HideSubPlan { bush: 20, out_line: Outline, check_move: false, enemy_spotted_me: false })
bush	lead=5	line=Bottom	team=1	pos=Jungle	GANKER=Hide(HideSubPlan { bush: 21, out_line: Outline, check_move: false, enemy_spotted_me: false })	COVER=Hide(HideSubPlan { bush: 20, out_line: Outline, check_move: false, enemy_spotted_me: false })
bush	lead=5	line=Bottom	team=1	pos=Mid	GANKER=Hide(HideSubPlan { bush: 21, out_line: Outline, check_move: false, enemy_spotted_me: false })	COVER=Hide(HideSubPlan { bush: 20, out_line: Outline, check_move: false, enemy_spotted_me: false })
bush	lead=5	line=Bottom	team=1	pos=Bottom	GANKER=Hide(HideSubPlan { bush: 21, out_line: Outline, check_move: false, enemy_spotted_me: false })	COVER=Hide(HideSubPlan { bush: 20, out_line: Outline, check_move: false, enemy_spotted_me: false })
bush	lead=5	line=Bottom	team=1	pos=Support	GANKER=Hide(HideSubPlan { bush: 21, out_line: Outline, check_move: false, enemy_spotted_me: false })	COVER=Hide(HideSubPlan { bush: 20, out_line: Outline, check_move: false, enemy_spotted_me: false })
bush	lead=6	line=Top	team=0	pos=Top	GANKER=Hide(HideSubPlan { bush: 2, out_line: Outline, check_move: false, enemy_spotted_me: false })	COVER=Hide(HideSubPlan { bush: 3, out_line: Outline, check_move: false, enemy_spotted_me: false })
bush	lead=6	line=Top	team=0	pos=Jungle	GANKER=Hide(HideSubPlan { bush: 2, out_line: Outline, check_move: false, enemy_spotted_me: false })	COVER=Hide(HideSubPlan { bush: 3, out_line: Outline, check_move: false, enemy_spotted_me: false })
bush	lead=6	line=Top	team=0	pos=Mid	GANKER=Hide(HideSubPlan { bush: 2, out_line: Outline, check_move: false, enemy_spotted_me: false })	COVER=Hide(HideSubPlan { bush: 3, out_line: Outline, check_move: false, enemy_spotted_me: false })
bush	lead=6	line=Top	team=0	pos=Bottom	GANKER=Hide(HideSubPlan { bush: 2, out_line: Outline, check_move: false, enemy_spotted_me: false })	COVER=Hide(HideSubPlan { bush: 3, out_line: Outline, check_move: false, enemy_spotted_me: false })
bush	lead=6	line=Top	team=0	pos=Support	GANKER=Hide(HideSubPlan { bush: 2, out_line: Outline, check_move: false, enemy_spotted_me: false })	COVER=Hide(HideSubPlan { bush: 3, out_line: Outline, check_move: false, enemy_spotted_me: false })
bush	lead=6	line=Top	team=1	pos=Top	GANKER=Hide(HideSubPlan { bush: 16, out_line: Outline, check_move: false, enemy_spotted_me: false })	COVER=Hide(HideSubPlan { bush: 6, out_line: Outline, check_move: false, enemy_spotted_me: false })
bush	lead=6	line=Top	team=1	pos=Jungle	GANKER=Hide(HideSubPlan { bush: 16, out_line: Outline, check_move: false, enemy_spotted_me: false })	COVER=Hide(HideSubPlan { bush: 6, out_line: Outline, check_move: false, enemy_spotted_me: false })
bush	lead=6	line=Top	team=1	pos=Mid	GANKER=Hide(HideSubPlan { bush: 16, out_line: Outline, check_move: false, enemy_spotted_me: false })	COVER=Hide(HideSubPlan { bush: 6, out_line: Outline, check_move: false, enemy_spotted_me: false })
bush	lead=6	line=Top	team=1	pos=Bottom	GANKER=Hide(HideSubPlan { bush: 16, out_line: Outline, check_move: false, enemy_spotted_me: false })	COVER=Hide(HideSubPlan { bush: 6, out_line: Outline, check_move: false, enemy_spotted_me: false })
bush	lead=6	line=Top	team=1	pos=Support	GANKER=Hide(HideSubPlan { bush: 16, out_line: Outline, check_move: false, enemy_spotted_me: false })	COVER=Hide(HideSubPlan { bush: 6, out_line: Outline, check_move: false, enemy_spotted_me: false })
bush	lead=6	line=Mid	team=0	pos=Top	GANKER=Hide(HideSubPlan { bush: 4, out_line: Outline, check_move: false, enemy_spotted_me: false })	COVER=Hide(HideSubPlan { bush: 11, out_line: Outline, check_move: false, enemy_spotted_me: false })
bush	lead=6	line=Mid	team=0	pos=Jungle	GANKER=Hide(HideSubPlan { bush: 4, out_line: Outline, check_move: false, enemy_spotted_me: false })	COVER=Hide(HideSubPlan { bush: 11, out_line: Outline, check_move: false, enemy_spotted_me: false })
bush	lead=6	line=Mid	team=0	pos=Mid	GANKER=Hide(HideSubPlan { bush: 4, out_line: Outline, check_move: false, enemy_spotted_me: false })	COVER=Hide(HideSubPlan { bush: 11, out_line: Outline, check_move: false, enemy_spotted_me: false })
bush	lead=6	line=Mid	team=0	pos=Bottom	GANKER=Hide(HideSubPlan { bush: 4, out_line: Outline, check_move: false, enemy_spotted_me: false })	COVER=Hide(HideSubPlan { bush: 11, out_line: Outline, check_move: false, enemy_spotted_me: false })
bush	lead=6	line=Mid	team=0	pos=Support	GANKER=Hide(HideSubPlan { bush: 4, out_line: Outline, check_move: false, enemy_spotted_me: false })	COVER=Hide(HideSubPlan { bush: 11, out_line: Outline, check_move: false, enemy_spotted_me: false })
bush	lead=6	line=Mid	team=1	pos=Top	GANKER=Hide(HideSubPlan { bush: 17, out_line: Outline, check_move: false, enemy_spotted_me: false })	COVER=Hide(HideSubPlan { bush: 11, out_line: Outline, check_move: false, enemy_spotted_me: false })
bush	lead=6	line=Mid	team=1	pos=Jungle	GANKER=Hide(HideSubPlan { bush: 17, out_line: Outline, check_move: false, enemy_spotted_me: false })	COVER=Hide(HideSubPlan { bush: 11, out_line: Outline, check_move: false, enemy_spotted_me: false })
bush	lead=6	line=Mid	team=1	pos=Mid	GANKER=Hide(HideSubPlan { bush: 17, out_line: Outline, check_move: false, enemy_spotted_me: false })	COVER=Hide(HideSubPlan { bush: 11, out_line: Outline, check_move: false, enemy_spotted_me: false })
bush	lead=6	line=Mid	team=1	pos=Bottom	GANKER=Hide(HideSubPlan { bush: 17, out_line: Outline, check_move: false, enemy_spotted_me: false })	COVER=Hide(HideSubPlan { bush: 11, out_line: Outline, check_move: false, enemy_spotted_me: false })
bush	lead=6	line=Mid	team=1	pos=Support	GANKER=Hide(HideSubPlan { bush: 17, out_line: Outline, check_move: false, enemy_spotted_me: false })	COVER=Hide(HideSubPlan { bush: 11, out_line: Outline, check_move: false, enemy_spotted_me: false })
bush	lead=6	line=Bottom	team=0	pos=Top	GANKER=Hide(HideSubPlan { bush: 7, out_line: Outline, check_move: false, enemy_spotted_me: false })	COVER=Hide(HideSubPlan { bush: 15, out_line: Outline, check_move: false, enemy_spotted_me: false })
bush	lead=6	line=Bottom	team=0	pos=Jungle	GANKER=Hide(HideSubPlan { bush: 7, out_line: Outline, check_move: false, enemy_spotted_me: false })	COVER=Hide(HideSubPlan { bush: 15, out_line: Outline, check_move: false, enemy_spotted_me: false })
bush	lead=6	line=Bottom	team=0	pos=Mid	GANKER=Hide(HideSubPlan { bush: 7, out_line: Outline, check_move: false, enemy_spotted_me: false })	COVER=Hide(HideSubPlan { bush: 15, out_line: Outline, check_move: false, enemy_spotted_me: false })
bush	lead=6	line=Bottom	team=0	pos=Bottom	GANKER=Hide(HideSubPlan { bush: 7, out_line: Outline, check_move: false, enemy_spotted_me: false })	COVER=Hide(HideSubPlan { bush: 15, out_line: Outline, check_move: false, enemy_spotted_me: false })
bush	lead=6	line=Bottom	team=0	pos=Support	GANKER=Hide(HideSubPlan { bush: 7, out_line: Outline, check_move: false, enemy_spotted_me: false })	COVER=Hide(HideSubPlan { bush: 15, out_line: Outline, check_move: false, enemy_spotted_me: false })
bush	lead=6	line=Bottom	team=1	pos=Top	GANKER=Hide(HideSubPlan { bush: 23, out_line: Outline, check_move: false, enemy_spotted_me: false })	COVER=Hide(HideSubPlan { bush: 20, out_line: Outline, check_move: false, enemy_spotted_me: false })
bush	lead=6	line=Bottom	team=1	pos=Jungle	GANKER=Hide(HideSubPlan { bush: 23, out_line: Outline, check_move: false, enemy_spotted_me: false })	COVER=Hide(HideSubPlan { bush: 20, out_line: Outline, check_move: false, enemy_spotted_me: false })
bush	lead=6	line=Bottom	team=1	pos=Mid	GANKER=Hide(HideSubPlan { bush: 23, out_line: Outline, check_move: false, enemy_spotted_me: false })	COVER=Hide(HideSubPlan { bush: 20, out_line: Outline, check_move: false, enemy_spotted_me: false })
bush	lead=6	line=Bottom	team=1	pos=Bottom	GANKER=Hide(HideSubPlan { bush: 23, out_line: Outline, check_move: false, enemy_spotted_me: false })	COVER=Hide(HideSubPlan { bush: 20, out_line: Outline, check_move: false, enemy_spotted_me: false })
bush	lead=6	line=Bottom	team=1	pos=Support	GANKER=Hide(HideSubPlan { bush: 23, out_line: Outline, check_move: false, enemy_spotted_me: false })	COVER=Hide(HideSubPlan { bush: 20, out_line: Outline, check_move: false, enemy_spotted_me: false })

thread 'main' (26984) panicked at game-ai\src\plan_legacy\old\line_gank\ganker.rs:319:9:
index out of bounds: the len is 7 but the index is 7
note: run with `RUST_BACKTRACE=1` environment variable to display a backtrace
bush	lead=7	line=Top	team=0	pos=Top	GANKER=PANIC	COVER=Hide(HideSubPlan { bush: 3, out_line: Outline, check_move: false, enemy_spotted_me: false })

thread 'main' (26984) panicked at game-ai\src\plan_legacy\old\line_gank\ganker.rs:319:9:
index out of bounds: the len is 7 but the index is 7
bush	lead=7	line=Top	team=0	pos=Jungle	GANKER=PANIC	COVER=Hide(HideSubPlan { bush: 3, out_line: Outline, check_move: false, enemy_spotted_me: false })

thread 'main' (26984) panicked at game-ai\src\plan_legacy\old\line_gank\ganker.rs:319:9:
index out of bounds: the len is 7 but the index is 7
bush	lead=7	line=Top	team=0	pos=Mid	GANKER=PANIC	COVER=Hide(HideSubPlan { bush: 3, out_line: Outline, check_move: false, enemy_spotted_me: false })

thread 'main' (26984) panicked at game-ai\src\plan_legacy\old\line_gank\ganker.rs:319:9:
index out of bounds: the len is 7 but the index is 7
bush	lead=7	line=Top	team=0	pos=Bottom	GANKER=PANIC	COVER=Hide(HideSubPlan { bush: 3, out_line: Outline, check_move: false, enemy_spotted_me: false })

thread 'main' (26984) panicked at game-ai\src\plan_legacy\old\line_gank\ganker.rs:319:9:
index out of bounds: the len is 7 but the index is 7
bush	lead=7	line=Top	team=0	pos=Support	GANKER=PANIC	COVER=Hide(HideSubPlan { bush: 3, out_line: Outline, check_move: false, enemy_spotted_me: false })

thread 'main' (26984) panicked at game-ai\src\plan_legacy\old\line_gank\ganker.rs:319:9:
index out of bounds: the len is 7 but the index is 7
bush	lead=7	line=Top	team=1	pos=Top	GANKER=PANIC	COVER=Hide(HideSubPlan { bush: 6, out_line: Outline, check_move: false, enemy_spotted_me: false })

thread 'main' (26984) panicked at game-ai\src\plan_legacy\old\line_gank\ganker.rs:319:9:
index out of bounds: the len is 7 but the index is 7
bush	lead=7	line=Top	team=1	pos=Jungle	GANKER=PANIC	COVER=Hide(HideSubPlan { bush: 6, out_line: Outline, check_move: false, enemy_spotted_me: false })

thread 'main' (26984) panicked at game-ai\src\plan_legacy\old\line_gank\ganker.rs:319:9:
index out of bounds: the len is 7 but the index is 7
bush	lead=7	line=Top	team=1	pos=Mid	GANKER=PANIC	COVER=Hide(HideSubPlan { bush: 6, out_line: Outline, check_move: false, enemy_spotted_me: false })

thread 'main' (26984) panicked at game-ai\src\plan_legacy\old\line_gank\ganker.rs:319:9:
index out of bounds: the len is 7 but the index is 7
bush	lead=7	line=Top	team=1	pos=Bottom	GANKER=PANIC	COVER=Hide(HideSubPlan { bush: 6, out_line: Outline, check_move: false, enemy_spotted_me: false })

thread 'main' (26984) panicked at game-ai\src\plan_legacy\old\line_gank\ganker.rs:319:9:
index out of bounds: the len is 7 but the index is 7
bush	lead=7	line=Top	team=1	pos=Support	GANKER=PANIC	COVER=Hide(HideSubPlan { bush: 6, out_line: Outline, check_move: false, enemy_spotted_me: false })

thread 'main' (26984) panicked at game-ai\src\plan_legacy\old\line_gank\ganker.rs:337:9:
index out of bounds: the len is 7 but the index is 7
bush	lead=7	line=Mid	team=0	pos=Top	GANKER=PANIC	COVER=Hide(HideSubPlan { bush: 11, out_line: Outline, check_move: false, enemy_spotted_me: false })

thread 'main' (26984) panicked at game-ai\src\plan_legacy\old\line_gank\ganker.rs:337:9:
index out of bounds: the len is 7 but the index is 7
bush	lead=7	line=Mid	team=0	pos=Jungle	GANKER=PANIC	COVER=Hide(HideSubPlan { bush: 11, out_line: Outline, check_move: false, enemy_spotted_me: false })

thread 'main' (26984) panicked at game-ai\src\plan_legacy\old\line_gank\ganker.rs:337:9:
index out of bounds: the len is 7 but the index is 7
bush	lead=7	line=Mid	team=0	pos=Mid	GANKER=PANIC	COVER=Hide(HideSubPlan { bush: 11, out_line: Outline, check_move: false, enemy_spotted_me: false })

thread 'main' (26984) panicked at game-ai\src\plan_legacy\old\line_gank\ganker.rs:337:9:
index out of bounds: the len is 7 but the index is 7
bush	lead=7	line=Mid	team=0	pos=Bottom	GANKER=PANIC	COVER=Hide(HideSubPlan { bush: 11, out_line: Outline, check_move: false, enemy_spotted_me: false })

thread 'main' (26984) panicked at game-ai\src\plan_legacy\old\line_gank\ganker.rs:337:9:
index out of bounds: the len is 7 but the index is 7
bush	lead=7	line=Mid	team=0	pos=Support	GANKER=PANIC	COVER=Hide(HideSubPlan { bush: 11, out_line: Outline, check_move: false, enemy_spotted_me: false })

thread 'main' (26984) panicked at game-ai\src\plan_legacy\old\line_gank\ganker.rs:337:9:
index out of bounds: the len is 7 but the index is 7
bush	lead=7	line=Mid	team=1	pos=Top	GANKER=PANIC	COVER=Hide(HideSubPlan { bush: 11, out_line: Outline, check_move: false, enemy_spotted_me: false })

thread 'main' (26984) panicked at game-ai\src\plan_legacy\old\line_gank\ganker.rs:337:9:
index out of bounds: the len is 7 but the index is 7
bush	lead=7	line=Mid	team=1	pos=Jungle	GANKER=PANIC	COVER=Hide(HideSubPlan { bush: 11, out_line: Outline, check_move: false, enemy_spotted_me: false })

thread 'main' (26984) panicked at game-ai\src\plan_legacy\old\line_gank\ganker.rs:337:9:
index out of bounds: the len is 7 but the index is 7
bush	lead=7	line=Mid	team=1	pos=Mid	GANKER=PANIC	COVER=Hide(HideSubPlan { bush: 11, out_line: Outline, check_move: false, enemy_spotted_me: false })

thread 'main' (26984) panicked at game-ai\src\plan_legacy\old\line_gank\ganker.rs:337:9:
index out of bounds: the len is 7 but the index is 7
bush	lead=7	line=Mid	team=1	pos=Bottom	GANKER=PANIC	COVER=Hide(HideSubPlan { bush: 11, out_line: Outline, check_move: false, enemy_spotted_me: false })

thread 'main' (26984) panicked at game-ai\src\plan_legacy\old\line_gank\ganker.rs:337:9:
index out of bounds: the len is 7 but the index is 7
bush	lead=7	line=Mid	team=1	pos=Support	GANKER=PANIC	COVER=Hide(HideSubPlan { bush: 11, out_line: Outline, check_move: false, enemy_spotted_me: false })

thread 'main' (26984) panicked at game-ai\src\plan_legacy\old\line_gank\ganker.rs:346:9:
index out of bounds: the len is 7 but the index is 7
bush	lead=7	line=Bottom	team=0	pos=Top	GANKER=PANIC	COVER=Hide(HideSubPlan { bush: 15, out_line: Outline, check_move: false, enemy_spotted_me: false })

thread 'main' (26984) panicked at game-ai\src\plan_legacy\old\line_gank\ganker.rs:346:9:
index out of bounds: the len is 7 but the index is 7
bush	lead=7	line=Bottom	team=0	pos=Jungle	GANKER=PANIC	COVER=Hide(HideSubPlan { bush: 15, out_line: Outline, check_move: false, enemy_spotted_me: false })

thread 'main' (26984) panicked at game-ai\src\plan_legacy\old\line_gank\ganker.rs:346:9:
index out of bounds: the len is 7 but the index is 7
bush	lead=7	line=Bottom	team=0	pos=Mid	GANKER=PANIC	COVER=Hide(HideSubPlan { bush: 15, out_line: Outline, check_move: false, enemy_spotted_me: false })

thread 'main' (26984) panicked at game-ai\src\plan_legacy\old\line_gank\ganker.rs:346:9:
index out of bounds: the len is 7 but the index is 7
bush	lead=7	line=Bottom	team=0	pos=Bottom	GANKER=PANIC	COVER=Hide(HideSubPlan { bush: 15, out_line: Outline, check_move: false, enemy_spotted_me: false })

thread 'main' (26984) panicked at game-ai\src\plan_legacy\old\line_gank\ganker.rs:346:9:
index out of bounds: the len is 7 but the index is 7
bush	lead=7	line=Bottom	team=0	pos=Support	GANKER=PANIC	COVER=Hide(HideSubPlan { bush: 15, out_line: Outline, check_move: false, enemy_spotted_me: false })

thread 'main' (26984) panicked at game-ai\src\plan_legacy\old\line_gank\ganker.rs:346:9:
index out of bounds: the len is 7 but the index is 7
bush	lead=7	line=Bottom	team=1	pos=Top	GANKER=PANIC	COVER=Hide(HideSubPlan { bush: 20, out_line: Outline, check_move: false, enemy_spotted_me: false })

thread 'main' (26984) panicked at game-ai\src\plan_legacy\old\line_gank\ganker.rs:346:9:
index out of bounds: the len is 7 but the index is 7
bush	lead=7	line=Bottom	team=1	pos=Jungle	GANKER=PANIC	COVER=Hide(HideSubPlan { bush: 20, out_line: Outline, check_move: false, enemy_spotted_me: false })

thread 'main' (26984) panicked at game-ai\src\plan_legacy\old\line_gank\ganker.rs:346:9:
index out of bounds: the len is 7 but the index is 7
bush	lead=7	line=Bottom	team=1	pos=Mid	GANKER=PANIC	COVER=Hide(HideSubPlan { bush: 20, out_line: Outline, check_move: false, enemy_spotted_me: false })

thread 'main' (26984) panicked at game-ai\src\plan_legacy\old\line_gank\ganker.rs:346:9:
index out of bounds: the len is 7 but the index is 7
bush	lead=7	line=Bottom	team=1	pos=Bottom	GANKER=PANIC	COVER=Hide(HideSubPlan { bush: 20, out_line: Outline, check_move: false, enemy_spotted_me: false })

thread 'main' (26984) panicked at game-ai\src\plan_legacy\old\line_gank\ganker.rs:346:9:
index out of bounds: the len is 7 but the index is 7
bush	lead=7	line=Bottom	team=1	pos=Support	GANKER=PANIC	COVER=Hide(HideSubPlan { bush: 20, out_line: Outline, check_move: false, enemy_spotted_me: false })
update	lead=0	line=Top	team=0	phase=WaitResponse	ok=true	before=LineGankerPlan { line: Top, setup_limit: 100, wait_limit: 100, chats: [], phase: WaitResponse }	after=LineGankerPlan { line: Top, setup_limit: 100, wait_limit: 100, chats: [], phase: WaitResponse }	is_cancel=true
update	lead=0	line=Top	team=0	phase=Setup	ok=true	before=LineGankerPlan { line: Top, setup_limit: 100, wait_limit: 100, chats: [], phase: Setup }	after=LineGankerPlan { line: Top, setup_limit: 100, wait_limit: 100, chats: [], phase: Setup }	is_cancel=false
update	lead=0	line=Top	team=0	phase=Cancel	ok=true	before=LineGankerPlan { line: Top, setup_limit: 100, wait_limit: 100, chats: [], phase: Cancel }	after=LineGankerPlan { line: Top, setup_limit: 100, wait_limit: 100, chats: [], phase: Cancel }	is_cancel=true
update	lead=0	line=Top	team=0	phase=ChangeJungle(Rhino)	ok=true	before=LineGankerPlan { line: Top, setup_limit: 100, wait_limit: 100, chats: [], phase: ChangeJungle(Rhino) }	after=LineGankerPlan { line: Top, setup_limit: 100, wait_limit: 100, chats: [], phase: ChangeJungle(Rhino) }	is_cancel=false
update	lead=0	line=Top	team=1	phase=WaitResponse	ok=true	before=LineGankerPlan { line: Top, setup_limit: 100, wait_limit: 100, chats: [], phase: WaitResponse }	after=LineGankerPlan { line: Top, setup_limit: 100, wait_limit: 100, chats: [], phase: WaitResponse }	is_cancel=true
update	lead=0	line=Top	team=1	phase=Setup	ok=true	before=LineGankerPlan { line: Top, setup_limit: 100, wait_limit: 100, chats: [], phase: Setup }	after=LineGankerPlan { line: Top, setup_limit: 100, wait_limit: 100, chats: [], phase: Setup }	is_cancel=false
update	lead=0	line=Top	team=1	phase=Cancel	ok=true	before=LineGankerPlan { line: Top, setup_limit: 100, wait_limit: 100, chats: [], phase: Cancel }	after=LineGankerPlan { line: Top, setup_limit: 100, wait_limit: 100, chats: [], phase: Cancel }	is_cancel=true
update	lead=0	line=Top	team=1	phase=ChangeJungle(Rhino)	ok=true	before=LineGankerPlan { line: Top, setup_limit: 100, wait_limit: 100, chats: [], phase: ChangeJungle(Rhino) }	after=LineGankerPlan { line: Top, setup_limit: 100, wait_limit: 100, chats: [], phase: ChangeJungle(Rhino) }	is_cancel=false
update	lead=0	line=Mid	team=0	phase=WaitResponse	ok=true	before=LineGankerPlan { line: Mid, setup_limit: 100, wait_limit: 100, chats: [], phase: WaitResponse }	after=LineGankerPlan { line: Mid, setup_limit: 100, wait_limit: 100, chats: [], phase: WaitResponse }	is_cancel=true
update	lead=0	line=Mid	team=0	phase=Setup	ok=true	before=LineGankerPlan { line: Mid, setup_limit: 100, wait_limit: 100, chats: [], phase: Setup }	after=LineGankerPlan { line: Mid, setup_limit: 100, wait_limit: 100, chats: [], phase: Setup }	is_cancel=false
update	lead=0	line=Mid	team=0	phase=Cancel	ok=true	before=LineGankerPlan { line: Mid, setup_limit: 100, wait_limit: 100, chats: [], phase: Cancel }	after=LineGankerPlan { line: Mid, setup_limit: 100, wait_limit: 100, chats: [], phase: Cancel }	is_cancel=true
update	lead=0	line=Mid	team=0	phase=ChangeJungle(Rhino)	ok=true	before=LineGankerPlan { line: Mid, setup_limit: 100, wait_limit: 100, chats: [], phase: ChangeJungle(Rhino) }	after=LineGankerPlan { line: Mid, setup_limit: 100, wait_limit: 100, chats: [], phase: ChangeJungle(Rhino) }	is_cancel=false
update	lead=0	line=Mid	team=1	phase=WaitResponse	ok=true	before=LineGankerPlan { line: Mid, setup_limit: 100, wait_limit: 100, chats: [], phase: WaitResponse }	after=LineGankerPlan { line: Mid, setup_limit: 100, wait_limit: 100, chats: [], phase: WaitResponse }	is_cancel=true
update	lead=0	line=Mid	team=1	phase=Setup	ok=true	before=LineGankerPlan { line: Mid, setup_limit: 100, wait_limit: 100, chats: [], phase: Setup }	after=LineGankerPlan { line: Mid, setup_limit: 100, wait_limit: 100, chats: [], phase: Setup }	is_cancel=false
update	lead=0	line=Mid	team=1	phase=Cancel	ok=true	before=LineGankerPlan { line: Mid, setup_limit: 100, wait_limit: 100, chats: [], phase: Cancel }	after=LineGankerPlan { line: Mid, setup_limit: 100, wait_limit: 100, chats: [], phase: Cancel }	is_cancel=true
update	lead=0	line=Mid	team=1	phase=ChangeJungle(Rhino)	ok=true	before=LineGankerPlan { line: Mid, setup_limit: 100, wait_limit: 100, chats: [], phase: ChangeJungle(Rhino) }	after=LineGankerPlan { line: Mid, setup_limit: 100, wait_limit: 100, chats: [], phase: ChangeJungle(Rhino) }	is_cancel=false
update	lead=0	line=Bottom	team=0	phase=WaitResponse	ok=true	before=LineGankerPlan { line: Bottom, setup_limit: 100, wait_limit: 100, chats: [], phase: WaitResponse }	after=LineGankerPlan { line: Bottom, setup_limit: 100, wait_limit: 100, chats: [], phase: WaitResponse }	is_cancel=true
update	lead=0	line=Bottom	team=0	phase=Setup	ok=true	before=LineGankerPlan { line: Bottom, setup_limit: 100, wait_limit: 100, chats: [], phase: Setup }	after=LineGankerPlan { line: Bottom, setup_limit: 100, wait_limit: 100, chats: [], phase: Setup }	is_cancel=false
update	lead=0	line=Bottom	team=0	phase=Cancel	ok=true	before=LineGankerPlan { line: Bottom, setup_limit: 100, wait_limit: 100, chats: [], phase: Cancel }	after=LineGankerPlan { line: Bottom, setup_limit: 100, wait_limit: 100, chats: [], phase: Cancel }	is_cancel=true
update	lead=0	line=Bottom	team=0	phase=ChangeJungle(Rhino)	ok=true	before=LineGankerPlan { line: Bottom, setup_limit: 100, wait_limit: 100, chats: [], phase: ChangeJungle(Rhino) }	after=LineGankerPlan { line: Bottom, setup_limit: 100, wait_limit: 100, chats: [], phase: ChangeJungle(Rhino) }	is_cancel=false
update	lead=0	line=Bottom	team=1	phase=WaitResponse	ok=true	before=LineGankerPlan { line: Bottom, setup_limit: 100, wait_limit: 100, chats: [], phase: WaitResponse }	after=LineGankerPlan { line: Bottom, setup_limit: 100, wait_limit: 100, chats: [], phase: WaitResponse }	is_cancel=true
update	lead=0	line=Bottom	team=1	phase=Setup	ok=true	before=LineGankerPlan { line: Bottom, setup_limit: 100, wait_limit: 100, chats: [], phase: Setup }	after=LineGankerPlan { line: Bottom, setup_limit: 100, wait_limit: 100, chats: [], phase: Setup }	is_cancel=false
update	lead=0	line=Bottom	team=1	phase=Cancel	ok=true	before=LineGankerPlan { line: Bottom, setup_limit: 100, wait_limit: 100, chats: [], phase: Cancel }	after=LineGankerPlan { line: Bottom, setup_limit: 100, wait_limit: 100, chats: [], phase: Cancel }	is_cancel=true
update	lead=0	line=Bottom	team=1	phase=ChangeJungle(Rhino)	ok=true	before=LineGankerPlan { line: Bottom, setup_limit: 100, wait_limit: 100, chats: [], phase: ChangeJungle(Rhino) }	after=LineGankerPlan { line: Bottom, setup_limit: 100, wait_limit: 100, chats: [], phase: ChangeJungle(Rhino) }	is_cancel=false
update	lead=1	line=Top	team=0	phase=WaitResponse	ok=true	before=LineGankerPlan { line: Top, setup_limit: 100, wait_limit: 100, chats: [], phase: WaitResponse }	after=LineGankerPlan { line: Top, setup_limit: 100, wait_limit: 100, chats: [], phase: WaitResponse }	is_cancel=true
update	lead=1	line=Top	team=0	phase=Setup	ok=true	before=LineGankerPlan { line: Top, setup_limit: 100, wait_limit: 100, chats: [], phase: Setup }	after=LineGankerPlan { line: Top, setup_limit: 100, wait_limit: 100, chats: [], phase: Setup }	is_cancel=false
update	lead=1	line=Top	team=0	phase=Cancel	ok=true	before=LineGankerPlan { line: Top, setup_limit: 100, wait_limit: 100, chats: [], phase: Cancel }	after=LineGankerPlan { line: Top, setup_limit: 100, wait_limit: 100, chats: [], phase: Cancel }	is_cancel=true
update	lead=1	line=Top	team=0	phase=ChangeJungle(Rhino)	ok=true	before=LineGankerPlan { line: Top, setup_limit: 100, wait_limit: 100, chats: [], phase: ChangeJungle(Rhino) }	after=LineGankerPlan { line: Top, setup_limit: 100, wait_limit: 100, chats: [], phase: ChangeJungle(Rhino) }	is_cancel=false
update	lead=1	line=Top	team=1	phase=WaitResponse	ok=true	before=LineGankerPlan { line: Top, setup_limit: 100, wait_limit: 100, chats: [], phase: WaitResponse }	after=LineGankerPlan { line: Top, setup_limit: 100, wait_limit: 100, chats: [], phase: WaitResponse }	is_cancel=true
update	lead=1	line=Top	team=1	phase=Setup	ok=true	before=LineGankerPlan { line: Top, setup_limit: 100, wait_limit: 100, chats: [], phase: Setup }	after=LineGankerPlan { line: Top, setup_limit: 100, wait_limit: 100, chats: [], phase: Setup }	is_cancel=false
update	lead=1	line=Top	team=1	phase=Cancel	ok=true	before=LineGankerPlan { line: Top, setup_limit: 100, wait_limit: 100, chats: [], phase: Cancel }	after=LineGankerPlan { line: Top, setup_limit: 100, wait_limit: 100, chats: [], phase: Cancel }	is_cancel=true
update	lead=1	line=Top	team=1	phase=ChangeJungle(Rhino)	ok=true	before=LineGankerPlan { line: Top, setup_limit: 100, wait_limit: 100, chats: [], phase: ChangeJungle(Rhino) }	after=LineGankerPlan { line: Top, setup_limit: 100, wait_limit: 100, chats: [], phase: ChangeJungle(Rhino) }	is_cancel=false
update	lead=1	line=Mid	team=0	phase=WaitResponse	ok=true	before=LineGankerPlan { line: Mid, setup_limit: 100, wait_limit: 100, chats: [], phase: WaitResponse }	after=LineGankerPlan { line: Mid, setup_limit: 100, wait_limit: 100, chats: [], phase: WaitResponse }	is_cancel=true
update	lead=1	line=Mid	team=0	phase=Setup	ok=true	before=LineGankerPlan { line: Mid, setup_limit: 100, wait_limit: 100, chats: [], phase: Setup }	after=LineGankerPlan { line: Mid, setup_limit: 100, wait_limit: 100, chats: [], phase: Setup }	is_cancel=false
update	lead=1	line=Mid	team=0	phase=Cancel	ok=true	before=LineGankerPlan { line: Mid, setup_limit: 100, wait_limit: 100, chats: [], phase: Cancel }	after=LineGankerPlan { line: Mid, setup_limit: 100, wait_limit: 100, chats: [], phase: Cancel }	is_cancel=true
update	lead=1	line=Mid	team=0	phase=ChangeJungle(Rhino)	ok=true	before=LineGankerPlan { line: Mid, setup_limit: 100, wait_limit: 100, chats: [], phase: ChangeJungle(Rhino) }	after=LineGankerPlan { line: Mid, setup_limit: 100, wait_limit: 100, chats: [], phase: ChangeJungle(Rhino) }	is_cancel=false
update	lead=1	line=Mid	team=1	phase=WaitResponse	ok=true	before=LineGankerPlan { line: Mid, setup_limit: 100, wait_limit: 100, chats: [], phase: WaitResponse }	after=LineGankerPlan { line: Mid, setup_limit: 100, wait_limit: 100, chats: [], phase: WaitResponse }	is_cancel=true
update	lead=1	line=Mid	team=1	phase=Setup	ok=true	before=LineGankerPlan { line: Mid, setup_limit: 100, wait_limit: 100, chats: [], phase: Setup }	after=LineGankerPlan { line: Mid, setup_limit: 100, wait_limit: 100, chats: [], phase: Setup }	is_cancel=false
update	lead=1	line=Mid	team=1	phase=Cancel	ok=true	before=LineGankerPlan { line: Mid, setup_limit: 100, wait_limit: 100, chats: [], phase: Cancel }	after=LineGankerPlan { line: Mid, setup_limit: 100, wait_limit: 100, chats: [], phase: Cancel }	is_cancel=true
update	lead=1	line=Mid	team=1	phase=ChangeJungle(Rhino)	ok=true	before=LineGankerPlan { line: Mid, setup_limit: 100, wait_limit: 100, chats: [], phase: ChangeJungle(Rhino) }	after=LineGankerPlan { line: Mid, setup_limit: 100, wait_limit: 100, chats: [], phase: ChangeJungle(Rhino) }	is_cancel=false
update	lead=1	line=Bottom	team=0	phase=WaitResponse	ok=true	before=LineGankerPlan { line: Bottom, setup_limit: 100, wait_limit: 100, chats: [], phase: WaitResponse }	after=LineGankerPlan { line: Bottom, setup_limit: 100, wait_limit: 100, chats: [], phase: WaitResponse }	is_cancel=true
update	lead=1	line=Bottom	team=0	phase=Setup	ok=true	before=LineGankerPlan { line: Bottom, setup_limit: 100, wait_limit: 100, chats: [], phase: Setup }	after=LineGankerPlan { line: Bottom, setup_limit: 100, wait_limit: 100, chats: [], phase: Setup }	is_cancel=false
update	lead=1	line=Bottom	team=0	phase=Cancel	ok=true	before=LineGankerPlan { line: Bottom, setup_limit: 100, wait_limit: 100, chats: [], phase: Cancel }	after=LineGankerPlan { line: Bottom, setup_limit: 100, wait_limit: 100, chats: [], phase: Cancel }	is_cancel=true
update	lead=1	line=Bottom	team=0	phase=ChangeJungle(Rhino)	ok=true	before=LineGankerPlan { line: Bottom, setup_limit: 100, wait_limit: 100, chats: [], phase: ChangeJungle(Rhino) }	after=LineGankerPlan { line: Bottom, setup_limit: 100, wait_limit: 100, chats: [], phase: ChangeJungle(Rhino) }	is_cancel=false
update	lead=1	line=Bottom	team=1	phase=WaitResponse	ok=true	before=LineGankerPlan { line: Bottom, setup_limit: 100, wait_limit: 100, chats: [], phase: WaitResponse }	after=LineGankerPlan { line: Bottom, setup_limit: 100, wait_limit: 100, chats: [], phase: WaitResponse }	is_cancel=true
update	lead=1	line=Bottom	team=1	phase=Setup	ok=true	before=LineGankerPlan { line: Bottom, setup_limit: 100, wait_limit: 100, chats: [], phase: Setup }	after=LineGankerPlan { line: Bottom, setup_limit: 100, wait_limit: 100, chats: [], phase: Setup }	is_cancel=false
update	lead=1	line=Bottom	team=1	phase=Cancel	ok=true	before=LineGankerPlan { line: Bottom, setup_limit: 100, wait_limit: 100, chats: [], phase: Cancel }	after=LineGankerPlan { line: Bottom, setup_limit: 100, wait_limit: 100, chats: [], phase: Cancel }	is_cancel=true
update	lead=1	line=Bottom	team=1	phase=ChangeJungle(Rhino)	ok=true	before=LineGankerPlan { line: Bottom, setup_limit: 100, wait_limit: 100, chats: [], phase: ChangeJungle(Rhino) }	after=LineGankerPlan { line: Bottom, setup_limit: 100, wait_limit: 100, chats: [], phase: ChangeJungle(Rhino) }	is_cancel=false
update	lead=2	line=Top	team=0	phase=WaitResponse	ok=true	before=LineGankerPlan { line: Top, setup_limit: 100, wait_limit: 100, chats: [], phase: WaitResponse }	after=LineGankerPlan { line: Top, setup_limit: 100, wait_limit: 100, chats: [], phase: WaitResponse }	is_cancel=true
update	lead=2	line=Top	team=0	phase=Setup	ok=true	before=LineGankerPlan { line: Top, setup_limit: 100, wait_limit: 100, chats: [], phase: Setup }	after=LineGankerPlan { line: Top, setup_limit: 100, wait_limit: 100, chats: [], phase: Setup }	is_cancel=false
update	lead=2	line=Top	team=0	phase=Cancel	ok=true	before=LineGankerPlan { line: Top, setup_limit: 100, wait_limit: 100, chats: [], phase: Cancel }	after=LineGankerPlan { line: Top, setup_limit: 100, wait_limit: 100, chats: [], phase: Cancel }	is_cancel=true
update	lead=2	line=Top	team=0	phase=ChangeJungle(Rhino)	ok=true	before=LineGankerPlan { line: Top, setup_limit: 100, wait_limit: 100, chats: [], phase: ChangeJungle(Rhino) }	after=LineGankerPlan { line: Top, setup_limit: 100, wait_limit: 100, chats: [], phase: ChangeJungle(Rhino) }	is_cancel=false
update	lead=2	line=Top	team=1	phase=WaitResponse	ok=true	before=LineGankerPlan { line: Top, setup_limit: 100, wait_limit: 100, chats: [], phase: WaitResponse }	after=LineGankerPlan { line: Top, setup_limit: 100, wait_limit: 100, chats: [], phase: WaitResponse }	is_cancel=true
update	lead=2	line=Top	team=1	phase=Setup	ok=true	before=LineGankerPlan { line: Top, setup_limit: 100, wait_limit: 100, chats: [], phase: Setup }	after=LineGankerPlan { line: Top, setup_limit: 100, wait_limit: 100, chats: [], phase: Setup }	is_cancel=false
update	lead=2	line=Top	team=1	phase=Cancel	ok=true	before=LineGankerPlan { line: Top, setup_limit: 100, wait_limit: 100, chats: [], phase: Cancel }	after=LineGankerPlan { line: Top, setup_limit: 100, wait_limit: 100, chats: [], phase: Cancel }	is_cancel=true
update	lead=2	line=Top	team=1	phase=ChangeJungle(Rhino)	ok=true	before=LineGankerPlan { line: Top, setup_limit: 100, wait_limit: 100, chats: [], phase: ChangeJungle(Rhino) }	after=LineGankerPlan { line: Top, setup_limit: 100, wait_limit: 100, chats: [], phase: ChangeJungle(Rhino) }	is_cancel=false
update	lead=2	line=Mid	team=0	phase=WaitResponse	ok=true	before=LineGankerPlan { line: Mid, setup_limit: 100, wait_limit: 100, chats: [], phase: WaitResponse }	after=LineGankerPlan { line: Mid, setup_limit: 100, wait_limit: 100, chats: [], phase: WaitResponse }	is_cancel=true
update	lead=2	line=Mid	team=0	phase=Setup	ok=true	before=LineGankerPlan { line: Mid, setup_limit: 100, wait_limit: 100, chats: [], phase: Setup }	after=LineGankerPlan { line: Mid, setup_limit: 100, wait_limit: 100, chats: [], phase: Setup }	is_cancel=false
update	lead=2	line=Mid	team=0	phase=Cancel	ok=true	before=LineGankerPlan { line: Mid, setup_limit: 100, wait_limit: 100, chats: [], phase: Cancel }	after=LineGankerPlan { line: Mid, setup_limit: 100, wait_limit: 100, chats: [], phase: Cancel }	is_cancel=true
update	lead=2	line=Mid	team=0	phase=ChangeJungle(Rhino)	ok=true	before=LineGankerPlan { line: Mid, setup_limit: 100, wait_limit: 100, chats: [], phase: ChangeJungle(Rhino) }	after=LineGankerPlan { line: Mid, setup_limit: 100, wait_limit: 100, chats: [], phase: ChangeJungle(Rhino) }	is_cancel=false
update	lead=2	line=Mid	team=1	phase=WaitResponse	ok=true	before=LineGankerPlan { line: Mid, setup_limit: 100, wait_limit: 100, chats: [], phase: WaitResponse }	after=LineGankerPlan { line: Mid, setup_limit: 100, wait_limit: 100, chats: [], phase: WaitResponse }	is_cancel=true
update	lead=2	line=Mid	team=1	phase=Setup	ok=true	before=LineGankerPlan { line: Mid, setup_limit: 100, wait_limit: 100, chats: [], phase: Setup }	after=LineGankerPlan { line: Mid, setup_limit: 100, wait_limit: 100, chats: [], phase: Setup }	is_cancel=false
update	lead=2	line=Mid	team=1	phase=Cancel	ok=true	before=LineGankerPlan { line: Mid, setup_limit: 100, wait_limit: 100, chats: [], phase: Cancel }	after=LineGankerPlan { line: Mid, setup_limit: 100, wait_limit: 100, chats: [], phase: Cancel }	is_cancel=true
update	lead=2	line=Mid	team=1	phase=ChangeJungle(Rhino)	ok=true	before=LineGankerPlan { line: Mid, setup_limit: 100, wait_limit: 100, chats: [], phase: ChangeJungle(Rhino) }	after=LineGankerPlan { line: Mid, setup_limit: 100, wait_limit: 100, chats: [], phase: ChangeJungle(Rhino) }	is_cancel=false
update	lead=2	line=Bottom	team=0	phase=WaitResponse	ok=true	before=LineGankerPlan { line: Bottom, setup_limit: 100, wait_limit: 100, chats: [], phase: WaitResponse }	after=LineGankerPlan { line: Bottom, setup_limit: 100, wait_limit: 100, chats: [], phase: WaitResponse }	is_cancel=true
update	lead=2	line=Bottom	team=0	phase=Setup	ok=true	before=LineGankerPlan { line: Bottom, setup_limit: 100, wait_limit: 100, chats: [], phase: Setup }	after=LineGankerPlan { line: Bottom, setup_limit: 100, wait_limit: 100, chats: [], phase: Setup }	is_cancel=false
update	lead=2	line=Bottom	team=0	phase=Cancel	ok=true	before=LineGankerPlan { line: Bottom, setup_limit: 100, wait_limit: 100, chats: [], phase: Cancel }	after=LineGankerPlan { line: Bottom, setup_limit: 100, wait_limit: 100, chats: [], phase: Cancel }	is_cancel=true
update	lead=2	line=Bottom	team=0	phase=ChangeJungle(Rhino)	ok=true	before=LineGankerPlan { line: Bottom, setup_limit: 100, wait_limit: 100, chats: [], phase: ChangeJungle(Rhino) }	after=LineGankerPlan { line: Bottom, setup_limit: 100, wait_limit: 100, chats: [], phase: ChangeJungle(Rhino) }	is_cancel=false
update	lead=2	line=Bottom	team=1	phase=WaitResponse	ok=true	before=LineGankerPlan { line: Bottom, setup_limit: 100, wait_limit: 100, chats: [], phase: WaitResponse }	after=LineGankerPlan { line: Bottom, setup_limit: 100, wait_limit: 100, chats: [], phase: WaitResponse }	is_cancel=true
update	lead=2	line=Bottom	team=1	phase=Setup	ok=true	before=LineGankerPlan { line: Bottom, setup_limit: 100, wait_limit: 100, chats: [], phase: Setup }	after=LineGankerPlan { line: Bottom, setup_limit: 100, wait_limit: 100, chats: [], phase: Setup }	is_cancel=false
update	lead=2	line=Bottom	team=1	phase=Cancel	ok=true	before=LineGankerPlan { line: Bottom, setup_limit: 100, wait_limit: 100, chats: [], phase: Cancel }	after=LineGankerPlan { line: Bottom, setup_limit: 100, wait_limit: 100, chats: [], phase: Cancel }	is_cancel=true
update	lead=2	line=Bottom	team=1	phase=ChangeJungle(Rhino)	ok=true	before=LineGankerPlan { line: Bottom, setup_limit: 100, wait_limit: 100, chats: [], phase: ChangeJungle(Rhino) }	after=LineGankerPlan { line: Bottom, setup_limit: 100, wait_limit: 100, chats: [], phase: ChangeJungle(Rhino) }	is_cancel=false
update	lead=3	line=Top	team=0	phase=WaitResponse	ok=true	before=LineGankerPlan { line: Top, setup_limit: 100, wait_limit: 100, chats: [], phase: WaitResponse }	after=LineGankerPlan { line: Top, setup_limit: 100, wait_limit: 100, chats: [], phase: WaitResponse }	is_cancel=true
update	lead=3	line=Top	team=0	phase=Setup	ok=true	before=LineGankerPlan { line: Top, setup_limit: 100, wait_limit: 100, chats: [], phase: Setup }	after=LineGankerPlan { line: Top, setup_limit: 100, wait_limit: 100, chats: [], phase: Setup }	is_cancel=false
update	lead=3	line=Top	team=0	phase=Cancel	ok=true	before=LineGankerPlan { line: Top, setup_limit: 100, wait_limit: 100, chats: [], phase: Cancel }	after=LineGankerPlan { line: Top, setup_limit: 100, wait_limit: 100, chats: [], phase: Cancel }	is_cancel=true
update	lead=3	line=Top	team=0	phase=ChangeJungle(Rhino)	ok=true	before=LineGankerPlan { line: Top, setup_limit: 100, wait_limit: 100, chats: [], phase: ChangeJungle(Rhino) }	after=LineGankerPlan { line: Top, setup_limit: 100, wait_limit: 100, chats: [], phase: ChangeJungle(Rhino) }	is_cancel=false
update	lead=3	line=Top	team=1	phase=WaitResponse	ok=true	before=LineGankerPlan { line: Top, setup_limit: 100, wait_limit: 100, chats: [], phase: WaitResponse }	after=LineGankerPlan { line: Top, setup_limit: 100, wait_limit: 100, chats: [], phase: WaitResponse }	is_cancel=true
update	lead=3	line=Top	team=1	phase=Setup	ok=true	before=LineGankerPlan { line: Top, setup_limit: 100, wait_limit: 100, chats: [], phase: Setup }	after=LineGankerPlan { line: Top, setup_limit: 100, wait_limit: 100, chats: [], phase: Setup }	is_cancel=false
update	lead=3	line=Top	team=1	phase=Cancel	ok=true	before=LineGankerPlan { line: Top, setup_limit: 100, wait_limit: 100, chats: [], phase: Cancel }	after=LineGankerPlan { line: Top, setup_limit: 100, wait_limit: 100, chats: [], phase: Cancel }	is_cancel=true
update	lead=3	line=Top	team=1	phase=ChangeJungle(Rhino)	ok=true	before=LineGankerPlan { line: Top, setup_limit: 100, wait_limit: 100, chats: [], phase: ChangeJungle(Rhino) }	after=LineGankerPlan { line: Top, setup_limit: 100, wait_limit: 100, chats: [], phase: ChangeJungle(Rhino) }	is_cancel=false
update	lead=3	line=Mid	team=0	phase=WaitResponse	ok=true	before=LineGankerPlan { line: Mid, setup_limit: 100, wait_limit: 100, chats: [], phase: WaitResponse }	after=LineGankerPlan { line: Mid, setup_limit: 100, wait_limit: 100, chats: [], phase: WaitResponse }	is_cancel=true
update	lead=3	line=Mid	team=0	phase=Setup	ok=true	before=LineGankerPlan { line: Mid, setup_limit: 100, wait_limit: 100, chats: [], phase: Setup }	after=LineGankerPlan { line: Mid, setup_limit: 100, wait_limit: 100, chats: [], phase: Setup }	is_cancel=false
update	lead=3	line=Mid	team=0	phase=Cancel	ok=true	before=LineGankerPlan { line: Mid, setup_limit: 100, wait_limit: 100, chats: [], phase: Cancel }	after=LineGankerPlan { line: Mid, setup_limit: 100, wait_limit: 100, chats: [], phase: Cancel }	is_cancel=true
update	lead=3	line=Mid	team=0	phase=ChangeJungle(Rhino)	ok=true	before=LineGankerPlan { line: Mid, setup_limit: 100, wait_limit: 100, chats: [], phase: ChangeJungle(Rhino) }	after=LineGankerPlan { line: Mid, setup_limit: 100, wait_limit: 100, chats: [], phase: ChangeJungle(Rhino) }	is_cancel=false
update	lead=3	line=Mid	team=1	phase=WaitResponse	ok=true	before=LineGankerPlan { line: Mid, setup_limit: 100, wait_limit: 100, chats: [], phase: WaitResponse }	after=LineGankerPlan { line: Mid, setup_limit: 100, wait_limit: 100, chats: [], phase: WaitResponse }	is_cancel=true
update	lead=3	line=Mid	team=1	phase=Setup	ok=true	before=LineGankerPlan { line: Mid, setup_limit: 100, wait_limit: 100, chats: [], phase: Setup }	after=LineGankerPlan { line: Mid, setup_limit: 100, wait_limit: 100, chats: [], phase: Setup }	is_cancel=false
update	lead=3	line=Mid	team=1	phase=Cancel	ok=true	before=LineGankerPlan { line: Mid, setup_limit: 100, wait_limit: 100, chats: [], phase: Cancel }	after=LineGankerPlan { line: Mid, setup_limit: 100, wait_limit: 100, chats: [], phase: Cancel }	is_cancel=true
update	lead=3	line=Mid	team=1	phase=ChangeJungle(Rhino)	ok=true	before=LineGankerPlan { line: Mid, setup_limit: 100, wait_limit: 100, chats: [], phase: ChangeJungle(Rhino) }	after=LineGankerPlan { line: Mid, setup_limit: 100, wait_limit: 100, chats: [], phase: ChangeJungle(Rhino) }	is_cancel=false
update	lead=3	line=Bottom	team=0	phase=WaitResponse	ok=true	before=LineGankerPlan { line: Bottom, setup_limit: 100, wait_limit: 100, chats: [], phase: WaitResponse }	after=LineGankerPlan { line: Bottom, setup_limit: 100, wait_limit: 100, chats: [], phase: WaitResponse }	is_cancel=true
update	lead=3	line=Bottom	team=0	phase=Setup	ok=true	before=LineGankerPlan { line: Bottom, setup_limit: 100, wait_limit: 100, chats: [], phase: Setup }	after=LineGankerPlan { line: Bottom, setup_limit: 100, wait_limit: 100, chats: [], phase: Setup }	is_cancel=false
update	lead=3	line=Bottom	team=0	phase=Cancel	ok=true	before=LineGankerPlan { line: Bottom, setup_limit: 100, wait_limit: 100, chats: [], phase: Cancel }	after=LineGankerPlan { line: Bottom, setup_limit: 100, wait_limit: 100, chats: [], phase: Cancel }	is_cancel=true
update	lead=3	line=Bottom	team=0	phase=ChangeJungle(Rhino)	ok=true	before=LineGankerPlan { line: Bottom, setup_limit: 100, wait_limit: 100, chats: [], phase: ChangeJungle(Rhino) }	after=LineGankerPlan { line: Bottom, setup_limit: 100, wait_limit: 100, chats: [], phase: ChangeJungle(Rhino) }	is_cancel=false
update	lead=3	line=Bottom	team=1	phase=WaitResponse	ok=true	before=LineGankerPlan { line: Bottom, setup_limit: 100, wait_limit: 100, chats: [], phase: WaitResponse }	after=LineGankerPlan { line: Bottom, setup_limit: 100, wait_limit: 100, chats: [], phase: WaitResponse }	is_cancel=true
update	lead=3	line=Bottom	team=1	phase=Setup	ok=true	before=LineGankerPlan { line: Bottom, setup_limit: 100, wait_limit: 100, chats: [], phase: Setup }	after=LineGankerPlan { line: Bottom, setup_limit: 100, wait_limit: 100, chats: [], phase: Setup }	is_cancel=false
update	lead=3	line=Bottom	team=1	phase=Cancel	ok=true	before=LineGankerPlan { line: Bottom, setup_limit: 100, wait_limit: 100, chats: [], phase: Cancel }	after=LineGankerPlan { line: Bottom, setup_limit: 100, wait_limit: 100, chats: [], phase: Cancel }	is_cancel=true
update	lead=3	line=Bottom	team=1	phase=ChangeJungle(Rhino)	ok=true	before=LineGankerPlan { line: Bottom, setup_limit: 100, wait_limit: 100, chats: [], phase: ChangeJungle(Rhino) }	after=LineGankerPlan { line: Bottom, setup_limit: 100, wait_limit: 100, chats: [], phase: ChangeJungle(Rhino) }	is_cancel=false
update	lead=4	line=Top	team=0	phase=WaitResponse	ok=true	before=LineGankerPlan { line: Top, setup_limit: 100, wait_limit: 100, chats: [], phase: WaitResponse }	after=LineGankerPlan { line: Top, setup_limit: 100, wait_limit: 100, chats: [], phase: WaitResponse }	is_cancel=true
update	lead=4	line=Top	team=0	phase=Setup	ok=true	before=LineGankerPlan { line: Top, setup_limit: 100, wait_limit: 100, chats: [], phase: Setup }	after=LineGankerPlan { line: Top, setup_limit: 100, wait_limit: 100, chats: [], phase: Setup }	is_cancel=false
update	lead=4	line=Top	team=0	phase=Cancel	ok=true	before=LineGankerPlan { line: Top, setup_limit: 100, wait_limit: 100, chats: [], phase: Cancel }	after=LineGankerPlan { line: Top, setup_limit: 100, wait_limit: 100, chats: [], phase: Cancel }	is_cancel=true
update	lead=4	line=Top	team=0	phase=ChangeJungle(Rhino)	ok=true	before=LineGankerPlan { line: Top, setup_limit: 100, wait_limit: 100, chats: [], phase: ChangeJungle(Rhino) }	after=LineGankerPlan { line: Top, setup_limit: 100, wait_limit: 100, chats: [], phase: ChangeJungle(Rhino) }	is_cancel=false
update	lead=4	line=Top	team=1	phase=WaitResponse	ok=true	before=LineGankerPlan { line: Top, setup_limit: 100, wait_limit: 100, chats: [], phase: WaitResponse }	after=LineGankerPlan { line: Top, setup_limit: 100, wait_limit: 100, chats: [], phase: WaitResponse }	is_cancel=true
update	lead=4	line=Top	team=1	phase=Setup	ok=true	before=LineGankerPlan { line: Top, setup_limit: 100, wait_limit: 100, chats: [], phase: Setup }	after=LineGankerPlan { line: Top, setup_limit: 100, wait_limit: 100, chats: [], phase: Setup }	is_cancel=false
update	lead=4	line=Top	team=1	phase=Cancel	ok=true	before=LineGankerPlan { line: Top, setup_limit: 100, wait_limit: 100, chats: [], phase: Cancel }	after=LineGankerPlan { line: Top, setup_limit: 100, wait_limit: 100, chats: [], phase: Cancel }	is_cancel=true
update	lead=4	line=Top	team=1	phase=ChangeJungle(Rhino)	ok=true	before=LineGankerPlan { line: Top, setup_limit: 100, wait_limit: 100, chats: [], phase: ChangeJungle(Rhino) }	after=LineGankerPlan { line: Top, setup_limit: 100, wait_limit: 100, chats: [], phase: ChangeJungle(Rhino) }	is_cancel=false
update	lead=4	line=Mid	team=0	phase=WaitResponse	ok=true	before=LineGankerPlan { line: Mid, setup_limit: 100, wait_limit: 100, chats: [], phase: WaitResponse }	after=LineGankerPlan { line: Mid, setup_limit: 100, wait_limit: 100, chats: [], phase: WaitResponse }	is_cancel=true
update	lead=4	line=Mid	team=0	phase=Setup	ok=true	before=LineGankerPlan { line: Mid, setup_limit: 100, wait_limit: 100, chats: [], phase: Setup }	after=LineGankerPlan { line: Mid, setup_limit: 100, wait_limit: 100, chats: [], phase: Setup }	is_cancel=false
update	lead=4	line=Mid	team=0	phase=Cancel	ok=true	before=LineGankerPlan { line: Mid, setup_limit: 100, wait_limit: 100, chats: [], phase: Cancel }	after=LineGankerPlan { line: Mid, setup_limit: 100, wait_limit: 100, chats: [], phase: Cancel }	is_cancel=true
update	lead=4	line=Mid	team=0	phase=ChangeJungle(Rhino)	ok=true	before=LineGankerPlan { line: Mid, setup_limit: 100, wait_limit: 100, chats: [], phase: ChangeJungle(Rhino) }	after=LineGankerPlan { line: Mid, setup_limit: 100, wait_limit: 100, chats: [], phase: ChangeJungle(Rhino) }	is_cancel=false
update	lead=4	line=Mid	team=1	phase=WaitResponse	ok=true	before=LineGankerPlan { line: Mid, setup_limit: 100, wait_limit: 100, chats: [], phase: WaitResponse }	after=LineGankerPlan { line: Mid, setup_limit: 100, wait_limit: 100, chats: [], phase: WaitResponse }	is_cancel=true
update	lead=4	line=Mid	team=1	phase=Setup	ok=true	before=LineGankerPlan { line: Mid, setup_limit: 100, wait_limit: 100, chats: [], phase: Setup }	after=LineGankerPlan { line: Mid, setup_limit: 100, wait_limit: 100, chats: [], phase: Setup }	is_cancel=false
update	lead=4	line=Mid	team=1	phase=Cancel	ok=true	before=LineGankerPlan { line: Mid, setup_limit: 100, wait_limit: 100, chats: [], phase: Cancel }	after=LineGankerPlan { line: Mid, setup_limit: 100, wait_limit: 100, chats: [], phase: Cancel }	is_cancel=true
update	lead=4	line=Mid	team=1	phase=ChangeJungle(Rhino)	ok=true	before=LineGankerPlan { line: Mid, setup_limit: 100, wait_limit: 100, chats: [], phase: ChangeJungle(Rhino) }	after=LineGankerPlan { line: Mid, setup_limit: 100, wait_limit: 100, chats: [], phase: ChangeJungle(Rhino) }	is_cancel=false
update	lead=4	line=Bottom	team=0	phase=WaitResponse	ok=true	before=LineGankerPlan { line: Bottom, setup_limit: 100, wait_limit: 100, chats: [], phase: WaitResponse }	after=LineGankerPlan { line: Bottom, setup_limit: 100, wait_limit: 100, chats: [], phase: WaitResponse }	is_cancel=true
update	lead=4	line=Bottom	team=0	phase=Setup	ok=true	before=LineGankerPlan { line: Bottom, setup_limit: 100, wait_limit: 100, chats: [], phase: Setup }	after=LineGankerPlan { line: Bottom, setup_limit: 100, wait_limit: 100, chats: [], phase: Setup }	is_cancel=false
update	lead=4	line=Bottom	team=0	phase=Cancel	ok=true	before=LineGankerPlan { line: Bottom, setup_limit: 100, wait_limit: 100, chats: [], phase: Cancel }	after=LineGankerPlan { line: Bottom, setup_limit: 100, wait_limit: 100, chats: [], phase: Cancel }	is_cancel=true
update	lead=4	line=Bottom	team=0	phase=ChangeJungle(Rhino)	ok=true	before=LineGankerPlan { line: Bottom, setup_limit: 100, wait_limit: 100, chats: [], phase: ChangeJungle(Rhino) }	after=LineGankerPlan { line: Bottom, setup_limit: 100, wait_limit: 100, chats: [], phase: ChangeJungle(Rhino) }	is_cancel=false
update	lead=4	line=Bottom	team=1	phase=WaitResponse	ok=true	before=LineGankerPlan { line: Bottom, setup_limit: 100, wait_limit: 100, chats: [], phase: WaitResponse }	after=LineGankerPlan { line: Bottom, setup_limit: 100, wait_limit: 100, chats: [], phase: WaitResponse }	is_cancel=true
update	lead=4	line=Bottom	team=1	phase=Setup	ok=true	before=LineGankerPlan { line: Bottom, setup_limit: 100, wait_limit: 100, chats: [], phase: Setup }	after=LineGankerPlan { line: Bottom, setup_limit: 100, wait_limit: 100, chats: [], phase: Setup }	is_cancel=false
update	lead=4	line=Bottom	team=1	phase=Cancel	ok=true	before=LineGankerPlan { line: Bottom, setup_limit: 100, wait_limit: 100, chats: [], phase: Cancel }	after=LineGankerPlan { line: Bottom, setup_limit: 100, wait_limit: 100, chats: [], phase: Cancel }	is_cancel=true
update	lead=4	line=Bottom	team=1	phase=ChangeJungle(Rhino)	ok=true	before=LineGankerPlan { line: Bottom, setup_limit: 100, wait_limit: 100, chats: [], phase: ChangeJungle(Rhino) }	after=LineGankerPlan { line: Bottom, setup_limit: 100, wait_limit: 100, chats: [], phase: ChangeJungle(Rhino) }	is_cancel=false
update	lead=5	line=Top	team=0	phase=WaitResponse	ok=true	before=LineGankerPlan { line: Top, setup_limit: 100, wait_limit: 100, chats: [], phase: WaitResponse }	after=LineGankerPlan { line: Top, setup_limit: 100, wait_limit: 100, chats: [], phase: WaitResponse }	is_cancel=true
update	lead=5	line=Top	team=0	phase=Setup	ok=true	before=LineGankerPlan { line: Top, setup_limit: 100, wait_limit: 100, chats: [], phase: Setup }	after=LineGankerPlan { line: Top, setup_limit: 100, wait_limit: 100, chats: [], phase: Setup }	is_cancel=false
update	lead=5	line=Top	team=0	phase=Cancel	ok=true	before=LineGankerPlan { line: Top, setup_limit: 100, wait_limit: 100, chats: [], phase: Cancel }	after=LineGankerPlan { line: Top, setup_limit: 100, wait_limit: 100, chats: [], phase: Cancel }	is_cancel=true
update	lead=5	line=Top	team=0	phase=ChangeJungle(Rhino)	ok=true	before=LineGankerPlan { line: Top, setup_limit: 100, wait_limit: 100, chats: [], phase: ChangeJungle(Rhino) }	after=LineGankerPlan { line: Top, setup_limit: 100, wait_limit: 100, chats: [], phase: ChangeJungle(Rhino) }	is_cancel=false
update	lead=5	line=Top	team=1	phase=WaitResponse	ok=true	before=LineGankerPlan { line: Top, setup_limit: 100, wait_limit: 100, chats: [], phase: WaitResponse }	after=LineGankerPlan { line: Top, setup_limit: 100, wait_limit: 100, chats: [], phase: WaitResponse }	is_cancel=true
update	lead=5	line=Top	team=1	phase=Setup	ok=true	before=LineGankerPlan { line: Top, setup_limit: 100, wait_limit: 100, chats: [], phase: Setup }	after=LineGankerPlan { line: Top, setup_limit: 100, wait_limit: 100, chats: [], phase: Setup }	is_cancel=false
update	lead=5	line=Top	team=1	phase=Cancel	ok=true	before=LineGankerPlan { line: Top, setup_limit: 100, wait_limit: 100, chats: [], phase: Cancel }	after=LineGankerPlan { line: Top, setup_limit: 100, wait_limit: 100, chats: [], phase: Cancel }	is_cancel=true
update	lead=5	line=Top	team=1	phase=ChangeJungle(Rhino)	ok=true	before=LineGankerPlan { line: Top, setup_limit: 100, wait_limit: 100, chats: [], phase: ChangeJungle(Rhino) }	after=LineGankerPlan { line: Top, setup_limit: 100, wait_limit: 100, chats: [], phase: ChangeJungle(Rhino) }	is_cancel=false
update	lead=5	line=Mid	team=0	phase=WaitResponse	ok=true	before=LineGankerPlan { line: Mid, setup_limit: 100, wait_limit: 100, chats: [], phase: WaitResponse }	after=LineGankerPlan { line: Mid, setup_limit: 100, wait_limit: 100, chats: [], phase: WaitResponse }	is_cancel=true
update	lead=5	line=Mid	team=0	phase=Setup	ok=true	before=LineGankerPlan { line: Mid, setup_limit: 100, wait_limit: 100, chats: [], phase: Setup }	after=LineGankerPlan { line: Mid, setup_limit: 100, wait_limit: 100, chats: [], phase: Setup }	is_cancel=false
update	lead=5	line=Mid	team=0	phase=Cancel	ok=true	before=LineGankerPlan { line: Mid, setup_limit: 100, wait_limit: 100, chats: [], phase: Cancel }	after=LineGankerPlan { line: Mid, setup_limit: 100, wait_limit: 100, chats: [], phase: Cancel }	is_cancel=true
update	lead=5	line=Mid	team=0	phase=ChangeJungle(Rhino)	ok=true	before=LineGankerPlan { line: Mid, setup_limit: 100, wait_limit: 100, chats: [], phase: ChangeJungle(Rhino) }	after=LineGankerPlan { line: Mid, setup_limit: 100, wait_limit: 100, chats: [], phase: ChangeJungle(Rhino) }	is_cancel=false
update	lead=5	line=Mid	team=1	phase=WaitResponse	ok=true	before=LineGankerPlan { line: Mid, setup_limit: 100, wait_limit: 100, chats: [], phase: WaitResponse }	after=LineGankerPlan { line: Mid, setup_limit: 100, wait_limit: 100, chats: [], phase: WaitResponse }	is_cancel=true
update	lead=5	line=Mid	team=1	phase=Setup	ok=true	before=LineGankerPlan { line: Mid, setup_limit: 100, wait_limit: 100, chats: [], phase: Setup }	after=LineGankerPlan { line: Mid, setup_limit: 100, wait_limit: 100, chats: [], phase: Setup }	is_cancel=false
update	lead=5	line=Mid	team=1	phase=Cancel	ok=true	before=LineGankerPlan { line: Mid, setup_limit: 100, wait_limit: 100, chats: [], phase: Cancel }	after=LineGankerPlan { line: Mid, setup_limit: 100, wait_limit: 100, chats: [], phase: Cancel }	is_cancel=true
update	lead=5	line=Mid	team=1	phase=ChangeJungle(Rhino)	ok=true	before=LineGankerPlan { line: Mid, setup_limit: 100, wait_limit: 100, chats: [], phase: ChangeJungle(Rhino) }	after=LineGankerPlan { line: Mid, setup_limit: 100, wait_limit: 100, chats: [], phase: ChangeJungle(Rhino) }	is_cancel=false
update	lead=5	line=Bottom	team=0	phase=WaitResponse	ok=true	before=LineGankerPlan { line: Bottom, setup_limit: 100, wait_limit: 100, chats: [], phase: WaitResponse }	after=LineGankerPlan { line: Bottom, setup_limit: 100, wait_limit: 100, chats: [], phase: WaitResponse }	is_cancel=true
update	lead=5	line=Bottom	team=0	phase=Setup	ok=true	before=LineGankerPlan { line: Bottom, setup_limit: 100, wait_limit: 100, chats: [], phase: Setup }	after=LineGankerPlan { line: Bottom, setup_limit: 100, wait_limit: 100, chats: [], phase: Setup }	is_cancel=false
update	lead=5	line=Bottom	team=0	phase=Cancel	ok=true	before=LineGankerPlan { line: Bottom, setup_limit: 100, wait_limit: 100, chats: [], phase: Cancel }	after=LineGankerPlan { line: Bottom, setup_limit: 100, wait_limit: 100, chats: [], phase: Cancel }	is_cancel=true
update	lead=5	line=Bottom	team=0	phase=ChangeJungle(Rhino)	ok=true	before=LineGankerPlan { line: Bottom, setup_limit: 100, wait_limit: 100, chats: [], phase: ChangeJungle(Rhino) }	after=LineGankerPlan { line: Bottom, setup_limit: 100, wait_limit: 100, chats: [], phase: ChangeJungle(Rhino) }	is_cancel=false
update	lead=5	line=Bottom	team=1	phase=WaitResponse	ok=true	before=LineGankerPlan { line: Bottom, setup_limit: 100, wait_limit: 100, chats: [], phase: WaitResponse }	after=LineGankerPlan { line: Bottom, setup_limit: 100, wait_limit: 100, chats: [], phase: WaitResponse }	is_cancel=true
update	lead=5	line=Bottom	team=1	phase=Setup	ok=true	before=LineGankerPlan { line: Bottom, setup_limit: 100, wait_limit: 100, chats: [], phase: Setup }	after=LineGankerPlan { line: Bottom, setup_limit: 100, wait_limit: 100, chats: [], phase: Setup }	is_cancel=false
update	lead=5	line=Bottom	team=1	phase=Cancel	ok=true	before=LineGankerPlan { line: Bottom, setup_limit: 100, wait_limit: 100, chats: [], phase: Cancel }	after=LineGankerPlan { line: Bottom, setup_limit: 100, wait_limit: 100, chats: [], phase: Cancel }	is_cancel=true
update	lead=5	line=Bottom	team=1	phase=ChangeJungle(Rhino)	ok=true	before=LineGankerPlan { line: Bottom, setup_limit: 100, wait_limit: 100, chats: [], phase: ChangeJungle(Rhino) }	after=LineGankerPlan { line: Bottom, setup_limit: 100, wait_limit: 100, chats: [], phase: ChangeJungle(Rhino) }	is_cancel=false
update	lead=6	line=Top	team=0	phase=WaitResponse	ok=true	before=LineGankerPlan { line: Top, setup_limit: 100, wait_limit: 100, chats: [], phase: WaitResponse }	after=LineGankerPlan { line: Top, setup_limit: 100, wait_limit: 100, chats: [], phase: WaitResponse }	is_cancel=true
update	lead=6	line=Top	team=0	phase=Setup	ok=true	before=LineGankerPlan { line: Top, setup_limit: 100, wait_limit: 100, chats: [], phase: Setup }	after=LineGankerPlan { line: Top, setup_limit: 100, wait_limit: 100, chats: [], phase: Setup }	is_cancel=false
update	lead=6	line=Top	team=0	phase=Cancel	ok=true	before=LineGankerPlan { line: Top, setup_limit: 100, wait_limit: 100, chats: [], phase: Cancel }	after=LineGankerPlan { line: Top, setup_limit: 100, wait_limit: 100, chats: [], phase: Cancel }	is_cancel=true
update	lead=6	line=Top	team=0	phase=ChangeJungle(Rhino)	ok=true	before=LineGankerPlan { line: Top, setup_limit: 100, wait_limit: 100, chats: [], phase: ChangeJungle(Rhino) }	after=LineGankerPlan { line: Top, setup_limit: 100, wait_limit: 100, chats: [], phase: ChangeJungle(Rhino) }	is_cancel=false
update	lead=6	line=Top	team=1	phase=WaitResponse	ok=true	before=LineGankerPlan { line: Top, setup_limit: 100, wait_limit: 100, chats: [], phase: WaitResponse }	after=LineGankerPlan { line: Top, setup_limit: 100, wait_limit: 100, chats: [], phase: WaitResponse }	is_cancel=true
update	lead=6	line=Top	team=1	phase=Setup	ok=true	before=LineGankerPlan { line: Top, setup_limit: 100, wait_limit: 100, chats: [], phase: Setup }	after=LineGankerPlan { line: Top, setup_limit: 100, wait_limit: 100, chats: [], phase: Setup }	is_cancel=false
update	lead=6	line=Top	team=1	phase=Cancel	ok=true	before=LineGankerPlan { line: Top, setup_limit: 100, wait_limit: 100, chats: [], phase: Cancel }	after=LineGankerPlan { line: Top, setup_limit: 100, wait_limit: 100, chats: [], phase: Cancel }	is_cancel=true
update	lead=6	line=Top	team=1	phase=ChangeJungle(Rhino)	ok=true	before=LineGankerPlan { line: Top, setup_limit: 100, wait_limit: 100, chats: [], phase: ChangeJungle(Rhino) }	after=LineGankerPlan { line: Top, setup_limit: 100, wait_limit: 100, chats: [], phase: ChangeJungle(Rhino) }	is_cancel=false
update	lead=6	line=Mid	team=0	phase=WaitResponse	ok=true	before=LineGankerPlan { line: Mid, setup_limit: 100, wait_limit: 100, chats: [], phase: WaitResponse }	after=LineGankerPlan { line: Mid, setup_limit: 100, wait_limit: 100, chats: [], phase: WaitResponse }	is_cancel=true
update	lead=6	line=Mid	team=0	phase=Setup	ok=true	before=LineGankerPlan { line: Mid, setup_limit: 100, wait_limit: 100, chats: [], phase: Setup }	after=LineGankerPlan { line: Mid, setup_limit: 100, wait_limit: 100, chats: [], phase: Setup }	is_cancel=false
update	lead=6	line=Mid	team=0	phase=Cancel	ok=true	before=LineGankerPlan { line: Mid, setup_limit: 100, wait_limit: 100, chats: [], phase: Cancel }	after=LineGankerPlan { line: Mid, setup_limit: 100, wait_limit: 100, chats: [], phase: Cancel }	is_cancel=true
update	lead=6	line=Mid	team=0	phase=ChangeJungle(Rhino)	ok=true	before=LineGankerPlan { line: Mid, setup_limit: 100, wait_limit: 100, chats: [], phase: ChangeJungle(Rhino) }	after=LineGankerPlan { line: Mid, setup_limit: 100, wait_limit: 100, chats: [], phase: ChangeJungle(Rhino) }	is_cancel=false
update	lead=6	line=Mid	team=1	phase=WaitResponse	ok=true	before=LineGankerPlan { line: Mid, setup_limit: 100, wait_limit: 100, chats: [], phase: WaitResponse }	after=LineGankerPlan { line: Mid, setup_limit: 100, wait_limit: 100, chats: [], phase: WaitResponse }	is_cancel=true
update	lead=6	line=Mid	team=1	phase=Setup	ok=true	before=LineGankerPlan { line: Mid, setup_limit: 100, wait_limit: 100, chats: [], phase: Setup }	after=LineGankerPlan { line: Mid, setup_limit: 100, wait_limit: 100, chats: [], phase: Setup }	is_cancel=false
update	lead=6	line=Mid	team=1	phase=Cancel	ok=true	before=LineGankerPlan { line: Mid, setup_limit: 100, wait_limit: 100, chats: [], phase: Cancel }	after=LineGankerPlan { line: Mid, setup_limit: 100, wait_limit: 100, chats: [], phase: Cancel }	is_cancel=true
update	lead=6	line=Mid	team=1	phase=ChangeJungle(Rhino)	ok=true	before=LineGankerPlan { line: Mid, setup_limit: 100, wait_limit: 100, chats: [], phase: ChangeJungle(Rhino) }	after=LineGankerPlan { line: Mid, setup_limit: 100, wait_limit: 100, chats: [], phase: ChangeJungle(Rhino) }	is_cancel=false
update	lead=6	line=Bottom	team=0	phase=WaitResponse	ok=true	before=LineGankerPlan { line: Bottom, setup_limit: 100, wait_limit: 100, chats: [], phase: WaitResponse }	after=LineGankerPlan { line: Bottom, setup_limit: 100, wait_limit: 100, chats: [], phase: WaitResponse }	is_cancel=true
update	lead=6	line=Bottom	team=0	phase=Setup	ok=true	before=LineGankerPlan { line: Bottom, setup_limit: 100, wait_limit: 100, chats: [], phase: Setup }	after=LineGankerPlan { line: Bottom, setup_limit: 100, wait_limit: 100, chats: [], phase: Setup }	is_cancel=false
update	lead=6	line=Bottom	team=0	phase=Cancel	ok=true	before=LineGankerPlan { line: Bottom, setup_limit: 100, wait_limit: 100, chats: [], phase: Cancel }	after=LineGankerPlan { line: Bottom, setup_limit: 100, wait_limit: 100, chats: [], phase: Cancel }	is_cancel=true
update	lead=6	line=Bottom	team=0	phase=ChangeJungle(Rhino)	ok=true	before=LineGankerPlan { line: Bottom, setup_limit: 100, wait_limit: 100, chats: [], phase: ChangeJungle(Rhino) }	after=LineGankerPlan { line: Bottom, setup_limit: 100, wait_limit: 100, chats: [], phase: ChangeJungle(Rhino) }	is_cancel=false
update	lead=6	line=Bottom	team=1	phase=WaitResponse	ok=true	before=LineGankerPlan { line: Bottom, setup_limit: 100, wait_limit: 100, chats: [], phase: WaitResponse }	after=LineGankerPlan { line: Bottom, setup_limit: 100, wait_limit: 100, chats: [], phase: WaitResponse }	is_cancel=true
update	lead=6	line=Bottom	team=1	phase=Setup	ok=true	before=LineGankerPlan { line: Bottom, setup_limit: 100, wait_limit: 100, chats: [], phase: Setup }	after=LineGankerPlan { line: Bottom, setup_limit: 100, wait_limit: 100, chats: [], phase: Setup }	is_cancel=false
update	lead=6	line=Bottom	team=1	phase=Cancel	ok=true	before=LineGankerPlan { line: Bottom, setup_limit: 100, wait_limit: 100, chats: [], phase: Cancel }	after=LineGankerPlan { line: Bottom, setup_limit: 100, wait_limit: 100, chats: [], phase: Cancel }	is_cancel=true
update	lead=6	line=Bottom	team=1	phase=ChangeJungle(Rhino)	ok=true	before=LineGankerPlan { line: Bottom, setup_limit: 100, wait_limit: 100, chats: [], phase: ChangeJungle(Rhino) }	after=LineGankerPlan { line: Bottom, setup_limit: 100, wait_limit: 100, chats: [], phase: ChangeJungle(Rhino) }	is_cancel=false
