case	0m0	team=0	tgt=5	obj=1	phase=1	my_d=160000	| pred kind=4 na=0 ne=1 ca=0 cve=1 cpe=1 sa=3 focus=Some(25) fs=false appr=true iso=false ovl=false lowhp=true | act none=false kind=4 na=0 ne=1 ca=0 pr=2 focus_tag=1 focus=25 tgt=5	MATCH	
cfg	0	[00:(491000,672000) hp60%(600/1000) v0][01:(785137,558863) hp30%(300/1000) v0][02:(940000,672000) hp40%(400/1000) v0][03:(668465,442191) hp39%(390/1000) v0][04:(940000,940000) hp49%(490/1000) v0][10:(672000,901000) hp40%(400/1000) v1][11:(672000,940000) hp60%(600/1000) v1][12:(672000,572000) hp60%(600/1000) v0][13:(940000,558863) hp49%(490/1000) v1][14:(940000,318447) hp30%(300/1000) v0]
case	1m0	team=1	tgt=5	obj=1	phase=1	my_d=140000	| pred kind=1 na=4 ne=2 ca=3 cve=1 cpe=2 sa=4 focus=Some(21) fs=false appr=false iso=false ovl=false lowhp=false | act none=false kind=1 na=4 ne=2 ca=3 pr=3 focus_tag=1 focus=21 tgt=5	MATCH	
cfg	1	[00:(441000,672000) hp60%(600/1000) v0][01:(833927,833927) hp30%(300/1000) v0][02:(672000,481000) hp100%(1000/1000) v0][03:(648672,555328) hp40%(400/1000) v0][04:(672000,522000) hp100%(1000/1000) v1][10:(447148,587148) hp51%(510/1000) v0][11:(532000,672000) hp100%(1000/1000) v0][12:(353802,353802) hp45%(450/1000) v0][13:(572000,672000) hp40%(400/1000) v0][14:(560284,700284) hp100%(1000/1000) v0]
case	2m0	team=1	tgt=4	obj=0	phase=2	my_d=220000	| pred kind=-1 na=2 ne=1 ca=0 cve=0 cpe=1 sa=5 focus=None fs=false appr=true iso=false ovl=false lowhp=false | act none=true kind=0 na=0 ne=0 ca=0 pr=209035540757266 focus_tag=-1 focus=0 tgt=0	MATCH	
cfg	2	[00:(272563,132437) hp51%(510/1000) v1][01:(606198,606198) hp39%(390/1000) v0][02:(676908,676908) hp100%(1000/1000) v1][03:(59000,288000) hp39%(390/1000) v0][04:(451341,124659) hp51%(510/1000) v0][10:(160014,160014) hp45%(450/1000) v0][11:(443563,132437) hp51%(510/1000) v0][12:(20000,606198) hp40%(400/1000) v0][13:(571549,260423) hp100%(1000/1000) v0][14:(423057,152943) hp100%(1000/1000) v0]
case	3m0	team=0	tgt=4	obj=1	phase=2	my_d=160000	| pred kind=-1 na=2 ne=1 ca=0 cve=0 cpe=0 sa=3 focus=None fs=false appr=true iso=false ovl=false lowhp=false | act none=true kind=0 na=0 ne=0 ca=0 pr=274174292735980 focus_tag=-1 focus=0 tgt=0	MATCH	
cfg	3	[00:(20000,288000) hp49%(490/1000) v0][01:(128000,288000) hp39%(390/1000) v0][02:(517000,288000) hp45%(450/1000) v0][03:(43148,203148) hp45%(450/1000) v0][04:(299000,288000) hp30%(300/1000) v0][10:(20000,288000) hp100%(1000/1000) v0][11:(517000,288000) hp100%(1000/1000) v1][12:(288000,20000) hp51%(510/1000) v0][13:(451341,451341) hp39%(390/1000) v0][14:(255986,160014) hp40%(400/1000) v1]
case	4m0	team=0	tgt=4	obj=0	phase=3	my_d=149000	| pred kind=-1 na=2 ne=4 ca=1 cve=1 cpe=1 sa=3 focus=Some(27) fs=false appr=false iso=false ovl=false lowhp=false | act none=true kind=0 na=0 ne=0 ca=0 pr=165993945220066 focus_tag=-1 focus=0 tgt=0	MATCH	
cfg	4	[00:(20000,288000) hp49%(490/1000) v0][01:(393358,182642) hp100%(1000/1000) v0][02:(532358,182642) hp100%(1000/1000) v0][03:(393358,353642) hp30%(300/1000) v0][04:(393358,353642) hp30%(300/1000) v0][10:(393358,20000) hp51%(510/1000) v0][11:(558358,182642) hp30%(300/1000) v0][12:(415986,160014) hp39%(390/1000) v0][13:(59000,288000) hp30%(300/1000) v0][14:(358710,217290) hp100%(1000/1000) v0]
case	5m0	team=1	tgt=4	obj=0	phase=3	my_d=220000	| pred kind=3 na=1 ne=3 ca=0 cve=1 cpe=0 sa=4 focus=Some(19) fs=true appr=true iso=true ovl=false lowhp=false | act none=false kind=3 na=1 ne=3 ca=0 pr=1 focus_tag=1 focus=19 tgt=4	MATCH	
cfg	5	[00:(288000,517000) hp45%(450/1000) v0][01:(59000,288000) hp30%(300/1000) v0][02:(181934,181934) hp49%(490/1000) v0][03:(288000,517000) hp100%(1000/1000) v0][04:(20000,188298) hp30%(300/1000) v0][10:(288000,738000) hp60%(600/1000) v0][11:(68000,288000) hp49%(490/1000) v0][12:(288000,519000) hp100%(1000/1000) v0][13:(423057,152943) hp60%(600/1000) v0][14:(421643,421643) hp51%(510/1000) v0]
case	6m0	team=0	tgt=4	obj=0	phase=0	my_d=179000	| pred kind=-1 na=2 ne=2 ca=2 cve=0 cpe=1 sa=4 focus=None fs=false appr=true iso=false ovl=false lowhp=false | act none=true kind=0 na=0 ne=0 ca=0 pr=242294907557871 focus_tag=-1 focus=0 tgt=0	MATCH	
cfg	6	[00:(414572,326428) hp40%(400/1000) v0][01:(414572,161428) hp40%(400/1000) v0][02:(534572,161428) hp51%(510/1000) v0][03:(535487,40513) hp51%(510/1000) v0][04:(641553,641553) hp100%(1000/1000) v0][10:(414572,20000) hp45%(450/1000) v0][11:(20000,20000) hp40%(400/1000) v1][12:(414572,22428) hp60%(600/1000) v1][13:(585572,161428) hp100%(1000/1000) v0][14:(514274,61726) hp45%(450/1000) v0]
case	7m0	team=0	tgt=5	obj=1	phase=0	my_d=149000	| pred kind=-1 na=3 ne=1 ca=3 cve=1 cpe=0 sa=5 focus=Some(24) fs=false appr=false iso=false ovl=false lowhp=false | act none=true kind=0 na=0 ne=0 ca=0 pr=113176162021400 focus_tag=-1 focus=0 tgt=0	MATCH	
cfg	7	[00:(523000,712000) hp45%(450/1000) v0][01:(523000,672000) hp100%(1000/1000) v0][02:(851000,672000) hp100%(1000/1000) v0][03:(523000,811000) hp40%(400/1000) v0][04:(283092,940000) hp60%(600/1000) v0][10:(940000,940000) hp30%(300/1000) v0][11:(650787,650787) hp45%(450/1000) v0][12:(940000,283092) hp40%(400/1000) v0][13:(607852,587148) hp60%(600/1000) v1][14:(940000,318447) hp30%(300/1000) v0]
case	8m0	team=1	tgt=5	obj=-1	phase=1	my_d=80000	| pred kind=-1 na=2 ne=3 ca=3 cve=2 cpe=0 sa=5 focus=Some(19) fs=false appr=false iso=false ovl=false lowhp=false | act none=true kind=0 na=0 ne=0 ca=0 pr=65427872987959 focus_tag=-1 focus=0 tgt=0	MATCH	
cfg	8	[00:(728568,780432) hp45%(450/1000) v0][01:(867568,615432) hp30%(300/1000) v0][02:(728568,794432) hp45%(450/1000) v1][03:(611896,498760) hp100%(1000/1000) v0][04:(283092,283092) hp49%(490/1000) v0][10:(855140,742004) hp100%(1000/1000) v0][11:(728568,615432) hp49%(490/1000) v0][12:(353802,940000) hp51%(510/1000) v0][13:(728568,754432) hp45%(450/1000) v0][14:(728568,796432) hp49%(490/1000) v0]
case	9m0	team=1	tgt=5	obj=1	phase=1	my_d=179000	| pred kind=-1 na=1 ne=1 ca=1 cve=0 cpe=0 sa=3 focus=Some(22) fs=true appr=true iso=false ovl=false lowhp=false | act none=true kind=0 na=0 ne=0 ca=0 pr=170647941131784 focus_tag=-1 focus=0 tgt=0	MATCH	
cfg	9	[00:(861000,672000) hp40%(400/1000) v1][01:(510073,510073) hp39%(390/1000) v1][02:(642000,672000) hp100%(1000/1000) v1][03:(940000,940000) hp60%(600/1000) v0][04:(453000,672000) hp30%(300/1000) v0][10:(577852,756852) hp60%(600/1000) v0][11:(493000,672000) hp39%(390/1000) v0][12:(672000,222000) hp49%(490/1000) v0][13:(940000,940000) hp100%(1000/1000) v0][14:(493000,507000) hp49%(490/1000) v0]
case	10m0	team=0	tgt=5	obj=1	phase=2	my_d=151000	| pred kind=-1 na=1 ne=0 ca=1 cve=2 cpe=0 sa=3 focus=None fs=false appr=true iso=false ovl=false lowhp=false | act none=true kind=0 na=0 ne=0 ca=0 pr=264903849879806 focus_tag=-1 focus=0 tgt=0	MATCH	
cfg	10	[00:(903000,672000) hp39%(390/1000) v0][01:(778773,565227) hp100%(1000/1000) v0][02:(702000,672000) hp30%(300/1000) v0][03:(940000,565227) hp49%(490/1000) v0][04:(940000,672000) hp45%(450/1000) v0][10:(940000,940000) hp60%(600/1000) v0][11:(940000,353802) hp49%(490/1000) v0][12:(899688,444312) hp39%(390/1000) v1][13:(522000,672000) hp45%(450/1000) v0][14:(545428,798572) hp100%(1000/1000) v0]
case	11m0	team=1	tgt=5	obj=1	phase=2	my_d=80000	| pred kind=-1 na=3 ne=0 ca=4 cve=0 cpe=0 sa=4 focus=None fs=false appr=false iso=false ovl=false lowhp=false | act none=true kind=0 na=0 ne=0 ca=0 pr=18657983846133 focus_tag=-1 focus=0 tgt=0	MATCH	
cfg	11	[00:(773000,672000) hp39%(390/1000) v0][01:(798572,545428) hp40%(400/1000) v1][02:(940000,940000) hp40%(400/1000) v0][03:(464014,799986) hp51%(510/1000) v0][04:(851000,672000) hp39%(390/1000) v1][10:(742710,601290) hp40%(400/1000) v0][11:(592000,672000) hp45%(450/1000) v0][12:(592000,792000) hp40%(400/1000) v0][13:(672000,491000) hp39%(390/1000) v0][14:(565934,565934) hp40%(400/1000) v0]
case	12m0	team=1	tgt=4	obj=0	phase=3	my_d=181000	| pred kind=-1 na=1 ne=0 ca=1 cve=1 cpe=2 sa=2 focus=Some(19) fs=true appr=true iso=false ovl=false lowhp=false | act none=true kind=0 na=0 ne=0 ca=0 pr=132035848943719 focus_tag=-1 focus=0 tgt=0	MATCH	
cfg	12	[00:(838000,288000) hp30%(300/1000) v0][01:(295071,280929) hp30%(300/1000) v0][02:(20000,676908) hp100%(1000/1000) v0][03:(107000,288000) hp49%(490/1000) v0][04:(20000,288000) hp51%(510/1000) v0][10:(358710,217290) hp100%(1000/1000) v0][11:(415986,160014) hp39%(390/1000) v0][12:(295071,39099) hp39%(390/1000) v0][13:(160014,160014) hp51%(510/1000) v0][14:(288000,738000) hp40%(400/1000) v0]
case	13m0	team=0	tgt=4	obj=0	phase=3	my_d=160000	| pred kind=1 na=1 ne=2 ca=3 cve=1 cpe=0 sa=3 focus=Some(23) fs=true appr=true iso=true ovl=false lowhp=false | act none=false kind=1 na=1 ne=2 ca=3 pr=1 focus_tag=1 focus=23 tgt=4	MATCH	
cfg	13	[00:(838000,288000) hp100%(1000/1000) v0][01:(128000,288000) hp100%(1000/1000) v0][02:(20000,167085) hp39%(390/1000) v0][03:(269000,288000) hp60%(600/1000) v0][04:(414572,414572) hp100%(1000/1000) v0][10:(160014,415986) hp39%(390/1000) v0][11:(248915,408915) hp100%(1000/1000) v0][12:(414572,161428) hp30%(300/1000) v1][13:(606198,20000) hp30%(300/1000) v0][14:(28298,387702) hp39%(390/1000) v0]
case	14m0	team=1	tgt=4	obj=0	phase=0	my_d=140000	| pred kind=-1 na=1 ne=2 ca=1 cve=1 cpe=1 sa=4 focus=Some(22) fs=false appr=false iso=false ovl=false lowhp=false | act none=true kind=0 na=0 ne=0 ca=0 pr=103943181096087 focus_tag=-1 focus=0 tgt=0	MATCH	
cfg	14	[00:(152943,152943) hp100%(1000/1000) v1][01:(641553,641553) hp39%(390/1000) v0][02:(124659,124659) hp40%(400/1000) v0][03:(288000,20000) hp40%(400/1000) v0][04:(330006,189006) hp51%(510/1000) v0][10:(477000,288000) hp49%(490/1000) v0][11:(189006,189006) hp49%(490/1000) v0][12:(20000,606198) hp100%(1000/1000) v0][13:(309921,68091) hp100%(1000/1000) v0][14:(90719,287293) hp30%(300/1000) v0]
case	15m0	team=1	tgt=4	obj=0	phase=0	my_d=220000	| pred kind=4 na=0 ne=2 ca=0 cve=4 cpe=2 sa=2 focus=Some(22) fs=false appr=true iso=true ovl=true lowhp=true | act none=false kind=4 na=0 ne=2 ca=0 pr=6 focus_tag=1 focus=22 tgt=4	MATCH	
cfg	15	[00:(217290,217290) hp100%(1000/1000) v0][01:(408915,188915) hp40%(400/1000) v0][02:(838000,288000) hp100%(1000/1000) v1][03:(469000,288000) hp40%(400/1000) v0][04:(288000,138000) hp40%(400/1000) v0][10:(788000,288000) hp40%(400/1000) v0][11:(288000,68000) hp30%(300/1000) v0][12:(288000,109000) hp30%(300/1000) v0][13:(20000,288000) hp45%(450/1000) v0][14:(20000,20000) hp100%(1000/1000) v0]
case	16m0	team=0	tgt=4	obj=1	phase=1	my_d=160000	| pred kind=-1 na=1 ne=1 ca=1 cve=1 cpe=2 sa=4 focus=Some(24) fs=false appr=true iso=false ovl=false lowhp=true | act none=true kind=0 na=0 ne=0 ca=0 pr=245293252195470 focus_tag=-1 focus=0 tgt=0	MATCH	
cfg	16	[00:(76576,76576) hp100%(1000/1000) v0][01:(174863,174863) hp30%(300/1000) v0][02:(75161,75161) hp40%(400/1000) v0][03:(688000,288000) hp100%(1000/1000) v0][04:(339863,174863) hp49%(490/1000) v0][10:(295778,53948) hp100%(1000/1000) v1][11:(288000,99000) hp30%(300/1000) v0][12:(358710,217290) hp100%(1000/1000) v0][13:(107000,288000) hp100%(1000/1000) v1][14:(20000,676908) hp40%(400/1000) v1]
case	17m0	team=0	tgt=5	obj=1	phase=1	my_d=149000	| pred kind=-1 na=2 ne=1 ca=2 cve=1 cpe=4 sa=4 focus=Some(24) fs=false appr=false iso=false ovl=false lowhp=false | act none=true kind=0 na=0 ne=0 ca=0 pr=242819174078916 focus_tag=-1 focus=0 tgt=0	MATCH	
cfg	17	[00:(318447,318447) hp100%(1000/1000) v0][01:(672000,523000) hp100%(1000/1000) v0][02:(601290,601290) hp60%(600/1000) v0][03:(272000,672000) hp51%(510/1000) v0][04:(672000,940000) hp49%(490/1000) v0][10:(573713,424713) hp100%(1000/1000) v1][11:(672000,483000) hp39%(390/1000) v0][12:(863000,672000) hp51%(510/1000) v1][13:(851000,672000) hp100%(1000/1000) v0][14:(510073,833927) hp100%(1000/1000) v0]
case	18m0	team=1	tgt=5	obj=1	phase=2	my_d=220000	| pred kind=3 na=1 ne=1 ca=1 cve=0 cpe=2 sa=2 focus=Some(20) fs=true appr=true iso=false ovl=false lowhp=false | act none=false kind=3 na=1 ne=1 ca=1 pr=2 focus_tag=1 focus=20 tgt=5	MATCH	
cfg	18	[00:(318447,318447) hp100%(1000/1000) v0][01:(222000,672000) hp39%(390/1000) v0][02:(672000,481000) hp100%(1000/1000) v0][03:(644423,388451) hp100%(1000/1000) v1][04:(516437,396437) hp60%(600/1000) v1][10:(375437,516437) hp100%(1000/1000) v0][11:(516437,516437) hp100%(1000/1000) v0][12:(395522,395522) hp100%(1000/1000) v0][13:(940000,940000) hp30%(300/1000) v0][14:(778066,778066) hp60%(600/1000) v0]
case	19m0	team=0	tgt=5	obj=1	phase=2	my_d=179000	| pred kind=-1 na=1 ne=1 ca=3 cve=0 cpe=0 sa=5 focus=None fs=false appr=true iso=false ovl=false lowhp=false | act none=true kind=0 na=0 ne=0 ca=0 pr=35610661165310 focus_tag=-1 focus=0 tgt=0	MATCH	
cfg	19	[00:(798572,366428) hp100%(1000/1000) v0][01:(672000,493000) hp45%(450/1000) v0][02:(650787,650787) hp49%(490/1000) v0][03:(551085,372085) hp100%(1000/1000) v0][04:(798572,798572) hp40%(400/1000) v0][10:(283092,283092) hp40%(400/1000) v0][11:(172000,672000) hp45%(450/1000) v0][12:(940000,283092) hp30%(300/1000) v0][13:(756852,408148) hp60%(600/1000) v0][14:(835341,835341) hp39%(390/1000) v0]
case	20m0	team=0	tgt=5	obj=1	phase=2	my_d=149000	| pred kind=-1 na=4 ne=0 ca=1 cve=0 cpe=0 sa=4 focus=None fs=false appr=false iso=false ovl=false lowhp=false | act none=true kind=0 na=0 ne=0 ca=0 pr=226211706880998 focus_tag=-1 focus=0 tgt=0	MATCH	
cfg	20	[00:(664929,468355) hp60%(600/1000) v0][01:(566642,566642) hp100%(1000/1000) v0][02:(508659,508659) hp100%(1000/1000) v0][03:(446642,566642) hp100%(1000/1000) v0][04:(601290,742710) hp30%(300/1000) v0][10:(940000,672000) hp40%(400/1000) v0][11:(222000,672000) hp49%(490/1000) v1][12:(940000,672000) hp60%(600/1000) v0][13:(940000,940000) hp51%(510/1000) v0][14:(664929,664929) hp100%(1000/1000) v1]
case	21m0	team=1	tgt=5	obj=-1	phase=3	my_d=80000	| pred kind=-1 na=0 ne=0 ca=0 cve=0 cpe=1 sa=1 focus=Some(19) fs=true appr=false iso=false ovl=false lowhp=false | act none=true kind=0 na=0 ne=0 ca=0 pr=151439003182872 focus_tag=-1 focus=0 tgt=0	MATCH	
cfg	21	[00:(798572,465428) hp60%(600/1000) v0][01:(843000,592000) hp39%(390/1000) v0][02:(940000,318447) hp60%(600/1000) v0][03:(573713,690287) hp100%(1000/1000) v1][04:(940000,940000) hp45%(450/1000) v0][10:(508659,835341) hp30%(300/1000) v0][11:(672000,592000) hp39%(390/1000) v0][12:(672000,222000) hp49%(490/1000) v0][13:(544014,464014) hp100%(1000/1000) v0][14:(222000,672000) hp51%(510/1000) v0]
case	22m0	team=1	tgt=4	obj=0	phase=3	my_d=179000	| pred kind=1 na=1 ne=0 ca=2 cve=1 cpe=2 sa=4 focus=None fs=true appr=true iso=false ovl=false lowhp=false | act none=false kind=1 na=1 ne=0 ca=2 pr=3 focus_tag=0 focus=1736507192592 tgt=4	MATCH	
cfg	22	[00:(309213,266787) hp51%(510/1000) v0][01:(20000,20000) hp40%(400/1000) v0][02:(160014,160014) hp40%(400/1000) v1][03:(288000,438000) hp60%(600/1000) v1][04:(20000,20000) hp100%(1000/1000) v0][10:(20000,676908) hp100%(1000/1000) v0][11:(161428,161428) hp60%(600/1000) v0][12:(288000,738000) hp45%(450/1000) v0][13:(20000,288000) hp49%(490/1000) v0][14:(288000,288000) hp51%(510/1000) v0]
case	23m0	team=0	tgt=4	obj=0	phase=0	my_d=151000	| pred kind=4 na=2 ne=1 ca=2 cve=1 cpe=1 sa=4 focus=Some(23) fs=false appr=true iso=false ovl=false lowhp=true | act none=false kind=4 na=2 ne=1 ca=2 pr=2 focus_tag=1 focus=23 tgt=4	MATCH	
cfg	23	[00:(415986,160014) hp49%(490/1000) v0][01:(288000,137000) hp30%(300/1000) v0][02:(20000,20000) hp100%(1000/1000) v0][03:(288000,316000) hp100%(1000/1000) v0][04:(288000,177000) hp100%(1000/1000) v0][10:(318000,288000) hp100%(1000/1000) v0][11:(288000,738000) hp100%(1000/1000) v1][12:(467000,137000) hp51%(510/1000) v0][13:(517000,288000) hp40%(400/1000) v1][14:(676908,676908) hp100%(1000/1000) v0]
case	24m0	team=1	tgt=4	obj=0	phase=0	my_d=80000	| pred kind=-1 na=0 ne=0 ca=1 cve=1 cpe=1 sa=3 focus=None fs=false appr=false iso=false ovl=false lowhp=false | act none=true kind=0 na=0 ne=0 ca=0 pr=150676768688637 focus_tag=-1 focus=0 tgt=0	MATCH	
cfg	24	[00:(124659,451341) hp60%(600/1000) v1][01:(606198,20000) hp39%(390/1000) v1][02:(288000,788000) hp45%(450/1000) v0][03:(288000,20000) hp51%(510/1000) v0][04:(421643,421643) hp100%(1000/1000) v0][10:(20000,20000) hp45%(450/1000) v0][11:(231432,231432) hp30%(300/1000) v0][12:(152943,152943) hp39%(390/1000) v0][13:(288000,388000) hp51%(510/1000) v0][14:(519000,288000) hp45%(450/1000) v0]
case	25m0	team=1	tgt=4	obj=-1	phase=1	my_d=181000	| pred kind=-1 na=1 ne=3 ca=2 cve=3 cpe=0 sa=3 focus=Some(22) fs=false appr=true iso=true ovl=false lowhp=false | act none=true kind=0 na=0 ne=0 ca=0 pr=85969648311879 focus_tag=-1 focus=0 tgt=0	MATCH	
cfg	25	[00:(167085,227915) hp51%(510/1000) v0][01:(449927,126073) hp39%(390/1000) v0][02:(147000,107000) hp39%(390/1000) v0][03:(388000,288000) hp49%(490/1000) v0][04:(161428,161428) hp45%(450/1000) v0][10:(259716,78716) hp39%(390/1000) v0][11:(288000,107000) hp60%(600/1000) v0][12:(203148,191852) hp30%(300/1000) v0][13:(181934,394066) hp40%(400/1000) v0][14:(288000,438000) hp45%(450/1000) v0]
case	26m0	team=0	tgt=5	obj=1	phase=1	my_d=151000	| pred kind=-1 na=0 ne=0 ca=0 cve=3 cpe=3 sa=2 focus=Some(26) fs=false appr=true iso=false ovl=true lowhp=false | act none=true kind=0 na=0 ne=0 ca=0 pr=244343269950942 focus_tag=-1 focus=0 tgt=0	MATCH	
cfg	26	[00:(353802,940000) hp49%(490/1000) v0][01:(565227,565227) hp39%(390/1000) v0][02:(565934,565934) hp30%(300/1000) v0][03:(672000,940000) hp30%(300/1000) v0][04:(940000,940000) hp45%(450/1000) v0][10:(565227,730227) hp45%(450/1000) v1][11:(822000,672000) hp100%(1000/1000) v1][12:(861000,672000) hp49%(490/1000) v0][13:(686142,686142) hp100%(1000/1000) v0][14:(799986,799986) hp100%(1000/1000) v0]
case	27m0	team=0	tgt=5	obj=1	phase=2	my_d=140000	| pred kind=-1 na=1 ne=2 ca=2 cve=0 cpe=0 sa=4 focus=Some(23) fs=false appr=false iso=false ovl=false lowhp=false | act none=true kind=0 na=0 ne=0 ca=0 pr=201360111396854 focus_tag=-1 focus=0 tgt=0	MATCH	
cfg	27	[00:(565934,778066) hp49%(490/1000) v0][01:(672000,532000) hp100%(1000/1000) v0][02:(555328,415328) hp49%(490/1000) v0][03:(940000,940000) hp100%(1000/1000) v0][04:(835341,508659) hp39%(390/1000) v0][10:(552000,532000) hp39%(390/1000) v0][11:(940000,672000) hp100%(1000/1000) v0][12:(672000,412000) hp30%(300/1000) v0][13:(222000,672000) hp100%(1000/1000) v0][14:(835341,835341) hp100%(1000/1000) v0]
case	28m0	team=1	tgt=5	obj=1	phase=2	my_d=181000	| pred kind=3 na=1 ne=1 ca=1 cve=2 cpe=1 sa=4 focus=Some(21) fs=false appr=true iso=false ovl=false lowhp=false | act none=false kind=3 na=1 ne=1 ca=1 pr=3 focus_tag=1 focus=21 tgt=5	MATCH	
cfg	28	[00:(805643,805643) hp45%(450/1000) v0][01:(693213,693213) hp39%(390/1000) v1][02:(538357,805643) hp100%(1000/1000) v0][03:(643716,444312) hp40%(400/1000) v0][04:(416028,416028) hp100%(1000/1000) v1][10:(672000,822000) hp45%(450/1000) v0][11:(544014,544014) hp100%(1000/1000) v0][12:(672000,940000) hp100%(1000/1000) v0][13:(940000,672000) hp100%(1000/1000) v0][14:(389158,389158) hp39%(390/1000) v0]
case	29m0	team=0	tgt=5	obj=0	phase=3	my_d=160000	| pred kind=-1 na=0 ne=2 ca=1 cve=0 cpe=0 sa=4 focus=Some(27) fs=false appr=true iso=true ovl=false lowhp=false | act none=true kind=0 na=0 ne=0 ca=0 pr=192670368337438 focus_tag=-1 focus=0 tgt=0	MATCH	
cfg	29	[00:(788672,628672) hp40%(400/1000) v0][01:(672000,512000) hp39%(390/1000) v0][02:(835341,508659) hp40%(400/1000) v0][03:(672000,940000) hp40%(400/1000) v0][04:(837000,512000) hp100%(1000/1000) v0][10:(531000,512000) hp100%(1000/1000) v0][11:(650787,650787) hp39%(390/1000) v1][12:(940000,672000) hp45%(450/1000) v0][13:(940000,672000) hp60%(600/1000) v0][14:(700284,540284) hp30%(300/1000) v0]
case	30m0	team=0	tgt=5	obj=1	phase=3	my_d=140000	| pred kind=1 na=1 ne=1 ca=2 cve=2 cpe=1 sa=4 focus=Some(26) fs=true appr=false iso=false ovl=false lowhp=false | act none=false kind=1 na=1 ne=1 ca=2 pr=3 focus_tag=1 focus=26 tgt=5	MATCH	
cfg	30	[00:(940000,940000) hp40%(400/1000) v0][01:(573006,573006) hp100%(1000/1000) v0][02:(940000,283092) hp51%(510/1000) v0][03:(672000,122000) hp100%(1000/1000) v0][04:(573006,744006) hp100%(1000/1000) v0][10:(672000,122000) hp60%(600/1000) v0][11:(778066,565934) hp40%(400/1000) v0][12:(672000,441000) hp100%(1000/1000) v0][13:(742710,601290) hp51%(510/1000) v0][14:(672000,122000) hp60%(600/1000) v0]
case	31m0	team=1	tgt=4	obj=0	phase=0	my_d=220000	| pred kind=2 na=2 ne=1 ca=1 cve=1 cpe=0 sa=4 focus=Some(19) fs=false appr=true iso=false ovl=false lowhp=false | act none=false kind=2 na=2 ne=1 ca=1 pr=1 focus_tag=1 focus=19 tgt=4	MATCH	
cfg	31	[00:(570842,570842) hp39%(390/1000) v1][01:(248000,68000) hp40%(400/1000) v0][02:(318000,288000) hp100%(1000/1000) v0][03:(408915,188915) hp30%(300/1000) v0][04:(838000,288000) hp49%(490/1000) v0][10:(288000,20000) hp60%(600/1000) v0][11:(288000,68000) hp60%(600/1000) v0][12:(266787,309213) hp49%(490/1000) v0][13:(57000,288000) hp60%(600/1000) v0][14:(161428,194572) hp30%(300/1000) v0]
case	32m0	team=1	tgt=4	obj=0	phase=0	my_d=160000	| pred kind=-1 na=2 ne=1 ca=4 cve=1 cpe=0 sa=5 focus=None fs=false appr=true iso=false ovl=false lowhp=false | act none=true kind=0 na=0 ne=0 ca=0 pr=3968701129567 focus_tag=-1 focus=0 tgt=0	MATCH	
cfg	32	[00:(570842,570842) hp30%(300/1000) v0][01:(288000,318000) hp39%(390/1000) v1][02:(288000,467000) hp45%(450/1000) v0][03:(288000,519000) hp100%(1000/1000) v0][04:(174863,20000) hp100%(1000/1000) v0][10:(449927,449927) hp49%(490/1000) v0][11:(174863,174863) hp40%(400/1000) v0][12:(295778,295778) hp45%(450/1000) v0][13:(394066,181934) hp45%(450/1000) v0][14:(266787,266787) hp100%(1000/1000) v0]
case	33m0	team=0	tgt=4	obj=1	phase=1	my_d=149000	| pred kind=-1 na=1 ne=2 ca=0 cve=0 cpe=1 sa=3 focus=None fs=false appr=false iso=false ovl=false lowhp=false | act none=true kind=0 na=0 ne=0 ca=0 pr=98559627843208 focus_tag=-1 focus=0 tgt=0	MATCH	
cfg	33	[00:(288000,20000) hp39%(390/1000) v0][01:(288000,139000) hp30%(300/1000) v0][02:(606198,20000) hp100%(1000/1000) v0][03:(288000,99000) hp100%(1000/1000) v0][04:(20000,641553) hp49%(490/1000) v0][10:(288000,20000) hp39%(390/1000) v1][11:(20000,641553) hp51%(510/1000) v0][12:(288000,20000) hp30%(300/1000) v0][13:(168000,139000) hp40%(400/1000) v1][14:(288000,20000) hp100%(1000/1000) v0]
case	34m0	team=1	tgt=4	obj=0	phase=1	my_d=220000	| pred kind=-1 na=2 ne=2 ca=0 cve=1 cpe=2 sa=4 focus=Some(19) fs=false appr=true iso=false ovl=false lowhp=false | act none=true kind=0 na=0 ne=0 ca=0 pr=29359528863025 focus_tag=-1 focus=0 tgt=0	MATCH	
cfg	34	[00:(508000,107000) hp39%(390/1000) v0][01:(467000,288000) hp40%(400/1000) v0][02:(288000,20000) hp100%(1000/1000) v0][03:(20000,288000) hp100%(1000/1000) v0][04:(479000,288000) hp100%(1000/1000) v0][10:(606287,189713) hp100%(1000/1000) v0][11:(508000,288000) hp60%(600/1000) v0][12:(508000,459000) hp39%(390/1000) v0][13:(20000,570842) hp49%(490/1000) v0][14:(288000,20000) hp100%(1000/1000) v0]
case	35m0	team=1	tgt=4	obj=0	phase=2	my_d=179000	| pred kind=-1 na=1 ne=1 ca=1 cve=0 cpe=1 sa=2 focus=None fs=false appr=true iso=false ovl=false lowhp=false | act none=true kind=0 na=0 ne=0 ca=0 pr=143563823443464 focus_tag=-1 focus=0 tgt=0	MATCH	
cfg	35	[00:(288000,20000) hp30%(300/1000) v0][01:(555572,414572) hp40%(400/1000) v0][02:(442856,442856) hp40%(400/1000) v1][03:(126073,126073) hp100%(1000/1000) v0][04:(288000,20000) hp45%(450/1000) v0][10:(606198,20000) hp100%(1000/1000) v0][11:(414572,414572) hp45%(450/1000) v0][12:(181934,181934) hp30%(300/1000) v0][13:(838000,288000) hp30%(300/1000) v0][14:(676908,676908) hp60%(600/1000) v0]
case	36m0	team=0	tgt=5	obj=1	phase=2	my_d=149000	| pred kind=-1 na=1 ne=3 ca=2 cve=3 cpe=2 sa=2 focus=Some(27) fs=false appr=false iso=false ovl=false lowhp=false | act none=true kind=0 na=0 ne=0 ca=0 pr=90876142177228 focus_tag=-1 focus=0 tgt=0	MATCH	
cfg	36	[00:(672000,522000) hp100%(1000/1000) v0][01:(821000,672000) hp39%(390/1000) v0][02:(742710,601290) hp100%(1000/1000) v0][03:(222000,672000) hp39%(390/1000) v0][04:(821000,712000) hp30%(300/1000) v0][10:(799986,799986) hp100%(1000/1000) v0][11:(940000,798572) hp100%(1000/1000) v0][12:(821000,491000) hp100%(1000/1000) v1][13:(778066,565934) hp100%(1000/1000) v0][14:(821000,632000) hp100%(1000/1000) v0]
case	37m0	team=1	tgt=5	obj=1	phase=3	my_d=80000	| pred kind=1 na=3 ne=1 ca=3 cve=1 cpe=1 sa=4 focus=Some(19) fs=false appr=false iso=false ovl=false lowhp=false | act none=false kind=1 na=3 ne=1 ca=3 pr=2 focus_tag=1 focus=19 tgt=5	MATCH	
cfg	37	[00:(672000,481000) hp100%(1000/1000) v0][01:(813420,643716) hp40%(400/1000) v0][02:(940000,318447) hp60%(600/1000) v0][03:(672000,940000) hp51%(510/1000) v0][04:(728568,909568) hp45%(450/1000) v0][10:(863000,672000) hp40%(400/1000) v0][11:(728568,728568) hp100%(1000/1000) v0][12:(700284,756852) hp100%(1000/1000) v0][13:(508659,508659) hp39%(390/1000) v0][14:(768568,728568) hp60%(600/1000) v0]
case	38m0	team=1	tgt=5	obj=-1	phase=3	my_d=179000	| pred kind=-1 na=2 ne=2 ca=2 cve=4 cpe=1 sa=4 focus=Some(20) fs=false appr=true iso=false ovl=true lowhp=false | act none=true kind=0 na=0 ne=0 ca=0 pr=30209608738358 focus_tag=-1 focus=0 tgt=0	MATCH	
cfg	38	[00:(670000,672000) hp100%(1000/1000) v0][01:(798572,545428) hp40%(400/1000) v0][02:(751298,572298) hp40%(400/1000) v0][03:(724428,798572) hp51%(510/1000) v0][04:(805643,805643) hp30%(300/1000) v1][10:(903000,672000) hp30%(300/1000) v0][11:(851000,672000) hp45%(450/1000) v0][12:(851000,507000) hp100%(1000/1000) v0][13:(851000,632000) hp100%(1000/1000) v0][14:(680000,672000) hp49%(490/1000) v0]
case	39m0	team=0	tgt=5	obj=1	phase=0	my_d=151000	| pred kind=2 na=2 ne=2 ca=2 cve=1 cpe=0 sa=4 focus=Some(26) fs=false appr=true iso=false ovl=false lowhp=false | act none=false kind=2 na=2 ne=2 ca=2 pr=1 focus_tag=1 focus=26 tgt=5	MATCH	
cfg	39	[00:(639773,778773) hp100%(1000/1000) v0][01:(778773,778773) hp40%(400/1000) v0][02:(940000,353802) hp100%(1000/1000) v0][03:(172000,672000) hp45%(450/1000) v0][04:(940000,940000) hp100%(1000/1000) v0][10:(680486,877060) hp40%(400/1000) v0][11:(672000,481000) hp39%(390/1000) v0][12:(672000,443000) hp100%(1000/1000) v0][13:(738773,778773) hp60%(600/1000) v0][14:(672000,272000) hp100%(1000/1000) v1]
case	40m0	team=0	tgt=5	obj=1	phase=0	my_d=80000	| pred kind=-1 na=1 ne=0 ca=1 cve=0 cpe=0 sa=3 focus=None fs=false appr=false iso=false ovl=false lowhp=false | act none=true kind=0 na=0 ne=0 ca=0 pr=135021846960153 focus_tag=-1 focus=0 tgt=0	MATCH	
cfg	40	[00:(172000,672000) hp100%(1000/1000) v0][01:(752000,672000) hp100%(1000/1000) v0][02:(940000,353802) hp45%(450/1000) v0][03:(318447,940000) hp30%(300/1000) v0][04:(940000,318447) hp51%(510/1000) v0][10:(879986,544014) hp30%(300/1000) v0][11:(752000,552000) hp30%(300/1000) v1][12:(798572,545428) hp49%(490/1000) v1][13:(940000,672000) hp51%(510/1000) v1][14:(672000,122000) hp51%(510/1000) v0]
case	41m0	team=1	tgt=4	obj=0	phase=1	my_d=181000	| pred kind=3 na=1 ne=2 ca=0 cve=0 cpe=0 sa=4 focus=Some(21) fs=false appr=true iso=true ovl=false lowhp=false | act none=false kind=3 na=1 ne=2 ca=0 pr=0 focus_tag=1 focus=21 tgt=4	MATCH	
cfg	41	[00:(109000,288000) hp60%(600/1000) v1][01:(532658,532658) hp40%(400/1000) v0][02:(59000,288000) hp39%(390/1000) v0][03:(444270,444270) hp40%(400/1000) v0][04:(536901,536901) hp49%(490/1000) v0][10:(20000,288000) hp45%(450/1000) v0][11:(415986,415986) hp40%(400/1000) v0][12:(20000,20000) hp49%(490/1000) v0][13:(20000,641553) hp51%(510/1000) v0][14:(788000,288000) hp45%(450/1000) v0]
case	42m0	team=0	tgt=4	obj=0	phase=1	my_d=151000	| pred kind=2 na=2 ne=1 ca=2 cve=1 cpe=0 sa=4 focus=Some(26) fs=false appr=true iso=false ovl=false lowhp=false | act none=false kind=2 na=2 ne=1 ca=2 pr=1 focus_tag=1 focus=26 tgt=4	MATCH	
cfg	42	[00:(59000,288000) hp100%(1000/1000) v0][01:(439000,288000) hp45%(450/1000) v0][02:(676908,20000) hp39%(390/1000) v0][03:(20000,288000) hp51%(510/1000) v0][04:(438000,288000) hp45%(450/1000) v0][10:(570842,20000) hp100%(1000/1000) v1][11:(20000,288000) hp40%(400/1000) v0][12:(288000,20000) hp60%(600/1000) v0][13:(415986,160014) hp45%(450/1000) v0][14:(99000,288000) hp30%(300/1000) v0]
case	43m0	team=0	tgt=4	obj=0	phase=2	my_d=140000	| pred kind=-1 na=1 ne=1 ca=0 cve=1 cpe=1 sa=3 focus=Some(26) fs=false appr=false iso=false ovl=false lowhp=false | act none=true kind=0 na=0 ne=0 ca=0 pr=271146723777419 focus_tag=-1 focus=0 tgt=0	MATCH	
cfg	43	[00:(288000,788000) hp60%(600/1000) v0][01:(386994,386994) hp30%(300/1000) v0][02:(486696,287292) hp49%(490/1000) v0][03:(449927,449927) hp40%(400/1000) v0][04:(386994,551994) hp45%(450/1000) v0][10:(606198,20000) hp51%(510/1000) v0][11:(59000,288000) hp45%(450/1000) v1][12:(570842,20000) hp45%(450/1000) v0][13:(421643,421643) hp40%(400/1000) v0][14:(205994,386994) hp60%(600/1000) v1]
case	44m0	team=1	tgt=4	obj=0	phase=2	my_d=220000	| pred kind=-1 na=3 ne=0 ca=0 cve=1 cpe=1 sa=3 focus=None fs=false appr=true iso=false ovl=false lowhp=false | act none=true kind=0 na=0 ne=0 ca=0 pr=70318298891731 focus_tag=-1 focus=0 tgt=0	MATCH	
cfg	44	[00:(288000,788000) hp60%(600/1000) v0][01:(59000,288000) hp39%(390/1000) v0][02:(160014,415986) hp100%(1000/1000) v0][03:(20000,288000) hp30%(300/1000) v1][04:(628915,408915) hp39%(390/1000) v0][10:(536284,316284) hp60%(600/1000) v0][11:(508000,288000) hp45%(450/1000) v0][12:(508000,123000) hp39%(390/1000) v0][13:(479000,288000) hp45%(450/1000) v0][14:(635986,160014) hp39%(390/1000) v0]
case	45m0	team=1	tgt=4	obj=0	phase=3	my_d=160000	| pred kind=-1 na=2 ne=0 ca=1 cve=0 cpe=0 sa=3 focus=None fs=false appr=true iso=false ovl=false lowhp=false | act none=true kind=0 na=0 ne=0 ca=0 pr=149770219943882 focus_tag=-1 focus=0 tgt=0	MATCH	
cfg	45	[00:(288000,738000) hp51%(510/1000) v0][01:(20000,288000) hp40%(400/1000) v1][02:(570842,20000) hp60%(600/1000) v0][03:(154357,154357) hp100%(1000/1000) v1][04:(301435,301435) hp51%(510/1000) v1][10:(301435,500839) hp45%(450/1000) v0][11:(401137,401137) hp100%(1000/1000) v0][12:(401137,441137) hp30%(300/1000) v0][13:(499424,499424) hp100%(1000/1000) v0][14:(284465,284465) hp39%(390/1000) v0]
case	46m0	team=0	tgt=5	obj=0	phase=3	my_d=149000	| pred kind=-1 na=1 ne=2 ca=1 cve=2 cpe=2 sa=4 focus=Some(27) fs=false appr=false iso=false ovl=false lowhp=false | act none=true kind=0 na=0 ne=0 ca=0 pr=115503504525367 focus_tag=-1 focus=0 tgt=0	MATCH	
cfg	46	[00:(821000,843000) hp49%(490/1000) v0][01:(821000,672000) hp39%(390/1000) v0][02:(736148,756852) hp60%(600/1000) v0][03:(940000,940000) hp49%(490/1000) v0][04:(318447,940000) hp100%(1000/1000) v0][10:(565934,565934) hp45%(450/1000) v0][11:(672000,940000) hp60%(600/1000) v1][12:(940000,545428) hp40%(400/1000) v0][13:(940000,672000) hp100%(1000/1000) v0][14:(656000,672000) hp60%(600/1000) v0]
case	47m0	team=1	tgt=5	obj=1	phase=0	my_d=220000	| pred kind=3 na=1 ne=2 ca=0 cve=0 cpe=1 sa=1 focus=None fs=true appr=true iso=true ovl=false lowhp=false | act none=false kind=3 na=1 ne=2 ca=0 pr=1 focus_tag=0 focus=1450467233472 tgt=5	MATCH	
cfg	47	[00:(940000,827563) hp49%(490/1000) v0][01:(940000,672000) hp45%(450/1000) v1][02:(940000,827563) hp100%(1000/1000) v0][03:(940000,672000) hp60%(600/1000) v1][04:(508659,835341) hp51%(510/1000) v0][10:(545428,545428) hp39%(390/1000) v0][11:(827563,827563) hp40%(400/1000) v0][12:(389158,389158) hp100%(1000/1000) v0][13:(827563,707563) hp30%(300/1000) v0][14:(672000,222000) hp100%(1000/1000) v0]
case	48m0	team=1	tgt=5	obj=1	phase=0	my_d=179000	| pred kind=-1 na=1 ne=5 ca=1 cve=2 cpe=0 sa=5 focus=Some(20) fs=false appr=true iso=true ovl=false lowhp=false | act none=true kind=0 na=0 ne=0 ca=0 pr=170784541859236 focus_tag=-1 focus=0 tgt=0	MATCH	
cfg	48	[00:(940000,672000) hp45%(450/1000) v0][01:(901000,672000) hp39%(390/1000) v0][02:(851000,712000) hp45%(450/1000) v0][03:(766148,756852) hp51%(510/1000) v0][04:(940000,672000) hp39%(390/1000) v0][10:(538357,538357) hp100%(1000/1000) v0][11:(851000,672000) hp100%(1000/1000) v0][12:(389158,940000) hp100%(1000/1000) v0][13:(940000,389158) hp51%(510/1000) v0][14:(538357,805643) hp100%(1000/1000) v0]
case	49m0	team=0	tgt=5	obj=1	phase=0	my_d=149000	| pred kind=-1 na=1 ne=1 ca=1 cve=2 cpe=0 sa=5 focus=Some(25) fs=false appr=false iso=false ovl=false lowhp=false | act none=true kind=0 na=0 ne=0 ca=0 pr=2925047453893 focus_tag=-1 focus=0 tgt=0	MATCH	
cfg	49	[00:(940000,672000) hp40%(400/1000) v0][01:(777358,777358) hp40%(400/1000) v0][02:(283092,940000) hp100%(1000/1000) v0][03:(672000,272000) hp51%(510/1000) v0][04:(672000,901000) hp49%(490/1000) v0][10:(940000,672000) hp100%(1000/1000) v0][11:(918358,777358) hp100%(1000/1000) v1][12:(805642,749074) hp40%(400/1000) v0][13:(833927,833927) hp60%(600/1000) v1][14:(522000,672000) hp100%(1000/1000) v0]
case	50m0	team=0	tgt=4	obj=0	phase=1	my_d=80000	| pred kind=1 na=2 ne=0 ca=2 cve=0 cpe=2 sa=3 focus=None fs=false appr=false iso=false ovl=false lowhp=false | act none=false kind=1 na=2 ne=0 ca=2 pr=2 focus_tag=0 focus=2320619318720 tgt=4	MATCH	
cfg	50	[00:(438000,288000) hp49%(490/1000) v0][01:(368000,288000) hp30%(300/1000) v0][02:(160014,415986) hp39%(390/1000) v0][03:(570842,20000) hp45%(450/1000) v0][04:(328000,288000) hp49%(490/1000) v0][10:(288000,517000) hp60%(600/1000) v1][11:(20000,20000) hp30%(300/1000) v0][12:(738000,288000) hp100%(1000/1000) v0][13:(97000,288000) hp51%(510/1000) v0][14:(57000,288000) hp49%(490/1000) v0]
case	51m0	team=1	tgt=4	obj=1	phase=1	my_d=179000	| pred kind=-1 na=1 ne=2 ca=2 cve=1 cpe=1 sa=4 focus=Some(21) fs=false appr=true iso=true ovl=false lowhp=false | act none=true kind=0 na=0 ne=0 ca=0 pr=208701469587673 focus_tag=-1 focus=0 tgt=0	MATCH	
cfg	51	[00:(477000,288000) hp45%(450/1000) v1][01:(676908,20000) hp45%(450/1000) v1][02:(676908,676908) hp40%(400/1000) v0][03:(414572,249572) hp45%(450/1000) v0][04:(517000,288000) hp60%(600/1000) v0][10:(288000,688000) hp39%(390/1000) v0][11:(414572,414572) hp100%(1000/1000) v0][12:(288000,517000) hp49%(490/1000) v0][13:(288000,479000) hp40%(400/1000) v0][14:(414572,235572) hp100%(1000/1000) v0]
case	52m0	team=0	tgt=4	obj=0	phase=2	my_d=151000	| pred kind=-1 na=1 ne=2 ca=3 cve=1 cpe=1 sa=4 focus=Some(25) fs=false appr=true iso=true ovl=false lowhp=false | act none=true kind=0 na=0 ne=0 ca=0 pr=20095624199544 focus_tag=-1 focus=0 tgt=0	MATCH	
cfg	52	[00:(322328,171328) hp40%(400/1000) v0][01:(439000,288000) hp45%(450/1000) v0][02:(217290,358710) hp100%(1000/1000) v0][03:(288000,107000) hp100%(1000/1000) v0][04:(20000,641553) hp39%(390/1000) v0][10:(288000,388000) hp49%(490/1000) v0][11:(181934,181934) hp40%(400/1000) v1][12:(309213,266787) hp39%(390/1000) v0][13:(604000,288000) hp45%(450/1000) v0][14:(288000,738000) hp100%(1000/1000) v0]
case	53m0	team=0	tgt=4	obj=0	phase=2	my_d=80000	| pred kind=-1 na=1 ne=3 ca=1 cve=2 cpe=1 sa=4 focus=Some(26) fs=false appr=false iso=false ovl=false lowhp=false | act none=true kind=0 na=0 ne=0 ca=0 pr=19959207416611 focus_tag=-1 focus=0 tgt=0	MATCH	
cfg	53	[00:(20000,20000) hp40%(400/1000) v0][01:(344568,344568) hp30%(300/1000) v0][02:(223653,465483) hp40%(400/1000) v0][03:(358710,217290) hp51%(510/1000) v0][04:(641553,20000) hp100%(1000/1000) v0][10:(57000,288000) hp39%(390/1000) v0][11:(415986,160014) hp45%(450/1000) v0][12:(485568,344568) hp100%(1000/1000) v0][13:(372852,316284) hp40%(400/1000) v0][14:(344568,485568) hp51%(510/1000) v0]
case	54m0	team=1	tgt=4	obj=0	phase=3	my_d=181000	| pred kind=1 na=1 ne=2 ca=2 cve=2 cpe=0 sa=3 focus=Some(19) fs=false appr=true iso=true ovl=false lowhp=false | act none=false kind=1 na=1 ne=2 ca=2 pr=2 focus_tag=1 focus=19 tgt=4	MATCH	
cfg	54	[00:(124659,124659) hp39%(390/1000) v0][01:(394066,394066) hp45%(450/1000) v0][02:(181934,181934) hp40%(400/1000) v0][03:(288000,788000) hp39%(390/1000) v0][04:(288000,610000) hp40%(400/1000) v0][10:(288000,298000) hp49%(490/1000) v0][11:(288000,469000) hp100%(1000/1000) v0][12:(20000,570842) hp39%(390/1000) v0][13:(288000,20000) hp30%(300/1000) v0][14:(438000,288000) hp60%(600/1000) v0]
case	55m0	team=0	tgt=5	obj=-1	phase=3	my_d=151000	| pred kind=-1 na=1 ne=0 ca=2 cve=0 cpe=0 sa=3 focus=None fs=false appr=true iso=false ovl=false lowhp=false | act none=true kind=0 na=0 ne=0 ca=0 pr=2305491985733 focus_tag=-1 focus=0 tgt=0	MATCH	
cfg	55	[00:(545428,545428) hp30%(300/1000) v0][01:(565227,778773) hp49%(490/1000) v0][02:(465525,878475) hp30%(300/1000) v0][03:(672000,572000) hp100%(1000/1000) v0][04:(901000,672000) hp100%(1000/1000) v0][10:(386227,778773) hp100%(1000/1000) v0][11:(940000,283092) hp51%(510/1000) v1][12:(940000,389158) hp30%(300/1000) v1][13:(940000,940000) hp30%(300/1000) v0][14:(672000,940000) hp100%(1000/1000) v0]
case	56m0	team=0	tgt=5	obj=1	phase=0	my_d=140000	| pred kind=-1 na=0 ne=2 ca=0 cve=2 cpe=0 sa=4 focus=Some(24) fs=false appr=false iso=false ovl=false lowhp=false | act none=true kind=0 na=0 ne=0 ca=0 pr=138609266194625 focus_tag=-1 focus=0 tgt=0	MATCH	
cfg	56	[00:(510073,510073) hp100%(1000/1000) v0][01:(672000,812000) hp39%(390/1000) v0][02:(283092,940000) hp49%(490/1000) v0][03:(510073,833927) hp60%(600/1000) v0][04:(483000,672000) hp51%(510/1000) v0][10:(531000,812000) hp100%(1000/1000) v0][11:(565934,778066) hp49%(490/1000) v0][12:(851000,672000) hp100%(1000/1000) v0][13:(572000,672000) hp100%(1000/1000) v1][14:(672000,903000) hp51%(510/1000) v1]
case	57m0	team=1	tgt=5	obj=1	phase=0	my_d=181000	| pred kind=-1 na=3 ne=0 ca=3 cve=0 cpe=0 sa=5 focus=None fs=false appr=true iso=false ovl=false lowhp=false | act none=true kind=0 na=0 ne=0 ca=0 pr=137912678977460 focus_tag=-1 focus=0 tgt=0	MATCH	
cfg	57	[00:(940000,283092) hp100%(1000/1000) v0][01:(363014,799986) hp40%(400/1000) v0][02:(403014,799986) hp39%(390/1000) v1][03:(940000,672000) hp100%(1000/1000) v0][04:(672000,940000) hp100%(1000/1000) v0][10:(545428,798572) hp100%(1000/1000) v0][11:(544014,799986) hp100%(1000/1000) v0][12:(672000,702000) hp100%(1000/1000) v0][13:(799986,544014) hp100%(1000/1000) v0][14:(628866,715134) hp49%(490/1000) v0]
case	58m0	team=1	tgt=5	obj=1	phase=1	my_d=160000	| pred kind=1 na=1 ne=2 ca=2 cve=2 cpe=1 sa=5 focus=None fs=false appr=true iso=true ovl=false lowhp=false | act none=false kind=1 na=1 ne=2 ca=2 pr=3 focus_tag=0 focus=2340484924112 tgt=5	MATCH	
cfg	58	[00:(940000,283092) hp100%(1000/1000) v1][01:(522000,672000) hp45%(450/1000) v0][02:(672000,642000) hp100%(1000/1000) v0][03:(835341,835341) hp100%(1000/1000) v0][04:(756852,916852) hp45%(450/1000) v0][10:(940000,353802) hp51%(510/1000) v0][11:(672000,832000) hp60%(600/1000) v0][12:(601290,601290) hp100%(1000/1000) v0][13:(491000,832000) hp49%(490/1000) v0][14:(940000,672000) hp40%(400/1000) v0]
case	59m0	team=0	tgt=5	obj=1	phase=1	my_d=140000	| pred kind=1 na=2 ne=2 ca=3 cve=1 cpe=0 sa=5 focus=Some(26) fs=false appr=false iso=false ovl=false lowhp=false | act none=false kind=1 na=2 ne=2 ca=3 pr=1 focus_tag=1 focus=26 tgt=5	MATCH	
cfg	59	[00:(940000,283092) hp100%(1000/1000) v0][01:(573006,770994) hp40%(400/1000) v0][02:(798572,798572) hp51%(510/1000) v0][03:(565934,778066) hp100%(1000/1000) v0][04:(446434,897566) hp40%(400/1000) v0][10:(672000,222000) hp40%(400/1000) v1][11:(700992,898980) hp100%(1000/1000) v0][12:(754006,770994) hp51%(510/1000) v1][13:(601290,742710) hp60%(600/1000) v0][14:(573006,935994) hp60%(600/1000) v0]
case	60m0	team=1	tgt=4	obj=-1	phase=2	my_d=220000	| pred kind=-1 na=1 ne=2 ca=0 cve=1 cpe=1 sa=2 focus=Some(19) fs=true appr=true iso=true ovl=false lowhp=false | act none=true kind=0 na=0 ne=0 ca=0 pr=69342233979274 focus_tag=-1 focus=0 tgt=0	MATCH	
cfg	60	[00:(387702,408298) hp100%(1000/1000) v0][01:(328000,508000) hp40%(400/1000) v0][02:(160014,635986) hp30%(300/1000) v0][03:(676908,20000) hp60%(600/1000) v0][04:(188000,288000) hp49%(490/1000) v1][10:(838000,288000) hp30%(300/1000) v0][11:(288000,508000) hp100%(1000/1000) v0][12:(20000,570842) hp51%(510/1000) v0][13:(288000,788000) hp51%(510/1000) v0][14:(414572,634572) hp40%(400/1000) v0]
case	61m0	team=1	tgt=4	obj=0	phase=2	my_d=160000	| pred kind=-1 na=2 ne=1 ca=3 cve=2 cpe=3 sa=3 focus=Some(20) fs=false appr=true iso=false ovl=false lowhp=false | act none=true kind=0 na=0 ne=0 ca=0 pr=266907191431394 focus_tag=-1 focus=0 tgt=0	MATCH	
cfg	61	[00:(46877,529123) hp100%(1000/1000) v0][01:(788000,288000) hp40%(400/1000) v0][02:(203147,372853) hp60%(600/1000) v0][03:(174863,220137) hp60%(600/1000) v0][04:(606198,606198) hp100%(1000/1000) v0][10:(313863,401137) hp100%(1000/1000) v0][11:(174863,401137) hp51%(510/1000) v0][12:(288000,138000) hp49%(490/1000) v0][13:(606198,606198) hp39%(390/1000) v0][14:(394066,181934) hp30%(300/1000) v0]
case	62m0	team=0	tgt=4	obj=0	phase=3	my_d=149000	| pred kind=-1 na=2 ne=1 ca=2 cve=1 cpe=3 sa=4 focus=Some(23) fs=false appr=false iso=false ovl=false lowhp=false | act none=true kind=0 na=0 ne=0 ca=0 pr=86786297229797 focus_tag=-1 focus=0 tgt=0	MATCH	
cfg	62	[00:(20000,676908) hp100%(1000/1000) v0][01:(288000,437000) hp45%(450/1000) v0][02:(415986,564986) hp60%(600/1000) v0][03:(449927,449927) hp30%(300/1000) v0][04:(288000,467000) hp100%(1000/1000) v0][10:(423057,423057) hp100%(1000/1000) v0][11:(288000,57000) hp39%(390/1000) v0][12:(479000,288000) hp60%(600/1000) v0][13:(109000,288000) hp45%(450/1000) v0][14:(738000,288000) hp51%(510/1000) v1]
case	63m0	team=0	tgt=4	obj=0	phase=3	my_d=220000	| pred kind=2 na=0 ne=1 ca=2 cve=2 cpe=1 sa=3 focus=Some(23) fs=false appr=true iso=false ovl=false lowhp=false | act none=false kind=2 na=0 ne=1 ca=2 pr=3 focus_tag=1 focus=23 tgt=4	MATCH	
cfg	63	[00:(20000,641553) hp100%(1000/1000) v0][01:(132437,443563) hp39%(390/1000) v0][02:(676908,676908) hp30%(300/1000) v0][03:(161428,161428) hp100%(1000/1000) v0][04:(109000,288000) hp100%(1000/1000) v0][10:(160014,415986) hp60%(600/1000) v0][11:(132437,304563) hp40%(400/1000) v1][12:(132437,304563) hp45%(450/1000) v1][13:(438000,288000) hp40%(400/1000) v0][14:(688000,288000) hp49%(490/1000) v0]
case	64m0	team=1	tgt=4	obj=0	phase=0	my_d=179000	| pred kind=2 na=2 ne=3 ca=2 cve=1 cpe=1 sa=3 focus=Some(18) fs=false appr=true iso=false ovl=false lowhp=false | act none=false kind=2 na=2 ne=3 ca=2 pr=2 focus_tag=1 focus=18 tgt=4	MATCH	
cfg	64	[00:(161428,414572) hp60%(600/1000) v0][01:(387702,367298) hp40%(400/1000) v1][02:(288000,838000) hp51%(510/1000) v0][03:(288000,587000) hp45%(450/1000) v0][04:(203148,551852) hp40%(400/1000) v0][10:(97000,288000) hp39%(390/1000) v0][11:(288000,467000) hp49%(490/1000) v0][12:(171328,350328) hp39%(390/1000) v0][13:(189713,368713) hp100%(1000/1000) v0][14:(288000,20000) hp100%(1000/1000) v0]
case	65m0	team=0	tgt=5	obj=1	phase=0	my_d=149000	| pred kind=-1 na=2 ne=0 ca=1 cve=1 cpe=1 sa=5 focus=None fs=false appr=false iso=false ovl=false lowhp=false | act none=true kind=0 na=0 ne=0 ca=0 pr=92433025328646 focus_tag=-1 focus=0 tgt=0	MATCH	
cfg	65	[00:(440070,903930) hp51%(510/1000) v0][01:(566642,777358) hp49%(490/1000) v0][02:(687557,898273) hp100%(1000/1000) v0][03:(799986,799986) hp40%(400/1000) v0][04:(481790,862210) hp60%(600/1000) v0][10:(440070,903930) hp45%(450/1000) v0][11:(272000,672000) hp49%(490/1000) v0][12:(940000,672000) hp51%(510/1000) v0][13:(594926,749074) hp30%(300/1000) v1][14:(861000,672000) hp100%(1000/1000) v0]
case	66m0	team=0	tgt=5	obj=1	phase=1	my_d=80000	| pred kind=1 na=3 ne=2 ca=2 cve=1 cpe=0 sa=4 focus=Some(23) fs=false appr=false iso=false ovl=false lowhp=false | act none=false kind=1 na=3 ne=2 ca=2 pr=1 focus_tag=1 focus=23 tgt=5	MATCH	
cfg	66	[00:(770287,850287) hp51%(510/1000) v0][01:(672000,752000) hp40%(400/1000) v0][02:(805643,805643) hp39%(390/1000) v0][03:(508659,508659) hp100%(1000/1000) v0][04:(770287,653713) hp45%(450/1000) v0][10:(573713,850287) hp39%(390/1000) v0][11:(572000,672000) hp51%(510/1000) v1][12:(672000,443000) hp39%(390/1000) v1][13:(940000,940000) hp39%(390/1000) v0][14:(837000,752000) hp45%(450/1000) v0]
case	67m0	team=1	tgt=5	obj=1	phase=1	my_d=179000	| pred kind=1 na=1 ne=0 ca=2 cve=0 cpe=0 sa=4 focus=None fs=false appr=true iso=false ovl=false lowhp=false | act none=false kind=1 na=1 ne=0 ca=2 pr=0 focus_tag=0 focus=2320471337472 tgt=5	MATCH	
cfg	67	[00:(940000,940000) hp60%(600/1000) v0][01:(940000,940000) hp49%(490/1000) v0][02:(940000,940000) hp40%(400/1000) v0][03:(389158,389158) hp39%(390/1000) v1][04:(353802,940000) hp100%(1000/1000) v1][10:(693213,693213) hp49%(490/1000) v0][11:(545428,798572) hp60%(600/1000) v0][12:(672000,272000) hp30%(300/1000) v0][13:(672000,901000) hp60%(600/1000) v0][14:(672000,903000) hp100%(1000/1000) v0]
case	68m0	team=1	tgt=5	obj=0	phase=2	my_d=151000	| pred kind=-1 na=2 ne=0 ca=2 cve=0 cpe=0 sa=3 focus=None fs=false appr=true iso=false ovl=false lowhp=false | act none=true kind=0 na=0 ne=0 ca=0 pr=134513398788467 focus_tag=-1 focus=0 tgt=0	MATCH	
cfg	68	[00:(742710,742710) hp51%(510/1000) v1][01:(792915,940000) hp40%(400/1000) v1][02:(389158,940000) hp30%(300/1000) v0][03:(807057,807057) hp30%(300/1000) v1][04:(853000,823000) hp45%(450/1000) v0][10:(318447,940000) hp39%(390/1000) v0][11:(672000,823000) hp39%(390/1000) v0][12:(672000,940000) hp100%(1000/1000) v0][13:(650787,693213) hp45%(450/1000) v0][14:(672000,522000) hp100%(1000/1000) v0]
case	69m0	team=0	tgt=5	obj=1	phase=2	my_d=80000	| pred kind=-1 na=2 ne=0 ca=3 cve=0 cpe=0 sa=4 focus=None fs=false appr=false iso=false ovl=false lowhp=false | act none=true kind=0 na=0 ne=0 ca=0 pr=148253784369429 focus_tag=-1 focus=0 tgt=0	MATCH	
cfg	69	[00:(799986,799986) hp49%(490/1000) v0][01:(615432,728568) hp45%(450/1000) v0][02:(715134,828270) hp45%(450/1000) v0][03:(805643,538357) hp39%(390/1000) v0][04:(522000,672000) hp100%(1000/1000) v0][10:(940000,353802) hp60%(600/1000) v0][11:(672000,940000) hp100%(1000/1000) v1][12:(672000,172000) hp30%(300/1000) v0][13:(863000,672000) hp100%(1000/1000) v0][14:(940000,672000) hp51%(510/1000) v0]
case	70m0	team=1	tgt=4	obj=0	phase=3	my_d=181000	| pred kind=-1 na=2 ne=0 ca=1 cve=1 cpe=1 sa=5 focus=None fs=false appr=true iso=false ovl=false lowhp=false | act none=true kind=0 na=0 ne=0 ca=0 pr=250005505978476 focus_tag=-1 focus=0 tgt=0	MATCH	
cfg	70	[00:(606198,606198) hp49%(490/1000) v0][01:(147000,469000) hp45%(450/1000) v1][02:(188298,369298) hp40%(400/1000) v1][03:(20000,676908) hp100%(1000/1000) v1][04:(394066,181934) hp45%(450/1000) v0][10:(570842,20000) hp100%(1000/1000) v0][11:(288000,469000) hp51%(510/1000) v0][12:(154357,154357) hp100%(1000/1000) v0][13:(394066,394066) hp49%(490/1000) v0][14:(126073,126073) hp51%(510/1000) v0]
case	71m0	team=1	tgt=4	obj=0	phase=3	my_d=151000	| pred kind=-1 na=1 ne=0 ca=0 cve=1 cpe=0 sa=2 focus=None fs=true appr=true iso=false ovl=false lowhp=false | act none=true kind=0 na=0 ne=0 ca=0 pr=146067367727081 focus_tag=-1 focus=0 tgt=0	MATCH	
cfg	71	[00:(288000,20000) hp45%(450/1000) v0][01:(20000,288000) hp49%(490/1000) v0][02:(438000,288000) hp100%(1000/1000) v0][03:(42227,394773) hp100%(1000/1000) v1][04:(838000,288000) hp30%(300/1000) v0][10:(53241,266787) hp49%(490/1000) v0][11:(181227,394773) hp39%(390/1000) v0][12:(152943,423057) hp60%(600/1000) v0][13:(64555,278101) hp30%(300/1000) v0][14:(288000,838000) hp51%(510/1000) v0]
case	72m0	team=0	tgt=4	obj=0	phase=0	my_d=140000	| pred kind=-1 na=2 ne=2 ca=2 cve=2 cpe=0 sa=5 focus=Some(25) fs=false appr=false iso=false ovl=false lowhp=false | act none=true kind=0 na=0 ne=0 ca=0 pr=76832162191767 focus_tag=-1 focus=0 tgt=0	MATCH	
cfg	72	[00:(288000,20000) hp40%(400/1000) v0][01:(288000,428000) hp45%(450/1000) v0][02:(372852,512852) hp49%(490/1000) v0][03:(414572,301428) hp45%(450/1000) v0][04:(167085,548915) hp100%(1000/1000) v0][10:(20000,20000) hp40%(400/1000) v0][11:(429000,428000) hp100%(1000/1000) v1][12:(288000,388000) hp100%(1000/1000) v0][13:(404672,544672) hp51%(510/1000) v1][14:(318000,288000) hp49%(490/1000) v0]
case	73m0	team=0	tgt=4	obj=-1	phase=0	my_d=181000	| pred kind=-1 na=1 ne=3 ca=2 cve=2 cpe=0 sa=3 focus=Some(25) fs=false appr=true iso=true ovl=false lowhp=false | act none=true kind=0 na=0 ne=0 ca=0 pr=177751490710920 focus_tag=-1 focus=0 tgt=0	MATCH	
cfg	73	[00:(288000,138000) hp40%(400/1000) v0][01:(415986,160014) hp39%(390/1000) v0][02:(309213,309213) hp100%(1000/1000) v0][03:(554986,160014) hp30%(300/1000) v0][04:(289414,33442) hp51%(510/1000) v0][10:(388000,288000) hp40%(400/1000) v0][11:(20000,20000) hp30%(300/1000) v0][12:(387702,188298) hp51%(510/1000) v0][13:(288000,20000) hp49%(490/1000) v1][14:(299314,43342) hp30%(300/1000) v0]
case	74m0	team=1	tgt=5	obj=1	phase=1	my_d=160000	| pred kind=4 na=1 ne=2 ca=2 cve=4 cpe=0 sa=4 focus=Some(20) fs=false appr=true iso=true ovl=true lowhp=false | act none=false kind=4 na=1 ne=2 ca=2 pr=4 focus_tag=1 focus=20 tgt=5	MATCH	
cfg	74	[00:(512000,552000) hp39%(390/1000) v0][01:(691000,672000) hp45%(450/1000) v0][02:(512000,632000) hp60%(600/1000) v0][03:(683000,672000) hp60%(600/1000) v0][04:(672000,772000) hp49%(490/1000) v0][10:(672000,851000) hp100%(1000/1000) v0][11:(512000,672000) hp40%(400/1000) v0][12:(672000,940000) hp45%(450/1000) v0][13:(172000,672000) hp100%(1000/1000) v0][14:(835341,508659) hp49%(490/1000) v0]
case	75m0	team=0	tgt=5	obj=1	phase=1	my_d=149000	| pred kind=-1 na=2 ne=1 ca=1 cve=0 cpe=0 sa=4 focus=Some(25) fs=false appr=false iso=false ovl=false lowhp=false | act none=true kind=0 na=0 ne=0 ca=0 pr=145298140378488 focus_tag=-1 focus=0 tgt=0	MATCH	
cfg	75	[00:(777358,401642) hp30%(300/1000) v0][01:(777358,566642) hp49%(490/1000) v0][02:(672000,483000) hp51%(510/1000) v0][03:(536943,807057) hp49%(490/1000) v0][04:(672000,940000) hp40%(400/1000) v0][10:(851000,672000) hp100%(1000/1000) v1][11:(544014,544014) hp40%(400/1000) v1][12:(672000,481000) hp30%(300/1000) v0][13:(940000,672000) hp40%(400/1000) v0][14:(692506,481790) hp51%(510/1000) v1]
case	76m0	team=0	tgt=5	obj=1	phase=2	my_d=220000	| pred kind=-1 na=1 ne=2 ca=2 cve=1 cpe=0 sa=5 focus=Some(25) fs=false appr=true iso=true ovl=false lowhp=false | act none=true kind=0 na=0 ne=0 ca=0 pr=38345275030818 focus_tag=-1 focus=0 tgt=0	MATCH	
cfg	76	[00:(272000,672000) hp40%(400/1000) v0][01:(452000,672000) hp40%(400/1000) v0][02:(672000,491000) hp100%(1000/1000) v0][03:(851000,672000) hp40%(400/1000) v0][04:(642000,672000) hp40%(400/1000) v0][10:(672000,772000) hp100%(1000/1000) v1][11:(835341,508659) hp45%(450/1000) v0][12:(544014,799986) hp60%(600/1000) v0][13:(833927,510073) hp39%(390/1000) v0][14:(423716,643716) hp40%(400/1000) v0]
case	77m0	team=1	tgt=5	obj=-1	phase=2	my_d=179000	| pred kind=-1 na=0 ne=1 ca=1 cve=1 cpe=0 sa=2 focus=Some(19) fs=false appr=true iso=false ovl=false lowhp=false | act none=true kind=0 na=0 ne=0 ca=0 pr=148022137691690 focus_tag=-1 focus=0 tgt=0	MATCH	
cfg	77	[00:(441000,672000) hp39%(390/1000) v0][01:(799986,544014) hp45%(450/1000) v0][02:(940000,389158) hp60%(600/1000) v1][03:(283092,283092) hp49%(490/1000) v0][04:(798572,726428) hp39%(390/1000) v1][10:(672000,222000) hp30%(300/1000) v0][11:(798572,545428) hp39%(390/1000) v0][12:(508659,835341) hp30%(300/1000) v0][13:(670586,673414) hp51%(510/1000) v0][14:(940000,940000) hp40%(400/1000) v0]
case	78m0	team=0	tgt=5	obj=1	phase=2	my_d=149000	| pred kind=-1 na=3 ne=2 ca=3 cve=1 cpe=0 sa=4 focus=Some(23) fs=false appr=false iso=false ovl=false lowhp=false | act none=true kind=0 na=0 ne=0 ca=0 pr=213104190283623 focus_tag=-1 focus=0 tgt=0	MATCH	
cfg	78	[00:(483000,672000) hp30%(300/1000) v0][01:(523000,672000) hp51%(510/1000) v0][02:(672000,493000) hp100%(1000/1000) v0][03:(545428,798572) hp60%(600/1000) v0][04:(438148,756852) hp100%(1000/1000) v0][10:(523000,813000) hp45%(450/1000) v0][11:(940000,389158) hp51%(510/1000) v0][12:(672000,272000) hp100%(1000/1000) v1][13:(639672,788672) hp100%(1000/1000) v0][14:(318447,318447) hp51%(510/1000) v0]
case	79m0	team=0	tgt=4	obj=0	phase=3	my_d=80000	| pred kind=-1 na=2 ne=3 ca=1 cve=3 cpe=2 sa=3 focus=Some(23) fs=false appr=false iso=false ovl=true lowhp=false | act none=true kind=0 na=0 ne=0 ca=0 pr=256690250739255 focus_tag=-1 focus=0 tgt=0	MATCH	
cfg	79	[00:(179568,231432) hp30%(300/1000) v0][01:(344568,231432) hp45%(450/1000) v0][02:(288000,20000) hp30%(300/1000) v0][03:(517000,288000) hp45%(450/1000) v0][04:(429420,146580) hp100%(1000/1000) v0][10:(344568,271432) hp40%(400/1000) v0][11:(152943,423057) hp60%(600/1000) v0][12:(266787,309213) hp51%(510/1000) v0][13:(304568,231432) hp100%(1000/1000) v0][14:(152943,152943) hp45%(450/1000) v1]
case	80m0	team=1	tgt=4	obj=0	phase=3	my_d=179000	| pred kind=-1 na=2 ne=1 ca=0 cve=1 cpe=2 sa=4 focus=Some(19) fs=false appr=true iso=false ovl=false lowhp=false | act none=true kind=0 na=0 ne=0 ca=0 pr=40108113465188 focus_tag=-1 focus=0 tgt=0	MATCH	
cfg	80	[00:(109000,469000) hp100%(1000/1000) v0][01:(235572,414572) hp40%(400/1000) v0][02:(288000,519000) hp51%(510/1000) v0][03:(20000,641553) hp39%(390/1000) v0][04:(20000,288000) hp51%(510/1000) v0][10:(20000,386287) hp51%(510/1000) v0][11:(109000,288000) hp39%(390/1000) v0][12:(109000,453000) hp100%(1000/1000) v0][13:(20000,20000) hp45%(450/1000) v0][14:(20000,288000) hp100%(1000/1000) v0]
case	81m0	team=1	tgt=4	obj=1	phase=0	my_d=151000	| pred kind=-1 na=2 ne=0 ca=1 cve=1 cpe=0 sa=5 focus=Some(21) fs=false appr=true iso=false ovl=false lowhp=false | act none=true kind=0 na=0 ne=0 ca=0 pr=215761255078223 focus_tag=-1 focus=0 tgt=0	MATCH	
cfg	81	[00:(288000,477000) hp100%(1000/1000) v0][01:(394066,394066) hp45%(450/1000) v1][02:(20000,288000) hp39%(390/1000) v0][03:(223773,181227) hp39%(390/1000) v0][04:(20000,606198) hp39%(390/1000) v0][10:(423057,152943) hp45%(450/1000) v0][11:(394773,181227) hp100%(1000/1000) v0][12:(20000,20000) hp60%(600/1000) v0][13:(288000,20000) hp100%(1000/1000) v0][14:(511445,297899) hp100%(1000/1000) v0]
case	82m0	team=0	tgt=4	obj=0	phase=0	my_d=80000	| pred kind=-1 na=3 ne=1 ca=2 cve=2 cpe=2 sa=5 focus=Some(27) fs=false appr=false iso=false ovl=false lowhp=false | act none=true kind=0 na=0 ne=0 ca=0 pr=205621952091861 focus_tag=-1 focus=0 tgt=0	MATCH	
cfg	82	[00:(288000,318000) hp100%(1000/1000) v0][01:(208000,288000) hp49%(490/1000) v0][02:(288000,59000) hp49%(490/1000) v0][03:(123148,203148) hp45%(450/1000) v0][04:(20000,288000) hp45%(450/1000) v0][10:(20000,288000) hp100%(1000/1000) v0][11:(335986,415986) hp100%(1000/1000) v0][12:(20000,676908) hp49%(490/1000) v0][13:(570842,20000) hp51%(510/1000) v1][14:(217290,217290) hp45%(450/1000) v0]
case	83m0	team=1	tgt=4	obj=0	phase=1	my_d=181000	| pred kind=4 na=0 ne=1 ca=2 cve=2 cpe=0 sa=3 focus=Some(21) fs=false appr=true iso=false ovl=false lowhp=true | act none=false kind=4 na=0 ne=1 ca=2 pr=2 focus_tag=1 focus=21 tgt=4	MATCH	
cfg	83	[00:(288000,469000) hp100%(1000/1000) v1][01:(288000,97000) hp49%(490/1000) v1][02:(515688,259716) hp40%(400/1000) v1][03:(288000,188000) hp100%(1000/1000) v0][04:(99000,288000) hp40%(400/1000) v0][10:(126073,126073) hp100%(1000/1000) v0][11:(415986,160014) hp30%(300/1000) v0][12:(217290,358710) hp49%(490/1000) v0][13:(276986,160014) hp30%(300/1000) v0][14:(181934,181934) hp60%(600/1000) v0]
case	84m0	team=1	tgt=5	obj=1	phase=1	my_d=151000	| pred kind=2 na=2 ne=2 ca=2 cve=1 cpe=0 sa=5 focus=Some(21) fs=false appr=true iso=false ovl=false lowhp=false | act none=false kind=2 na=2 ne=2 ca=2 pr=1 focus_tag=1 focus=21 tgt=5	MATCH	
cfg	84	[00:(672000,940000) hp60%(600/1000) v0][01:(401000,672000) hp45%(450/1000) v0][02:(536943,807057) hp30%(300/1000) v1][03:(561000,672000) hp100%(1000/1000) v0][04:(565934,778066) hp60%(600/1000) v1][10:(940000,672000) hp60%(600/1000) v0][11:(521000,672000) hp100%(1000/1000) v0][12:(672000,522000) hp45%(450/1000) v0][13:(436148,756852) hp49%(490/1000) v0][14:(672000,940000) hp100%(1000/1000) v0]
case	85m0	team=0	tgt=5	obj=0	phase=2	my_d=140000	| pred kind=-1 na=2 ne=2 ca=1 cve=2 cpe=0 sa=4 focus=Some(24) fs=false appr=false iso=false ovl=false lowhp=false | act none=true kind=0 na=0 ne=0 ca=0 pr=132112561066589 focus_tag=-1 focus=0 tgt=0	MATCH	
cfg	85	[00:(940000,672000) hp100%(1000/1000) v0][01:(770994,573006) hp51%(510/1000) v0][02:(672000,491000) hp51%(510/1000) v0][03:(650079,452091) hp51%(510/1000) v0][04:(778066,565934) hp39%(390/1000) v0][10:(672000,642000) hp45%(450/1000) v0][11:(770994,533006) hp40%(400/1000) v0][12:(686142,657858) hp45%(450/1000) v1][13:(272000,672000) hp40%(400/1000) v0][14:(940000,318447) hp49%(490/1000) v0]
case	86m0	team=0	tgt=5	obj=1	phase=2	my_d=181000	| pred kind=-1 na=1 ne=0 ca=0 cve=0 cpe=0 sa=3 focus=None fs=true appr=true iso=false ovl=false lowhp=false | act none=true kind=0 na=0 ne=0 ca=0 pr=268405700041122 focus_tag=-1 focus=0 tgt=0	MATCH	
cfg	86	[00:(903000,672000) hp100%(1000/1000) v0][01:(491000,672000) hp30%(300/1000) v0][02:(672000,222000) hp100%(1000/1000) v0][03:(491000,811000) hp40%(400/1000) v0][04:(364428,545428) hp100%(1000/1000) v0][10:(833927,833927) hp39%(390/1000) v0][11:(491000,531000) hp45%(450/1000) v1][12:(940000,672000) hp100%(1000/1000) v0][13:(940000,672000) hp39%(390/1000) v0][14:(940000,389158) hp30%(300/1000) v0]
case	87m0	team=1	tgt=5	obj=1	phase=3	my_d=160000	| pred kind=2 na=2 ne=3 ca=2 cve=1 cpe=0 sa=4 focus=Some(22) fs=false appr=true iso=false ovl=false lowhp=false | act none=false kind=2 na=2 ne=3 ca=2 pr=1 focus_tag=1 focus=22 tgt=5	MATCH	
cfg	87	[00:(924137,558863) hp60%(600/1000) v0][01:(863000,672000) hp49%(490/1000) v1][02:(825137,558863) hp100%(1000/1000) v0][03:(940000,318447) hp60%(600/1000) v0][04:(798572,545428) hp40%(400/1000) v0][10:(606137,558863) hp100%(1000/1000) v0][11:(785137,558863) hp100%(1000/1000) v0][12:(389158,389158) hp30%(300/1000) v0][13:(853000,672000) hp40%(400/1000) v0][14:(658565,432291) hp51%(510/1000) v0]
case	88m0	team=0	tgt=5	obj=1	phase=3	my_d=140000	| pred kind=-1 na=1 ne=3 ca=2 cve=4 cpe=1 sa=5 focus=Some(24) fs=false appr=false iso=false ovl=true lowhp=false | act none=true kind=0 na=0 ne=0 ca=0 pr=8398865274946 focus_tag=-1 focus=0 tgt=0	MATCH	
cfg	88	[00:(711000,672000) hp51%(510/1000) v0][01:(532000,672000) hp51%(510/1000) v0][02:(532000,491000) hp60%(600/1000) v0][03:(807057,536943) hp100%(1000/1000) v0][04:(672000,940000) hp60%(600/1000) v0][10:(693213,693213) hp100%(1000/1000) v0][11:(572000,672000) hp45%(450/1000) v0][12:(508659,835341) hp40%(400/1000) v0][13:(799986,544014) hp100%(1000/1000) v0][14:(798572,545428) hp45%(450/1000) v0]
case	89m0	team=0	tgt=4	obj=0	phase=0	my_d=220000	| pred kind=3 na=0 ne=2 ca=1 cve=0 cpe=1 sa=2 focus=Some(27) fs=false appr=true iso=true ovl=false lowhp=false | act none=false kind=3 na=0 ne=2 ca=1 pr=1 focus_tag=1 focus=27 tgt=4	MATCH	
cfg	89	[00:(788000,288000) hp51%(510/1000) v0][01:(443563,132437) hp39%(390/1000) v0][02:(20000,288000) hp30%(300/1000) v0][03:(443563,311437) hp49%(490/1000) v0][04:(288000,20000) hp49%(490/1000) v0][10:(471847,160721) hp60%(600/1000) v0][11:(109000,288000) hp49%(490/1000) v1][12:(608563,132437) hp100%(1000/1000) v1][13:(414572,414572) hp100%(1000/1000) v1][14:(449927,126073) hp30%(300/1000) v0]
case	90m0	team=1	tgt=4	obj=-1	phase=0	my_d=160000	| pred kind=-1 na=2 ne=0 ca=2 cve=1 cpe=0 sa=4 focus=Some(22) fs=false appr=true iso=false ovl=false lowhp=false | act none=true kind=0 na=0 ne=0 ca=0 pr=273457860994252 focus_tag=-1 focus=0 tgt=0	MATCH	
cfg	90	[00:(20000,20000) hp49%(490/1000) v1][01:(641553,20000) hp49%(490/1000) v0][02:(288000,20000) hp60%(600/1000) v1][03:(20000,606198) hp49%(490/1000) v1][04:(248915,167085) hp100%(1000/1000) v0][10:(358710,358710) hp39%(390/1000) v0][11:(128000,288000) hp60%(600/1000) v0][12:(128000,123000) hp60%(600/1000) v0][13:(128000,123000) hp100%(1000/1000) v0][14:(181934,394066) hp45%(450/1000) v0]
case	91m0	team=1	tgt=4	obj=0	phase=1	my_d=149000	| pred kind=1 na=2 ne=1 ca=3 cve=1 cpe=0 sa=5 focus=Some(19) fs=false appr=false iso=false ovl=false lowhp=false | act none=false kind=1 na=2 ne=1 ca=3 pr=1 focus_tag=1 focus=19 tgt=4	MATCH	
cfg	91	[00:(217290,217290) hp45%(450/1000) v0][01:(423057,152943) hp49%(490/1000) v0][02:(514273,303557) hp49%(490/1000) v0][03:(393358,302642) hp45%(450/1000) v1][04:(288000,438000) hp39%(390/1000) v0][10:(161428,414572) hp100%(1000/1000) v0][11:(393358,182642) hp49%(490/1000) v0][12:(353358,182642) hp51%(510/1000) v0][13:(493060,82940) hp60%(600/1000) v0][14:(154357,154357) hp45%(450/1000) v0]
case	92m0	team=0	tgt=4	obj=0	phase=1	my_d=220000	| pred kind=-1 na=3 ne=1 ca=1 cve=2 cpe=1 sa=5 focus=Some(26) fs=false appr=true iso=false ovl=false lowhp=false | act none=true kind=0 na=0 ne=0 ca=0 pr=26208755704532 focus_tag=-1 focus=0 tgt=0	MATCH	
cfg	92	[00:(20000,167085) hp45%(450/1000) v0][01:(68000,288000) hp49%(490/1000) v0][02:(97000,288000) hp40%(400/1000) v0][03:(68000,429000) hp60%(600/1000) v0][04:(309213,266787) hp40%(400/1000) v0][10:(20000,641553) hp40%(400/1000) v1][11:(288000,688000) hp100%(1000/1000) v1][12:(438000,288000) hp100%(1000/1000) v0][13:(233000,288000) hp49%(490/1000) v0][14:(606198,20000) hp39%(390/1000) v0]
case	93m0	team=1	tgt=4	obj=0	phase=2	my_d=179000	| pred kind=-1 na=1 ne=1 ca=1 cve=2 cpe=0 sa=4 focus=None fs=false appr=true iso=false ovl=false lowhp=false | act none=true kind=0 na=0 ne=0 ca=0 pr=105829985767045 focus_tag=-1 focus=0 tgt=0	MATCH	
cfg	93	[00:(76576,76576) hp49%(490/1000) v0][01:(394066,394066) hp45%(450/1000) v0][02:(358710,217290) hp60%(600/1000) v0][03:(288000,57000) hp40%(400/1000) v1][04:(641553,20000) hp39%(390/1000) v0][10:(570842,20000) hp49%(490/1000) v0][11:(161428,161428) hp100%(1000/1000) v0][12:(20000,20000) hp45%(450/1000) v0][13:(20000,606198) hp100%(1000/1000) v0][14:(20000,288000) hp39%(390/1000) v0]
case	94m0	team=1	tgt=5	obj=0	phase=2	my_d=149000	| pred kind=-1 na=1 ne=1 ca=1 cve=0 cpe=1 sa=3 focus=Some(20) fs=false appr=false iso=false ovl=false lowhp=false | act none=true kind=0 na=0 ne=0 ca=0 pr=62618402748119 focus_tag=-1 focus=0 tgt=0	MATCH	
cfg	94	[00:(353802,353802) hp45%(450/1000) v0][01:(940000,940000) hp49%(490/1000) v0][02:(538357,538357) hp39%(390/1000) v0][03:(813000,523000) hp39%(390/1000) v1][04:(672000,664000) hp100%(1000/1000) v1][10:(283092,283092) hp40%(400/1000) v0][11:(672000,523000) hp45%(450/1000) v0][12:(389158,940000) hp40%(400/1000) v0][13:(672000,853000) hp45%(450/1000) v0][14:(792915,643915) hp39%(390/1000) v0]
case	95m0	team=0	tgt=5	obj=1	phase=3	my_d=80000	| pred kind=1 na=2 ne=0 ca=2 cve=0 cpe=0 sa=4 focus=None fs=true appr=false iso=false ovl=false lowhp=false | act none=false kind=1 na=2 ne=0 ca=2 pr=0 focus_tag=0 focus=2593433032640 tgt=5	MATCH	
cfg	95	[00:(833927,510073) hp40%(400/1000) v0][01:(615432,615432) hp51%(510/1000) v0][02:(474432,615432) hp45%(450/1000) v0][03:(655432,615432) hp100%(1000/1000) v0][04:(122000,672000) hp100%(1000/1000) v0][10:(940000,389158) hp100%(1000/1000) v0][11:(780432,615432) hp30%(300/1000) v1][12:(940000,672000) hp100%(1000/1000) v0][13:(833927,833927) hp39%(390/1000) v0][14:(318447,940000) hp45%(450/1000) v0]
case	96m0	team=0	tgt=5	obj=1	phase=3	my_d=179000	| pred kind=4 na=1 ne=2 ca=1 cve=1 cpe=0 sa=2 focus=Some(26) fs=true appr=true iso=true ovl=false lowhp=true | act none=false kind=4 na=1 ne=2 ca=1 pr=1 focus_tag=1 focus=26 tgt=5	MATCH	
cfg	96	[00:(778066,565934) hp40%(400/1000) v0][01:(672000,493000) hp30%(300/1000) v0][02:(122000,672000) hp100%(1000/1000) v0][03:(672000,328000) hp51%(510/1000) v0][04:(672000,122000) hp100%(1000/1000) v0][10:(545428,545428) hp51%(510/1000) v0][11:(283092,283092) hp39%(390/1000) v0][12:(672000,272000) hp49%(490/1000) v0][13:(672000,483000) hp30%(300/1000) v0][14:(544014,799986) hp100%(1000/1000) v1]
case	97m0	team=1	tgt=5	obj=1	phase=0	my_d=151000	| pred kind=2 na=2 ne=2 ca=3 cve=1 cpe=1 sa=4 focus=Some(19) fs=false appr=true iso=false ovl=false lowhp=false | act none=false kind=2 na=2 ne=2 ca=3 pr=2 focus_tag=1 focus=19 tgt=5	MATCH	
cfg	97	[00:(650079,480375) hp39%(390/1000) v0][01:(522000,672000) hp49%(490/1000) v0][02:(441000,672000) hp39%(390/1000) v1][03:(940000,318447) hp100%(1000/1000) v0][04:(122000,672000) hp40%(400/1000) v0][10:(565227,730227) hp51%(510/1000) v0][11:(565227,565227) hp45%(450/1000) v0][12:(672000,863000) hp100%(1000/1000) v0][13:(672000,172000) hp39%(390/1000) v0][14:(522000,672000) hp100%(1000/1000) v0]
case	98m0	team=0	tgt=4	obj=1	phase=0	my_d=80000	| pred kind=-1 na=1 ne=2 ca=1 cve=1 cpe=1 sa=3 focus=Some(25) fs=false appr=false iso=false ovl=false lowhp=false | act none=true kind=0 na=0 ne=0 ca=0 pr=99618348563770 focus_tag=-1 focus=0 tgt=0	MATCH	
cfg	98	[00:(570842,20000) hp30%(300/1000) v0][01:(288000,208000) hp60%(600/1000) v0][02:(20000,288000) hp49%(490/1000) v0][03:(738000,288000) hp30%(300/1000) v0][04:(451341,124659) hp45%(450/1000) v0][10:(152943,152943) hp45%(450/1000) v0][11:(449927,126073) hp45%(450/1000) v1][12:(427000,208000) hp100%(1000/1000) v0][13:(429000,208000) hp100%(1000/1000) v1][14:(161428,334572) hp40%(400/1000) v1]
case	99m0	team=0	tgt=4	obj=0	phase=1	my_d=181000	| pred kind=2 na=2 ne=2 ca=0 cve=0 cpe=1 sa=3 focus=Some(23) fs=false appr=true iso=false ovl=false lowhp=false | act none=false kind=2 na=2 ne=2 ca=0 pr=1 focus_tag=1 focus=23 tgt=4	MATCH	
cfg	99	[00:(20000,570842) hp30%(300/1000) v0][01:(160014,160014) hp39%(390/1000) v0][02:(40014,160014) hp100%(1000/1000) v0][03:(20000,288000) hp100%(1000/1000) v0][04:(126073,126073) hp45%(450/1000) v0][10:(161428,161428) hp39%(390/1000) v0][11:(288000,32028) hp49%(490/1000) v0][12:(160014,21014) hp45%(450/1000) v0][13:(288000,32028) hp100%(1000/1000) v0][14:(39099,280929) hp100%(1000/1000) v0]
case	100m0	team=1	tgt=4	obj=0	phase=1	my_d=151000	| pred kind=-1 na=2 ne=1 ca=1 cve=1 cpe=2 sa=5 focus=Some(20) fs=false appr=true iso=false ovl=false lowhp=false | act none=true kind=0 na=0 ne=0 ca=0 pr=215657166483429 focus_tag=-1 focus=0 tgt=0	MATCH	
cfg	100	[00:(124659,451341) hp100%(1000/1000) v1][01:(738000,288000) hp45%(450/1000) v1][02:(316284,165284) hp30%(300/1000) v0][03:(570842,570842) hp100%(1000/1000) v0][04:(99000,288000) hp100%(1000/1000) v0][10:(288000,59000) hp100%(1000/1000) v0][11:(288000,137000) hp49%(490/1000) v0][12:(20000,676908) hp60%(600/1000) v0][13:(676908,20000) hp100%(1000/1000) v0][14:(688000,288000) hp60%(600/1000) v0]
case	101m0	team=0	tgt=4	obj=0	phase=2	my_d=140000	| pred kind=-1 na=2 ne=0 ca=2 cve=0 cpe=2 sa=3 focus=None fs=false appr=false iso=false ovl=false lowhp=false | act none=true kind=0 na=0 ne=0 ca=0 pr=256984853437212 focus_tag=-1 focus=0 tgt=0	MATCH	
cfg	101	[00:(160722,217290) hp100%(1000/1000) v0][01:(189006,189006) hp100%(1000/1000) v0][02:(59000,288000) hp60%(600/1000) v0][03:(104154,104154) hp39%(390/1000) v0][04:(288000,788000) hp39%(390/1000) v0][10:(309006,189006) hp100%(1000/1000) v1][11:(20000,606198) hp60%(600/1000) v0][12:(688000,288000) hp60%(600/1000) v0][13:(676908,676908) hp51%(510/1000) v0][14:(20000,676908) hp45%(450/1000) v0]
case	102m0	team=0	tgt=4	obj=0	phase=2	my_d=181000	| pred kind=2 na=2 ne=1 ca=1 cve=0 cpe=2 sa=4 focus=Some(25) fs=false appr=true iso=false ovl=false lowhp=false | act none=false kind=2 na=2 ne=1 ca=1 pr=2 focus_tag=1 focus=25 tgt=4	MATCH	
cfg	102	[00:(171328,223672) hp30%(300/1000) v0][01:(288000,107000) hp40%(400/1000) v0][02:(107000,107000) hp100%(1000/1000) v0][03:(109000,107000) hp100%(1000/1000) v0][04:(288000,138000) hp100%(1000/1000) v0][10:(467000,107000) hp60%(600/1000) v0][11:(124659,451341) hp100%(1000/1000) v0][12:(288000,97000) hp40%(400/1000) v0][13:(59000,288000) hp49%(490/1000) v0][14:(20000,606198) hp30%(300/1000) v1]
case	103m0	team=1	tgt=5	obj=-1	phase=3	my_d=160000	| pred kind=-1 na=2 ne=2 ca=2 cve=1 cpe=1 sa=4 focus=Some(21) fs=false appr=true iso=false ovl=false lowhp=false | act none=true kind=0 na=0 ne=0 ca=0 pr=37722506297967 focus_tag=-1 focus=0 tgt=0	MATCH	
cfg	103	[00:(389158,940000) hp100%(1000/1000) v0][01:(807057,536943) hp51%(510/1000) v0][02:(389158,389158) hp100%(1000/1000) v1][03:(493000,672000) hp49%(490/1000) v0][04:(558863,417863) hp45%(450/1000) v0][10:(353802,940000) hp39%(390/1000) v0][11:(558863,558863) hp45%(450/1000) v0][12:(672000,903000) hp45%(450/1000) v0][13:(558863,678863) hp60%(600/1000) v0][14:(437948,679778) hp49%(490/1000) v0]
case	104m0	team=1	tgt=5	obj=1	phase=3	my_d=140000	| pred kind=1 na=3 ne=1 ca=3 cve=1 cpe=1 sa=4 focus=Some(22) fs=false appr=false iso=false ovl=false lowhp=false | act none=false kind=1 na=3 ne=1 ca=3 pr=2 focus_tag=1 focus=22 tgt=5	MATCH	
cfg	104	[00:(940000,940000) hp100%(1000/1000) v0][01:(700284,503716) hp45%(450/1000) v1][02:(843000,532000) hp51%(510/1000) v1][03:(545428,405428) hp49%(490/1000) v0][04:(587148,616852) hp100%(1000/1000) v0][10:(940000,389158) hp100%(1000/1000) v0][11:(672000,532000) hp100%(1000/1000) v0][12:(650787,650787) hp40%(400/1000) v0][13:(700284,560284) hp30%(300/1000) v0][14:(565934,565934) hp49%(490/1000) v0]
case	105m0	team=0	tgt=5	obj=1	phase=0	my_d=220000	| pred kind=-1 na=2 ne=0 ca=1 cve=0 cpe=0 sa=3 focus=None fs=false appr=true iso=false ovl=false lowhp=false | act none=true kind=0 na=0 ne=0 ca=0 pr=252618970140578 focus_tag=-1 focus=0 tgt=0	MATCH	
cfg	105	[00:(644423,644423) hp100%(1000/1000) v0][01:(516437,516437) hp45%(450/1000) v0][02:(672000,940000) hp39%(390/1000) v0][03:(377437,516437) hp30%(300/1000) v0][04:(601289,431585) hp60%(600/1000) v0][10:(672000,940000) hp39%(390/1000) v0][11:(940000,940000) hp100%(1000/1000) v0][12:(672000,122000) hp45%(450/1000) v0][13:(644423,388451) hp39%(390/1000) v1][14:(389865,643009) hp39%(390/1000) v0]
case	106m0	team=1	tgt=5	obj=1	phase=0	my_d=179000	| pred kind=2 na=1 ne=1 ca=2 cve=2 cpe=0 sa=3 focus=Some(18) fs=true appr=true iso=false ovl=false lowhp=false | act none=false kind=2 na=1 ne=1 ca=2 pr=2 focus_tag=1 focus=18 tgt=5	MATCH	
cfg	106	[00:(771702,592702) hp100%(1000/1000) v0][01:(353802,940000) hp49%(490/1000) v1][02:(481000,672000) hp60%(600/1000) v0][03:(672000,822000) hp40%(400/1000) v0][04:(672000,272000) hp30%(300/1000) v1][10:(545428,366428) hp49%(490/1000) v0][11:(672000,493000) hp40%(400/1000) v0][12:(572298,592702) hp30%(300/1000) v0][13:(672000,642000) hp45%(450/1000) v0][14:(672000,122000) hp45%(450/1000) v0]
case	107m0	team=1	tgt=5	obj=-1	phase=1	my_d=149000	| pred kind=-1 na=1 ne=2 ca=1 cve=2 cpe=2 sa=2 focus=Some(19) fs=true appr=false iso=false ovl=false lowhp=false | act none=true kind=0 na=0 ne=0 ca=0 pr=115901101596464 focus_tag=-1 focus=0 tgt=0	MATCH	
cfg	107	[00:(694628,694628) hp60%(600/1000) v0][01:(594926,594926) hp51%(510/1000) v0][02:(672000,443000) hp49%(490/1000) v0][03:(353802,940000) hp39%(390/1000) v0][04:(940000,353802) hp49%(490/1000) v0][10:(686642,566642) hp39%(390/1000) v0][11:(566642,566642) hp30%(300/1000) v0][12:(672000,122000) hp100%(1000/1000) v0][13:(565934,565934) hp100%(1000/1000) v0][14:(438656,694628) hp45%(450/1000) v0]
case	108m0	team=0	tgt=4	obj=0	phase=1	my_d=80000	| pred kind=1 na=1 ne=1 ca=2 cve=0 cpe=2 sa=3 focus=Some(24) fs=true appr=false iso=false ovl=false lowhp=false | act none=false kind=1 na=1 ne=1 ca=2 pr=2 focus_tag=1 focus=24 tgt=4	MATCH	
cfg	108	[00:(414572,414572) hp51%(510/1000) v0][01:(288000,208000) hp49%(490/1000) v0][02:(288000,838000) hp40%(400/1000) v0][03:(288000,838000) hp40%(400/1000) v0][04:(20000,288000) hp40%(400/1000) v0][10:(138000,288000) hp100%(1000/1000) v1][11:(288000,88000) hp39%(390/1000) v0][12:(288000,88000) hp40%(400/1000) v1][13:(20000,288000) hp100%(1000/1000) v0][14:(641553,641553) hp39%(390/1000) v0]
case	109m0	team=0	tgt=4	obj=0	phase=1	my_d=179000	| pred kind=1 na=1 ne=0 ca=2 cve=0 cpe=1 sa=3 focus=None fs=false appr=true iso=false ovl=false lowhp=false | act none=false kind=1 na=1 ne=0 ca=2 pr=1 focus_tag=0 focus=2043966631344 tgt=4	MATCH	
cfg	109	[00:(288000,59000) hp51%(510/1000) v0][01:(161428,161428) hp40%(400/1000) v0][02:(161428,302428) hp60%(600/1000) v0][03:(676908,676908) hp30%(300/1000) v0][04:(288000,258000) hp30%(300/1000) v0][10:(288000,258000) hp100%(1000/1000) v1][11:(161428,20428) hp40%(400/1000) v1][12:(20000,606198) hp100%(1000/1000) v0][13:(288000,838000) hp100%(1000/1000) v0][14:(606198,606198) hp100%(1000/1000) v0]
case	110m0	team=1	tgt=4	obj=0	phase=2	my_d=151000	| pred kind=-1 na=1 ne=1 ca=2 cve=0 cpe=1 sa=4 focus=None fs=false appr=true iso=false ovl=false lowhp=false | act none=true kind=0 na=0 ne=0 ca=0 pr=262217730487561 focus_tag=-1 focus=0 tgt=0	MATCH	
cfg	110	[00:(288000,109000) hp60%(600/1000) v1][01:(20000,288000) hp49%(490/1000) v0][02:(415986,160014) hp39%(390/1000) v1][03:(676908,676908) hp100%(1000/1000) v0][04:(451341,124659) hp30%(300/1000) v0][10:(59000,288000) hp60%(600/1000) v0][11:(288000,137000) hp100%(1000/1000) v0][12:(188298,37298) hp60%(600/1000) v0][13:(288000,278000) hp51%(510/1000) v0][14:(288000,20000) hp39%(390/1000) v0]
case	111m0	team=0	tgt=4	obj=1	phase=2	my_d=80000	| pred kind=-1 na=2 ne=3 ca=2 cve=3 cpe=1 sa=5 focus=Some(23) fs=false appr=false iso=false ovl=false lowhp=false | act none=true kind=0 na=0 ne=0 ca=0 pr=125278220972227 focus_tag=-1 focus=0 tgt=0	MATCH	
cfg	111	[00:(288000,20000) hp51%(510/1000) v0][01:(231432,231432) hp100%(1000/1000) v0][02:(231432,370432) hp45%(450/1000) v0][03:(288000,688000) hp49%(490/1000) v0][04:(415986,160014) hp100%(1000/1000) v0][10:(288000,138000) hp40%(400/1000) v0][11:(109000,288000) hp49%(490/1000) v0][12:(231432,90432) hp30%(300/1000) v0][13:(359418,103446) hp51%(510/1000) v0][14:(358710,358710) hp40%(400/1000) v0]
case	112m0	team=0	tgt=4	obj=0	phase=3	my_d=181000	| pred kind=3 na=1 ne=1 ca=1 cve=2 cpe=2 sa=3 focus=Some(27) fs=true appr=true iso=false ovl=false lowhp=false | act none=false kind=3 na=1 ne=1 ca=1 pr=4 focus_tag=1 focus=27 tgt=4	MATCH	
cfg	112	[00:(288000,20000) hp51%(510/1000) v0][01:(415986,415986) hp45%(450/1000) v0][02:(288000,738000) hp100%(1000/1000) v0][03:(288000,20000) hp39%(390/1000) v0][04:(295071,295071) hp100%(1000/1000) v0][10:(415986,244986) hp40%(400/1000) v0][11:(250986,415986) hp51%(510/1000) v1][12:(20000,676908) hp100%(1000/1000) v1][13:(676908,676908) hp49%(490/1000) v0][14:(421643,421643) hp100%(1000/1000) v0]
case	113m0	team=1	tgt=5	obj=1	phase=3	my_d=151000	| pred kind=2 na=3 ne=3 ca=2 cve=1 cpe=1 sa=4 focus=Some(20) fs=true appr=true iso=false ovl=false lowhp=false | act none=false kind=2 na=3 ne=3 ca=2 pr=2 focus_tag=1 focus=20 tgt=5	MATCH	
cfg	113	[00:(481000,672000) hp49%(490/1000) v0][01:(863000,672000) hp49%(490/1000) v0][02:(823000,712000) hp39%(390/1000) v0][03:(172000,672000) hp100%(1000/1000) v0][04:(738148,587148) hp51%(510/1000) v0][10:(940000,940000) hp100%(1000/1000) v0][11:(823000,672000) hp100%(1000/1000) v0][12:(672000,122000) hp45%(450/1000) v0][13:(693213,693213) hp45%(450/1000) v0][14:(861000,672000) hp100%(1000/1000) v0]
case	114m0	team=1	tgt=5	obj=1	phase=0	my_d=140000	| pred kind=-1 na=1 ne=2 ca=2 cve=3 cpe=0 sa=4 focus=Some(21) fs=false appr=false iso=false ovl=false lowhp=false | act none=true kind=0 na=0 ne=0 ca=0 pr=107020832532321 focus_tag=-1 focus=0 tgt=0	MATCH	
cfg	114	[00:(572000,672000) hp45%(450/1000) v0][01:(940000,672000) hp51%(510/1000) v0][02:(631994,770994) hp60%(600/1000) v0][03:(672707,672707) hp60%(600/1000) v0][04:(443000,672000) hp39%(390/1000) v0][10:(644422,897566) hp100%(1000/1000) v0][11:(770994,770994) hp60%(600/1000) v0][12:(491000,672000) hp40%(400/1000) v0][13:(650787,650787) hp100%(1000/1000) v0][14:(172000,672000) hp100%(1000/1000) v0]
case	115m0	team=0	tgt=5	obj=0	phase=0	my_d=181000	| pred kind=-1 na=1 ne=2 ca=2 cve=0 cpe=2 sa=4 focus=Some(26) fs=true appr=true iso=true ovl=false lowhp=false | act none=true kind=0 na=0 ne=0 ca=0 pr=192753983472335 focus_tag=-1 focus=0 tgt=0	MATCH	
cfg	115	[00:(682000,672000) hp45%(450/1000) v0][01:(853000,672000) hp45%(450/1000) v0][02:(672000,772000) hp100%(1000/1000) v0][03:(853000,501000) hp45%(450/1000) v0][04:(672000,122000) hp45%(450/1000) v0][10:(940000,771702) hp100%(1000/1000) v0][11:(940000,672000) hp100%(1000/1000) v1][12:(508659,835341) hp60%(600/1000) v0][13:(851000,672000) hp39%(390/1000) v0][14:(940000,940000) hp100%(1000/1000) v1]
case	116m0	team=1	tgt=5	obj=1	phase=1	my_d=160000	| pred kind=4 na=0 ne=1 ca=0 cve=0 cpe=0 sa=2 focus=Some(20) fs=false appr=true iso=false ovl=false lowhp=true | act none=false kind=4 na=0 ne=1 ca=0 pr=0 focus_tag=1 focus=20 tgt=5	MATCH	
cfg	116	[00:(222000,672000) hp40%(400/1000) v0][01:(353802,353802) hp49%(490/1000) v0][02:(799986,799986) hp30%(300/1000) v0][03:(702000,672000) hp51%(510/1000) v1][04:(318447,318447) hp40%(400/1000) v1][10:(901809,668465) hp40%(400/1000) v0][11:(785137,785137) hp30%(300/1000) v0][12:(544014,544014) hp30%(300/1000) v0][13:(318447,318447) hp30%(300/1000) v0][14:(913123,657151) hp100%(1000/1000) v0]
case	117m0	team=1	tgt=5	obj=1	phase=1	my_d=140000	| pred kind=-1 na=2 ne=0 ca=1 cve=1 cpe=1 sa=2 focus=None fs=true appr=false iso=false ovl=false lowhp=false | act none=true kind=0 na=0 ne=0 ca=0 pr=279711335325972 focus_tag=-1 focus=0 tgt=0	MATCH	
cfg	117	[00:(222000,672000) hp39%(390/1000) v1][01:(911702,572298) hp49%(490/1000) v1][02:(353802,940000) hp60%(600/1000) v1][03:(695328,788672) hp49%(490/1000) v1][04:(631000,672000) hp60%(600/1000) v0][10:(684014,544014) hp30%(300/1000) v0][11:(812000,672000) hp60%(600/1000) v0][12:(684014,799986) hp39%(390/1000) v0][13:(222000,672000) hp100%(1000/1000) v0][14:(903000,672000) hp60%(600/1000) v0]
case	118m0	team=0	tgt=4	obj=0	phase=2	my_d=220000	| pred kind=3 na=1 ne=1 ca=0 cve=0 cpe=1 sa=2 focus=None fs=false appr=true iso=false ovl=false lowhp=false | act none=false kind=3 na=1 ne=1 ca=0 pr=1 focus_tag=0 focus=1484389003472 tgt=4	MATCH	
cfg	118	[00:(288000,517000) hp30%(300/1000) v0][01:(443563,443563) hp49%(490/1000) v0][02:(443563,614563) hp30%(300/1000) v0][03:(288000,20000) hp51%(510/1000) v0][04:(181934,181934) hp30%(300/1000) v0][10:(20000,641553) hp45%(450/1000) v1][11:(322648,322648) hp100%(1000/1000) v1][12:(20000,570842) hp100%(1000/1000) v0][13:(543265,543265) hp30%(300/1000) v0][14:(288000,20000) hp100%(1000/1000) v0]
case	119m0	team=1	tgt=4	obj=0	phase=2	my_d=160000	| pred kind=2 na=2 ne=1 ca=2 cve=1 cpe=2 sa=4 focus=Some(22) fs=true appr=true iso=false ovl=false lowhp=false | act none=false kind=2 na=2 ne=1 ca=2 pr=3 focus_tag=1 focus=22 tgt=4	MATCH	
cfg	119	[00:(448000,459000) hp40%(400/1000) v0][01:(363148,372852) hp51%(510/1000) v1][02:(124659,124659) hp100%(1000/1000) v0][03:(451341,124659) hp40%(400/1000) v1][04:(467000,288000) hp60%(600/1000) v0][10:(688000,288000) hp51%(510/1000) v0][11:(448000,288000) hp100%(1000/1000) v0][12:(288000,20000) hp100%(1000/1000) v0][13:(288000,838000) hp100%(1000/1000) v0][14:(414572,414572) hp60%(600/1000) v0]
case	120m0	team=1	tgt=4	obj=-1	phase=3	my_d=149000	| pred kind=-1 na=2 ne=2 ca=1 cve=1 cpe=1 sa=4 focus=Some(19) fs=true appr=false iso=false ovl=false lowhp=false | act none=true kind=0 na=0 ne=0 ca=0 pr=278064286275135 focus_tag=-1 focus=0 tgt=0	MATCH	
cfg	120	[00:(393358,513358) hp39%(390/1000) v0][01:(414572,414572) hp49%(490/1000) v0][02:(738000,288000) hp51%(510/1000) v0][03:(288000,20000) hp40%(400/1000) v1][04:(20000,288000) hp30%(300/1000) v0][10:(288000,469000) hp45%(450/1000) v0][11:(393358,393358) hp51%(510/1000) v0][12:(288000,838000) hp100%(1000/1000) v0][13:(126073,449927) hp49%(490/1000) v0][14:(421643,154357) hp49%(490/1000) v0]
case	121m0	team=0	tgt=4	obj=0	phase=3	my_d=220000	| pred kind=3 na=1 ne=1 ca=0 cve=2 cpe=0 sa=3 focus=Some(25) fs=false appr=true iso=false ovl=false lowhp=false | act none=false kind=3 na=1 ne=1 ca=0 pr=2 focus_tag=1 focus=25 tgt=4	MATCH	
cfg	121	[00:(288000,688000) hp30%(300/1000) v0][01:(508000,288000) hp51%(510/1000) v0][02:(649000,288000) hp39%(390/1000) v0][03:(20000,288000) hp100%(1000/1000) v0][04:(20000,288000) hp60%(600/1000) v0][10:(451341,124659) hp100%(1000/1000) v0][11:(309213,266787) hp40%(400/1000) v0][12:(409713,386287) hp51%(510/1000) v0][13:(838000,288000) hp100%(1000/1000) v1][14:(508000,147000) hp39%(390/1000) v1]
case	122m0	team=0	tgt=5	obj=1	phase=0	my_d=179000	| pred kind=2 na=2 ne=1 ca=2 cve=1 cpe=1 sa=3 focus=Some(24) fs=true appr=true iso=false ovl=false lowhp=false | act none=false kind=2 na=2 ne=1 ca=2 pr=2 focus_tag=1 focus=24 tgt=5	MATCH	
cfg	122	[00:(672000,853000) hp30%(300/1000) v0][01:(798572,798572) hp45%(450/1000) v0][02:(851000,672000) hp51%(510/1000) v0][03:(283092,940000) hp49%(490/1000) v0][04:(672000,122000) hp49%(490/1000) v0][10:(807057,536943) hp60%(600/1000) v0][11:(826856,770288) hp45%(450/1000) v0][12:(940000,672000) hp40%(400/1000) v0][13:(807057,536943) hp60%(600/1000) v1][14:(672000,172000) hp100%(1000/1000) v0]
case	123m0	team=1	tgt=5	obj=1	phase=0	my_d=149000	| pred kind=-1 na=1 ne=1 ca=1 cve=0 cpe=1 sa=4 focus=Some(20) fs=false appr=false iso=false ovl=false lowhp=false | act none=true kind=0 na=0 ne=0 ca=0 pr=58921968102615 focus_tag=-1 focus=0 tgt=0	MATCH	
cfg	123	[00:(903000,672000) hp100%(1000/1000) v0][01:(656000,672000) hp51%(510/1000) v1][02:(821000,501000) hp49%(490/1000) v0][03:(672000,940000) hp30%(300/1000) v0][04:(672000,572000) hp100%(1000/1000) v1][10:(672000,272000) hp60%(600/1000) v0][11:(821000,672000) hp60%(600/1000) v0][12:(510073,833927) hp51%(510/1000) v0][13:(389158,389158) hp40%(400/1000) v0][14:(821000,493000) hp40%(400/1000) v0]
case	124m0	team=0	tgt=5	obj=1	phase=1	my_d=80000	| pred kind=1 na=3 ne=2 ca=3 cve=2 cpe=1 sa=4 focus=Some(25) fs=true appr=false iso=false ovl=false lowhp=false | act none=false kind=1 na=3 ne=2 ca=3 pr=3 focus_tag=1 focus=25 tgt=5	MATCH	
cfg	124	[00:(768568,728568) hp100%(1000/1000) v0][01:(728568,728568) hp60%(600/1000) v0][02:(940000,672000) hp40%(400/1000) v0][03:(122000,672000) hp100%(1000/1000) v0][04:(742710,601290) hp40%(400/1000) v0][10:(601996,601996) hp49%(490/1000) v0][11:(318447,940000) hp51%(510/1000) v0][12:(650787,693213) hp49%(490/1000) v0][13:(828270,828270) hp49%(490/1000) v0][14:(672000,122000) hp30%(300/1000) v0]
case	125m0	team=0	tgt=5	obj=-1	phase=1	my_d=179000	| pred kind=-1 na=2 ne=1 ca=2 cve=2 cpe=1 sa=4 focus=None fs=false appr=true iso=false ovl=false lowhp=false | act none=true kind=0 na=0 ne=0 ca=0 pr=266285337198310 focus_tag=-1 focus=0 tgt=0	MATCH	
cfg	125	[00:(940000,672000) hp100%(1000/1000) v0][01:(851000,672000) hp49%(490/1000) v0][02:(702000,672000) hp60%(600/1000) v0][03:(940000,940000) hp60%(600/1000) v0][04:(601290,601290) hp39%(390/1000) v0][10:(751298,572298) hp39%(390/1000) v1][11:(650787,693213) hp60%(600/1000) v0][12:(940000,672000) hp39%(390/1000) v0][13:(670000,672000) hp45%(450/1000) v0][14:(672000,172000) hp100%(1000/1000) v0]
case	126m0	team=1	tgt=5	obj=1	phase=2	my_d=151000	| pred kind=2 na=2 ne=4 ca=1 cve=1 cpe=1 sa=4 focus=Some(22) fs=false appr=true iso=false ovl=false lowhp=false | act none=false kind=2 na=2 ne=4 ca=1 pr=2 focus_tag=1 focus=22 tgt=5	MATCH	
cfg	126	[00:(940000,672000) hp100%(1000/1000) v0][01:(903000,672000) hp51%(510/1000) v0][02:(807057,750489) hp45%(450/1000) v0][03:(863000,672000) hp100%(1000/1000) v0][04:(778773,738773) hp39%(390/1000) v0][10:(693921,863625) hp100%(1000/1000) v0][11:(778773,778773) hp60%(600/1000) v0][12:(778773,919773) hp40%(400/1000) v0][13:(443000,672000) hp100%(1000/1000) v0][14:(672000,822000) hp30%(300/1000) v0]
case	127m0	team=1	tgt=4	obj=0	phase=2	my_d=80000	| pred kind=-1 na=0 ne=1 ca=1 cve=1 cpe=2 sa=2 focus=Some(20) fs=false appr=false iso=false ovl=false lowhp=false | act none=true kind=0 na=0 ne=0 ca=0 pr=82957690570789 focus_tag=-1 focus=0 tgt=0	MATCH	
cfg	127	[00:(477000,288000) hp100%(1000/1000) v1][01:(549000,288000) hp60%(600/1000) v0][02:(269713,189713) hp100%(1000/1000) v0][03:(495986,415986) hp100%(1000/1000) v0][04:(488915,167085) hp100%(1000/1000) v0][10:(449927,126073) hp60%(600/1000) v0][11:(368000,288000) hp39%(390/1000) v0][12:(838000,288000) hp39%(390/1000) v0][13:(251328,404672) hp60%(600/1000) v0][14:(288000,20000) hp30%(300/1000) v0]
case	128m0	team=0	tgt=4	obj=1	phase=3	my_d=181000	| pred kind=-1 na=2 ne=2 ca=1 cve=2 cpe=2 sa=5 focus=Some(25) fs=false appr=true iso=false ovl=false lowhp=false | act none=true kind=0 na=0 ne=0 ca=0 pr=38310283402333 focus_tag=-1 focus=0 tgt=0	MATCH	
cfg	128	[00:(266787,266787) hp100%(1000/1000) v0][01:(415986,415986) hp51%(510/1000) v0][02:(596986,415986) hp100%(1000/1000) v0][03:(449927,449927) hp100%(1000/1000) v0][04:(288000,20000) hp100%(1000/1000) v0][10:(738000,288000) hp100%(1000/1000) v0][11:(606198,606198) hp100%(1000/1000) v0][12:(388000,288000) hp100%(1000/1000) v0][13:(676908,20000) hp30%(300/1000) v0][14:(274986,415986) hp100%(1000/1000) v0]
case	129m0	team=1	tgt=4	obj=0	phase=3	my_d=151000	| pred kind=-1 na=3 ne=4 ca=3 cve=4 cpe=3 sa=4 focus=Some(22) fs=false appr=true iso=false ovl=false lowhp=false | act none=true kind=0 na=0 ne=0 ca=0 pr=176504648897992 focus_tag=-1 focus=0 tgt=0	MATCH	
cfg	129	[00:(339298,188298) hp100%(1000/1000) v0][01:(322328,171328) hp51%(510/1000) v0][02:(288000,688000) hp39%(390/1000) v0][03:(421643,154357) hp51%(510/1000) v0][04:(467284,316284) hp100%(1000/1000) v0][10:(181934,181934) hp39%(390/1000) v0][11:(439000,288000) hp51%(510/1000) v0][12:(266787,309213) hp100%(1000/1000) v0][13:(537287,386287) hp100%(1000/1000) v0][14:(354148,203148) hp100%(1000/1000) v0]
case	130m0	team=1	tgt=4	obj=0	phase=0	my_d=140000	| pred kind=-1 na=2 ne=0 ca=2 cve=1 cpe=1 sa=3 focus=Some(22) fs=true appr=false iso=false ovl=false lowhp=false | act none=true kind=0 na=0 ne=0 ca=0 pr=91709392631347 focus_tag=-1 focus=0 tgt=0	MATCH	
cfg	130	[00:(20000,20000) hp60%(600/1000) v0][01:(423057,152943) hp51%(510/1000) v0][02:(20000,288000) hp100%(1000/1000) v0][03:(288000,20000) hp49%(490/1000) v0][04:(266079,266079) hp40%(400/1000) v0][10:(738000,288000) hp100%(1000/1000) v0][11:(386994,386994) hp45%(450/1000) v0][12:(288000,188000) hp100%(1000/1000) v0][13:(525994,386994) hp45%(450/1000) v0][14:(288000,738000) hp100%(1000/1000) v0]
case	131m0	team=0	tgt=4	obj=0	phase=0	my_d=181000	| pred kind=-1 na=2 ne=1 ca=1 cve=3 cpe=3 sa=4 focus=Some(24) fs=false appr=true iso=false ovl=true lowhp=false | act none=true kind=0 na=0 ne=0 ca=0 pr=172625430018298 focus_tag=-1 focus=0 tgt=0	MATCH	
cfg	131	[00:(20000,20000) hp51%(510/1000) v0][01:(469000,288000) hp51%(510/1000) v0][02:(467000,288000) hp100%(1000/1000) v0][03:(606198,606198) hp100%(1000/1000) v0][04:(124659,124659) hp45%(450/1000) v0][10:(288000,469000) hp40%(400/1000) v0][11:(469000,168000) hp40%(400/1000) v0][12:(738000,288000) hp100%(1000/1000) v1][13:(288000,288000) hp100%(1000/1000) v0][14:(288000,288000) hp100%(1000/1000) v0]
case	132m0	team=0	tgt=5	obj=1	phase=1	my_d=160000	| pred kind=1 na=1 ne=2 ca=3 cve=1 cpe=1 sa=5 focus=Some(23) fs=false appr=true iso=true ovl=false lowhp=false | act none=false kind=1 na=1 ne=2 ca=3 pr=2 focus_tag=1 focus=23 tgt=5	MATCH	
cfg	132	[00:(686849,657151) hp51%(510/1000) v0][01:(558863,785137) hp45%(450/1000) v0][02:(822000,672000) hp45%(450/1000) v0][03:(940000,353802) hp51%(510/1000) v0][04:(863000,672000) hp40%(400/1000) v0][10:(672000,822000) hp40%(400/1000) v0][11:(393863,785137) hp45%(450/1000) v1][12:(222000,672000) hp100%(1000/1000) v0][13:(558863,926137) hp60%(600/1000) v0][14:(172000,672000) hp60%(600/1000) v1]
case	133m0	team=1	tgt=5	obj=0	phase=1	my_d=140000	| pred kind=-1 na=1 ne=2 ca=3 cve=1 cpe=0 sa=4 focus=Some(18) fs=false appr=false iso=false ovl=false lowhp=false | act none=true kind=0 na=0 ne=0 ca=0 pr=249010879135792 focus_tag=-1 focus=0 tgt=0	MATCH	
cfg	133	[00:(770287,713713) hp49%(490/1000) v0][01:(799986,939986) hp51%(510/1000) v0][02:(353802,940000) hp60%(600/1000) v0][03:(672000,940000) hp40%(400/1000) v0][04:(353802,353802) hp100%(1000/1000) v1][10:(493000,812000) hp40%(400/1000) v0][11:(672000,812000) hp40%(400/1000) v0][12:(544014,684014) hp51%(510/1000) v0][13:(672000,483000) hp30%(300/1000) v0][14:(778066,565934) hp100%(1000/1000) v0]
case	134m0	team=0	tgt=5	obj=1	phase=2	my_d=220000	| pred kind=3 na=1 ne=2 ca=1 cve=2 cpe=3 sa=2 focus=Some(25) fs=false appr=true iso=true ovl=false lowhp=false | act none=false kind=3 na=1 ne=2 ca=1 pr=5 focus_tag=1 focus=25 tgt=5	MATCH	
cfg	134	[00:(643009,700991) hp45%(450/1000) v0][01:(516437,827563) hp60%(600/1000) v0][02:(903000,672000) hp30%(300/1000) v0][03:(672000,172000) hp100%(1000/1000) v0][04:(377437,827563) hp30%(300/1000) v0][10:(483000,672000) hp100%(1000/1000) v1][11:(483000,672000) hp45%(450/1000) v0][12:(657437,827563) hp100%(1000/1000) v0][13:(940000,283092) hp49%(490/1000) v0][14:(441000,672000) hp100%(1000/1000) v1]
case	135m0	team=0	tgt=5	obj=1	phase=2	my_d=160000	| pred kind=2 na=1 ne=1 ca=2 cve=2 cpe=1 sa=4 focus=Some(26) fs=false appr=true iso=false ovl=false lowhp=false | act none=false kind=2 na=1 ne=1 ca=2 pr=3 focus_tag=1 focus=26 tgt=5	MATCH	
cfg	135	[00:(693213,650787) hp45%(450/1000) v0][01:(672000,832000) hp49%(490/1000) v0][02:(283092,283092) hp49%(490/1000) v0][03:(805643,538357) hp100%(1000/1000) v0][04:(940000,940000) hp100%(1000/1000) v0][10:(533000,832000) hp100%(1000/1000) v1][11:(672000,940000) hp49%(490/1000) v1][12:(531000,832000) hp51%(510/1000) v1][13:(778066,778066) hp45%(450/1000) v0][14:(491000,672000) hp51%(510/1000) v0]
case	136m0	team=1	tgt=5	obj=1	phase=3	my_d=149000	| pred kind=1 na=0 ne=0 ca=2 cve=3 cpe=0 sa=4 focus=Some(20) fs=false appr=false iso=false ovl=false lowhp=false | act none=false kind=1 na=0 ne=0 ca=2 pr=3 focus_tag=1 focus=20 tgt=5	MATCH	
cfg	136	[00:(799986,544014) hp49%(490/1000) v0][01:(385642,777358) hp49%(490/1000) v1][02:(737642,777358) hp51%(510/1000) v0][03:(545428,545428) hp30%(300/1000) v0][04:(544014,544014) hp45%(450/1000) v0][10:(778066,778066) hp51%(510/1000) v0][11:(566642,777358) hp39%(390/1000) v0][12:(566642,636358) hp40%(400/1000) v0][13:(389158,940000) hp100%(1000/1000) v0][14:(940000,940000) hp51%(510/1000) v0]
case	137m0	team=1	tgt=4	obj=-1	phase=3	my_d=80000	| pred kind=-1 na=1 ne=1 ca=2 cve=0 cpe=2 sa=4 focus=Some(21) fs=false appr=false iso=false ovl=false lowhp=false | act none=true kind=0 na=0 ne=0 ca=0 pr=274004240438916 focus_tag=-1 focus=0 tgt=0	MATCH	
cfg	137	[00:(217290,358710) hp45%(450/1000) v1][01:(20000,288000) hp51%(510/1000) v0][02:(288000,438000) hp39%(390/1000) v1][03:(387702,467702) hp100%(1000/1000) v0][04:(20000,288000) hp100%(1000/1000) v0][10:(20000,606198) hp45%(450/1000) v0][11:(288000,368000) hp100%(1000/1000) v0][12:(107000,368000) hp39%(390/1000) v0][13:(288000,688000) hp40%(400/1000) v0][14:(404672,251328) hp45%(450/1000) v0]
case	138m0	team=0	tgt=4	obj=0	phase=3	my_d=179000	| pred kind=2 na=2 ne=1 ca=2 cve=1 cpe=0 sa=5 focus=Some(23) fs=false appr=true iso=false ovl=false lowhp=false | act none=false kind=2 na=2 ne=1 ca=2 pr=1 focus_tag=1 focus=23 tgt=4	MATCH	
cfg	138	[00:(34856,541144) hp45%(450/1000) v0][01:(161428,414572) hp51%(510/1000) v0][02:(20000,20000) hp51%(510/1000) v0][03:(181934,394066) hp100%(1000/1000) v0][04:(152943,152943) hp60%(600/1000) v0][10:(161428,294572) hp45%(450/1000) v0][11:(738000,288000) hp100%(1000/1000) v1][12:(97000,288000) hp49%(490/1000) v1][13:(302428,414572) hp30%(300/1000) v1][14:(161428,595572) hp100%(1000/1000) v1]
case	139m0	team=1	tgt=4	obj=0	phase=0	my_d=151000	| pred kind=-1 na=1 ne=0 ca=1 cve=0 cpe=0 sa=5 focus=None fs=false appr=true iso=false ovl=false lowhp=false | act none=true kind=0 na=0 ne=0 ca=0 pr=128997892160085 focus_tag=-1 focus=0 tgt=0	MATCH	
cfg	139	[00:(20000,606198) hp40%(400/1000) v0][01:(288000,838000) hp60%(600/1000) v0][02:(288000,20000) hp49%(490/1000) v0][03:(161428,414572) hp100%(1000/1000) v1][04:(467000,439000) hp30%(300/1000) v0][10:(676908,20000) hp100%(1000/1000) v0][11:(288000,439000) hp40%(400/1000) v0][12:(20000,20000) hp100%(1000/1000) v0][13:(477000,288000) hp51%(510/1000) v0][14:(59000,288000) hp49%(490/1000) v0]
case	140m0	team=1	tgt=4	obj=0	phase=0	my_d=80000	| pred kind=-1 na=2 ne=1 ca=3 cve=0 cpe=0 sa=4 focus=Some(18) fs=false appr=false iso=false ovl=false lowhp=false | act none=true kind=0 na=0 ne=0 ca=0 pr=60256394044819 focus_tag=-1 focus=0 tgt=0	MATCH	
cfg	140	[00:(161428,414572) hp39%(390/1000) v0][01:(388000,288000) hp49%(490/1000) v1][02:(423057,423057) hp30%(300/1000) v0][03:(20000,288000) hp100%(1000/1000) v1][04:(288000,138000) hp49%(490/1000) v1][10:(133145,246281) hp60%(600/1000) v0][11:(231432,344568) hp100%(1000/1000) v0][12:(20000,676908) hp100%(1000/1000) v0][13:(288000,99000) hp30%(300/1000) v0][14:(394066,394066) hp40%(400/1000) v0]
case	141m0	team=0	tgt=4	obj=0	phase=1	my_d=181000	| pred kind=3 na=1 ne=2 ca=1 cve=1 cpe=1 sa=2 focus=Some(27) fs=false appr=true iso=true ovl=false lowhp=false | act none=false kind=3 na=1 ne=2 ca=1 pr=2 focus_tag=1 focus=27 tgt=4	MATCH	
cfg	141	[00:(126073,449927) hp39%(390/1000) v0][01:(288000,469000) hp60%(600/1000) v0][02:(181934,181934) hp100%(1000/1000) v0][03:(154357,421643) hp30%(300/1000) v0][04:(288000,290000) hp39%(390/1000) v0][10:(676908,676908) hp100%(1000/1000) v0][11:(20000,20000) hp30%(300/1000) v0][12:(20000,288000) hp45%(450/1000) v0][13:(423057,423057) hp100%(1000/1000) v0][14:(288000,469000) hp60%(600/1000) v0]
case	142m0	team=1	tgt=5	obj=-1	phase=1	my_d=151000	| pred kind=-1 na=2 ne=0 ca=2 cve=0 cpe=0 sa=3 focus=None fs=true appr=true iso=false ovl=false lowhp=false | act none=true kind=0 na=0 ne=0 ca=0 pr=140752491504354 focus_tag=-1 focus=0 tgt=0	MATCH	
cfg	142	[00:(686142,899688) hp30%(300/1000) v1][01:(536943,536943) hp60%(600/1000) v1][02:(940000,389158) hp45%(450/1000) v0][03:(681899,895445) hp51%(510/1000) v1][04:(940000,672000) hp49%(490/1000) v0][10:(605227,778773) hp45%(450/1000) v0][11:(565227,778773) hp40%(400/1000) v0][12:(672000,483000) hp60%(600/1000) v0][13:(122000,672000) hp45%(450/1000) v0][14:(283092,283092) hp40%(400/1000) v0]
case	143m0	team=1	tgt=5	obj=1	phase=2	my_d=140000	| pred kind=-1 na=2 ne=0 ca=1 cve=0 cpe=2 sa=3 focus=None fs=false appr=false iso=false ovl=false lowhp=false | act none=true kind=0 na=0 ne=0 ca=0 pr=248100913848259 focus_tag=-1 focus=0 tgt=0	MATCH	
cfg	143	[00:(940000,940000) hp100%(1000/1000) v0][01:(940000,318447) hp60%(600/1000) v0][02:(318447,318447) hp100%(1000/1000) v0][03:(940000,672000) hp51%(510/1000) v1][04:(672000,671000) hp30%(300/1000) v1][10:(672000,861000) hp39%(390/1000) v0][11:(672000,812000) hp100%(1000/1000) v0][12:(672000,863000) hp51%(510/1000) v0][13:(940000,318447) hp100%(1000/1000) v0][14:(672000,940000) hp30%(300/1000) v0]
case	144m0	team=0	tgt=5	obj=1	phase=2	my_d=181000	| pred kind=-1 na=2 ne=3 ca=1 cve=4 cpe=0 sa=4 focus=Some(23) fs=false appr=true iso=false ovl=true lowhp=false | act none=true kind=0 na=0 ne=0 ca=0 pr=157114929279826 focus_tag=-1 focus=0 tgt=0	MATCH	
cfg	144	[00:(940000,940000) hp100%(1000/1000) v0][01:(544014,799986) hp100%(1000/1000) v0][02:(417442,673414) hp100%(1000/1000) v0][03:(565934,778066) hp40%(400/1000) v0][04:(389158,389158) hp100%(1000/1000) v0][10:(601290,742710) hp49%(490/1000) v0][11:(670586,673414) hp45%(450/1000) v0][12:(172000,672000) hp40%(400/1000) v0][13:(685014,799986) hp49%(490/1000) v0][14:(672000,702000) hp100%(1000/1000) v0]
case	145m0	team=0	tgt=5	obj=1	phase=3	my_d=160000	| pred kind=1 na=1 ne=3 ca=2 cve=2 cpe=0 sa=3 focus=Some(25) fs=false appr=true iso=true ovl=false lowhp=false | act none=false kind=1 na=1 ne=3 ca=2 pr=2 focus_tag=1 focus=25 tgt=5	MATCH	
cfg	145	[00:(940000,940000) hp30%(300/1000) v0][01:(672000,832000) hp49%(490/1000) v0][02:(353802,353802) hp40%(400/1000) v0][03:(536943,536943) hp100%(1000/1000) v0][04:(822000,672000) hp100%(1000/1000) v0][10:(536943,807057) hp40%(400/1000) v0][11:(940000,353802) hp49%(490/1000) v0][12:(538357,805643) hp100%(1000/1000) v0][13:(544014,704014) hp45%(450/1000) v0][14:(672000,940000) hp49%(490/1000) v0]
case	146m0	team=1	tgt=4	obj=0	phase=3	my_d=140000	| pred kind=-1 na=1 ne=3 ca=1 cve=2 cpe=2 sa=5 focus=Some(21) fs=false appr=false iso=false ovl=false lowhp=false | act none=true kind=0 na=0 ne=0 ca=0 pr=236463349856343 focus_tag=-1 focus=0 tgt=0	MATCH	
cfg	146	[00:(305678,503666) hp100%(1000/1000) v0][01:(421643,421643) hp60%(600/1000) v0][02:(57000,288000) hp100%(1000/1000) v0][03:(266787,266787) hp40%(400/1000) v0][04:(676908,676908) hp51%(510/1000) v0][10:(288000,20000) hp45%(450/1000) v0][11:(189006,386994) hp100%(1000/1000) v0][12:(20000,676908) hp40%(400/1000) v0][13:(189006,551994) hp51%(510/1000) v0][14:(72334,270322) hp100%(1000/1000) v0]
case	147m0	team=0	tgt=4	obj=0	phase=0	my_d=220000	| pred kind=2 na=3 ne=2 ca=2 cve=1 cpe=0 sa=5 focus=Some(23) fs=false appr=true iso=false ovl=false lowhp=false | act none=false kind=2 na=3 ne=2 ca=2 pr=1 focus_tag=1 focus=23 tgt=4	MATCH	
cfg	147	[00:(288000,468000) hp100%(1000/1000) v0][01:(288000,508000) hp100%(1000/1000) v0][02:(20000,20000) hp100%(1000/1000) v0][03:(451341,451341) hp49%(490/1000) v0][04:(288000,369000) hp49%(490/1000) v0][10:(387702,408298) hp100%(1000/1000) v0][11:(20000,641553) hp60%(600/1000) v0][12:(123000,508000) hp45%(450/1000) v0][13:(676908,676908) hp39%(390/1000) v1][14:(288000,688000) hp100%(1000/1000) v0]
case	148m0	team=0	tgt=4	obj=0	phase=0	my_d=160000	| pred kind=-1 na=2 ne=3 ca=1 cve=2 cpe=2 sa=4 focus=Some(23) fs=false appr=true iso=false ovl=false lowhp=false | act none=true kind=0 na=0 ne=0 ca=0 pr=151898494120672 focus_tag=-1 focus=0 tgt=0	MATCH	
cfg	148	[00:(288000,20000) hp100%(1000/1000) v0][01:(174863,401137) hp51%(510/1000) v0][02:(160014,160014) hp45%(450/1000) v0][03:(161428,161428) hp39%(390/1000) v0][04:(273150,499424) hp40%(400/1000) v0][10:(203147,372853) hp100%(1000/1000) v0][11:(160014,415986) hp100%(1000/1000) v0][12:(20000,570842) hp100%(1000/1000) v0][13:(59000,288000) hp30%(300/1000) v0][14:(288000,838000) hp51%(510/1000) v0]
case	149m0	team=1	tgt=4	obj=0	phase=1	my_d=149000	| pred kind=1 na=3 ne=2 ca=2 cve=0 cpe=0 sa=5 focus=Some(21) fs=false appr=false iso=false ovl=false lowhp=false | act none=false kind=1 na=3 ne=2 ca=2 pr=0 focus_tag=1 focus=21 tgt=4	MATCH	
cfg	149	[00:(288000,138000) hp100%(1000/1000) v1][01:(288000,20000) hp51%(510/1000) v0][02:(167085,557915) hp51%(510/1000) v0][03:(126073,449927) hp30%(300/1000) v0][04:(404672,553672) hp100%(1000/1000) v0][10:(167085,557915) hp60%(600/1000) v0][11:(288000,437000) hp100%(1000/1000) v0][12:(288000,519000) hp100%(1000/1000) v0][13:(288000,317000) hp40%(400/1000) v0][14:(20000,641553) hp100%(1000/1000) v0]
case	150m0	team=1	tgt=4	obj=1	phase=1	my_d=220000	| pred kind=-1 na=2 ne=1 ca=2 cve=3 cpe=3 sa=5 focus=Some(19) fs=false appr=true iso=false ovl=false lowhp=false | act none=true kind=0 na=0 ne=0 ca=0 pr=126874853786061 focus_tag=-1 focus=0 tgt=0	MATCH	
cfg	150	[00:(288000,99000) hp60%(600/1000) v0][01:(99000,288000) hp60%(600/1000) v0][02:(415986,160014) hp45%(450/1000) v0][03:(20000,288000) hp100%(1000/1000) v0][04:(161428,161428) hp60%(600/1000) v1][10:(160721,415279) hp49%(490/1000) v0][11:(132437,443563) hp49%(490/1000) v0][12:(318000,288000) hp100%(1000/1000) v0][13:(126073,126073) hp100%(1000/1000) v0][14:(20000,20000) hp100%(1000/1000) v0]
case	151m0	team=0	tgt=5	obj=1	phase=2	my_d=179000	| pred kind=-1 na=2 ne=1 ca=3 cve=1 cpe=3 sa=4 focus=None fs=false appr=true iso=false ovl=false lowhp=false | act none=true kind=0 na=0 ne=0 ca=0 pr=26867422918520 focus_tag=-1 focus=0 tgt=0	MATCH	
cfg	151	[00:(491000,851000) hp60%(600/1000) v0][01:(672000,851000) hp60%(600/1000) v0][02:(756852,766148) hp49%(490/1000) v0][03:(693213,650787) hp45%(450/1000) v0][04:(389158,389158) hp100%(1000/1000) v0][10:(318447,318447) hp40%(400/1000) v1][11:(940000,940000) hp100%(1000/1000) v0][12:(545428,940000) hp100%(1000/1000) v0][13:(799986,723014) hp100%(1000/1000) v0][14:(861000,672000) hp51%(510/1000) v1]
case	152m0	team=1	tgt=5	obj=1	phase=2	my_d=149000	| pred kind=-1 na=1 ne=2 ca=4 cve=2 cpe=2 sa=4 focus=Some(18) fs=false appr=false iso=false ovl=false lowhp=false | act none=true kind=0 na=0 ne=0 ca=0 pr=63029028671545 focus_tag=-1 focus=0 tgt=0	MATCH	
cfg	152	[00:(636358,566642) hp51%(510/1000) v0][01:(777358,707642) hp51%(510/1000) v0][02:(940000,672000) hp51%(510/1000) v1][03:(777358,385642) hp100%(1000/1000) v0][04:(940000,940000) hp60%(600/1000) v0][10:(545428,545428) hp100%(1000/1000) v0][11:(777358,566642) hp100%(1000/1000) v0][12:(677656,666344) hp60%(600/1000) v0][13:(742710,601290) hp30%(300/1000) v0][14:(596358,566642) hp51%(510/1000) v0]
case	153m0	team=1	tgt=5	obj=1	phase=3	my_d=80000	| pred kind=1 na=1 ne=2 ca=3 cve=0 cpe=1 sa=4 focus=Some(22) fs=true appr=false iso=false ovl=false lowhp=false | act none=false kind=1 na=1 ne=2 ca=3 pr=1 focus_tag=1 focus=22 tgt=5	MATCH	
cfg	153	[00:(122000,672000) hp60%(600/1000) v0][01:(940000,672000) hp51%(510/1000) v0][02:(592000,811000) hp30%(300/1000) v0][03:(940000,672000) hp100%(1000/1000) v0][04:(507148,587148) hp30%(300/1000) v0][10:(851000,672000) hp100%(1000/1000) v0][11:(592000,672000) hp51%(510/1000) v0][12:(672000,122000) hp51%(510/1000) v0][13:(592000,851000) hp60%(600/1000) v0][14:(691702,771702) hp51%(510/1000) v0]
case	154m0	team=0	tgt=5	obj=1	phase=3	my_d=179000	| pred kind=1 na=1 ne=3 ca=2 cve=1 cpe=0 sa=5 focus=Some(23) fs=false appr=true iso=true ovl=false lowhp=false | act none=false kind=1 na=1 ne=3 ca=2 pr=1 focus_tag=1 focus=23 tgt=5	MATCH	
cfg	154	[00:(493000,672000) hp60%(600/1000) v0][01:(798572,545428) hp100%(1000/1000) v0][02:(940000,389158) hp60%(600/1000) v0][03:(898274,445726) hp51%(510/1000) v0][04:(798572,366428) hp51%(510/1000) v0][10:(901000,672000) hp100%(1000/1000) v0][11:(798572,406428) hp39%(390/1000) v0][12:(544014,799986) hp100%(1000/1000) v0][13:(122000,672000) hp49%(490/1000) v1][14:(940000,545428) hp60%(600/1000) v0]
case	155m0	team=0	tgt=5	obj=-1	phase=0	my_d=151000	| pred kind=-1 na=2 ne=0 ca=2 cve=2 cpe=0 sa=5 focus=None fs=false appr=true iso=false ovl=false lowhp=false | act none=true kind=0 na=0 ne=0 ca=0 pr=230721153998001 focus_tag=-1 focus=0 tgt=0	MATCH	
cfg	155	[00:(443000,672000) hp51%(510/1000) v0][01:(521000,672000) hp51%(510/1000) v0][02:(807057,536943) hp100%(1000/1000) v0][03:(521000,853000) hp40%(400/1000) v0][04:(647572,798572) hp45%(450/1000) v0][10:(853000,672000) hp60%(600/1000) v0][11:(222000,672000) hp40%(400/1000) v1][12:(702000,672000) hp45%(450/1000) v0][13:(672000,940000) hp45%(450/1000) v1][14:(940000,672000) hp45%(450/1000) v1]
case	156m0	team=1	tgt=4	obj=0	phase=0	my_d=80000	| pred kind=-1 na=2 ne=1 ca=2 cve=1 cpe=1 sa=3 focus=Some(21) fs=false appr=false iso=false ovl=false lowhp=false | act none=true kind=0 na=0 ne=0 ca=0 pr=64756397084117 focus_tag=-1 focus=0 tgt=0	MATCH	
cfg	156	[00:(288000,788000) hp49%(490/1000) v0][01:(471140,104860) hp51%(510/1000) v0][02:(641553,641553) hp30%(300/1000) v0][03:(415986,160014) hp51%(510/1000) v0][04:(738000,288000) hp100%(1000/1000) v0][10:(20000,288000) hp30%(300/1000) v0][11:(344568,231432) hp49%(490/1000) v0][12:(217290,217290) hp40%(400/1000) v0][13:(676908,676908) hp49%(490/1000) v0][14:(20000,288000) hp45%(450/1000) v0]
case	157m0	team=0	tgt=4	obj=0	phase=1	my_d=181000	| pred kind=2 na=1 ne=1 ca=2 cve=1 cpe=0 sa=3 focus=Some(24) fs=false appr=true iso=false ovl=false lowhp=false | act none=false kind=2 na=1 ne=1 ca=2 pr=1 focus_tag=1 focus=24 tgt=4	MATCH	
cfg	157	[00:(288000,788000) hp45%(450/1000) v0][01:(107000,288000) hp100%(1000/1000) v0][02:(414572,161428) hp100%(1000/1000) v0][03:(414572,161428) hp60%(600/1000) v0][04:(20000,20000) hp39%(390/1000) v0][10:(288000,517000) hp45%(450/1000) v0][11:(258000,288000) hp49%(490/1000) v0][12:(20000,676908) hp60%(600/1000) v1][13:(394066,181934) hp39%(390/1000) v0][14:(477000,288000) hp60%(600/1000) v1]
case	158m0	team=0	tgt=4	obj=0	phase=1	my_d=151000	| pred kind=-1 na=1 ne=3 ca=1 cve=1 cpe=1 sa=2 focus=Some(23) fs=false appr=true iso=true ovl=false lowhp=false | act none=true kind=0 na=0 ne=0 ca=0 pr=216453523504224 focus_tag=-1 focus=0 tgt=0	MATCH	
cfg	158	[00:(288000,788000) hp45%(450/1000) v0][01:(394773,181227) hp51%(510/1000) v0][02:(515688,60312) hp39%(390/1000) v0][03:(517000,288000) hp49%(490/1000) v0][04:(688000,288000) hp39%(390/1000) v0][10:(394773,221227) hp39%(390/1000) v0][11:(394773,352227) hp51%(510/1000) v1][12:(838000,288000) hp40%(400/1000) v0][13:(493060,279514) hp30%(300/1000) v0][14:(438000,288000) hp49%(490/1000) v0]
case	159m0	team=1	tgt=4	obj=0	phase=2	my_d=140000	| pred kind=-1 na=2 ne=1 ca=2 cve=2 cpe=2 sa=3 focus=Some(20) fs=false appr=false iso=false ovl=false lowhp=false | act none=true kind=0 na=0 ne=0 ca=0 pr=19885586773298 focus_tag=-1 focus=0 tgt=0	MATCH	
cfg	159	[00:(148000,467000) hp40%(400/1000) v1][01:(641553,641553) hp100%(1000/1000) v1][02:(217290,217290) hp100%(1000/1000) v0][03:(415986,415986) hp45%(450/1000) v0][04:(517000,288000) hp39%(390/1000) v0][10:(246287,386287) hp45%(450/1000) v0][11:(148000,288000) hp49%(490/1000) v0][12:(148000,109000) hp100%(1000/1000) v0][13:(217290,217290) hp39%(390/1000) v0][14:(327000,288000) hp39%(390/1000) v0]
case	160m0	team=0	tgt=4	obj=0	phase=2	my_d=181000	| pred kind=-1 na=1 ne=0 ca=1 cve=1 cpe=4 sa=4 focus=None fs=false appr=true iso=false ovl=false lowhp=false | act none=true kind=0 na=0 ne=0 ca=0 pr=8040636139879 focus_tag=-1 focus=0 tgt=0	MATCH	
cfg	160	[00:(415986,299014) hp39%(390/1000) v0][01:(415986,160014) hp100%(1000/1000) v0][02:(309213,266787) hp100%(1000/1000) v0][03:(152943,423057) hp100%(1000/1000) v0][04:(288000,99000) hp100%(1000/1000) v0][10:(295986,160014) hp100%(1000/1000) v1][11:(288000,838000) hp100%(1000/1000) v0][12:(124659,451341) hp51%(510/1000) v0][13:(109000,288000) hp100%(1000/1000) v0][14:(295071,39099) hp100%(1000/1000) v0]
case	161m0	team=0	tgt=5	obj=1	phase=3	my_d=160000	| pred kind=1 na=2 ne=1 ca=2 cve=1 cpe=1 sa=4 focus=None fs=false appr=true iso=false ovl=false lowhp=false | act none=false kind=1 na=2 ne=1 ca=2 pr=2 focus_tag=0 focus=2417680684960 tgt=5	MATCH	
cfg	161	[00:(691000,672000) hp39%(390/1000) v0][01:(512000,672000) hp60%(600/1000) v0][02:(940000,283092) hp49%(490/1000) v0][03:(853000,672000) hp60%(600/1000) v0][04:(610287,770287) hp100%(1000/1000) v0][10:(333000,672000) hp60%(600/1000) v0][11:(702000,672000) hp100%(1000/1000) v1][12:(683000,672000) hp45%(450/1000) v1][13:(822000,672000) hp100%(1000/1000) v0][14:(395328,555328) hp45%(450/1000) v0]
case	162m0	team=1	tgt=5	obj=1	phase=3	my_d=140000	| pred kind=1 na=2 ne=1 ca=4 cve=0 cpe=1 sa=5 focus=None fs=false appr=false iso=false ovl=false lowhp=false | act none=false kind=1 na=2 ne=1 ca=4 pr=1 focus_tag=0 focus=2565100934384 tgt=5	MATCH	
cfg	162	[00:(940000,672000) hp40%(400/1000) v0][01:(770994,394006) hp60%(600/1000) v0][02:(443000,672000) hp100%(1000/1000) v0][03:(770994,432006) hp39%(390/1000) v0][04:(770994,712006) hp100%(1000/1000) v1][10:(693213,650787) hp60%(600/1000) v0][11:(770994,573006) hp45%(450/1000) v0][12:(545428,545428) hp60%(600/1000) v0][13:(672000,940000) hp100%(1000/1000) v0][14:(545428,798572) hp100%(1000/1000) v0]
case	163m0	team=1	tgt=5	obj=0	phase=0	my_d=220000	| pred kind=-1 na=0 ne=0 ca=2 cve=1 cpe=0 sa=4 focus=None fs=false appr=true iso=false ovl=false lowhp=false | act none=true kind=0 na=0 ne=0 ca=0 pr=217174020957638 focus_tag=-1 focus=0 tgt=0	MATCH	
cfg	163	[00:(851000,672000) hp39%(390/1000) v0][01:(222000,672000) hp100%(1000/1000) v0][02:(672000,441000) hp49%(490/1000) v0][03:(318447,318447) hp30%(300/1000) v1][04:(672000,483000) hp40%(400/1000) v0][10:(565934,565934) hp45%(450/1000) v0][11:(452000,672000) hp39%(390/1000) v0][12:(578572,545428) hp51%(510/1000) v0][13:(353802,940000) hp51%(510/1000) v0][14:(538357,538357) hp100%(1000/1000) v0]
case	164m0	team=0	tgt=5	obj=1	phase=0	my_d=160000	| pred kind=-1 na=1 ne=2 ca=1 cve=2 cpe=0 sa=4 focus=Some(25) fs=false appr=true iso=true ovl=false lowhp=false | act none=true kind=0 na=0 ne=0 ca=0 pr=241667535455289 focus_tag=-1 focus=0 tgt=0	MATCH	
cfg	164	[00:(905137,558863) hp39%(390/1000) v0][01:(785137,558863) hp100%(1000/1000) v0][02:(940000,353802) hp51%(510/1000) v0][03:(940000,558863) hp100%(1000/1000) v0][04:(940000,672000) hp40%(400/1000) v0][10:(672000,272000) hp40%(400/1000) v0][11:(318447,318447) hp39%(390/1000) v0][12:(772000,672000) hp40%(400/1000) v0][13:(883424,657150) hp49%(490/1000) v0][14:(565934,565934) hp51%(510/1000) v0]
case	165m0	team=1	tgt=5	obj=1	phase=1	my_d=149000	| pred kind=1 na=1 ne=0 ca=2 cve=0 cpe=2 sa=3 focus=None fs=true appr=false iso=false ovl=false lowhp=false | act none=false kind=1 na=1 ne=0 ca=2 pr=2 focus_tag=0 focus=1393234643248 tgt=5	MATCH	
cfg	165	[00:(402085,551085) hp30%(300/1000) v0][01:(672000,940000) hp60%(600/1000) v0][02:(353802,940000) hp100%(1000/1000) v1][03:(523000,843000) hp100%(1000/1000) v1][04:(672000,940000) hp40%(400/1000) v1][10:(940000,672000) hp100%(1000/1000) v0][11:(523000,672000) hp49%(490/1000) v0][12:(672000,172000) hp45%(450/1000) v0][13:(639672,788672) hp60%(600/1000) v0][14:(672000,222000) hp60%(600/1000) v0]
case	166m0	team=1	tgt=4	obj=0	phase=1	my_d=220000	| pred kind=4 na=0 ne=1 ca=1 cve=0 cpe=3 sa=2 focus=None fs=true appr=true iso=false ovl=false lowhp=true | act none=false kind=4 na=0 ne=1 ca=1 pr=3 focus_tag=0 focus=1988911623744 tgt=4	MATCH	
cfg	166	[00:(20000,20000) hp100%(1000/1000) v0][01:(738000,288000) hp60%(600/1000) v0][02:(541850,34150) hp45%(450/1000) v0][03:(394066,181934) hp100%(1000/1000) v1][04:(676908,676908) hp100%(1000/1000) v0][10:(288000,838000) hp60%(600/1000) v0][11:(443563,132437) hp30%(300/1000) v0][12:(288000,788000) hp40%(400/1000) v0][13:(343861,32735) hp45%(450/1000) v0][14:(322648,253352) hp60%(600/1000) v0]
case	167m0	team=0	tgt=4	obj=1	phase=2	my_d=179000	| pred kind=-1 na=4 ne=1 ca=2 cve=1 cpe=0 sa=4 focus=Some(27) fs=false appr=true iso=false ovl=false lowhp=false | act none=true kind=0 na=0 ne=0 ca=0 pr=237932728791278 focus_tag=-1 focus=0 tgt=0	MATCH	
cfg	167	[00:(217290,217290) hp100%(1000/1000) v0][01:(109000,288000) hp100%(1000/1000) v0][02:(80716,316284) hp100%(1000/1000) v0][03:(20000,189713) hp100%(1000/1000) v0][04:(288000,109000) hp30%(300/1000) v0][10:(414572,414572) hp100%(1000/1000) v1][11:(236986,160014) hp40%(400/1000) v0][12:(738000,288000) hp39%(390/1000) v0][13:(788000,288000) hp45%(450/1000) v0][14:(126073,126073) hp49%(490/1000) v0]
case	168m0	team=0	tgt=4	obj=0	phase=2	my_d=151000	| pred kind=2 na=1 ne=1 ca=3 cve=2 cpe=1 sa=4 focus=Some(27) fs=false appr=true iso=false ovl=false lowhp=false | act none=false kind=2 na=1 ne=1 ca=3 pr=3 focus_tag=1 focus=27 tgt=4	MATCH	
cfg	168	[00:(160014,160014) hp100%(1000/1000) v0][01:(394773,181227) hp60%(600/1000) v0][02:(266787,309213) hp39%(390/1000) v0][03:(215773,181227) hp60%(600/1000) v0][04:(268201,307799) hp100%(1000/1000) v0][10:(451341,451341) hp100%(1000/1000) v1][11:(641553,20000) hp45%(450/1000) v0][12:(138000,288000) hp100%(1000/1000) v0][13:(154357,154357) hp40%(400/1000) v0][14:(295071,81525) hp45%(450/1000) v0]
case	169m0	team=1	tgt=4	obj=0	phase=2	my_d=80000	| pred kind=-1 na=2 ne=1 ca=3 cve=1 cpe=1 sa=3 focus=Some(21) fs=false appr=false iso=false ovl=false lowhp=false | act none=true kind=0 na=0 ne=0 ca=0 pr=44355212653088 focus_tag=-1 focus=0 tgt=0	MATCH	
cfg	169	[00:(124659,124659) hp100%(1000/1000) v1][01:(449927,126073) hp60%(600/1000) v0][02:(288000,788000) hp40%(400/1000) v0][03:(358710,358710) hp51%(510/1000) v0][04:(451341,451341) hp45%(450/1000) v0][10:(208000,248000) hp100%(1000/1000) v0][11:(208000,288000) hp100%(1000/1000) v0][12:(152943,423057) hp39%(390/1000) v0][13:(20000,288000) hp30%(300/1000) v0][14:(288000,138000) hp49%(490/1000) v0]
case	170m0	team=0	tgt=4	obj=0	phase=3	my_d=181000	| pred kind=3 na=1 ne=2 ca=1 cve=2 cpe=2 sa=4 focus=Some(23) fs=false appr=true iso=true ovl=false lowhp=false | act none=false kind=3 na=1 ne=2 ca=1 pr=4 focus_tag=1 focus=23 tgt=4	MATCH	
cfg	170	[00:(570842,20000) hp100%(1000/1000) v0][01:(415986,160014) hp100%(1000/1000) v0][02:(289414,286586) hp100%(1000/1000) v0][03:(217290,217290) hp39%(390/1000) v0][04:(288000,32028) hp51%(510/1000) v0][10:(331134,244866) hp45%(450/1000) v0][11:(160014,415986) hp51%(510/1000) v0][12:(299314,43342) hp30%(300/1000) v0][13:(514273,258301) hp30%(300/1000) v1][14:(20000,20000) hp60%(600/1000) v1]
case	171m0	team=0	tgt=5	obj=1	phase=3	my_d=151000	| pred kind=2 na=1 ne=0 ca=1 cve=1 cpe=1 sa=5 focus=Some(23) fs=false appr=true iso=false ovl=false lowhp=false | act none=false kind=2 na=1 ne=0 ca=1 pr=2 focus_tag=1 focus=23 tgt=5	MATCH	
cfg	171	[00:(940000,389158) hp100%(1000/1000) v0][01:(672000,521000) hp100%(1000/1000) v0][02:(536943,807057) hp40%(400/1000) v0][03:(672000,861000) hp100%(1000/1000) v0][04:(940000,672000) hp51%(510/1000) v0][10:(551085,641915) hp40%(400/1000) v0][11:(536943,807057) hp60%(600/1000) v0][12:(272000,672000) hp60%(600/1000) v0][13:(493000,521000) hp100%(1000/1000) v1][14:(940000,389158) hp40%(400/1000) v0]
case	172m0	team=1	tgt=5	obj=-1	phase=0	my_d=140000	| pred kind=-1 na=2 ne=1 ca=3 cve=1 cpe=1 sa=4 focus=Some(21) fs=false appr=false iso=false ovl=false lowhp=false | act none=true kind=0 na=0 ne=0 ca=0 pr=205886606479886 focus_tag=-1 focus=0 tgt=0	MATCH	
cfg	172	[00:(940000,389158) hp100%(1000/1000) v0][01:(474719,671293) hp60%(600/1000) v1][02:(807057,807057) hp30%(300/1000) v1][03:(572000,672000) hp45%(450/1000) v0][04:(650787,693213) hp30%(300/1000) v1][10:(389158,940000) hp40%(400/1000) v0][11:(573006,573006) hp39%(390/1000) v0][12:(573006,712006) hp100%(1000/1000) v0][13:(699578,699578) hp100%(1000/1000) v0][14:(613006,573006) hp45%(450/1000) v0]
case	173m0	team=1	tgt=5	obj=1	phase=0	my_d=181000	| pred kind=3 na=1 ne=1 ca=0 cve=0 cpe=0 sa=5 focus=None fs=false appr=true iso=false ovl=false lowhp=false | act none=false kind=3 na=1 ne=1 ca=0 pr=0 focus_tag=0 focus=2684676664896 tgt=5	MATCH	
cfg	173	[00:(788672,374328) hp60%(600/1000) v0][01:(833927,833927) hp60%(600/1000) v0][02:(283092,940000) hp100%(1000/1000) v0][03:(353802,353802) hp40%(400/1000) v0][04:(940000,672000) hp49%(490/1000) v0][10:(835341,508659) hp40%(400/1000) v0][11:(672000,491000) hp60%(600/1000) v0][12:(940000,672000) hp60%(600/1000) v0][13:(843000,491000) hp40%(400/1000) v0][14:(272000,672000) hp45%(450/1000) v0]
case	174m0	team=0	tgt=5	obj=1	phase=1	my_d=160000	| pred kind=-1 na=1 ne=0 ca=1 cve=1 cpe=0 sa=3 focus=None fs=false appr=true iso=false ovl=false lowhp=false | act none=true kind=0 na=0 ne=0 ca=0 pr=177290172337983 focus_tag=-1 focus=0 tgt=0	MATCH	
cfg	174	[00:(686849,430877) hp60%(600/1000) v0][01:(558863,558863) hp100%(1000/1000) v0][02:(459161,658565) hp45%(450/1000) v0][03:(558863,598863) hp30%(300/1000) v0][04:(742710,742710) hp39%(390/1000) v0][10:(940000,389158) hp100%(1000/1000) v0][11:(799986,799986) hp100%(1000/1000) v0][12:(379863,558863) hp51%(510/1000) v0][13:(940000,318447) hp51%(510/1000) v0][14:(798572,545428) hp45%(450/1000) v1]
case	175m0	team=1	tgt=4	obj=0	phase=1	my_d=140000	| pred kind=-1 na=1 ne=3 ca=0 cve=2 cpe=2 sa=3 focus=Some(22) fs=false appr=false iso=false ovl=false lowhp=false | act none=true kind=0 na=0 ne=0 ca=0 pr=169957447198176 focus_tag=-1 focus=0 tgt=0	MATCH	
cfg	175	[00:(20000,676908) hp51%(510/1000) v0][01:(288000,109000) hp100%(1000/1000) v0][02:(167085,27085) hp100%(1000/1000) v0][03:(328000,148000) hp39%(390/1000) v0][04:(259716,176284) hp49%(490/1000) v0][10:(203148,63148) hp100%(1000/1000) v0][11:(288000,148000) hp30%(300/1000) v0][12:(124659,451341) hp49%(490/1000) v0][13:(20000,20000) hp51%(510/1000) v0][14:(408915,27085) hp39%(390/1000) v0]
case	176m0	team=1	tgt=4	obj=1	phase=2	my_d=220000	| pred kind=-1 na=1 ne=0 ca=1 cve=1 cpe=2 sa=3 focus=None fs=false appr=true iso=false ovl=false lowhp=false | act none=true kind=0 na=0 ne=0 ca=0 pr=143098360607335 focus_tag=-1 focus=0 tgt=0	MATCH	
cfg	176	[00:(20000,676908) hp49%(490/1000) v1][01:(20000,132437) hp60%(600/1000) v1][02:(438000,288000) hp51%(510/1000) v0][03:(20000,570842) hp30%(300/1000) v0][04:(517000,288000) hp100%(1000/1000) v0][10:(688000,288000) hp51%(510/1000) v0][11:(132437,132437) hp60%(600/1000) v0][12:(288000,258000) hp45%(450/1000) v0][13:(288000,109000) hp30%(300/1000) v0][14:(438000,288000) hp39%(390/1000) v0]
case	177m0	team=0	tgt=4	obj=0	phase=2	my_d=160000	| pred kind=-1 na=2 ne=1 ca=4 cve=1 cpe=1 sa=5 focus=None fs=false appr=true iso=false ovl=false lowhp=false | act none=true kind=0 na=0 ne=0 ca=0 pr=148276286330485 focus_tag=-1 focus=0 tgt=0	MATCH	
cfg	177	[00:(161428,414572) hp49%(490/1000) v0][01:(288000,128000) hp100%(1000/1000) v0][02:(189713,226287) hp51%(510/1000) v0][03:(288000,299000) hp40%(400/1000) v0][04:(429000,128000) hp60%(600/1000) v0][10:(20000,20000) hp45%(450/1000) v0][11:(288000,20000) hp45%(450/1000) v0][12:(109000,288000) hp60%(600/1000) v0][13:(109000,128000) hp40%(400/1000) v0][14:(606198,20000) hp45%(450/1000) v0]
case	178m0	team=0	tgt=4	obj=0	phase=3	my_d=149000	| pred kind=-1 na=2 ne=2 ca=1 cve=0 cpe=1 sa=5 focus=Some(23) fs=false appr=false iso=false ovl=false lowhp=false | act none=true kind=0 na=0 ne=0 ca=0 pr=97289550991940 focus_tag=-1 focus=0 tgt=0	MATCH	
cfg	178	[00:(54656,310628) hp45%(450/1000) v0][01:(182642,182642) hp49%(490/1000) v0][02:(124659,451341) hp100%(1000/1000) v0][03:(182642,62642) hp100%(1000/1000) v0][04:(288000,688000) hp60%(600/1000) v0][10:(154357,154357) hp39%(390/1000) v0][11:(20000,288000) hp49%(490/1000) v1][12:(97790,267494) hp40%(400/1000) v0][13:(182642,321642) hp39%(390/1000) v1][14:(570842,20000) hp100%(1000/1000) v1]
case	179m0	team=1	tgt=4	obj=0	phase=3	my_d=220000	| pred kind=3 na=1 ne=2 ca=0 cve=2 cpe=1 sa=4 focus=Some(18) fs=false appr=true iso=true ovl=false lowhp=false | act none=false kind=3 na=1 ne=2 ca=0 pr=3 focus_tag=1 focus=18 tgt=4	MATCH	
cfg	179	[00:(188298,167702) hp49%(490/1000) v0][01:(388000,288000) hp100%(1000/1000) v0][02:(288000,20000) hp49%(490/1000) v1][03:(288000,57000) hp100%(1000/1000) v0][04:(467000,68000) hp51%(510/1000) v0][10:(117000,68000) hp100%(1000/1000) v0][11:(288000,68000) hp100%(1000/1000) v0][12:(161428,20000) hp30%(300/1000) v0][13:(124659,451341) hp100%(1000/1000) v0][14:(676908,20000) hp100%(1000/1000) v0]
case	180m0	team=0	tgt=5	obj=0	phase=0	my_d=179000	| pred kind=-1 na=2 ne=1 ca=3 cve=2 cpe=1 sa=5 focus=Some(24) fs=false appr=true iso=false ovl=false lowhp=false | act none=true kind=0 na=0 ne=0 ca=0 pr=16885498030072 focus_tag=-1 focus=0 tgt=0	MATCH	
cfg	180	[00:(940000,940000) hp45%(450/1000) v0][01:(545428,545428) hp100%(1000/1000) v0][02:(389158,940000) hp60%(600/1000) v0][03:(665428,545428) hp40%(400/1000) v0][04:(672000,642000) hp49%(490/1000) v0][10:(702000,672000) hp100%(1000/1000) v0][11:(572000,672000) hp49%(490/1000) v0][12:(172000,672000) hp51%(510/1000) v1][13:(940000,318447) hp100%(1000/1000) v0][14:(940000,353802) hp49%(490/1000) v0]
case	181m0	team=0	tgt=5	obj=1	phase=0	my_d=149000	| pred kind=-1 na=1 ne=1 ca=2 cve=1 cpe=1 sa=3 focus=Some(27) fs=false appr=false iso=false ovl=false lowhp=false | act none=true kind=0 na=0 ne=0 ca=0 pr=145279053506336 focus_tag=-1 focus=0 tgt=0	MATCH	
cfg	181	[00:(693213,693213) hp45%(450/1000) v0][01:(672000,523000) hp51%(510/1000) v0][02:(805643,805643) hp30%(300/1000) v0][03:(672000,172000) hp100%(1000/1000) v0][04:(510073,833927) hp40%(400/1000) v0][10:(861000,672000) hp100%(1000/1000) v0][11:(672000,702000) hp51%(510/1000) v1][12:(544014,799986) hp39%(390/1000) v0][13:(318447,940000) hp100%(1000/1000) v0][14:(693213,650787) hp39%(390/1000) v0]
case	182m0	team=1	tgt=5	obj=1	phase=1	my_d=80000	| pred kind=1 na=2 ne=0 ca=2 cve=1 cpe=0 sa=4 focus=None fs=false appr=false iso=false ovl=false lowhp=false | act none=false kind=1 na=2 ne=0 ca=2 pr=1 focus_tag=0 focus=2617283221760 tgt=5	MATCH	
cfg	182	[00:(799986,799986) hp40%(400/1000) v0][01:(353802,353802) hp100%(1000/1000) v0][02:(940000,318447) hp45%(450/1000) v0][03:(443000,672000) hp60%(600/1000) v0][04:(672000,940000) hp100%(1000/1000) v1][10:(807057,807057) hp39%(390/1000) v0][11:(615432,615432) hp60%(600/1000) v0][12:(672000,522000) hp100%(1000/1000) v0][13:(940000,672000) hp51%(510/1000) v0][14:(672000,443000) hp60%(600/1000) v0]
case	183m0	team=0	tgt=5	obj=1	phase=1	my_d=179000	| pred kind=4 na=0 ne=1 ca=0 cve=4 cpe=0 sa=2 focus=Some(27) fs=false appr=true iso=false ovl=true lowhp=true | act none=false kind=4 na=0 ne=1 ca=0 pr=4 focus_tag=1 focus=27 tgt=5	MATCH	
cfg	183	[00:(940000,940000) hp39%(390/1000) v0][01:(672000,493000) hp30%(300/1000) v0][02:(799986,799986) hp100%(1000/1000) v0][03:(851000,493000) hp45%(450/1000) v0][04:(544014,365014) hp30%(300/1000) v0][10:(672000,672000) hp49%(490/1000) v0][11:(702000,672000) hp100%(1000/1000) v0][12:(501000,493000) hp45%(450/1000) v0][13:(493000,672000) hp60%(600/1000) v0][14:(573713,591287) hp49%(490/1000) v0]
case	184m0	team=0	tgt=5	obj=1	phase=2	my_d=151000	| pred kind=-1 na=1 ne=1 ca=2 cve=3 cpe=1 sa=2 focus=Some(27) fs=false appr=true iso=false ovl=false lowhp=false | act none=true kind=0 na=0 ne=0 ca=0 pr=88242374013123 focus_tag=-1 focus=0 tgt=0	MATCH	
cfg	184	[00:(672000,172000) hp39%(390/1000) v0][01:(565227,565227) hp100%(1000/1000) v0][02:(686142,686142) hp39%(390/1000) v0][03:(426227,565227) hp39%(390/1000) v0][04:(746227,565227) hp100%(1000/1000) v0][10:(672000,861000) hp40%(400/1000) v1][11:(822000,672000) hp100%(1000/1000) v0][12:(353802,940000) hp30%(300/1000) v1][13:(822000,672000) hp51%(510/1000) v0][14:(536943,593511) hp40%(400/1000) v0]
case	185m0	team=1	tgt=4	obj=-1	phase=2	my_d=80000	| pred kind=-1 na=2 ne=1 ca=2 cve=3 cpe=1 sa=5 focus=Some(19) fs=false appr=false iso=false ovl=false lowhp=false | act none=true kind=0 na=0 ne=0 ca=0 pr=94542930582021 focus_tag=-1 focus=0 tgt=0	MATCH	
cfg	185	[00:(288000,20000) hp30%(300/1000) v0][01:(167085,328915) hp100%(1000/1000) v0][02:(288000,519000) hp40%(400/1000) v1][03:(453000,208000) hp40%(400/1000) v0][04:(288000,438000) hp60%(600/1000) v0][10:(676908,20000) hp49%(490/1000) v0][11:(288000,208000) hp60%(600/1000) v0][12:(20000,20000) hp49%(490/1000) v0][13:(149000,208000) hp40%(400/1000) v0][14:(288000,517000) hp49%(490/1000) v0]
case	186m0	team=1	tgt=4	obj=0	phase=3	my_d=181000	| pred kind=-1 na=2 ne=0 ca=0 cve=0 cpe=3 sa=4 focus=None fs=false appr=true iso=false ovl=false lowhp=false | act none=true kind=0 na=0 ne=0 ca=0 pr=266386795578884 focus_tag=-1 focus=0 tgt=0	MATCH	
cfg	186	[00:(288000,188000) hp100%(1000/1000) v1][01:(570842,570842) hp100%(1000/1000) v0][02:(20000,288000) hp100%(1000/1000) v1][03:(20000,676908) hp39%(390/1000) v0][04:(451341,451341) hp30%(300/1000) v0][10:(61727,61727) hp39%(390/1000) v0][11:(160014,160014) hp45%(450/1000) v0][12:(641553,20000) hp45%(450/1000) v0][13:(258301,61727) hp100%(1000/1000) v0][14:(288000,20000) hp49%(490/1000) v0]
case	187m0	team=0	tgt=4	obj=0	phase=3	my_d=151000	| pred kind=2 na=2 ne=1 ca=2 cve=1 cpe=0 sa=5 focus=Some(23) fs=false appr=true iso=false ovl=false lowhp=false | act none=false kind=2 na=2 ne=1 ca=2 pr=1 focus_tag=1 focus=23 tgt=4	MATCH	
cfg	187	[00:(288000,20000) hp100%(1000/1000) v0][01:(288000,137000) hp100%(1000/1000) v0][02:(309213,309213) hp40%(400/1000) v0][03:(107000,137000) hp45%(450/1000) v0][04:(449927,449927) hp51%(510/1000) v0][10:(168000,137000) hp100%(1000/1000) v0][11:(20000,20000) hp39%(390/1000) v0][12:(160014,264986) hp100%(1000/1000) v0][13:(414572,414572) hp40%(400/1000) v1][14:(20000,606198) hp40%(400/1000) v0]
case	188m0	team=1	tgt=4	obj=0	phase=0	my_d=140000	| pred kind=-1 na=2 ne=2 ca=2 cve=0 cpe=1 sa=4 focus=Some(20) fs=false appr=false iso=false ovl=false lowhp=false | act none=true kind=0 na=0 ne=0 ca=0 pr=38038081595839 focus_tag=-1 focus=0 tgt=0	MATCH	
cfg	188	[00:(189006,20000) hp30%(300/1000) v0][01:(288000,20000) hp60%(600/1000) v0][02:(309921,309921) hp30%(300/1000) v0][03:(641553,20000) hp100%(1000/1000) v1][04:(20000,189006) hp30%(300/1000) v0][10:(229006,189006) hp60%(600/1000) v0][11:(189006,189006) hp100%(1000/1000) v0][12:(288000,107000) hp39%(390/1000) v0][13:(20000,570842) hp100%(1000/1000) v0][14:(61020,61020) hp40%(400/1000) v0]
case	189m0	team=1	tgt=4	obj=-1	phase=0	my_d=181000	| pred kind=-1 na=1 ne=0 ca=0 cve=2 cpe=3 sa=3 focus=None fs=true appr=true iso=false ovl=false lowhp=false | act none=true kind=0 na=0 ne=0 ca=0 pr=29802230345786 focus_tag=-1 focus=0 tgt=0	MATCH	
cfg	189	[00:(20000,288000) hp100%(1000/1000) v0][01:(99000,288000) hp100%(1000/1000) v0][02:(160014,234986) hp100%(1000/1000) v0][03:(288000,99000) hp100%(1000/1000) v1][04:(171328,223672) hp100%(1000/1000) v1][10:(288000,479000) hp49%(490/1000) v0][11:(288000,107000) hp45%(450/1000) v0][12:(288000,286000) hp30%(300/1000) v0][13:(288000,838000) hp60%(600/1000) v0][14:(517000,288000) hp40%(400/1000) v0]
case	190m0	team=0	tgt=5	obj=1	phase=1	my_d=160000	| pred kind=2 na=2 ne=2 ca=2 cve=2 cpe=0 sa=4 focus=Some(26) fs=false appr=true iso=false ovl=false lowhp=false | act none=false kind=2 na=2 ne=2 ca=2 pr=2 focus_tag=1 focus=26 tgt=5	MATCH	
cfg	190	[00:(572000,672000) hp100%(1000/1000) v0][01:(558863,558863) hp100%(1000/1000) v0][02:(807057,807057) hp49%(490/1000) v0][03:(272000,672000) hp49%(490/1000) v0][04:(699863,558863) hp39%(390/1000) v0][10:(672000,272000) hp45%(450/1000) v0][11:(686849,430877) hp49%(490/1000) v0][12:(538357,805643) hp100%(1000/1000) v0][13:(697863,558863) hp100%(1000/1000) v0][14:(474011,643715) hp45%(450/1000) v0]
case	191m0	team=0	tgt=5	obj=1	phase=1	my_d=140000	| pred kind=1 na=2 ne=0 ca=2 cve=1 cpe=1 sa=4 focus=Some(26) fs=false appr=false iso=false ovl=false lowhp=false | act none=false kind=1 na=2 ne=0 ca=2 pr=2 focus_tag=1 focus=26 tgt=5	MATCH	
cfg	191	[00:(730994,770994) hp100%(1000/1000) v0][01:(770994,770994) hp51%(510/1000) v0][02:(940000,940000) hp100%(1000/1000) v0][03:(940000,940000) hp40%(400/1000) v0][04:(672000,940000) hp30%(300/1000) v0][10:(672000,272000) hp45%(450/1000) v0][11:(940000,318447) hp51%(510/1000) v0][12:(601290,601290) hp60%(600/1000) v1][13:(644422,644422) hp100%(1000/1000) v0][14:(742710,799278) hp100%(1000/1000) v1]
case	192m0	team=1	tgt=5	obj=1	phase=2	my_d=220000	| pred kind=3 na=1 ne=2 ca=0 cve=1 cpe=2 sa=3 focus=Some(18) fs=true appr=true iso=true ovl=false lowhp=false | act none=false kind=3 na=1 ne=2 ca=0 pr=3 focus_tag=1 focus=18 tgt=5	MATCH	
cfg	192	[00:(727000,672000) hp100%(1000/1000) v0][01:(940000,672000) hp60%(600/1000) v0][02:(793713,573713) hp100%(1000/1000) v1][03:(672000,853000) hp60%(600/1000) v1][04:(389158,940000) hp39%(390/1000) v0][10:(672000,122000) hp100%(1000/1000) v0][11:(892000,672000) hp40%(400/1000) v0][12:(318447,940000) hp100%(1000/1000) v0][13:(892000,501000) hp45%(450/1000) v0][14:(940000,353802) hp30%(300/1000) v0]
case	193m0	team=0	tgt=5	obj=0	phase=2	my_d=160000	| pred kind=-1 na=3 ne=0 ca=1 cve=0 cpe=1 sa=4 focus=None fs=false appr=true iso=false ovl=false lowhp=false | act none=true kind=0 na=0 ne=0 ca=0 pr=177394244557625 focus_tag=-1 focus=0 tgt=0	MATCH	
cfg	193	[00:(745137,785137) hp60%(600/1000) v0][01:(785137,785137) hp30%(300/1000) v0][02:(813421,813421) hp51%(510/1000) v0][03:(672000,940000) hp60%(600/1000) v0][04:(807057,807057) hp60%(600/1000) v0][10:(807057,807057) hp100%(1000/1000) v1][11:(536943,807057) hp100%(1000/1000) v0][12:(283092,940000) hp100%(1000/1000) v0][13:(940000,940000) hp60%(600/1000) v0][14:(911709,911709) hp40%(400/1000) v1]
case	194m0	team=0	tgt=5	obj=1	phase=3	my_d=149000	| pred kind=1 na=1 ne=1 ca=2 cve=2 cpe=0 sa=5 focus=Some(23) fs=false appr=false iso=false ovl=false lowhp=false | act none=false kind=1 na=1 ne=1 ca=2 pr=2 focus_tag=1 focus=23 tgt=5	MATCH	
cfg	194	[00:(672000,901000) hp60%(600/1000) v0][01:(821000,672000) hp60%(600/1000) v0][02:(940000,940000) hp100%(1000/1000) v0][03:(940000,940000) hp45%(450/1000) v0][04:(700085,792915) hp60%(600/1000) v0][10:(778066,778066) hp100%(1000/1000) v0][11:(601290,742710) hp100%(1000/1000) v0][12:(389158,389158) hp51%(510/1000) v0][13:(481000,672000) hp51%(510/1000) v0][14:(940000,940000) hp39%(390/1000) v0]
case	195m0	team=1	tgt=4	obj=0	phase=3	my_d=220000	| pred kind=3 na=1 ne=1 ca=0 cve=3 cpe=2 sa=2 focus=Some(18) fs=false appr=true iso=false ovl=true lowhp=false | act none=false kind=3 na=1 ne=1 ca=0 pr=5 focus_tag=1 focus=18 tgt=4	MATCH	
cfg	195	[00:(288000,438000) hp51%(510/1000) v0][01:(266787,266787) hp100%(1000/1000) v1][02:(20000,288000) hp49%(490/1000) v0][03:(315577,315577) hp49%(490/1000) v0][04:(414572,161428) hp100%(1000/1000) v0][10:(326891,560235) hp30%(300/1000) v0][11:(443563,443563) hp45%(450/1000) v0][12:(288000,517000) hp49%(490/1000) v0][13:(451341,124659) hp39%(390/1000) v0][14:(641553,641553) hp100%(1000/1000) v0]
case	196m0	team=1	tgt=4	obj=0	phase=0	my_d=179000	| pred kind=-1 na=3 ne=0 ca=3 cve=0 cpe=0 sa=5 focus=None fs=false appr=true iso=false ovl=false lowhp=false | act none=true kind=0 na=0 ne=0 ca=0 pr=140898100311012 focus_tag=-1 focus=0 tgt=0	MATCH	
cfg	196	[00:(288000,479000) hp60%(600/1000) v1][01:(676908,20000) hp60%(600/1000) v0][02:(288000,20000) hp40%(400/1000) v0][03:(641553,641553) hp45%(450/1000) v0][04:(738000,288000) hp40%(400/1000) v0][10:(309213,266787) hp100%(1000/1000) v0][11:(467000,288000) hp100%(1000/1000) v0][12:(519000,288000) hp45%(450/1000) v0][13:(288000,388000) hp100%(1000/1000) v0][14:(565287,189713) hp100%(1000/1000) v0]
case	197m0	team=0	tgt=4	obj=0	phase=0	my_d=149000	| pred kind=-1 na=2 ne=2 ca=2 cve=1 cpe=1 sa=2 focus=Some(24) fs=true appr=false iso=false ovl=false lowhp=false | act none=true kind=0 na=0 ne=0 ca=0 pr=207812721552609 focus_tag=-1 focus=0 tgt=0	MATCH	
cfg	197	[00:(288000,838000) hp60%(600/1000) v0][01:(393358,393358) hp100%(1000/1000) v0][02:(288000,59000) hp30%(300/1000) v0][03:(393358,254358) hp51%(510/1000) v0][04:(288000,838000) hp40%(400/1000) v0][10:(308506,478210) hp45%(450/1000) v0][11:(423057,423057) hp100%(1000/1000) v0][12:(266786,266786) hp45%(450/1000) v0][13:(519930,266786) hp40%(400/1000) v0][14:(358710,358710) hp30%(300/1000) v1]
case	198m0	team=1	tgt=4	obj=0	phase=0	my_d=80000	| pred kind=-1 na=1 ne=2 ca=2 cve=2 cpe=1 sa=4 focus=Some(21) fs=false appr=false iso=false ovl=false lowhp=false | act none=true kind=0 na=0 ne=0 ca=0 pr=188853464414332 focus_tag=-1 focus=0 tgt=0	MATCH	
cfg	198	[00:(288000,838000) hp51%(510/1000) v0][01:(161428,414572) hp100%(1000/1000) v0][02:(161428,414572) hp45%(450/1000) v1][03:(452852,203148) hp40%(400/1000) v0][04:(484672,171328) hp40%(400/1000) v0][10:(160014,160014) hp45%(450/1000) v0][11:(368000,288000) hp40%(400/1000) v0][12:(269713,386287) hp39%(390/1000) v0][13:(549000,288000) hp100%(1000/1000) v0][14:(109000,288000) hp100%(1000/1000) v0]
case	199m0	team=1	tgt=5	obj=1	phase=1	my_d=181000	| pred kind=3 na=1 ne=1 ca=0 cve=0 cpe=1 sa=3 focus=None fs=false appr=true iso=false ovl=false lowhp=false | act none=false kind=3 na=1 ne=1 ca=0 pr=1 focus_tag=0 focus=1826422255168 tgt=5	MATCH	
cfg	199	[00:(903000,672000) hp49%(490/1000) v0][01:(899688,899688) hp100%(1000/1000) v1][02:(940000,283092) hp100%(1000/1000) v1][03:(522000,672000) hp39%(390/1000) v0][04:(672000,772000) hp100%(1000/1000) v1][10:(940000,672000) hp39%(390/1000) v0][11:(799986,799986) hp100%(1000/1000) v0][12:(940000,940000) hp30%(300/1000) v0][13:(940000,940000) hp51%(510/1000) v0][14:(672000,272000) hp51%(510/1000) v0]
case	200m0	team=0	tgt=5	obj=1	phase=1	my_d=151000	| pred kind=2 na=3 ne=0 ca=2 cve=1 cpe=1 sa=3 focus=Some(25) fs=false appr=true iso=false ovl=false lowhp=false | act none=false kind=2 na=3 ne=0 ca=2 pr=2 focus_tag=1 focus=25 tgt=5	MATCH	
cfg	200	[00:(851000,672000) hp49%(490/1000) v0][01:(823000,672000) hp100%(1000/1000) v0][02:(823000,507000) hp39%(390/1000) v0][03:(672000,172000) hp100%(1000/1000) v0][04:(799986,799986) hp100%(1000/1000) v0][10:(940000,544014) hp100%(1000/1000) v1][11:(272000,672000) hp40%(400/1000) v0][12:(650787,650787) hp40%(400/1000) v0][13:(172000,672000) hp100%(1000/1000) v0][14:(940000,798572) hp40%(400/1000) v0]
case	201m0	team=1	tgt=5	obj=1	phase=2	my_d=140000	| pred kind=-1 na=1 ne=3 ca=1 cve=1 cpe=0 sa=3 focus=Some(21) fs=true appr=false iso=false ovl=false lowhp=false | act none=true kind=0 na=0 ne=0 ca=0 pr=6244577090334 focus_tag=-1 focus=0 tgt=0	MATCH	
cfg	201	[00:(940000,770994) hp45%(450/1000) v1][01:(770994,650994) hp100%(1000/1000) v0][02:(940000,770994) hp40%(400/1000) v0][03:(742710,742710) hp30%(300/1000) v0][04:(940000,389158) hp100%(1000/1000) v0][10:(672000,940000) hp60%(600/1000) v0][11:(770994,770994) hp40%(400/1000) v0][12:(672000,940000) hp100%(1000/1000) v0][13:(672000,222000) hp60%(600/1000) v0][14:(353802,353802) hp51%(510/1000) v0]
case	202m0	team=1	tgt=5	obj=-1	phase=2	my_d=181000	| pred kind=-1 na=2 ne=2 ca=2 cve=1 cpe=1 sa=5 focus=Some(22) fs=false appr=true iso=false ovl=false lowhp=false | act none=true kind=0 na=0 ne=0 ca=0 pr=116305965666833 focus_tag=-1 focus=0 tgt=0	MATCH	
cfg	202	[00:(940000,672000) hp40%(400/1000) v0][01:(122000,672000) hp100%(1000/1000) v0][02:(853000,853000) hp100%(1000/1000) v0][03:(672000,702000) hp100%(1000/1000) v0][04:(853000,811000) hp45%(450/1000) v0][10:(733000,672000) hp45%(450/1000) v0][11:(853000,672000) hp100%(1000/1000) v0][12:(601290,601290) hp100%(1000/1000) v0][13:(508659,508659) hp40%(400/1000) v0][14:(853000,843000) hp45%(450/1000) v0]
case	203m0	team=0	tgt=5	obj=1	phase=3	my_d=160000	| pred kind=-1 na=1 ne=1 ca=0 cve=0 cpe=0 sa=1 focus=None fs=true appr=true iso=false ovl=false lowhp=false | act none=true kind=0 na=0 ne=0 ca=0 pr=66569291609825 focus_tag=-1 focus=0 tgt=0	MATCH	
cfg	203	[00:(318447,318447) hp40%(400/1000) v0][01:(785137,785137) hp39%(390/1000) v0][02:(672000,172000) hp45%(450/1000) v0][03:(672000,122000) hp100%(1000/1000) v0][04:(924137,785137) hp51%(510/1000) v0][10:(353802,353802) hp49%(490/1000) v0][11:(785137,940000) hp51%(510/1000) v0][12:(318447,318447) hp45%(450/1000) v1][13:(778066,565934) hp60%(600/1000) v1][14:(672000,172000) hp39%(390/1000) v0]
case	204m0	team=0	tgt=4	obj=0	phase=3	my_d=140000	| pred kind=1 na=1 ne=0 ca=2 cve=1 cpe=2 sa=3 focus=None fs=true appr=false iso=false ovl=false lowhp=false | act none=false kind=1 na=1 ne=0 ca=2 pr=3 focus_tag=0 focus=2676722482928 tgt=4	MATCH	
cfg	204	[00:(266787,266787) hp39%(390/1000) v0][01:(428000,288000) hp60%(600/1000) v0][02:(288000,258000) hp100%(1000/1000) v0][03:(20000,676908) hp60%(600/1000) v0][04:(288000,838000) hp45%(450/1000) v0][10:(20000,20000) hp40%(400/1000) v0][11:(428000,469000) hp60%(600/1000) v1][12:(109000,288000) hp100%(1000/1000) v0][13:(329713,386287) hp51%(510/1000) v1][14:(288000,59000) hp100%(1000/1000) v0]
case	205m0	team=1	tgt=4	obj=0	phase=0	my_d=220000	| pred kind=-1 na=2 ne=2 ca=2 cve=2 cpe=2 sa=4 focus=Some(21) fs=false appr=true iso=false ovl=false lowhp=false | act none=true kind=0 na=0 ne=0 ca=0 pr=162118221267296 focus_tag=-1 focus=0 tgt=0	MATCH	
cfg	205	[00:(316991,316991) hp40%(400/1000) v0][01:(443563,608563) hp100%(1000/1000) v0][02:(676908,676908) hp100%(1000/1000) v1][03:(345276,345276) hp100%(1000/1000) v0][04:(20000,288000) hp100%(1000/1000) v0][10:(449927,449927) hp100%(1000/1000) v0][11:(443563,443563) hp100%(1000/1000) v0][12:(443563,264563) hp49%(490/1000) v0][13:(443563,563563) hp30%(300/1000) v0][14:(217290,217290) hp40%(400/1000) v0]
case	206m0	team=0	tgt=4	obj=0	phase=0	my_d=160000	| pred kind=-1 na=1 ne=2 ca=1 cve=1 cpe=0 sa=2 focus=Some(23) fs=false appr=true iso=true ovl=false lowhp=false | act none=true kind=0 na=0 ne=0 ca=0 pr=151207137904133 focus_tag=-1 focus=0 tgt=0	MATCH	
cfg	206	[00:(349713,189713) hp39%(390/1000) v0][01:(448000,288000) hp40%(400/1000) v0][02:(288000,57000) hp49%(490/1000) v0][03:(20000,288000) hp39%(390/1000) v0][04:(394066,394066) hp30%(300/1000) v0][10:(388000,288000) hp30%(300/1000) v0][11:(388000,288000) hp100%(1000/1000) v0][12:(20000,20000) hp40%(400/1000) v0][13:(20000,288000) hp45%(450/1000) v0][14:(288000,59000) hp40%(400/1000) v0]
case	207m0	team=0	tgt=4	obj=-1	phase=1	my_d=149000	| pred kind=-1 na=1 ne=2 ca=2 cve=2 cpe=3 sa=3 focus=Some(24) fs=false appr=false iso=false ovl=false lowhp=false | act none=true kind=0 na=0 ne=0 ca=0 pr=150877566363729 focus_tag=-1 focus=0 tgt=0	MATCH	
cfg	207	[00:(161428,161428) hp39%(390/1000) v0][01:(393358,393358) hp100%(1000/1000) v0][02:(393358,212358) hp100%(1000/1000) v0][03:(20000,570842) hp100%(1000/1000) v0][04:(266787,309213) hp30%(300/1000) v0][10:(519000,288000) hp100%(1000/1000) v0][11:(477000,288000) hp100%(1000/1000) v0][12:(57000,288000) hp100%(1000/1000) v0][13:(788000,288000) hp40%(400/1000) v0][14:(393358,222358) hp100%(1000/1000) v0]
case	208m0	team=1	tgt=4	obj=0	phase=1	my_d=220000	| pred kind=-1 na=1 ne=0 ca=0 cve=2 cpe=1 sa=1 focus=Some(21) fs=false appr=true iso=false ovl=false lowhp=false | act none=true kind=0 na=0 ne=0 ca=0 pr=72907843538298 focus_tag=-1 focus=0 tgt=0	MATCH	
cfg	208	[00:(449927,126073) hp30%(300/1000) v1][01:(20000,20000) hp100%(1000/1000) v0][02:(20000,20000) hp100%(1000/1000) v0][03:(387085,408915) hp49%(490/1000) v0][04:(99000,288000) hp49%(490/1000) v0][10:(641553,20000) hp39%(390/1000) v0][11:(508000,288000) hp100%(1000/1000) v0][12:(20000,20000) hp39%(390/1000) v0][13:(676908,676908) hp100%(1000/1000) v0][14:(20000,570842) hp30%(300/1000) v0]
case	209m0	team=1	tgt=5	obj=1	phase=2	my_d=179000	| pred kind=-1 na=1 ne=0 ca=1 cve=2 cpe=0 sa=2 focus=None fs=false appr=true iso=false ovl=false lowhp=false | act none=true kind=0 na=0 ne=0 ca=0 pr=105334628248715 focus_tag=-1 focus=0 tgt=0	MATCH	
cfg	209	[00:(742710,601290) hp100%(1000/1000) v0][01:(926558,670586) hp100%(1000/1000) v0][02:(940000,672000) hp40%(400/1000) v0][03:(481000,672000) hp49%(490/1000) v0][04:(565934,778066) hp100%(1000/1000) v0][10:(353802,353802) hp100%(1000/1000) v0][11:(798572,798572) hp60%(600/1000) v0][12:(799986,544014) hp30%(300/1000) v0][13:(508659,508659) hp40%(400/1000) v0][14:(915244,681900) hp30%(300/1000) v0]
case	210m0	team=0	tgt=5	obj=0	phase=2	my_d=149000	| pred kind=-1 na=3 ne=1 ca=2 cve=0 cpe=0 sa=3 focus=None fs=false appr=false iso=false ovl=false lowhp=false | act none=true kind=0 na=0 ne=0 ca=0 pr=141609565960918 focus_tag=-1 focus=0 tgt=0	MATCH	
cfg	210	[00:(756852,736148) hp100%(1000/1000) v0][01:(672000,821000) hp100%(1000/1000) v0][02:(672000,172000) hp100%(1000/1000) v0][03:(778066,778066) hp30%(300/1000) v0][04:(672000,940000) hp60%(600/1000) v0][10:(672000,940000) hp45%(450/1000) v1][11:(389158,389158) hp40%(400/1000) v0][12:(122000,672000) hp100%(1000/1000) v1][13:(770287,919287) hp100%(1000/1000) v0][14:(672000,172000) hp30%(300/1000) v1]
case	211m0	team=1	tgt=5	obj=1	phase=3	my_d=80000	| pred kind=1 na=2 ne=2 ca=4 cve=0 cpe=2 sa=4 focus=Some(20) fs=false appr=false iso=false ovl=false lowhp=false | act none=false kind=1 na=2 ne=2 ca=4 pr=2 focus_tag=1 focus=20 tgt=5	MATCH	
cfg	211	[00:(940000,353802) hp100%(1000/1000) v0][01:(498760,845240) hp100%(1000/1000) v0][02:(476432,728568) hp49%(490/1000) v0][03:(833927,833927) hp40%(400/1000) v1][04:(615432,589568) hp100%(1000/1000) v1][10:(756432,728568) hp49%(490/1000) v0][11:(615432,728568) hp100%(1000/1000) v0][12:(672000,172000) hp100%(1000/1000) v0][13:(732104,611896) hp51%(510/1000) v0][14:(642000,672000) hp100%(1000/1000) v0]
case	212m0	team=1	tgt=5	obj=1	phase=3	my_d=179000	| pred kind=2 na=4 ne=1 ca=2 cve=0 cpe=0 sa=5 focus=Some(22) fs=false appr=true iso=false ovl=false lowhp=false | act none=false kind=2 na=4 ne=1 ca=2 pr=0 focus_tag=1 focus=22 tgt=5	MATCH	
cfg	212	[00:(940000,353802) hp100%(1000/1000) v0][01:(833927,833927) hp100%(1000/1000) v1][02:(672000,481000) hp40%(400/1000) v1][03:(863000,672000) hp39%(390/1000) v1][04:(643716,879284) hp51%(510/1000) v0][10:(672000,940000) hp40%(400/1000) v0][11:(672000,851000) hp51%(510/1000) v0][12:(672000,940000) hp100%(1000/1000) v0][13:(531000,851000) hp100%(1000/1000) v0][14:(778066,778066) hp100%(1000/1000) v0]
case	213m0	team=0	tgt=5	obj=1	phase=0	my_d=151000	| pred kind=2 na=2 ne=2 ca=2 cve=1 cpe=1 sa=4 focus=Some(24) fs=false appr=true iso=false ovl=false lowhp=false | act none=false kind=2 na=2 ne=2 ca=2 pr=2 focus_tag=1 focus=24 tgt=5	MATCH	
cfg	213	[00:(508659,835341) hp100%(1000/1000) v0][01:(565227,778773) hp100%(1000/1000) v0][02:(272000,672000) hp39%(390/1000) v0][03:(940000,940000) hp40%(400/1000) v0][04:(693213,693213) hp45%(450/1000) v0][10:(222000,672000) hp100%(1000/1000) v0][11:(593511,750489) hp45%(450/1000) v0][12:(445227,778773) hp60%(600/1000) v0][13:(940000,672000) hp60%(600/1000) v0][14:(672000,491000) hp30%(300/1000) v0]
case	214m0	team=0	tgt=4	obj=0	phase=0	my_d=80000	| pred kind=-1 na=2 ne=0 ca=2 cve=1 cpe=1 sa=4 focus=None fs=false appr=false iso=false ovl=false lowhp=false | act none=true kind=0 na=0 ne=0 ca=0 pr=230061053555392 focus_tag=-1 focus=0 tgt=0	MATCH	
cfg	214	[00:(203148,452852) hp100%(1000/1000) v0][01:(288000,368000) hp100%(1000/1000) v0][02:(147000,368000) hp49%(490/1000) v0][03:(20000,20000) hp100%(1000/1000) v0][04:(449927,126073) hp39%(390/1000) v0][10:(20000,288000) hp60%(600/1000) v0][11:(676908,20000) hp49%(490/1000) v0][12:(189713,466287) hp40%(400/1000) v1][13:(154357,154357) hp51%(510/1000) v0][14:(57000,288000) hp60%(600/1000) v1]
case	215m0	team=1	tgt=4	obj=1	phase=1	my_d=181000	| pred kind=-1 na=2 ne=2 ca=0 cve=2 cpe=2 sa=5 focus=Some(22) fs=false appr=true iso=false ovl=false lowhp=false | act none=true kind=0 na=0 ne=0 ca=0 pr=181831996438623 focus_tag=-1 focus=0 tgt=0	MATCH	
cfg	215	[00:(43342,532658) hp100%(1000/1000) v0][01:(288000,20000) hp100%(1000/1000) v0][02:(414572,161428) hp100%(1000/1000) v0][03:(39099,295071) hp100%(1000/1000) v1][04:(188298,387702) hp100%(1000/1000) v0][10:(288000,107000) hp51%(510/1000) v0][11:(160014,415986) hp49%(490/1000) v0][12:(154357,421643) hp49%(490/1000) v0][13:(423057,423057) hp100%(1000/1000) v0][14:(20000,288000) hp100%(1000/1000) v0]
case	216m0	team=0	tgt=4	obj=0	phase=1	my_d=151000	| pred kind=4 na=1 ne=2 ca=0 cve=1 cpe=1 sa=3 focus=Some(24) fs=false appr=true iso=true ovl=false lowhp=true | act none=false kind=4 na=1 ne=2 ca=0 pr=2 focus_tag=1 focus=24 tgt=4	MATCH	
cfg	216	[00:(20000,570842) hp60%(600/1000) v0][01:(288000,439000) hp30%(300/1000) v0][02:(59000,288000) hp40%(400/1000) v0][03:(641553,641553) hp45%(450/1000) v0][04:(427000,439000) hp100%(1000/1000) v0][10:(288000,97000) hp49%(490/1000) v0][11:(217290,358710) hp60%(600/1000) v0][12:(20000,288000) hp51%(510/1000) v0][13:(372852,523852) hp45%(450/1000) v0][14:(147000,439000) hp39%(390/1000) v1]
case	217m0	team=0	tgt=4	obj=0	phase=2	my_d=140000	| pred kind=-1 na=1 ne=2 ca=1 cve=2 cpe=1 sa=3 focus=Some(25) fs=false appr=false iso=false ovl=false lowhp=false | act none=true kind=0 na=0 ne=0 ca=0 pr=168447479093908 focus_tag=-1 focus=0 tgt=0	MATCH	
cfg	217	[00:(570842,570842) hp60%(600/1000) v0][01:(189006,386994) hp100%(1000/1000) v0][02:(20000,288000) hp60%(600/1000) v0][03:(676908,20000) hp39%(390/1000) v0][04:(189006,527994) hp100%(1000/1000) v0][10:(288000,107000) hp39%(390/1000) v1][11:(288708,486696) hp100%(1000/1000) v0][12:(154357,421643) hp45%(450/1000) v0][13:(189006,215994) hp40%(400/1000) v0][14:(20000,288000) hp100%(1000/1000) v0]
case	218m0	team=1	tgt=4	obj=0	phase=2	my_d=181000	| pred kind=-1 na=1 ne=2 ca=2 cve=1 cpe=3 sa=4 focus=Some(19) fs=true appr=true iso=true ovl=false lowhp=false | act none=true kind=0 na=0 ne=0 ca=0 pr=202804233603966 focus_tag=-1 focus=0 tgt=0	MATCH	
cfg	218	[00:(316284,497284) hp51%(510/1000) v1][01:(288000,438000) hp100%(1000/1000) v0][02:(288000,838000) hp100%(1000/1000) v0][03:(259716,497284) hp100%(1000/1000) v0][04:(570842,20000) hp60%(600/1000) v0][10:(20000,570842) hp100%(1000/1000) v0][11:(288000,469000) hp60%(600/1000) v0][12:(288000,738000) hp45%(450/1000) v0][13:(161428,342428) hp49%(490/1000) v0][14:(171328,352328) hp51%(510/1000) v0]
case	219m0	team=1	tgt=5	obj=-1	phase=3	my_d=160000	| pred kind=-1 na=1 ne=4 ca=1 cve=2 cpe=1 sa=3 focus=Some(19) fs=false appr=true iso=true ovl=false lowhp=false | act none=true kind=0 na=0 ne=0 ca=0 pr=66902928155502 focus_tag=-1 focus=0 tgt=0	MATCH	
cfg	219	[00:(675535,901809) hp49%(490/1000) v0][01:(697863,785137) hp100%(1000/1000) v0][02:(393863,785137) hp49%(490/1000) v1][03:(493000,672000) hp60%(600/1000) v0][04:(558863,940000) hp30%(300/1000) v0][10:(283092,940000) hp51%(510/1000) v0][11:(558863,785137) hp39%(390/1000) v0][12:(940000,672000) hp40%(400/1000) v0][13:(672000,222000) hp39%(390/1000) v0][14:(672000,822000) hp45%(450/1000) v0]
case	220m0	team=0	tgt=5	obj=1	phase=3	my_d=140000	| pred kind=1 na=2 ne=0 ca=2 cve=0 cpe=0 sa=5 focus=None fs=false appr=false iso=false ovl=false lowhp=false | act none=false kind=1 na=2 ne=0 ca=2 pr=0 focus_tag=0 focus=2360472245520 tgt=5	MATCH	
cfg	220	[00:(700284,840284) hp49%(490/1000) v0][01:(672000,812000) hp100%(1000/1000) v0][02:(272000,672000) hp100%(1000/1000) v0][03:(807057,536943) hp40%(400/1000) v0][04:(508659,835341) hp49%(490/1000) v0][10:(798572,938572) hp100%(1000/1000) v0][11:(672000,572000) hp30%(300/1000) v0][12:(940000,940000) hp40%(400/1000) v0][13:(940000,353802) hp39%(390/1000) v1][14:(172000,672000) hp100%(1000/1000) v0]
case	221m0	team=1	tgt=5	obj=1	phase=0	my_d=220000	| pred kind=-1 na=1 ne=0 ca=0 cve=2 cpe=0 sa=3 focus=None fs=false appr=true iso=false ovl=false lowhp=false | act none=true kind=0 na=0 ne=0 ca=0 pr=31300112165335 focus_tag=-1 focus=0 tgt=0	MATCH	
cfg	221	[00:(799986,799986) hp45%(450/1000) v0][01:(388451,699577) hp100%(1000/1000) v0][02:(940000,940000) hp100%(1000/1000) v0][03:(672000,491000) hp51%(510/1000) v0][04:(510073,510073) hp30%(300/1000) v1][10:(431585,742711) hp39%(390/1000) v0][11:(516437,827563) hp51%(510/1000) v0][12:(510073,833927) hp30%(300/1000) v0][13:(491000,672000) hp40%(400/1000) v0][14:(318447,940000) hp45%(450/1000) v0]
case	222m0	team=1	tgt=5	obj=1	phase=0	my_d=160000	| pred kind=-1 na=1 ne=0 ca=0 cve=2 cpe=1 sa=3 focus=None fs=false appr=true iso=false ovl=false lowhp=false | act none=true kind=0 na=0 ne=0 ca=0 pr=256160486335684 focus_tag=-1 focus=0 tgt=0	MATCH	
cfg	222	[00:(672000,441000) hp49%(490/1000) v0][01:(778066,565934) hp100%(1000/1000) v0][02:(389158,940000) hp45%(450/1000) v0][03:(851000,672000) hp49%(490/1000) v0][04:(172000,672000) hp60%(600/1000) v0][10:(837000,832000) hp100%(1000/1000) v0][11:(672000,832000) hp39%(390/1000) v0][12:(835341,835341) hp100%(1000/1000) v0][13:(544014,799986) hp100%(1000/1000) v0][14:(545428,705428) hp39%(390/1000) v0]
case	223m0	team=0	tgt=4	obj=0	phase=1	my_d=149000	| pred kind=1 na=2 ne=3 ca=3 cve=0 cpe=1 sa=4 focus=Some(25) fs=false appr=false iso=false ovl=false lowhp=false | act none=false kind=1 na=2 ne=3 ca=3 pr=1 focus_tag=1 focus=25 tgt=4	MATCH	
cfg	223	[00:(288000,109000) hp49%(490/1000) v0][01:(182642,393358) hp100%(1000/1000) v0][02:(20000,393358) hp100%(1000/1000) v0][03:(266787,309213) hp49%(490/1000) v0][04:(182642,572358) hp30%(300/1000) v0][10:(61727,514273) hp40%(400/1000) v0][11:(20000,288000) hp45%(450/1000) v0][12:(210926,421642) hp39%(390/1000) v0][13:(20000,393358) hp100%(1000/1000) v0][14:(43642,393358) hp100%(1000/1000) v0]
case	224m0	team=1	tgt=4	obj=-1	phase=1	my_d=220000	| pred kind=-1 na=3 ne=2 ca=1 cve=3 cpe=2 sa=4 focus=Some(21) fs=false appr=true iso=false ovl=true lowhp=false | act none=true kind=0 na=0 ne=0 ca=0 pr=238324714142189 focus_tag=-1 focus=0 tgt=0	MATCH	
cfg	224	[00:(288000,327000) hp45%(450/1000) v0][01:(126073,449927) hp100%(1000/1000) v0][02:(266787,266787) hp60%(600/1000) v0][03:(288000,438000) hp45%(450/1000) v0][04:(259716,479716) hp100%(1000/1000) v0][10:(288000,318000) hp49%(490/1000) v0][11:(288000,508000) hp49%(490/1000) v0][12:(288000,628000) hp100%(1000/1000) v0][13:(372852,592852) hp100%(1000/1000) v0][14:(288000,327000) hp39%(390/1000) v0]
case	225m0	team=1	tgt=4	obj=0	phase=2	my_d=179000	| pred kind=-1 na=1 ne=3 ca=1 cve=2 cpe=1 sa=3 focus=Some(21) fs=false appr=true iso=true ovl=false lowhp=false | act none=true kind=0 na=0 ne=0 ca=0 pr=23826945901111 focus_tag=-1 focus=0 tgt=0	MATCH	
cfg	225	[00:(288000,20000) hp40%(400/1000) v0][01:(63141,512859) hp100%(1000/1000) v0][02:(388000,288000) hp40%(400/1000) v0][03:(246280,329720) hp40%(400/1000) v0][04:(97000,288000) hp39%(390/1000) v0][10:(20000,288000) hp39%(390/1000) v0][11:(161428,414572) hp40%(400/1000) v0][12:(40513,293657) hp60%(600/1000) v0][13:(688000,288000) hp60%(600/1000) v0][14:(61726,514274) hp30%(300/1000) v0]
case	226m0	team=0	tgt=4	obj=0	phase=2	my_d=149000	| pred kind=-1 na=0 ne=2 ca=0 cve=0 cpe=2 sa=3 focus=Some(27) fs=false appr=false iso=false ovl=false lowhp=false | act none=true kind=0 na=0 ne=0 ca=0 pr=129035734528359 focus_tag=-1 focus=0 tgt=0	MATCH	
cfg	226	[00:(288000,99000) hp40%(400/1000) v0][01:(288000,437000) hp30%(300/1000) v0][02:(123000,437000) hp30%(300/1000) v0][03:(20000,606198) hp49%(490/1000) v0][04:(20000,570842) hp60%(600/1000) v0][10:(676908,20000) hp100%(1000/1000) v1][11:(288000,608000) hp60%(600/1000) v0][12:(415986,415986) hp30%(300/1000) v0][13:(606198,20000) hp51%(510/1000) v0][14:(288000,388000) hp30%(300/1000) v0]
case	227m0	team=0	tgt=4	obj=0	phase=2	my_d=80000	| pred kind=-1 na=2 ne=2 ca=1 cve=2 cpe=2 sa=3 focus=Some(24) fs=false appr=false iso=false ovl=false lowhp=false | act none=true kind=0 na=0 ne=0 ca=0 pr=6788457735041 focus_tag=-1 focus=0 tgt=0	MATCH	
cfg	227	[00:(258000,288000) hp39%(390/1000) v0][01:(231432,344568) hp100%(1000/1000) v0][02:(288000,469000) hp45%(450/1000) v0][03:(467000,288000) hp39%(390/1000) v0][04:(415986,160014) hp60%(600/1000) v0][10:(570842,20000) hp100%(1000/1000) v1][11:(231432,384568) hp51%(510/1000) v0][12:(131730,244866) hp60%(600/1000) v0][13:(20000,606198) hp49%(490/1000) v1][14:(288000,788000) hp60%(600/1000) v0]
case	228m0	team=1	tgt=5	obj=0	phase=3	my_d=179000	| pred kind=-1 na=0 ne=2 ca=1 cve=1 cpe=0 sa=4 focus=Some(19) fs=false appr=true iso=true ovl=false lowhp=false | act none=true kind=0 na=0 ne=0 ca=0 pr=85901690262929 focus_tag=-1 focus=0 tgt=0	MATCH	
cfg	228	[00:(493000,851000) hp30%(300/1000) v1][01:(672000,712000) hp100%(1000/1000) v0][02:(672000,483000) hp39%(390/1000) v0][03:(771702,940000) hp30%(300/1000) v0][04:(493000,851000) hp100%(1000/1000) v1][10:(792915,940000) hp49%(490/1000) v0][11:(672000,851000) hp39%(390/1000) v0][12:(672000,572000) hp45%(450/1000) v0][13:(491000,672000) hp45%(450/1000) v0][14:(443000,672000) hp100%(1000/1000) v0]
case	229m0	team=0	tgt=5	obj=1	phase=3	my_d=151000	| pred kind=-1 na=1 ne=1 ca=2 cve=3 cpe=1 sa=2 focus=Some(26) fs=false appr=true iso=false ovl=false lowhp=false | act none=true kind=0 na=0 ne=0 ca=0 pr=270449489704938 focus_tag=-1 focus=0 tgt=0	MATCH	
cfg	229	[00:(172000,672000) hp100%(1000/1000) v0][01:(565227,778773) hp39%(390/1000) v0][02:(672000,940000) hp39%(390/1000) v0][03:(545428,798572) hp60%(600/1000) v0][04:(772000,672000) hp45%(450/1000) v0][10:(545428,545428) hp45%(450/1000) v0][11:(861000,672000) hp100%(1000/1000) v0][12:(940000,940000) hp100%(1000/1000) v1][13:(522000,672000) hp40%(400/1000) v0][14:(672000,861000) hp100%(1000/1000) v1]
case	230m0	team=0	tgt=5	obj=1	phase=0	my_d=140000	| pred kind=-1 na=2 ne=3 ca=1 cve=2 cpe=0 sa=3 focus=Some(24) fs=false appr=false iso=false ovl=false lowhp=false | act none=true kind=0 na=0 ne=0 ca=0 pr=25090682078603 focus_tag=-1 focus=0 tgt=0	MATCH	
cfg	230	[00:(172000,672000) hp100%(1000/1000) v0][01:(532000,672000) hp100%(1000/1000) v0][02:(532000,792000) hp51%(510/1000) v0][03:(510073,510073) hp45%(450/1000) v0][04:(393000,672000) hp39%(390/1000) v0][10:(601290,601290) hp45%(450/1000) v0][11:(572000,672000) hp100%(1000/1000) v0][12:(353802,353802) hp51%(510/1000) v0][13:(772000,672000) hp39%(390/1000) v0][14:(532000,811000) hp60%(600/1000) v0]
case	231m0	team=1	tgt=5	obj=1	phase=0	my_d=181000	| pred kind=-1 na=1 ne=0 ca=1 cve=0 cpe=0 sa=2 focus=None fs=false appr=true iso=false ovl=false lowhp=false | act none=true kind=0 na=0 ne=0 ca=0 pr=140925028509281 focus_tag=-1 focus=0 tgt=0	MATCH	
cfg	231	[00:(443000,672000) hp30%(300/1000) v0][01:(672000,940000) hp100%(1000/1000) v1][02:(940000,283092) hp39%(390/1000) v0][03:(799986,365014) hp100%(1000/1000) v0][04:(672000,172000) hp40%(400/1000) v0][10:(778066,565934) hp100%(1000/1000) v0][11:(799986,544014) hp39%(390/1000) v0][12:(679071,423099) hp30%(300/1000) v0][13:(700284,643716) hp39%(390/1000) v0][14:(940000,544014) hp60%(600/1000) v0]
case	232m0	team=1	tgt=5	obj=0	phase=1	my_d=160000	| pred kind=-1 na=4 ne=1 ca=3 cve=2 cpe=2 sa=5 focus=Some(21) fs=false appr=true iso=false ovl=false lowhp=false | act none=true kind=0 na=0 ne=0 ca=0 pr=79937253371806 focus_tag=-1 focus=0 tgt=0	MATCH	
cfg	232	[00:(512000,843000) hp100%(1000/1000) v0][01:(683000,672000) hp100%(1000/1000) v0][02:(395328,555328) hp60%(600/1000) v1][03:(650787,650787) hp100%(1000/1000) v0][04:(940000,389158) hp100%(1000/1000) v0][10:(596852,587148) hp51%(510/1000) v0][11:(512000,672000) hp100%(1000/1000) v0][12:(596852,587148) hp100%(1000/1000) v0][13:(672000,940000) hp100%(1000/1000) v0][14:(443000,672000) hp60%(600/1000) v0]
case	233m0	team=0	tgt=4	obj=0	phase=1	my_d=140000	| pred kind=1 na=3 ne=1 ca=3 cve=0 cpe=4 sa=5 focus=None fs=false appr=false iso=false ovl=false lowhp=false | act none=false kind=1 na=3 ne=1 ca=3 pr=4 focus_tag=0 focus=1588231450832 tgt=4	MATCH	
cfg	233	[00:(386994,309006) hp100%(1000/1000) v0][01:(386994,189006) hp100%(1000/1000) v0][02:(386994,229006) hp60%(600/1000) v0][03:(160014,160014) hp51%(510/1000) v0][04:(20000,570842) hp100%(1000/1000) v0][10:(551994,189006) hp100%(1000/1000) v0][11:(20000,20000) hp39%(390/1000) v0][12:(259008,61020) hp60%(600/1000) v1][13:(606198,606198) hp100%(1000/1000) v0][14:(288000,838000) hp100%(1000/1000) v1]
case	234m0	team=1	tgt=4	obj=0	phase=2	my_d=220000	| pred kind=4 na=0 ne=1 ca=2 cve=0 cpe=1 sa=3 focus=None fs=false appr=true iso=false ovl=false lowhp=true | act none=false kind=4 na=0 ne=1 ca=2 pr=1 focus_tag=0 focus=2926959890112 tgt=4	MATCH	
cfg	234	[00:(288000,738000) hp100%(1000/1000) v0][01:(20000,188298) hp100%(1000/1000) v0][02:(288000,519000) hp100%(1000/1000) v0][03:(288000,519000) hp51%(510/1000) v0][04:(68000,109000) hp100%(1000/1000) v0][10:(838000,288000) hp30%(300/1000) v0][11:(68000,288000) hp30%(300/1000) v0][12:(288000,20000) hp100%(1000/1000) v0][13:(438000,288000) hp100%(1000/1000) v0][14:(414572,161428) hp49%(490/1000) v0]
case	235m0	team=1	tgt=4	obj=0	phase=2	my_d=160000	| pred kind=2 na=3 ne=2 ca=4 cve=2 cpe=1 sa=5 focus=Some(20) fs=false appr=true iso=false ovl=false lowhp=false | act none=false kind=2 na=3 ne=2 ca=4 pr=3 focus_tag=1 focus=20 tgt=4	MATCH	
cfg	235	[00:(288000,469000) hp100%(1000/1000) v1][01:(641553,20000) hp100%(1000/1000) v1][02:(361137,174863) hp60%(600/1000) v0][03:(309213,266787) hp49%(490/1000) v1][04:(309213,266787) hp45%(450/1000) v0][10:(288000,388000) hp100%(1000/1000) v0][11:(401137,174863) hp100%(1000/1000) v0][12:(230137,174863) hp60%(600/1000) v0][13:(288000,138000) hp49%(490/1000) v0][14:(477000,288000) hp49%(490/1000) v0]
case	236m0	team=0	tgt=4	obj=0	phase=3	my_d=149000	| pred kind=-1 na=0 ne=2 ca=1 cve=2 cpe=0 sa=3 focus=Some(24) fs=false appr=false iso=false ovl=false lowhp=false | act none=true kind=0 na=0 ne=0 ca=0 pr=39753318837591 focus_tag=-1 focus=0 tgt=0	MATCH	
cfg	236	[00:(519000,288000) hp100%(1000/1000) v0][01:(139000,288000) hp30%(300/1000) v0][02:(288000,788000) hp100%(1000/1000) v0][03:(358710,217290) hp100%(1000/1000) v0][04:(288000,519000) hp49%(490/1000) v0][10:(288000,788000) hp49%(490/1000) v0][11:(223852,203148) hp49%(490/1000) v0][12:(54148,203148) hp51%(510/1000) v0][13:(259000,288000) hp51%(510/1000) v1][14:(438000,288000) hp100%(1000/1000) v0]
case	237m0	team=0	tgt=4	obj=-1	phase=3	my_d=220000	| pred kind=-1 na=2 ne=0 ca=2 cve=0 cpe=1 sa=4 focus=None fs=false appr=true iso=false ovl=false lowhp=false | act none=true kind=0 na=0 ne=0 ca=0 pr=248255481343860 focus_tag=-1 focus=0 tgt=0	MATCH	
cfg	237	[00:(563563,132437) hp60%(600/1000) v0][01:(443563,132437) hp100%(1000/1000) v0][02:(288000,467000) hp39%(390/1000) v0][03:(443563,297437) hp49%(490/1000) v0][04:(262563,132437) hp40%(400/1000) v0][10:(288000,838000) hp40%(400/1000) v0][11:(20000,570842) hp51%(510/1000) v0][12:(20000,288000) hp39%(390/1000) v1][13:(322648,20000) hp49%(490/1000) v1][14:(479000,288000) hp51%(510/1000) v1]
case	238m0	team=1	tgt=5	obj=1	phase=0	my_d=179000	| pred kind=-1 na=1 ne=2 ca=1 cve=2 cpe=1 sa=4 focus=Some(19) fs=true appr=true iso=true ovl=false lowhp=false | act none=true kind=0 na=0 ne=0 ca=0 pr=100516359481103 focus_tag=-1 focus=0 tgt=0	MATCH	
cfg	238	[00:(940000,672000) hp51%(510/1000) v0][01:(650787,693213) hp100%(1000/1000) v0][02:(545428,798572) hp45%(450/1000) v0][03:(619572,798572) hp40%(400/1000) v1][04:(376328,555328) hp100%(1000/1000) v1][10:(672000,122000) hp45%(450/1000) v0][11:(493000,672000) hp100%(1000/1000) v0][12:(353802,940000) hp45%(450/1000) v0][13:(940000,353802) hp40%(400/1000) v0][14:(372085,792915) hp45%(450/1000) v0]
case	239m0	team=0	tgt=5	obj=1	phase=0	my_d=149000	| pred kind=-1 na=1 ne=1 ca=1 cve=1 cpe=0 sa=3 focus=None fs=false appr=false iso=false ovl=false lowhp=false | act none=true kind=0 na=0 ne=0 ca=0 pr=88910449941080 focus_tag=-1 focus=0 tgt=0	MATCH	
cfg	239	[00:(940000,672000) hp100%(1000/1000) v0][01:(777358,566642) hp39%(390/1000) v0][02:(672000,702000) hp100%(1000/1000) v0][03:(807057,536943) hp100%(1000/1000) v0][04:(389158,940000) hp30%(300/1000) v0][10:(222000,672000) hp100%(1000/1000) v0][11:(565934,778066) hp100%(1000/1000) v0][12:(536943,536943) hp49%(490/1000) v0][13:(940000,940000) hp40%(400/1000) v0][14:(940000,566642) hp100%(1000/1000) v0]
case	240m0	team=0	tgt=5	obj=1	phase=1	my_d=80000	| pred kind=1 na=1 ne=3 ca=3 cve=1 cpe=0 sa=4 focus=Some(23) fs=false appr=false iso=false ovl=false lowhp=false | act none=false kind=1 na=1 ne=3 ca=3 pr=1 focus_tag=1 focus=23 tgt=5	MATCH	
cfg	240	[00:(861000,672000) hp60%(600/1000) v0][01:(592000,672000) hp100%(1000/1000) v0][02:(592000,813000) hp45%(450/1000) v0][03:(672000,822000) hp60%(600/1000) v0][04:(940000,389158) hp30%(300/1000) v0][10:(481000,672000) hp100%(1000/1000) v0][11:(708672,788672) hp100%(1000/1000) v0][12:(427000,672000) hp30%(300/1000) v0][13:(672000,483000) hp39%(390/1000) v0][14:(940000,672000) hp49%(490/1000) v0]
case	241m0	team=1	tgt=5	obj=1	phase=1	my_d=179000	| pred kind=2 na=2 ne=2 ca=3 cve=1 cpe=1 sa=3 focus=Some(21) fs=false appr=true iso=false ovl=false lowhp=false | act none=false kind=2 na=2 ne=2 ca=3 pr=2 focus_tag=1 focus=21 tgt=5	MATCH	
cfg	241	[00:(565934,565934) hp51%(510/1000) v0][01:(672000,172000) hp100%(1000/1000) v0][02:(940000,545428) hp40%(400/1000) v0][03:(678572,545428) hp30%(300/1000) v0][04:(389158,389158) hp49%(490/1000) v0][10:(681900,662100) hp60%(600/1000) v0][11:(798572,545428) hp60%(600/1000) v0][12:(672000,863000) hp30%(300/1000) v0][13:(822000,672000) hp100%(1000/1000) v0][14:(672000,493000) hp39%(390/1000) v0]
case	242m0	team=0	tgt=5	obj=1	phase=2	my_d=151000	| pred kind=-1 na=1 ne=0 ca=1 cve=0 cpe=2 sa=2 focus=None fs=false appr=true iso=false ovl=false lowhp=false | act none=true kind=0 na=0 ne=0 ca=0 pr=40706188755697 focus_tag=-1 focus=0 tgt=0	MATCH	
cfg	242	[00:(389158,389158) hp49%(490/1000) v0][01:(521000,672000) hp40%(400/1000) v0][02:(660000,672000) hp30%(300/1000) v0][03:(742710,601290) hp30%(300/1000) v0][04:(863000,672000) hp100%(1000/1000) v0][10:(672000,642000) hp51%(510/1000) v1][11:(940000,940000) hp30%(300/1000) v0][12:(353802,353802) hp45%(450/1000) v0][13:(901000,672000) hp100%(1000/1000) v0][14:(940000,672000) hp100%(1000/1000) v0]
case	243m0	team=0	tgt=4	obj=0	phase=2	my_d=80000	| pred kind=-1 na=0 ne=1 ca=0 cve=1 cpe=1 sa=3 focus=Some(24) fs=false appr=false iso=false ovl=false lowhp=false | act none=true kind=0 na=0 ne=0 ca=0 pr=58375428291634 focus_tag=-1 focus=0 tgt=0	MATCH	
cfg	243	[00:(20000,20000) hp49%(490/1000) v0][01:(344568,231432) hp30%(300/1000) v0][02:(788000,288000) hp60%(600/1000) v0][03:(517000,288000) hp100%(1000/1000) v0][04:(107000,288000) hp51%(510/1000) v0][10:(288000,59000) hp40%(400/1000) v1][11:(288000,109000) hp100%(1000/1000) v0][12:(59000,288000) hp100%(1000/1000) v0][13:(465483,110517) hp100%(1000/1000) v0][14:(519000,288000) hp60%(600/1000) v0]
case	244m0	team=1	tgt=4	obj=0	phase=3	my_d=181000	| pred kind=-1 na=3 ne=1 ca=0 cve=2 cpe=2 sa=5 focus=Some(22) fs=false appr=true iso=false ovl=false lowhp=false | act none=true kind=0 na=0 ne=0 ca=0 pr=57640115519200 focus_tag=-1 focus=0 tgt=0	MATCH	
cfg	244	[00:(20000,20000) hp45%(450/1000) v0][01:(107000,467000) hp100%(1000/1000) v0][02:(288000,20000) hp39%(390/1000) v0][03:(477000,288000) hp100%(1000/1000) v0][04:(161428,161428) hp100%(1000/1000) v0][10:(154357,154357) hp100%(1000/1000) v0][11:(107000,288000) hp100%(1000/1000) v0][12:(22148,372852) hp100%(1000/1000) v0][13:(288000,20000) hp100%(1000/1000) v0][14:(107000,328000) hp100%(1000/1000) v0]
case	245m0	team=1	tgt=4	obj=1	phase=3	my_d=151000	| pred kind=-1 na=1 ne=2 ca=1 cve=1 cpe=3 sa=3 focus=Some(19) fs=false appr=true iso=true ovl=false lowhp=false | act none=true kind=0 na=0 ne=0 ca=0 pr=240665879145126 focus_tag=-1 focus=0 tgt=0	MATCH	
cfg	245	[00:(266787,53241) hp40%(400/1000) v1][01:(438000,288000) hp100%(1000/1000) v0][02:(511445,297899) hp100%(1000/1000) v0][03:(152943,423057) hp100%(1000/1000) v0][04:(20000,288000) hp51%(510/1000) v1][10:(20000,20000) hp60%(600/1000) v0][11:(394773,181227) hp45%(450/1000) v0][12:(606198,606198) hp60%(600/1000) v0][13:(676908,20000) hp39%(390/1000) v0][14:(288000,20000) hp100%(1000/1000) v0]
case	246m0	team=0	tgt=4	obj=0	phase=0	my_d=140000	| pred kind=-1 na=1 ne=4 ca=3 cve=2 cpe=1 sa=3 focus=Some(23) fs=false appr=false iso=false ovl=false lowhp=false | act none=true kind=0 na=0 ne=0 ca=0 pr=112242423128495 focus_tag=-1 focus=0 tgt=0	MATCH	
cfg	246	[00:(247702,188298) hp40%(400/1000) v0][01:(148000,288000) hp39%(390/1000) v0][02:(438000,288000) hp100%(1000/1000) v0][03:(287000,288000) hp100%(1000/1000) v0][04:(20000,570842) hp39%(390/1000) v0][10:(246287,386287) hp100%(1000/1000) v0][11:(20000,288000) hp40%(400/1000) v0][12:(20000,288000) hp30%(300/1000) v0][13:(20000,288000) hp51%(510/1000) v0][14:(329000,288000) hp51%(510/1000) v0]
case	247m0	team=1	tgt=5	obj=1	phase=0	my_d=181000	| pred kind=-1 na=2 ne=1 ca=1 cve=1 cpe=0 sa=4 focus=None fs=false appr=true iso=false ovl=false lowhp=false | act none=true kind=0 na=0 ne=0 ca=0 pr=247599267461238 focus_tag=-1 focus=0 tgt=0	MATCH	
cfg	247	[00:(927972,416028) hp39%(390/1000) v0][01:(536943,536943) hp30%(300/1000) v0][02:(742710,601290) hp39%(390/1000) v1][03:(538357,538357) hp51%(510/1000) v0][04:(940000,544014) hp51%(510/1000) v0][10:(672000,940000) hp39%(390/1000) v0][11:(799986,544014) hp100%(1000/1000) v0][12:(672000,903000) hp49%(490/1000) v0][13:(835341,508659) hp49%(490/1000) v0][14:(693213,650787) hp60%(600/1000) v0]
case	248m0	team=1	tgt=5	obj=1	phase=1	my_d=160000	| pred kind=2 na=2 ne=1 ca=4 cve=0 cpe=2 sa=5 focus=Some(21) fs=false appr=true iso=false ovl=false lowhp=false | act none=false kind=2 na=2 ne=1 ca=4 pr=2 focus_tag=1 focus=21 tgt=5	MATCH	
cfg	248	[00:(940000,283092) hp40%(400/1000) v0][01:(427148,587148) hp100%(1000/1000) v1][02:(389158,389158) hp60%(600/1000) v0][03:(512000,533000) hp51%(510/1000) v0][04:(672000,522000) hp100%(1000/1000) v1][10:(512000,712000) hp100%(1000/1000) v0][11:(512000,672000) hp45%(450/1000) v0][12:(650787,650787) hp45%(450/1000) v0][13:(512000,843000) hp100%(1000/1000) v0][14:(772000,672000) hp60%(600/1000) v0]
case	249m0	team=0	tgt=5	obj=-1	phase=1	my_d=140000	| pred kind=-1 na=1 ne=1 ca=2 cve=1 cpe=1 sa=4 focus=Some(24) fs=false appr=false iso=false ovl=false lowhp=false | act none=true kind=0 na=0 ne=0 ca=0 pr=123470564788382 focus_tag=-1 focus=0 tgt=0	MATCH	
cfg	249	[00:(807057,536943) hp40%(400/1000) v0][01:(573006,573006) hp40%(400/1000) v0][02:(752006,573006) hp100%(1000/1000) v0][03:(445020,445020) hp39%(390/1000) v0][04:(672000,861000) hp100%(1000/1000) v0][10:(389158,940000) hp45%(450/1000) v0][11:(573006,752006) hp51%(510/1000) v0][12:(434006,573006) hp100%(1000/1000) v0][13:(835341,508659) hp40%(400/1000) v0][14:(389158,389158) hp60%(600/1000) v0]
case	250m0	team=0	tgt=5	obj=1	phase=2	my_d=220000	| pred kind=3 na=1 ne=3 ca=1 cve=2 cpe=1 sa=4 focus=Some(24) fs=false appr=true iso=true ovl=false lowhp=false | act none=false kind=3 na=1 ne=3 ca=1 pr=3 focus_tag=1 focus=24 tgt=5	MATCH	
cfg	250	[00:(770287,353713) hp39%(390/1000) v0][01:(672000,452000) hp100%(1000/1000) v0][02:(940000,672000) hp40%(400/1000) v0][03:(531000,452000) hp100%(1000/1000) v0][04:(522000,672000) hp60%(600/1000) v0][10:(353802,940000) hp39%(390/1000) v0][11:(672000,492000) hp60%(600/1000) v0][12:(771702,551702) hp51%(510/1000) v0][13:(587148,536852) hp39%(390/1000) v0][14:(318447,318447) hp45%(450/1000) v1]
case	251m0	team=1	tgt=5	obj=1	phase=2	my_d=160000	| pred kind=-1 na=1 ne=3 ca=1 cve=0 cpe=0 sa=4 focus=None fs=false appr=true iso=true ovl=false lowhp=false | act none=true kind=0 na=0 ne=0 ca=0 pr=7314233639502 focus_tag=-1 focus=0 tgt=0	MATCH	
cfg	251	[00:(432291,685435) hp30%(300/1000) v0][01:(353802,940000) hp30%(300/1000) v0][02:(441000,672000) hp60%(600/1000) v0][03:(393863,558863) hp45%(450/1000) v0][04:(558863,419863) hp60%(600/1000) v0][10:(835341,835341) hp40%(400/1000) v0][11:(558863,558863) hp49%(490/1000) v0][12:(558863,387863) hp30%(300/1000) v0][13:(940000,940000) hp60%(600/1000) v0][14:(940000,283092) hp49%(490/1000) v0]
case	252m0	team=0	tgt=4	obj=0	phase=3	my_d=149000	| pred kind=1 na=2 ne=0 ca=2 cve=0 cpe=3 sa=3 focus=None fs=false appr=false iso=false ovl=false lowhp=false | act none=false kind=1 na=2 ne=0 ca=2 pr=3 focus_tag=0 focus=1420657202448 tgt=4	MATCH	
cfg	252	[00:(20000,641553) hp30%(300/1000) v0][01:(288000,139000) hp40%(400/1000) v0][02:(453000,139000) hp30%(300/1000) v0][03:(154357,154357) hp45%(450/1000) v0][04:(160014,266986) hp49%(490/1000) v0][10:(421643,154357) hp100%(1000/1000) v1][11:(517000,288000) hp100%(1000/1000) v0][12:(57000,288000) hp100%(1000/1000) v1][13:(20000,288000) hp100%(1000/1000) v1][14:(161428,161428) hp100%(1000/1000) v1]
case	253m0	team=0	tgt=4	obj=0	phase=3	my_d=220000	| pred kind=4 na=0 ne=2 ca=1 cve=3 cpe=3 sa=3 focus=Some(24) fs=false appr=true iso=true ovl=true lowhp=true | act none=false kind=4 na=0 ne=2 ca=1 pr=6 focus_tag=1 focus=24 tgt=4	MATCH	
cfg	253	[00:(161428,414572) hp100%(1000/1000) v0][01:(132437,132437) hp30%(300/1000) v0][02:(479000,288000) hp49%(490/1000) v0][03:(258000,288000) hp30%(300/1000) v0][04:(570842,20000) hp49%(490/1000) v0][10:(414572,161428) hp60%(600/1000) v0][11:(252437,132437) hp100%(1000/1000) v0][12:(415986,415986) hp49%(490/1000) v0][13:(288000,738000) hp100%(1000/1000) v1][14:(20000,20000) hp49%(490/1000) v0]
case	254m0	team=1	tgt=4	obj=-1	phase=0	my_d=179000	| pred kind=-1 na=1 ne=0 ca=2 cve=1 cpe=1 sa=5 focus=None fs=false appr=true iso=false ovl=false lowhp=false | act none=true kind=0 na=0 ne=0 ca=0 pr=267613761494431 focus_tag=-1 focus=0 tgt=0	MATCH	
cfg	254	[00:(126073,449927) hp100%(1000/1000) v0][01:(288000,20000) hp100%(1000/1000) v1][02:(160014,236986) hp45%(450/1000) v0][03:(838000,288000) hp30%(300/1000) v0][04:(415986,415986) hp30%(300/1000) v0][10:(641553,20000) hp51%(510/1000) v0][11:(288000,109000) hp45%(450/1000) v0][12:(20000,20000) hp100%(1000/1000) v0][13:(415986,20000) hp49%(490/1000) v0][14:(309213,309213) hp40%(400/1000) v0]
case	255m0	team=1	tgt=4	obj=0	phase=0	my_d=149000	| pred kind=-1 na=2 ne=1 ca=2 cve=0 cpe=1 sa=4 focus=Some(20) fs=false appr=false iso=false ovl=false lowhp=false | act none=true kind=0 na=0 ne=0 ca=0 pr=152337746841246 focus_tag=-1 focus=0 tgt=0	MATCH	
cfg	255	[00:(309214,309214) hp100%(1000/1000) v1][01:(20000,288000) hp30%(300/1000) v0][02:(267494,97790) hp39%(390/1000) v0][03:(217290,358710) hp30%(300/1000) v0][04:(570842,20000) hp60%(600/1000) v1][10:(303557,61727) hp45%(450/1000) v0][11:(182642,182642) hp100%(1000/1000) v0][12:(414572,161428) hp60%(600/1000) v0][13:(20000,182642) hp30%(300/1000) v0][14:(267494,97790) hp40%(400/1000) v0]
case	256m0	team=0	tgt=4	obj=0	phase=1	my_d=80000	| pred kind=1 na=1 ne=1 ca=2 cve=2 cpe=0 sa=2 focus=Some(23) fs=false appr=false iso=false ovl=false lowhp=false | act none=false kind=1 na=1 ne=1 ca=2 pr=2 focus_tag=1 focus=23 tgt=4	MATCH	
cfg	256	[00:(606198,606198) hp100%(1000/1000) v0][01:(288000,208000) hp39%(390/1000) v0][02:(388000,288000) hp51%(510/1000) v0][03:(288000,379000) hp40%(400/1000) v0][04:(188000,288000) hp30%(300/1000) v0][10:(203148,123148) hp40%(400/1000) v0][11:(126073,126073) hp40%(400/1000) v0][12:(676908,676908) hp45%(450/1000) v1][13:(394066,394066) hp49%(490/1000) v0][14:(188298,108298) hp49%(490/1000) v1]
case	257m0	team=1	tgt=5	obj=1	phase=1	my_d=179000	| pred kind=1 na=1 ne=2 ca=2 cve=3 cpe=0 sa=3 focus=Some(22) fs=false appr=true iso=true ovl=false lowhp=false | act none=false kind=1 na=1 ne=2 ca=2 pr=3 focus_tag=1 focus=22 tgt=5	MATCH	
cfg	257	[00:(940000,940000) hp100%(1000/1000) v1][01:(672000,940000) hp100%(1000/1000) v0][02:(686428,545428) hp40%(400/1000) v0][03:(778066,565934) hp100%(1000/1000) v0][04:(643715,643715) hp100%(1000/1000) v0][10:(686428,545428) hp100%(1000/1000) v0][11:(545428,545428) hp40%(400/1000) v0][12:(545428,374428) hp45%(450/1000) v0][13:(545428,716428) hp39%(390/1000) v0][14:(672000,940000) hp30%(300/1000) v0]
case	258m0	team=1	tgt=5	obj=0	phase=1	my_d=151000	| pred kind=-1 na=1 ne=2 ca=1 cve=1 cpe=0 sa=3 focus=Some(22) fs=false appr=true iso=true ovl=false lowhp=true | act none=true kind=0 na=0 ne=0 ca=0 pr=4430514084282 focus_tag=-1 focus=0 tgt=0	MATCH	
cfg	258	[00:(940000,940000) hp100%(1000/1000) v0][01:(672000,940000) hp100%(1000/1000) v0][02:(672000,686000) hp100%(1000/1000) v0][03:(672000,350000) hp100%(1000/1000) v0][04:(545428,545428) hp39%(390/1000) v0][10:(822000,672000) hp60%(600/1000) v0][11:(672000,521000) hp30%(300/1000) v0][12:(552000,521000) hp40%(400/1000) v0][13:(799986,799986) hp100%(1000/1000) v0][14:(672000,172000) hp100%(1000/1000) v0]
case	259m0	team=0	tgt=5	obj=1	phase=2	my_d=80000	| pred kind=-1 na=2 ne=2 ca=4 cve=1 cpe=0 sa=4 focus=Some(27) fs=false appr=false iso=false ovl=false lowhp=false | act none=true kind=0 na=0 ne=0 ca=0 pr=268031197635977 focus_tag=-1 focus=0 tgt=0	MATCH	
cfg	259	[00:(736347,736347) hp100%(1000/1000) v0][01:(615432,615432) hp40%(400/1000) v0][02:(389158,389158) hp60%(600/1000) v0][03:(615432,735432) hp49%(490/1000) v0][04:(715134,515730) hp51%(510/1000) v0][10:(940000,672000) hp100%(1000/1000) v1][11:(940000,318447) hp45%(450/1000) v0][12:(700284,700284) hp39%(390/1000) v0][13:(786432,615432) hp39%(390/1000) v0][14:(693213,650787) hp51%(510/1000) v0]
case	260m0	team=0	tgt=5	obj=1	phase=2	my_d=181000	| pred kind=-1 na=2 ne=0 ca=0 cve=0 cpe=0 sa=2 focus=None fs=false appr=true iso=false ovl=false lowhp=false | act none=true kind=0 na=0 ne=0 ca=0 pr=121810928707520 focus_tag=-1 focus=0 tgt=0	MATCH	
cfg	260	[00:(672000,371000) hp60%(600/1000) v0][01:(672000,491000) hp100%(1000/1000) v0][02:(510073,510073) hp30%(300/1000) v0][03:(672000,312000) hp39%(390/1000) v0][04:(389158,389158) hp51%(510/1000) v0][10:(940000,672000) hp100%(1000/1000) v1][11:(389158,940000) hp49%(490/1000) v0][12:(318447,318447) hp30%(300/1000) v1][13:(544014,544014) hp30%(300/1000) v1][14:(799986,363014) hp39%(390/1000) v0]
case	261m0	team=1	tgt=5	obj=1	phase=3	my_d=160000	| pred kind=2 na=2 ne=2 ca=2 cve=2 cpe=0 sa=4 focus=Some(19) fs=false appr=true iso=false ovl=false lowhp=false | act none=false kind=2 na=2 ne=2 ca=2 pr=2 focus_tag=1 focus=19 tgt=5	MATCH	
cfg	261	[00:(672000,222000) hp51%(510/1000) v0][01:(565934,565934) hp100%(1000/1000) v0][02:(940000,940000) hp100%(1000/1000) v0][03:(558863,739863) hp51%(510/1000) v1][04:(544014,544014) hp51%(510/1000) v0][10:(172000,672000) hp100%(1000/1000) v0][11:(558863,558863) hp100%(1000/1000) v0][12:(538357,805643) hp100%(1000/1000) v0][13:(536943,536943) hp51%(510/1000) v0][14:(558863,699863) hp100%(1000/1000) v0]
case	262m0	team=0	tgt=4	obj=1	phase=3	my_d=140000	| pred kind=-1 na=3 ne=3 ca=2 cve=3 cpe=1 sa=4 focus=Some(26) fs=true appr=false iso=false ovl=false lowhp=false | act none=true kind=0 na=0 ne=0 ca=0 pr=83151858179963 focus_tag=-1 focus=0 tgt=0	MATCH	
cfg	262	[00:(288000,188000) hp51%(510/1000) v0][01:(288000,148000) hp45%(450/1000) v0][02:(160014,160014) hp100%(1000/1000) v0][03:(467000,148000) hp60%(600/1000) v0][04:(288000,738000) hp45%(450/1000) v0][10:(288000,788000) hp51%(510/1000) v0][11:(189713,246287) hp60%(600/1000) v0][12:(414572,414572) hp40%(400/1000) v0][13:(372852,232852) hp100%(1000/1000) v0][14:(404672,31328) hp49%(490/1000) v0]
case	263m0	team=0	tgt=4	obj=0	phase=0	my_d=220000	| pred kind=4 na=1 ne=2 ca=0 cve=2 cpe=2 sa=2 focus=Some(24) fs=false appr=true iso=true ovl=false lowhp=true | act none=false kind=4 na=1 ne=2 ca=0 pr=4 focus_tag=1 focus=24 tgt=4	MATCH	
cfg	263	[00:(288000,99000) hp49%(490/1000) v0][01:(132437,132437) hp30%(300/1000) v0][02:(20000,20000) hp39%(390/1000) v0][03:(132437,20000) hp45%(450/1000) v0][04:(57000,288000) hp39%(390/1000) v0][10:(288000,318000) hp45%(450/1000) v0][11:(253352,253352) hp100%(1000/1000) v0][12:(20000,20000) hp100%(1000/1000) v1][13:(132437,20000) hp100%(1000/1000) v0][14:(232139,32735) hp45%(450/1000) v0]
case	264m0	team=1	tgt=4	obj=0	phase=0	my_d=160000	| pred kind=-1 na=1 ne=3 ca=1 cve=2 cpe=1 sa=3 focus=Some(22) fs=true appr=true iso=true ovl=false lowhp=false | act none=true kind=0 na=0 ne=0 ca=0 pr=171609368873420 focus_tag=-1 focus=0 tgt=0	MATCH	
cfg	264	[00:(288000,88000) hp45%(450/1000) v0][01:(20000,606198) hp100%(1000/1000) v0][02:(217290,217290) hp60%(600/1000) v0][03:(20000,20000) hp45%(450/1000) v1][04:(328000,128000) hp40%(400/1000) v0][10:(160014,255986) hp39%(390/1000) v0][11:(288000,128000) hp100%(1000/1000) v0][12:(288000,738000) hp60%(600/1000) v0][13:(20000,288000) hp45%(450/1000) v0][14:(20000,20000) hp51%(510/1000) v0]
case	265m0	team=0	tgt=4	obj=0	phase=1	my_d=149000	| pred kind=1 na=2 ne=1 ca=2 cve=0 cpe=0 sa=4 focus=Some(23) fs=true appr=false iso=false ovl=false lowhp=false | act none=false kind=1 na=2 ne=1 ca=2 pr=0 focus_tag=1 focus=23 tgt=4	MATCH	
cfg	265	[00:(20000,182642) hp51%(510/1000) v0][01:(182642,182642) hp49%(490/1000) v0][02:(217290,217290) hp100%(1000/1000) v0][03:(838000,288000) hp100%(1000/1000) v0][04:(54656,310628) hp100%(1000/1000) v0][10:(138000,288000) hp30%(300/1000) v0][11:(676908,676908) hp100%(1000/1000) v0][12:(606198,606198) hp39%(390/1000) v0][13:(738000,288000) hp51%(510/1000) v0][14:(606198,20000) hp60%(600/1000) v0]
case	266m0	team=0	tgt=4	obj=0	phase=1	my_d=220000	| pred kind=-1 na=2 ne=3 ca=0 cve=2 cpe=1 sa=4 focus=Some(24) fs=false appr=true iso=false ovl=false lowhp=false | act none=true kind=0 na=0 ne=0 ca=0 pr=229407698993992 focus_tag=-1 focus=0 tgt=0	MATCH	
cfg	266	[00:(20000,288000) hp49%(490/1000) v0][01:(288000,68000) hp39%(390/1000) v0][02:(20000,20000) hp45%(450/1000) v0][03:(288000,20000) hp51%(510/1000) v0][04:(316284,39716) hp60%(600/1000) v0][10:(258000,288000) hp100%(1000/1000) v0][11:(288000,97000) hp30%(300/1000) v0][12:(152943,152943) hp100%(1000/1000) v0][13:(606198,20000) hp49%(490/1000) v0][14:(421643,154357) hp40%(400/1000) v0]
case	267m0	team=1	tgt=5	obj=-1	phase=2	my_d=179000	| pred kind=-1 na=1 ne=0 ca=1 cve=0 cpe=2 sa=3 focus=None fs=false appr=true iso=false ovl=false lowhp=false | act none=true kind=0 na=0 ne=0 ca=0 pr=188805416573285 focus_tag=-1 focus=0 tgt=0	MATCH	
cfg	267	[00:(522000,672000) hp45%(450/1000) v1][01:(672000,481000) hp30%(300/1000) v1][02:(364428,545428) hp60%(600/1000) v1][03:(807057,536943) hp39%(390/1000) v0][04:(940000,672000) hp60%(600/1000) v1][10:(536943,536943) hp60%(600/1000) v0][11:(545428,545428) hp30%(300/1000) v0][12:(510073,833927) hp45%(450/1000) v0][13:(799986,799986) hp30%(300/1000) v0][14:(672000,672000) hp45%(450/1000) v0]
case	268m0	team=1	tgt=5	obj=1	phase=2	my_d=149000	| pred kind=-1 na=2 ne=3 ca=1 cve=1 cpe=0 sa=5 focus=Some(19) fs=false appr=false iso=false ovl=false lowhp=false | act none=true kind=0 na=0 ne=0 ca=0 pr=219179340533561 focus_tag=-1 focus=0 tgt=0	MATCH	
cfg	268	[00:(441000,672000) hp40%(400/1000) v0][01:(632000,523000) hp100%(1000/1000) v0][02:(672000,441000) hp39%(390/1000) v0][03:(632000,523000) hp30%(300/1000) v0][04:(672000,344000) hp45%(450/1000) v0][10:(508659,508659) hp49%(490/1000) v0][11:(672000,523000) hp60%(600/1000) v0][12:(835341,835341) hp49%(490/1000) v0][13:(813000,523000) hp100%(1000/1000) v0][14:(770287,424713) hp45%(450/1000) v0]
case	269m0	team=0	tgt=5	obj=1	phase=3	my_d=80000	| pred kind=1 na=1 ne=0 ca=2 cve=1 cpe=1 sa=3 focus=None fs=true appr=false iso=false ovl=false lowhp=false | act none=false kind=1 na=1 ne=0 ca=2 pr=2 focus_tag=0 focus=2368594885632 tgt=5	MATCH	
cfg	269	[00:(672000,940000) hp40%(400/1000) v0][01:(752000,672000) hp40%(400/1000) v0][02:(318447,318447) hp49%(490/1000) v0][03:(587000,672000) hp100%(1000/1000) v0][04:(222000,672000) hp49%(490/1000) v0][10:(752000,491000) hp45%(450/1000) v1][11:(172000,672000) hp45%(450/1000) v0][12:(565934,565934) hp60%(600/1000) v0][13:(581000,672000) hp45%(450/1000) v1][14:(601290,742710) hp49%(490/1000) v1]
case	270m0	team=1	tgt=5	obj=1	phase=3	my_d=179000	| pred kind=1 na=2 ne=2 ca=2 cve=0 cpe=0 sa=4 focus=None fs=false appr=true iso=false ovl=false lowhp=false | act none=false kind=1 na=2 ne=2 ca=2 pr=0 focus_tag=0 focus=2213942565472 tgt=5	MATCH	
cfg	270	[00:(672000,940000) hp39%(390/1000) v0][01:(798572,940000) hp30%(300/1000) v0][02:(283092,940000) hp51%(510/1000) v0][03:(926558,926558) hp100%(1000/1000) v0][04:(672000,903000) hp45%(450/1000) v0][10:(672000,940000) hp100%(1000/1000) v0][11:(798572,798572) hp100%(1000/1000) v0][12:(798572,918572) hp40%(400/1000) v0][13:(318447,318447) hp100%(1000/1000) v0][14:(493000,672000) hp40%(400/1000) v0]
case	271m0	team=1	tgt=4	obj=-1	phase=0	my_d=151000	| pred kind=-1 na=1 ne=1 ca=1 cve=1 cpe=1 sa=3 focus=Some(21) fs=false appr=true iso=false ovl=false lowhp=false | act none=true kind=0 na=0 ne=0 ca=0 pr=55216519827346 focus_tag=-1 focus=0 tgt=0	MATCH	
cfg	271	[00:(288000,838000) hp30%(300/1000) v0][01:(288000,479000) hp30%(300/1000) v1][02:(570842,20000) hp39%(390/1000) v0][03:(439000,429000) hp100%(1000/1000) v0][04:(288000,99000) hp100%(1000/1000) v0][10:(288000,688000) hp100%(1000/1000) v0][11:(439000,288000) hp51%(510/1000) v0][12:(610000,288000) hp39%(390/1000) v0][13:(20000,288000) hp49%(490/1000) v0][14:(570842,570842) hp40%(400/1000) v0]
case	272m0	team=0	tgt=4	obj=0	phase=0	my_d=80000	| pred kind=-1 na=2 ne=0 ca=4 cve=0 cpe=1 sa=4 focus=None fs=false appr=false iso=false ovl=false lowhp=false | act none=true kind=0 na=0 ne=0 ca=0 pr=5844591157582 focus_tag=-1 focus=0 tgt=0	MATCH	
cfg	272	[00:(288000,479000) hp30%(300/1000) v0][01:(344568,344568) hp45%(450/1000) v0][02:(161428,161428) hp51%(510/1000) v0][03:(224568,344568) hp100%(1000/1000) v0][04:(444270,244866) hp100%(1000/1000) v0][10:(606198,606198) hp100%(1000/1000) v0][11:(344568,523568) hp60%(600/1000) v0][12:(20000,20000) hp51%(510/1000) v0][13:(606198,20000) hp30%(300/1000) v0][14:(20000,570842) hp45%(450/1000) v0]
case	273m0	team=0	tgt=4	obj=0	phase=1	my_d=181000	| pred kind=-1 na=1 ne=0 ca=1 cve=0 cpe=3 sa=3 focus=None fs=false appr=true iso=false ovl=false lowhp=false | act none=true kind=0 na=0 ne=0 ca=0 pr=2245696324445 focus_tag=-1 focus=0 tgt=0	MATCH	
cfg	273	[00:(469000,427000) hp39%(390/1000) v0][01:(469000,288000) hp100%(1000/1000) v0][02:(596986,160014) hp100%(1000/1000) v0][03:(606198,606198) hp60%(600/1000) v0][04:(352328,171328) hp100%(1000/1000) v0][10:(641553,641553) hp100%(1000/1000) v0][11:(288000,738000) hp100%(1000/1000) v0][12:(288000,838000) hp40%(400/1000) v0][13:(20000,606198) hp100%(1000/1000) v0][14:(20000,676908) hp40%(400/1000) v1]
case	274m0	team=1	tgt=4	obj=0	phase=1	my_d=151000	| pred kind=1 na=1 ne=0 ca=2 cve=0 cpe=0 sa=3 focus=None fs=false appr=true iso=false ovl=false lowhp=false | act none=false kind=1 na=1 ne=0 ca=2 pr=0 focus_tag=0 focus=2506002394688 tgt=4	MATCH	
cfg	274	[00:(573773,394773) hp30%(300/1000) v0][01:(20000,20000) hp30%(300/1000) v0][02:(288000,688000) hp30%(300/1000) v1][03:(20000,20000) hp51%(510/1000) v0][04:(521345,521345) hp49%(490/1000) v0][10:(394773,223773) hp30%(300/1000) v0][11:(394773,394773) hp60%(600/1000) v0][12:(288000,188000) hp100%(1000/1000) v0][13:(268201,521345) hp40%(400/1000) v0][14:(223773,394773) hp30%(300/1000) v0]
case	275m0	team=0	tgt=4	obj=1	phase=2	my_d=140000	| pred kind=-1 na=1 ne=0 ca=1 cve=1 cpe=2 sa=2 focus=None fs=true appr=false iso=false ovl=false lowhp=false | act none=true kind=0 na=0 ne=0 ca=0 pr=31464727195301 focus_tag=-1 focus=0 tgt=0	MATCH	
cfg	275	[00:(788000,288000) hp30%(300/1000) v0][01:(428000,288000) hp49%(490/1000) v0][02:(554572,161428) hp100%(1000/1000) v0][03:(288000,738000) hp100%(1000/1000) v0][04:(288000,738000) hp100%(1000/1000) v0][10:(124659,451341) hp49%(490/1000) v0][11:(318000,288000) hp100%(1000/1000) v1][12:(154357,154357) hp60%(600/1000) v1][13:(188000,288000) hp100%(1000/1000) v0][14:(307085,408915) hp49%(490/1000) v1]
case	276m0	team=0	tgt=5	obj=1	phase=2	my_d=181000	| pred kind=3 na=1 ne=2 ca=1 cve=0 cpe=0 sa=2 focus=None fs=false appr=true iso=true ovl=false lowhp=false | act none=false kind=3 na=1 ne=2 ca=1 pr=0 focus_tag=0 focus=2644953197888 tgt=5	MATCH	
cfg	276	[00:(851000,672000) hp100%(1000/1000) v0][01:(799986,799986) hp39%(390/1000) v0][02:(940000,318447) hp39%(390/1000) v0][03:(940000,940000) hp51%(510/1000) v0][04:(672000,172000) hp51%(510/1000) v0][10:(538357,805643) hp40%(400/1000) v1][11:(938986,799986) hp100%(1000/1000) v0][12:(799986,940000) hp40%(400/1000) v0][13:(799986,839986) hp60%(600/1000) v1][14:(510073,833927) hp39%(390/1000) v0]
case	277m0	team=1	tgt=5	obj=1	phase=3	my_d=160000	| pred kind=2 na=3 ne=2 ca=4 cve=2 cpe=0 sa=5 focus=Some(19) fs=false appr=true iso=false ovl=false lowhp=false | act none=false kind=2 na=3 ne=2 ca=4 pr=2 focus_tag=1 focus=19 tgt=5	MATCH	
cfg	277	[00:(940000,672000) hp100%(1000/1000) v1][01:(803716,700284) hp30%(300/1000) v0][02:(805643,805643) hp100%(1000/1000) v0][03:(544014,799986) hp45%(450/1000) v0][04:(940000,940000) hp100%(1000/1000) v1][10:(799986,544014) hp45%(450/1000) v0][11:(832000,672000) hp60%(600/1000) v0][12:(715328,555328) hp51%(510/1000) v0][13:(702000,672000) hp100%(1000/1000) v0][14:(545428,545428) hp100%(1000/1000) v0]
case	278m0	team=1	tgt=5	obj=1	phase=3	my_d=140000	| pred kind=1 na=2 ne=3 ca=2 cve=2 cpe=1 sa=3 focus=Some(21) fs=false appr=false iso=false ovl=false lowhp=false | act none=false kind=1 na=2 ne=3 ca=2 pr=3 focus_tag=1 focus=21 tgt=5	MATCH	
cfg	278	[00:(940000,770994) hp100%(1000/1000) v0][01:(940000,940000) hp30%(300/1000) v0][02:(536943,807057) hp51%(510/1000) v0][03:(629994,770994) hp40%(400/1000) v0][04:(654322,654322) hp49%(490/1000) v0][10:(940000,353802) hp30%(300/1000) v0][11:(770994,770994) hp39%(390/1000) v0][12:(799278,742710) hp49%(490/1000) v0][13:(672000,642000) hp49%(490/1000) v0][14:(672000,861000) hp60%(600/1000) v0]
case	279m0	team=0	tgt=5	obj=1	phase=0	my_d=220000	| pred kind=-1 na=2 ne=1 ca=0 cve=0 cpe=1 sa=3 focus=None fs=false appr=true iso=false ovl=false lowhp=false | act none=true kind=0 na=0 ne=0 ca=0 pr=7879975836048 focus_tag=-1 focus=0 tgt=0	MATCH	
cfg	279	[00:(353802,353802) hp100%(1000/1000) v0][01:(892000,672000) hp40%(400/1000) v0][02:(805643,538357) hp40%(400/1000) v0][03:(940000,798572) hp100%(1000/1000) v0][04:(940000,544014) hp30%(300/1000) v0][10:(940000,544014) hp100%(1000/1000) v0][11:(565934,565934) hp39%(390/1000) v0][12:(672000,903000) hp39%(390/1000) v0][13:(940000,940000) hp45%(450/1000) v0][14:(940000,940000) hp40%(400/1000) v0]
case	280m0	team=1	tgt=5	obj=1	phase=0	my_d=160000	| pred kind=-1 na=1 ne=2 ca=2 cve=2 cpe=1 sa=5 focus=Some(21) fs=false appr=true iso=true ovl=false lowhp=false | act none=true kind=0 na=0 ne=0 ca=0 pr=78371117093430 focus_tag=-1 focus=0 tgt=0	MATCH	
cfg	280	[00:(650787,650787) hp60%(600/1000) v0][01:(672000,272000) hp100%(1000/1000) v0][02:(756853,756853) hp60%(600/1000) v1][03:(785137,646137) hp39%(390/1000) v0][04:(650787,693213) hp51%(510/1000) v0][10:(940000,672000) hp60%(600/1000) v0][11:(785137,785137) hp51%(510/1000) v0][12:(672000,272000) hp40%(400/1000) v0][13:(522000,672000) hp100%(1000/1000) v0][14:(389158,940000) hp100%(1000/1000) v0]
case	281m0	team=1	tgt=4	obj=0	phase=1	my_d=149000	| pred kind=1 na=2 ne=1 ca=2 cve=1 cpe=2 sa=3 focus=Some(19) fs=false appr=false iso=false ovl=false lowhp=false | act none=false kind=1 na=2 ne=1 ca=2 pr=3 focus_tag=1 focus=19 tgt=4	MATCH	
cfg	281	[00:(160014,160014) hp51%(510/1000) v0][01:(437000,147000) hp30%(300/1000) v0][02:(467000,288000) hp40%(400/1000) v1][03:(616000,288000) hp30%(300/1000) v0][04:(688000,288000) hp100%(1000/1000) v0][10:(557000,288000) hp45%(450/1000) v0][11:(437000,288000) hp45%(450/1000) v0][12:(109000,288000) hp39%(390/1000) v0][13:(465284,259716) hp39%(390/1000) v0][14:(320328,171328) hp51%(510/1000) v0]
case	282m0	team=0	tgt=4	obj=0	phase=1	my_d=220000	| pred kind=2 na=2 ne=2 ca=1 cve=0 cpe=0 sa=5 focus=Some(27) fs=false appr=true iso=false ovl=false lowhp=false | act none=false kind=2 na=2 ne=2 ca=1 pr=0 focus_tag=1 focus=27 tgt=4	MATCH	
cfg	282	[00:(124659,124659) hp100%(1000/1000) v0][01:(443563,443563) hp45%(450/1000) v0][02:(541850,345276) hp45%(450/1000) v0][03:(443563,302563) hp100%(1000/1000) v0][04:(20000,288000) hp100%(1000/1000) v0][10:(20000,20000) hp45%(450/1000) v0][11:(641553,20000) hp49%(490/1000) v0][12:(288000,738000) hp30%(300/1000) v1][13:(438000,288000) hp30%(300/1000) v0][14:(449927,449927) hp40%(400/1000) v0]
case	283m0	team=0	tgt=4	obj=0	phase=2	my_d=179000	| pred kind=-1 na=1 ne=2 ca=2 cve=3 cpe=2 sa=5 focus=Some(25) fs=false appr=true iso=true ovl=false lowhp=false | act none=true kind=0 na=0 ne=0 ca=0 pr=167372529440006 focus_tag=-1 focus=0 tgt=0	MATCH	
cfg	283	[00:(20000,20000) hp60%(600/1000) v0][01:(467000,288000) hp100%(1000/1000) v0][02:(606198,20000) hp100%(1000/1000) v0][03:(676908,20000) hp60%(600/1000) v0][04:(288000,109000) hp60%(600/1000) v0][10:(20000,20000) hp45%(450/1000) v0][11:(20000,606198) hp51%(510/1000) v0][12:(309213,309213) hp60%(600/1000) v0][13:(161428,161428) hp100%(1000/1000) v0][14:(414572,414572) hp100%(1000/1000) v0]
case	284m0	team=1	tgt=4	obj=-1	phase=2	my_d=149000	| pred kind=-1 na=2 ne=1 ca=3 cve=0 cpe=1 sa=5 focus=Some(22) fs=false appr=false iso=false ovl=false lowhp=false | act none=true kind=0 na=0 ne=0 ca=0 pr=4127732907533 focus_tag=-1 focus=0 tgt=0	MATCH	
cfg	284	[00:(606198,20000) hp51%(510/1000) v0][01:(288000,838000) hp100%(1000/1000) v1][02:(20000,288000) hp39%(390/1000) v0][03:(570842,20000) hp100%(1000/1000) v1][04:(517000,288000) hp60%(600/1000) v0][10:(97000,288000) hp60%(600/1000) v0][11:(393358,393358) hp40%(400/1000) v0][12:(365074,421642) hp100%(1000/1000) v0][13:(517000,288000) hp100%(1000/1000) v0][14:(161428,414572) hp45%(450/1000) v0]
case	285m0	team=0	tgt=4	obj=0	phase=3	my_d=80000	| pred kind=-1 na=2 ne=3 ca=2 cve=3 cpe=2 sa=4 focus=Some(24) fs=false appr=false iso=false ovl=false lowhp=false | act none=true kind=0 na=0 ne=0 ca=0 pr=52151750549226 focus_tag=-1 focus=0 tgt=0	MATCH	
cfg	285	[00:(358710,217290) hp51%(510/1000) v0][01:(368000,288000) hp49%(490/1000) v0][02:(570842,20000) hp51%(510/1000) v0][03:(288000,20000) hp39%(390/1000) v0][04:(467702,188298) hp49%(490/1000) v0][10:(838000,288000) hp100%(1000/1000) v1][11:(268298,387702) hp100%(1000/1000) v0][12:(368000,429000) hp100%(1000/1000) v0][13:(570842,570842) hp100%(1000/1000) v1][14:(452852,372852) hp45%(450/1000) v0]
case	286m0	team=0	tgt=5	obj=1	phase=3	my_d=179000	| pred kind=4 na=0 ne=1 ca=0 cve=1 cpe=0 sa=3 focus=Some(23) fs=false appr=true iso=false ovl=false lowhp=true | act none=false kind=4 na=0 ne=1 ca=0 pr=1 focus_tag=1 focus=23 tgt=5	MATCH	
cfg	286	[00:(915244,681900) hp49%(490/1000) v0][01:(798572,798572) hp30%(300/1000) v0][02:(833927,510073) hp100%(1000/1000) v0][03:(389158,940000) hp100%(1000/1000) v0][04:(283092,283092) hp45%(450/1000) v0][10:(822000,672000) hp100%(1000/1000) v0][11:(940000,940000) hp100%(1000/1000) v0][12:(940000,940000) hp51%(510/1000) v1][13:(672000,491000) hp60%(600/1000) v1][14:(826856,826856) hp30%(300/1000) v1]
case	287m0	team=1	tgt=5	obj=1	phase=3	my_d=151000	| pred kind=-1 na=0 ne=0 ca=0 cve=1 cpe=0 sa=3 focus=None fs=false appr=true iso=false ovl=false lowhp=false | act none=true kind=0 na=0 ne=0 ca=0 pr=11603132278093 focus_tag=-1 focus=0 tgt=0	MATCH	
cfg	287	[00:(851284,643716) hp45%(450/1000) v1][01:(544014,544014) hp100%(1000/1000) v0][02:(389158,940000) hp39%(390/1000) v1][03:(283092,940000) hp60%(600/1000) v1][04:(940000,672000) hp30%(300/1000) v1][10:(940000,940000) hp100%(1000/1000) v0][11:(823000,672000) hp39%(390/1000) v0][12:(672000,861000) hp51%(510/1000) v0][13:(823000,531000) hp60%(600/1000) v0][14:(642000,672000) hp39%(390/1000) v0]
case	288m0	team=0	tgt=5	obj=1	phase=0	my_d=80000	| pred kind=-1 na=1 ne=2 ca=1 cve=1 cpe=0 sa=3 focus=Some(23) fs=true appr=false iso=false ovl=false lowhp=false | act none=true kind=0 na=0 ne=0 ca=0 pr=58437302292755 focus_tag=-1 focus=0 tgt=0	MATCH	
cfg	288	[00:(389158,940000) hp45%(450/1000) v0][01:(728568,728568) hp51%(510/1000) v0][02:(318447,940000) hp60%(600/1000) v0][03:(222000,672000) hp45%(450/1000) v0][04:(222000,672000) hp100%(1000/1000) v0][10:(672000,853000) hp49%(490/1000) v0][11:(672000,481000) hp30%(300/1000) v0][12:(672000,901000) hp30%(300/1000) v0][13:(863000,672000) hp49%(490/1000) v0][14:(940000,940000) hp45%(450/1000) v1]
case	289m0	team=0	tgt=5	obj=-1	phase=0	my_d=181000	| pred kind=-1 na=0 ne=4 ca=1 cve=3 cpe=0 sa=2 focus=Some(23) fs=false appr=true iso=true ovl=true lowhp=false | act none=true kind=0 na=0 ne=0 ca=0 pr=217010080863899 focus_tag=-1 focus=0 tgt=0	MATCH	
cfg	289	[00:(389158,940000) hp40%(400/1000) v0][01:(672000,853000) hp39%(390/1000) v0][02:(545428,940000) hp30%(300/1000) v0][03:(353802,940000) hp30%(300/1000) v0][04:(672000,572000) hp100%(1000/1000) v0][10:(672000,822000) hp45%(450/1000) v0][11:(672000,441000) hp39%(390/1000) v0][12:(798572,798572) hp60%(600/1000) v0][13:(555328,736328) hp45%(450/1000) v0][14:(798572,798572) hp39%(390/1000) v0]
case	290m0	team=1	tgt=5	obj=1	phase=1	my_d=151000	| pred kind=2 na=2 ne=1 ca=1 cve=1 cpe=1 sa=4 focus=Some(18) fs=false appr=true iso=false ovl=false lowhp=false | act none=false kind=2 na=2 ne=1 ca=1 pr=2 focus_tag=1 focus=18 tgt=5	MATCH	
cfg	290	[00:(545428,798572) hp39%(390/1000) v0][01:(536943,807057) hp39%(390/1000) v1][02:(901000,672000) hp30%(300/1000) v0][03:(672000,642000) hp49%(490/1000) v0][04:(672000,940000) hp51%(510/1000) v0][10:(448555,662101) hp40%(400/1000) v0][11:(565227,778773) hp45%(450/1000) v0][12:(536943,807057) hp40%(400/1000) v0][13:(940000,353802) hp45%(450/1000) v0][14:(730227,778773) hp30%(300/1000) v0]
case	291m0	team=1	tgt=4	obj=0	phase=1	my_d=140000	| pred kind=-1 na=1 ne=2 ca=1 cve=2 cpe=1 sa=1 focus=Some(20) fs=false appr=false iso=false ovl=false lowhp=false | act none=true kind=0 na=0 ne=0 ca=0 pr=2999480561374 focus_tag=-1 focus=0 tgt=0	MATCH	
cfg	291	[00:(160014,555986) hp40%(400/1000) v0][01:(160014,555986) hp100%(1000/1000) v0][02:(288000,388000) hp51%(510/1000) v0][03:(408000,428000) hp45%(450/1000) v0][04:(641553,641553) hp39%(390/1000) v0][10:(20000,20000) hp30%(300/1000) v0][11:(288000,428000) hp100%(1000/1000) v0][12:(570842,570842) hp39%(390/1000) v0][13:(288000,688000) hp30%(300/1000) v0][14:(188000,288000) hp30%(300/1000) v0]
case	292m0	team=0	tgt=4	obj=1	phase=2	my_d=220000	| pred kind=-1 na=2 ne=1 ca=1 cve=0 cpe=0 sa=4 focus=None fs=false appr=true iso=false ovl=false lowhp=false | act none=true kind=0 na=0 ne=0 ca=0 pr=273120008048184 focus_tag=-1 focus=0 tgt=0	MATCH	
cfg	292	[00:(32735,543265) hp40%(400/1000) v0][01:(132437,443563) hp49%(490/1000) v0][02:(20000,570842) hp39%(390/1000) v0][03:(152943,423057) hp40%(400/1000) v0][04:(260423,315577) hp51%(510/1000) v0][10:(20000,443563) hp100%(1000/1000) v0][11:(20000,288000) hp45%(450/1000) v0][12:(570842,570842) hp51%(510/1000) v0][13:(20000,288000) hp30%(300/1000) v0][14:(132437,323563) hp30%(300/1000) v1]
case	293m0	team=1	tgt=4	obj=0	phase=2	my_d=160000	| pred kind=2 na=3 ne=4 ca=1 cve=0 cpe=0 sa=4 focus=Some(22) fs=false appr=true iso=false ovl=false lowhp=false | act none=false kind=2 na=3 ne=4 ca=1 pr=0 focus_tag=1 focus=22 tgt=4	MATCH	
cfg	293	[00:(421643,421643) hp39%(390/1000) v0][01:(288000,283000) hp30%(300/1000) v0][02:(288000,20000) hp100%(1000/1000) v1][03:(288000,488000) hp39%(390/1000) v0][04:(288000,438000) hp39%(390/1000) v0][10:(288000,469000) hp51%(510/1000) v0][11:(288000,448000) hp40%(400/1000) v0][12:(288000,517000) hp100%(1000/1000) v0][13:(467000,448000) hp39%(390/1000) v0][14:(606198,20000) hp100%(1000/1000) v0]
case	294m0	team=1	tgt=4	obj=0	phase=3	my_d=149000	| pred kind=1 na=2 ne=1 ca=2 cve=0 cpe=0 sa=4 focus=Some(21) fs=false appr=false iso=false ovl=false lowhp=false | act none=false kind=1 na=2 ne=1 ca=2 pr=0 focus_tag=1 focus=21 tgt=4	MATCH	
cfg	294	[00:(394066,394066) hp30%(300/1000) v1][01:(288000,97000) hp39%(390/1000) v0][02:(421643,421643) hp51%(510/1000) v1][03:(299314,276686) hp39%(390/1000) v0][04:(451341,451341) hp51%(510/1000) v1][10:(182642,433358) hp45%(450/1000) v0][11:(182642,393358) hp100%(1000/1000) v0][12:(519000,288000) hp100%(1000/1000) v0][13:(303557,514273) hp100%(1000/1000) v0][14:(788000,288000) hp100%(1000/1000) v0]
case	295m0	team=0	tgt=5	obj=1	phase=3	my_d=220000	| pred kind=3 na=1 ne=2 ca=0 cve=0 cpe=0 sa=3 focus=None fs=true appr=true iso=true ovl=false lowhp=false | act none=false kind=3 na=1 ne=2 ca=0 pr=0 focus_tag=0 focus=2081348817888 tgt=5	MATCH	
cfg	295	[00:(807057,807057) hp30%(300/1000) v0][01:(672000,892000) hp49%(490/1000) v0][02:(318447,940000) hp40%(400/1000) v0][03:(940000,940000) hp49%(490/1000) v0][04:(222000,672000) hp40%(400/1000) v0][10:(672000,122000) hp49%(490/1000) v0][11:(672000,940000) hp60%(600/1000) v0][12:(770287,940000) hp49%(490/1000) v0][13:(833927,510073) hp100%(1000/1000) v0][14:(672000,222000) hp40%(400/1000) v0]
case	296m0	team=0	tgt=5	obj=1	phase=0	my_d=179000	| pred kind=4 na=1 ne=1 ca=0 cve=1 cpe=1 sa=2 focus=Some(26) fs=false appr=true iso=false ovl=false lowhp=true | act none=false kind=4 na=1 ne=1 ca=0 pr=2 focus_tag=1 focus=26 tgt=5	MATCH	
cfg	296	[00:(940000,940000) hp100%(1000/1000) v0][01:(545428,798572) hp30%(300/1000) v0][02:(447141,896859) hp60%(600/1000) v0][03:(283092,283092) hp39%(390/1000) v0][04:(672000,441000) hp30%(300/1000) v0][10:(672000,122000) hp40%(400/1000) v0][11:(672000,940000) hp100%(1000/1000) v0][12:(283092,283092) hp30%(300/1000) v0][13:(517144,826856) hp60%(600/1000) v0][14:(672000,642000) hp100%(1000/1000) v0]
case	297m0	team=1	tgt=5	obj=0	phase=0	my_d=149000	| pred kind=-1 na=1 ne=2 ca=3 cve=0 cpe=0 sa=5 focus=None fs=false appr=false iso=false ovl=false lowhp=false | act none=true kind=0 na=0 ne=0 ca=0 pr=192527139539904 focus_tag=-1 focus=0 tgt=0	MATCH	
cfg	297	[00:(940000,940000) hp100%(1000/1000) v0][01:(672000,940000) hp30%(300/1000) v0][02:(353802,353802) hp49%(490/1000) v0][03:(940000,940000) hp100%(1000/1000) v0][04:(573713,919287) hp40%(400/1000) v0][10:(672000,642000) hp60%(600/1000) v0][11:(672000,821000) hp100%(1000/1000) v0][12:(672000,656000) hp51%(510/1000) v0][13:(805643,538357) hp51%(510/1000) v0][14:(510073,833927) hp60%(600/1000) v0]
case	298m0	team=0	tgt=5	obj=1	phase=1	my_d=80000	| pred kind=1 na=3 ne=2 ca=3 cve=1 cpe=0 sa=4 focus=Some(23) fs=false appr=false iso=false ovl=false lowhp=false | act none=false kind=1 na=3 ne=2 ca=3 pr=1 focus_tag=1 focus=23 tgt=5	MATCH	
cfg	298	[00:(672000,172000) hp100%(1000/1000) v0][01:(615432,728568) hp51%(510/1000) v0][02:(587148,756852) hp49%(490/1000) v0][03:(940000,940000) hp51%(510/1000) v0][04:(713719,630281) hp100%(1000/1000) v0][10:(742710,742710) hp30%(300/1000) v0][11:(851000,672000) hp100%(1000/1000) v1][12:(799986,799986) hp45%(450/1000) v0][13:(272000,672000) hp49%(490/1000) v0][14:(672000,572000) hp39%(390/1000) v0]
case	299m0	team=0	tgt=5	obj=1	phase=1	my_d=179000	| pred kind=1 na=1 ne=3 ca=2 cve=0 cpe=1 sa=4 focus=Some(24) fs=false appr=true iso=true ovl=false lowhp=false | act none=false kind=1 na=1 ne=3 ca=2 pr=1 focus_tag=1 focus=24 tgt=5	MATCH	
cfg	299	[00:(672000,493000) hp100%(1000/1000) v0][01:(672000,851000) hp39%(390/1000) v0][02:(643716,879284) hp100%(1000/1000) v0][03:(940000,389158) hp45%(450/1000) v0][04:(572298,751298) hp60%(600/1000) v0][10:(835341,835341) hp100%(1000/1000) v0][11:(811000,851000) hp30%(300/1000) v0][12:(353802,353802) hp100%(1000/1000) v0][13:(672000,940000) hp45%(450/1000) v0][14:(672000,491000) hp30%(300/1000) v0]
