setting_ok	true	width=960000	height=960000	tps=60	champ_radius=10000
towers	16	minions	18

#31	case	team	pos	mu	far	absent	gather	got	expect	verdict
31	line_exists	Top=true	Mid=true	Bottom=true
31	G	0	0	Gather	0	0	(0,1)	(0,1)	is_split=false	MATCH
31	S14	0	0	Split14(0)	0	0	(0,1)	(1,0)	(1,0)	MATCH
31	S14	0	0	Split14(1)	0	0	(0,1)	(0,1)	fallback!=0	MATCH
31	S14	0	0	Split14(2)	0	0	(0,1)	(0,1)	fallback!=0	MATCH
31	S14	0	0	Split14(3)	0	0	(0,1)	(0,1)	fallback!=0	MATCH
31	S14	0	0	Split14(4)	0	0	(0,1)	(0,1)	fallback!=0	MATCH
31	S131	0	0	Split131(0,0)	0	0	(0,1)	(1,0)	(1,0)	MATCH
31	S131	0	0	Split131(0,1)	0	0	(0,1)	(1,0)	(1,0)	MATCH
31	S131	0	0	Split131(0,2)	0	0	(0,1)	(1,0)	(1,0)	MATCH
31	S131	0	0	Split131(0,3)	0	0	(0,1)	(1,0)	(1,0)	MATCH
31	S131	0	0	Split131(0,4)	0	0	(0,1)	(1,0)	(1,0)	MATCH
31	S131	0	0	Split131(1,0)	0	0	(0,1)	(1,2)	(1,2)	MATCH
31	S131	0	0	Split131(1,1)	0	0	(0,1)	(0,1)	(0,1)	MATCH
31	S131	0	0	Split131(1,2)	0	0	(0,1)	(0,1)	(0,1)	MATCH
31	S131	0	0	Split131(1,3)	0	0	(0,1)	(0,1)	(0,1)	MATCH
31	S131	0	0	Split131(1,4)	0	0	(0,1)	(0,1)	(0,1)	MATCH
31	S131	0	0	Split131(2,0)	0	0	(0,1)	(1,2)	(1,2)	MATCH
31	S131	0	0	Split131(2,1)	0	0	(0,1)	(0,1)	(0,1)	MATCH
31	S131	0	0	Split131(2,2)	0	0	(0,1)	(0,1)	(0,1)	MATCH
31	S131	0	0	Split131(2,3)	0	0	(0,1)	(0,1)	(0,1)	MATCH
31	S131	0	0	Split131(2,4)	0	0	(0,1)	(0,1)	(0,1)	MATCH
31	S131	0	0	Split131(3,0)	0	0	(0,1)	(1,2)	(1,2)	MATCH
31	S131	0	0	Split131(3,1)	0	0	(0,1)	(0,1)	(0,1)	MATCH
31	S131	0	0	Split131(3,2)	0	0	(0,1)	(0,1)	(0,1)	MATCH
31	S131	0	0	Split131(3,3)	0	0	(0,1)	(0,1)	(0,1)	MATCH
31	S131	0	0	Split131(3,4)	0	0	(0,1)	(0,1)	(0,1)	MATCH
31	S131	0	0	Split131(4,0)	0	0	(0,1)	(1,2)	(1,2)	MATCH
31	S131	0	0	Split131(4,1)	0	0	(0,1)	(0,1)	(0,1)	MATCH
31	S131	0	0	Split131(4,2)	0	0	(0,1)	(0,1)	(0,1)	MATCH
31	S131	0	0	Split131(4,3)	0	0	(0,1)	(0,1)	(0,1)	MATCH
31	S131	0	0	Split131(4,4)	0	0	(0,1)	(0,1)	(0,1)	MATCH
31	G	0	1	Gather	0	0	(0,1)	(0,1)	is_split=false	MATCH
31	S14	0	1	Split14(0)	0	0	(0,1)	(0,1)	fallback!=0	MATCH
31	S14	0	1	Split14(1)	0	0	(0,1)	(1,0)	(1,0)	MATCH
31	S14	0	1	Split14(2)	0	0	(0,1)	(0,1)	fallback!=0	MATCH
31	S14	0	1	Split14(3)	0	0	(0,1)	(0,1)	fallback!=0	MATCH
31	S14	0	1	Split14(4)	0	0	(0,1)	(0,1)	fallback!=0	MATCH
31	S131	0	1	Split131(0,0)	0	0	(0,1)	(0,1)	(0,1)	MATCH
31	S131	0	1	Split131(0,1)	0	0	(0,1)	(1,0)	(1,0)	MATCH
31	S131	0	1	Split131(0,2)	0	0	(0,1)	(0,1)	(0,1)	MATCH
31	S131	0	1	Split131(0,3)	0	0	(0,1)	(0,1)	(0,1)	MATCH
31	S131	0	1	Split131(0,4)	0	0	(0,1)	(0,1)	(0,1)	MATCH
31	S131	0	1	Split131(1,0)	0	0	(0,1)	(1,0)	(1,0)	MATCH
31	S131	0	1	Split131(1,1)	0	0	(0,1)	(1,0)	(1,0)	MATCH
31	S131	0	1	Split131(1,2)	0	0	(0,1)	(1,0)	(1,0)	MATCH
31	S131	0	1	Split131(1,3)	0	0	(0,1)	(1,0)	(1,0)	MATCH
31	S131	0	1	Split131(1,4)	0	0	(0,1)	(1,0)	(1,0)	MATCH
31	S131	0	1	Split131(2,0)	0	0	(0,1)	(0,1)	(0,1)	MATCH
31	S131	0	1	Split131(2,1)	0	0	(0,1)	(1,2)	(1,2)	MATCH
31	S131	0	1	Split131(2,2)	0	0	(0,1)	(0,1)	(0,1)	MATCH
31	S131	0	1	Split131(2,3)	0	0	(0,1)	(0,1)	(0,1)	MATCH
31	S131	0	1	Split131(2,4)	0	0	(0,1)	(0,1)	(0,1)	MATCH
31	S131	0	1	Split131(3,0)	0	0	(0,1)	(0,1)	(0,1)	MATCH
31	S131	0	1	Split131(3,1)	0	0	(0,1)	(1,2)	(1,2)	MATCH
31	S131	0	1	Split131(3,2)	0	0	(0,1)	(0,1)	(0,1)	MATCH
31	S131	0	1	Split131(3,3)	0	0	(0,1)	(0,1)	(0,1)	MATCH
31	S131	0	1	Split131(3,4)	0	0	(0,1)	(0,1)	(0,1)	MATCH
31	S131	0	1	Split131(4,0)	0	0	(0,1)	(0,1)	(0,1)	MATCH
31	S131	0	1	Split131(4,1)	0	0	(0,1)	(1,2)	(1,2)	MATCH
31	S131	0	1	Split131(4,2)	0	0	(0,1)	(0,1)	(0,1)	MATCH
31	S131	0	1	Split131(4,3)	0	0	(0,1)	(0,1)	(0,1)	MATCH
31	S131	0	1	Split131(4,4)	0	0	(0,1)	(0,1)	(0,1)	MATCH
31	G	0	2	Gather	0	0	(0,1)	(0,1)	is_split=false	MATCH
31	S14	0	2	Split14(0)	0	0	(0,1)	(0,1)	fallback!=0	MATCH
31	S14	0	2	Split14(1)	0	0	(0,1)	(0,1)	fallback!=0	MATCH
31	S14	0	2	Split14(2)	0	0	(0,1)	(1,0)	(1,0)	MATCH
31	S14	0	2	Split14(3)	0	0	(0,1)	(0,1)	fallback!=0	MATCH
31	S14	0	2	Split14(4)	0	0	(0,1)	(0,1)	fallback!=0	MATCH
31	S131	0	2	Split131(0,0)	0	0	(0,1)	(0,1)	(0,1)	MATCH
31	S131	0	2	Split131(0,1)	0	0	(0,1)	(0,1)	(0,1)	MATCH
31	S131	0	2	Split131(0,2)	0	0	(0,1)	(1,0)	(1,0)	MATCH
31	S131	0	2	Split131(0,3)	0	0	(0,1)	(0,1)	(0,1)	MATCH
31	S131	0	2	Split131(0,4)	0	0	(0,1)	(0,1)	(0,1)	MATCH
31	S131	0	2	Split131(1,0)	0	0	(0,1)	(0,1)	(0,1)	MATCH
31	S131	0	2	Split131(1,1)	0	0	(0,1)	(0,1)	(0,1)	MATCH
31	S131	0	2	Split131(1,2)	0	0	(0,1)	(1,2)	(1,2)	MATCH
31	S131	0	2	Split131(1,3)	0	0	(0,1)	(0,1)	(0,1)	MATCH
31	S131	0	2	Split131(1,4)	0	0	(0,1)	(0,1)	(0,1)	MATCH
31	S131	0	2	Split131(2,0)	0	0	(0,1)	(1,0)	(1,0)	MATCH
31	S131	0	2	Split131(2,1)	0	0	(0,1)	(1,0)	(1,0)	MATCH
31	S131	0	2	Split131(2,2)	0	0	(0,1)	(1,0)	(1,0)	MATCH
31	S131	0	2	Split131(2,3)	0	0	(0,1)	(1,0)	(1,0)	MATCH
31	S131	0	2	Split131(2,4)	0	0	(0,1)	(1,0)	(1,0)	MATCH
31	S131	0	2	Split131(3,0)	0	0	(0,1)	(0,1)	(0,1)	MATCH
31	S131	0	2	Split131(3,1)	0	0	(0,1)	(0,1)	(0,1)	MATCH
31	S131	0	2	Split131(3,2)	0	0	(0,1)	(1,2)	(1,2)	MATCH
31	S131	0	2	Split131(3,3)	0	0	(0,1)	(0,1)	(0,1)	MATCH
31	S131	0	2	Split131(3,4)	0	0	(0,1)	(0,1)	(0,1)	MATCH
31	S131	0	2	Split131(4,0)	0	0	(0,1)	(0,1)	(0,1)	MATCH
31	S131	0	2	Split131(4,1)	0	0	(0,1)	(0,1)	(0,1)	MATCH
31	S131	0	2	Split131(4,2)	0	0	(0,1)	(1,2)	(1,2)	MATCH
31	S131	0	2	Split131(4,3)	0	0	(0,1)	(0,1)	(0,1)	MATCH
31	S131	0	2	Split131(4,4)	0	0	(0,1)	(0,1)	(0,1)	MATCH
31	G	0	3	Gather	0	0	(0,1)	(0,1)	is_split=false	MATCH
31	S14	0	3	Split14(0)	0	0	(0,1)	(0,1)	fallback!=0	MATCH
31	S14	0	3	Split14(1)	0	0	(0,1)	(0,1)	fallback!=0	MATCH
31	S14	0	3	Split14(2)	0	0	(0,1)	(0,1)	fallback!=0	MATCH
31	S14	0	3	Split14(3)	0	0	(0,1)	(1,0)	(1,0)	MATCH
31	S14	0	3	Split14(4)	0	0	(0,1)	(0,1)	fallback!=0	MATCH
31	S131	0	3	Split131(0,0)	0	0	(0,1)	(0,1)	(0,1)	MATCH
31	S131	0	3	Split131(0,1)	0	0	(0,1)	(0,1)	(0,1)	MATCH
31	S131	0	3	Split131(0,2)	0	0	(0,1)	(0,1)	(0,1)	MATCH
31	S131	0	3	Split131(0,3)	0	0	(0,1)	(1,0)	(1,0)	MATCH
31	S131	0	3	Split131(0,4)	0	0	(0,1)	(0,1)	(0,1)	MATCH
31	S131	0	3	Split131(1,0)	0	0	(0,1)	(0,1)	(0,1)	MATCH
31	S131	0	3	Split131(1,1)	0	0	(0,1)	(0,1)	(0,1)	MATCH
31	S131	0	3	Split131(1,2)	0	0	(0,1)	(0,1)	(0,1)	MATCH
31	S131	0	3	Split131(1,3)	0	0	(0,1)	(1,2)	(1,2)	MATCH
31	S131	0	3	Split131(1,4)	0	0	(0,1)	(0,1)	(0,1)	MATCH
31	S131	0	3	Split131(2,0)	0	0	(0,1)	(0,1)	(0,1)	MATCH
31	S131	0	3	Split131(2,1)	0	0	(0,1)	(0,1)	(0,1)	MATCH
31	S131	0	3	Split131(2,2)	0	0	(0,1)	(0,1)	(0,1)	MATCH
31	S131	0	3	Split131(2,3)	0	0	(0,1)	(1,2)	(1,2)	MATCH
31	S131	0	3	Split131(2,4)	0	0	(0,1)	(0,1)	(0,1)	MATCH
31	S131	0	3	Split131(3,0)	0	0	(0,1)	(1,0)	(1,0)	MATCH
31	S131	0	3	Split131(3,1)	0	0	(0,1)	(1,0)	(1,0)	MATCH
31	S131	0	3	Split131(3,2)	0	0	(0,1)	(1,0)	(1,0)	MATCH
31	S131	0	3	Split131(3,3)	0	0	(0,1)	(1,0)	(1,0)	MATCH
31	S131	0	3	Split131(3,4)	0	0	(0,1)	(1,0)	(1,0)	MATCH
31	S131	0	3	Split131(4,0)	0	0	(0,1)	(0,1)	(0,1)	MATCH
31	S131	0	3	Split131(4,1)	0	0	(0,1)	(0,1)	(0,1)	MATCH
31	S131	0	3	Split131(4,2)	0	0	(0,1)	(0,1)	(0,1)	MATCH
31	S131	0	3	Split131(4,3)	0	0	(0,1)	(1,2)	(1,2)	MATCH
31	S131	0	3	Split131(4,4)	0	0	(0,1)	(0,1)	(0,1)	MATCH
31	G	0	4	Gather	0	0	(0,1)	(0,1)	is_split=false	MATCH
31	S14	0	4	Split14(0)	0	0	(0,1)	(0,1)	fallback!=0	MATCH
31	S14	0	4	Split14(1)	0	0	(0,1)	(0,1)	fallback!=0	MATCH
31	S14	0	4	Split14(2)	0	0	(0,1)	(0,1)	fallback!=0	MATCH
31	S14	0	4	Split14(3)	0	0	(0,1)	(0,1)	fallback!=0	MATCH
31	S14	0	4	Split14(4)	0	0	(0,1)	(1,0)	(1,0)	MATCH
31	S131	0	4	Split131(0,0)	0	0	(0,1)	(0,1)	(0,1)	MATCH
31	S131	0	4	Split131(0,1)	0	0	(0,1)	(0,1)	(0,1)	MATCH
31	S131	0	4	Split131(0,2)	0	0	(0,1)	(0,1)	(0,1)	MATCH
31	S131	0	4	Split131(0,3)	0	0	(0,1)	(0,1)	(0,1)	MATCH
31	S131	0	4	Split131(0,4)	0	0	(0,1)	(1,0)	(1,0)	MATCH
31	S131	0	4	Split131(1,0)	0	0	(0,1)	(0,1)	(0,1)	MATCH
31	S131	0	4	Split131(1,1)	0	0	(0,1)	(0,1)	(0,1)	MATCH
31	S131	0	4	Split131(1,2)	0	0	(0,1)	(0,1)	(0,1)	MATCH
31	S131	0	4	Split131(1,3)	0	0	(0,1)	(0,1)	(0,1)	MATCH
31	S131	0	4	Split131(1,4)	0	0	(0,1)	(1,2)	(1,2)	MATCH
31	S131	0	4	Split131(2,0)	0	0	(0,1)	(0,1)	(0,1)	MATCH
31	S131	0	4	Split131(2,1)	0	0	(0,1)	(0,1)	(0,1)	MATCH
31	S131	0	4	Split131(2,2)	0	0	(0,1)	(0,1)	(0,1)	MATCH
31	S131	0	4	Split131(2,3)	0	0	(0,1)	(0,1)	(0,1)	MATCH
31	S131	0	4	Split131(2,4)	0	0	(0,1)	(1,2)	(1,2)	MATCH
31	S131	0	4	Split131(3,0)	0	0	(0,1)	(0,1)	(0,1)	MATCH
31	S131	0	4	Split131(3,1)	0	0	(0,1)	(0,1)	(0,1)	MATCH
31	S131	0	4	Split131(3,2)	0	0	(0,1)	(0,1)	(0,1)	MATCH
31	S131	0	4	Split131(3,3)	0	0	(0,1)	(0,1)	(0,1)	MATCH
31	S131	0	4	Split131(3,4)	0	0	(0,1)	(1,2)	(1,2)	MATCH
31	S131	0	4	Split131(4,0)	0	0	(0,1)	(1,0)	(1,0)	MATCH
31	S131	0	4	Split131(4,1)	0	0	(0,1)	(1,0)	(1,0)	MATCH
31	S131	0	4	Split131(4,2)	0	0	(0,1)	(1,0)	(1,0)	MATCH
31	S131	0	4	Split131(4,3)	0	0	(0,1)	(1,0)	(1,0)	MATCH
31	S131	0	4	Split131(4,4)	0	0	(0,1)	(1,0)	(1,0)	MATCH
31	G	0	0	Gather	0	1	(0,1)	(0,1)	is_split=false	MATCH
31	S14	0	0	Split14(0)	0	1	(0,1)	(1,0)	(1,0)	MATCH
31	S14	0	0	Split14(1)	0	1	(0,1)	(0,1)	fallback!=0	MATCH
31	S14	0	0	Split14(2)	0	1	(0,1)	(0,1)	fallback!=0	MATCH
31	S14	0	0	Split14(3)	0	1	(0,1)	(0,1)	fallback!=0	MATCH
31	S14	0	0	Split14(4)	0	1	(0,1)	(0,1)	fallback!=0	MATCH
31	S131	0	0	Split131(0,0)	0	1	(0,1)	(1,0)	(1,0)	MATCH
31	S131	0	0	Split131(0,1)	0	1	(0,1)	(1,0)	(1,0)	MATCH
31	S131	0	0	Split131(0,2)	0	1	(0,1)	(1,0)	(1,0)	MATCH
31	S131	0	0	Split131(0,3)	0	1	(0,1)	(1,0)	(1,0)	MATCH
31	S131	0	0	Split131(0,4)	0	1	(0,1)	(1,0)	(1,0)	MATCH
31	S131	0	0	Split131(1,0)	0	1	(0,1)	(1,0)	(1,0)	MATCH
31	S131	0	0	Split131(1,1)	0	1	(0,1)	(0,1)	(0,1)	MATCH
31	S131	0	0	Split131(1,2)	0	1	(0,1)	(0,1)	(0,1)	MATCH
31	S131	0	0	Split131(1,3)	0	1	(0,1)	(0,1)	(0,1)	MATCH
31	S131	0	0	Split131(1,4)	0	1	(0,1)	(0,1)	(0,1)	MATCH
31	S131	0	0	Split131(2,0)	0	1	(0,1)	(1,2)	(1,2)	MATCH
31	S131	0	0	Split131(2,1)	0	1	(0,1)	(0,1)	(0,1)	MATCH
31	S131	0	0	Split131(2,2)	0	1	(0,1)	(0,1)	(0,1)	MATCH
31	S131	0	0	Split131(2,3)	0	1	(0,1)	(0,1)	(0,1)	MATCH
31	S131	0	0	Split131(2,4)	0	1	(0,1)	(0,1)	(0,1)	MATCH
31	S131	0	0	Split131(3,0)	0	1	(0,1)	(1,2)	(1,2)	MATCH
31	S131	0	0	Split131(3,1)	0	1	(0,1)	(0,1)	(0,1)	MATCH
31	S131	0	0	Split131(3,2)	0	1	(0,1)	(0,1)	(0,1)	MATCH
31	S131	0	0	Split131(3,3)	0	1	(0,1)	(0,1)	(0,1)	MATCH
31	S131	0	0	Split131(3,4)	0	1	(0,1)	(0,1)	(0,1)	MATCH
31	S131	0	0	Split131(4,0)	0	1	(0,1)	(1,2)	(1,2)	MATCH
31	S131	0	0	Split131(4,1)	0	1	(0,1)	(0,1)	(0,1)	MATCH
31	S131	0	0	Split131(4,2)	0	1	(0,1)	(0,1)	(0,1)	MATCH
31	S131	0	0	Split131(4,3)	0	1	(0,1)	(0,1)	(0,1)	MATCH
31	S131	0	0	Split131(4,4)	0	1	(0,1)	(0,1)	(0,1)	MATCH
31	G	0	1	Gather	0	1	(0,1)	(0,1)	is_split=false	MATCH
31	S14	0	1	Split14(0)	0	1	(0,1)	(0,1)	fallback!=0	MATCH
31	S14	0	1	Split14(1)	0	1	(0,1)	(1,0)	(1,0)	MATCH
31	S14	0	1	Split14(2)	0	1	(0,1)	(0,1)	fallback!=0	MATCH
31	S14	0	1	Split14(3)	0	1	(0,1)	(0,1)	fallback!=0	MATCH
31	S14	0	1	Split14(4)	0	1	(0,1)	(0,1)	fallback!=0	MATCH
31	S131	0	1	Split131(0,0)	0	1	(0,1)	(0,1)	(0,1)	MATCH
31	S131	0	1	Split131(0,1)	0	1	(0,1)	(1,2)	(1,2)	MATCH
31	S131	0	1	Split131(0,2)	0	1	(0,1)	(0,1)	(0,1)	MATCH
31	S131	0	1	Split131(0,3)	0	1	(0,1)	(0,1)	(0,1)	MATCH
31	S131	0	1	Split131(0,4)	0	1	(0,1)	(0,1)	(0,1)	MATCH
31	S131	0	1	Split131(1,0)	0	1	(0,1)	(1,0)	(1,0)	MATCH
31	S131	0	1	Split131(1,1)	0	1	(0,1)	(1,0)	(1,0)	MATCH
31	S131	0	1	Split131(1,2)	0	1	(0,1)	(1,0)	(1,0)	MATCH
31	S131	0	1	Split131(1,3)	0	1	(0,1)	(1,0)	(1,0)	MATCH
31	S131	0	1	Split131(1,4)	0	1	(0,1)	(1,0)	(1,0)	MATCH
31	S131	0	1	Split131(2,0)	0	1	(0,1)	(0,1)	(0,1)	MATCH
31	S131	0	1	Split131(2,1)	0	1	(0,1)	(1,2)	(1,2)	MATCH
31	S131	0	1	Split131(2,2)	0	1	(0,1)	(0,1)	(0,1)	MATCH
31	S131	0	1	Split131(2,3)	0	1	(0,1)	(0,1)	(0,1)	MATCH
31	S131	0	1	Split131(2,4)	0	1	(0,1)	(0,1)	(0,1)	MATCH
31	S131	0	1	Split131(3,0)	0	1	(0,1)	(0,1)	(0,1)	MATCH
31	S131	0	1	Split131(3,1)	0	1	(0,1)	(1,2)	(1,2)	MATCH
31	S131	0	1	Split131(3,2)	0	1	(0,1)	(0,1)	(0,1)	MATCH
31	S131	0	1	Split131(3,3)	0	1	(0,1)	(0,1)	(0,1)	MATCH
31	S131	0	1	Split131(3,4)	0	1	(0,1)	(0,1)	(0,1)	MATCH
31	S131	0	1	Split131(4,0)	0	1	(0,1)	(0,1)	(0,1)	MATCH
31	S131	0	1	Split131(4,1)	0	1	(0,1)	(1,2)	(1,2)	MATCH
31	S131	0	1	Split131(4,2)	0	1	(0,1)	(0,1)	(0,1)	MATCH
31	S131	0	1	Split131(4,3)	0	1	(0,1)	(0,1)	(0,1)	MATCH
31	S131	0	1	Split131(4,4)	0	1	(0,1)	(0,1)	(0,1)	MATCH
31	G	0	2	Gather	0	1	(0,1)	(0,1)	is_split=false	MATCH
31	S14	0	2	Split14(0)	0	1	(0,1)	(0,1)	fallback!=0	MATCH
31	S14	0	2	Split14(1)	0	1	(0,1)	(0,1)	fallback!=0	MATCH
31	S14	0	2	Split14(2)	0	1	(0,1)	(1,0)	(1,0)	MATCH
31	S14	0	2	Split14(3)	0	1	(0,1)	(0,1)	fallback!=0	MATCH
31	S14	0	2	Split14(4)	0	1	(0,1)	(0,1)	fallback!=0	MATCH
31	S131	0	2	Split131(0,0)	0	1	(0,1)	(0,1)	(0,1)	MATCH
31	S131	0	2	Split131(0,1)	0	1	(0,1)	(0,1)	(0,1)	MATCH
31	S131	0	2	Split131(0,2)	0	1	(0,1)	(1,2)	(1,2)	MATCH
31	S131	0	2	Split131(0,3)	0	1	(0,1)	(0,1)	(0,1)	MATCH
31	S131	0	2	Split131(0,4)	0	1	(0,1)	(0,1)	(0,1)	MATCH
31	S131	0	2	Split131(1,0)	0	1	(0,1)	(0,1)	(0,1)	MATCH
31	S131	0	2	Split131(1,1)	0	1	(0,1)	(0,1)	(0,1)	MATCH
31	S131	0	2	Split131(1,2)	0	1	(0,1)	(1,0)	(1,0)	MATCH
31	S131	0	2	Split131(1,3)	0	1	(0,1)	(0,1)	(0,1)	MATCH
31	S131	0	2	Split131(1,4)	0	1	(0,1)	(0,1)	(0,1)	MATCH
31	S131	0	2	Split131(2,0)	0	1	(0,1)	(1,0)	(1,0)	MATCH
31	S131	0	2	Split131(2,1)	0	1	(0,1)	(1,0)	(1,0)	MATCH
31	S131	0	2	Split131(2,2)	0	1	(0,1)	(1,0)	(1,0)	MATCH
31	S131	0	2	Split131(2,3)	0	1	(0,1)	(1,0)	(1,0)	MATCH
31	S131	0	2	Split131(2,4)	0	1	(0,1)	(1,0)	(1,0)	MATCH
31	S131	0	2	Split131(3,0)	0	1	(0,1)	(0,1)	(0,1)	MATCH
31	S131	0	2	Split131(3,1)	0	1	(0,1)	(0,1)	(0,1)	MATCH
31	S131	0	2	Split131(3,2)	0	1	(0,1)	(1,2)	(1,2)	MATCH
31	S131	0	2	Split131(3,3)	0	1	(0,1)	(0,1)	(0,1)	MATCH
31	S131	0	2	Split131(3,4)	0	1	(0,1)	(0,1)	(0,1)	MATCH
31	S131	0	2	Split131(4,0)	0	1	(0,1)	(0,1)	(0,1)	MATCH
31	S131	0	2	Split131(4,1)	0	1	(0,1)	(0,1)	(0,1)	MATCH
31	S131	0	2	Split131(4,2)	0	1	(0,1)	(1,2)	(1,2)	MATCH
31	S131	0	2	Split131(4,3)	0	1	(0,1)	(0,1)	(0,1)	MATCH
31	S131	0	2	Split131(4,4)	0	1	(0,1)	(0,1)	(0,1)	MATCH
31	G	0	3	Gather	0	1	(0,1)	(0,1)	is_split=false	MATCH
31	S14	0	3	Split14(0)	0	1	(0,1)	(0,1)	fallback!=0	MATCH
31	S14	0	3	Split14(1)	0	1	(0,1)	(0,1)	fallback!=0	MATCH
31	S14	0	3	Split14(2)	0	1	(0,1)	(0,1)	fallback!=0	MATCH
31	S14	0	3	Split14(3)	0	1	(0,1)	(1,0)	(1,0)	MATCH
31	S14	0	3	Split14(4)	0	1	(0,1)	(0,1)	fallback!=0	MATCH
31	S131	0	3	Split131(0,0)	0	1	(0,1)	(0,1)	(0,1)	MATCH
31	S131	0	3	Split131(0,1)	0	1	(0,1)	(0,1)	(0,1)	MATCH
31	S131	0	3	Split131(0,2)	0	1	(0,1)	(0,1)	(0,1)	MATCH
31	S131	0	3	Split131(0,3)	0	1	(0,1)	(1,2)	(1,2)	MATCH
31	S131	0	3	Split131(0,4)	0	1	(0,1)	(0,1)	(0,1)	MATCH
31	S131	0	3	Split131(1,0)	0	1	(0,1)	(0,1)	(0,1)	MATCH
31	S131	0	3	Split131(1,1)	0	1	(0,1)	(0,1)	(0,1)	MATCH
31	S131	0	3	Split131(1,2)	0	1	(0,1)	(0,1)	(0,1)	MATCH
31	S131	0	3	Split131(1,3)	0	1	(0,1)	(1,0)	(1,0)	MATCH
31	S131	0	3	Split131(1,4)	0	1	(0,1)	(0,1)	(0,1)	MATCH
31	S131	0	3	Split131(2,0)	0	1	(0,1)	(0,1)	(0,1)	MATCH
31	S131	0	3	Split131(2,1)	0	1	(0,1)	(0,1)	(0,1)	MATCH
31	S131	0	3	Split131(2,2)	0	1	(0,1)	(0,1)	(0,1)	MATCH
31	S131	0	3	Split131(2,3)	0	1	(0,1)	(1,2)	(1,2)	MATCH
31	S131	0	3	Split131(2,4)	0	1	(0,1)	(0,1)	(0,1)	MATCH
31	S131	0	3	Split131(3,0)	0	1	(0,1)	(1,0)	(1,0)	MATCH
31	S131	0	3	Split131(3,1)	0	1	(0,1)	(1,0)	(1,0)	MATCH
31	S131	0	3	Split131(3,2)	0	1	(0,1)	(1,0)	(1,0)	MATCH
31	S131	0	3	Split131(3,3)	0	1	(0,1)	(1,0)	(1,0)	MATCH
31	S131	0	3	Split131(3,4)	0	1	(0,1)	(1,0)	(1,0)	MATCH
31	S131	0	3	Split131(4,0)	0	1	(0,1)	(0,1)	(0,1)	MATCH
31	S131	0	3	Split131(4,1)	0	1	(0,1)	(0,1)	(0,1)	MATCH
31	S131	0	3	Split131(4,2)	0	1	(0,1)	(0,1)	(0,1)	MATCH
31	S131	0	3	Split131(4,3)	0	1	(0,1)	(1,2)	(1,2)	MATCH
31	S131	0	3	Split131(4,4)	0	1	(0,1)	(0,1)	(0,1)	MATCH
31	G	0	4	Gather	0	1	(0,1)	(0,1)	is_split=false	MATCH
31	S14	0	4	Split14(0)	0	1	(0,1)	(0,1)	fallback!=0	MATCH
31	S14	0	4	Split14(1)	0	1	(0,1)	(0,1)	fallback!=0	MATCH
31	S14	0	4	Split14(2)	0	1	(0,1)	(0,1)	fallback!=0	MATCH
31	S14	0	4	Split14(3)	0	1	(0,1)	(0,1)	fallback!=0	MATCH
31	S14	0	4	Split14(4)	0	1	(0,1)	(1,0)	(1,0)	MATCH
31	S131	0	4	Split131(0,0)	0	1	(0,1)	(0,1)	(0,1)	MATCH
31	S131	0	4	Split131(0,1)	0	1	(0,1)	(0,1)	(0,1)	MATCH
31	S131	0	4	Split131(0,2)	0	1	(0,1)	(0,1)	(0,1)	MATCH
31	S131	0	4	Split131(0,3)	0	1	(0,1)	(0,1)	(0,1)	MATCH
31	S131	0	4	Split131(0,4)	0	1	(0,1)	(1,2)	(1,2)	MATCH
31	S131	0	4	Split131(1,0)	0	1	(0,1)	(0,1)	(0,1)	MATCH
31	S131	0	4	Split131(1,1)	0	1	(0,1)	(0,1)	(0,1)	MATCH
31	S131	0	4	Split131(1,2)	0	1	(0,1)	(0,1)	(0,1)	MATCH
31	S131	0	4	Split131(1,3)	0	1	(0,1)	(0,1)	(0,1)	MATCH
31	S131	0	4	Split131(1,4)	0	1	(0,1)	(1,0)	(1,0)	MATCH
31	S131	0	4	Split131(2,0)	0	1	(0,1)	(0,1)	(0,1)	MATCH
31	S131	0	4	Split131(2,1)	0	1	(0,1)	(0,1)	(0,1)	MATCH
31	S131	0	4	Split131(2,2)	0	1	(0,1)	(0,1)	(0,1)	MATCH
31	S131	0	4	Split131(2,3)	0	1	(0,1)	(0,1)	(0,1)	MATCH
31	S131	0	4	Split131(2,4)	0	1	(0,1)	(1,2)	(1,2)	MATCH
31	S131	0	4	Split131(3,0)	0	1	(0,1)	(0,1)	(0,1)	MATCH
31	S131	0	4	Split131(3,1)	0	1	(0,1)	(0,1)	(0,1)	MATCH
31	S131	0	4	Split131(3,2)	0	1	(0,1)	(0,1)	(0,1)	MATCH
31	S131	0	4	Split131(3,3)	0	1	(0,1)	(0,1)	(0,1)	MATCH
31	S131	0	4	Split131(3,4)	0	1	(0,1)	(1,2)	(1,2)	MATCH
31	S131	0	4	Split131(4,0)	0	1	(0,1)	(1,0)	(1,0)	MATCH
31	S131	0	4	Split131(4,1)	0	1	(0,1)	(1,0)	(1,0)	MATCH
31	S131	0	4	Split131(4,2)	0	1	(0,1)	(1,0)	(1,0)	MATCH
31	S131	0	4	Split131(4,3)	0	1	(0,1)	(1,0)	(1,0)	MATCH
31	S131	0	4	Split131(4,4)	0	1	(0,1)	(1,0)	(1,0)	MATCH
31	G	0	0	Gather	0	2	(0,1)	(0,1)	is_split=false	MATCH
31	S14	0	0	Split14(0)	0	2	(0,1)	(1,0)	(1,0)	MATCH
31	S14	0	0	Split14(1)	0	2	(0,1)	(0,1)	fallback!=0	MATCH
31	S14	0	0	Split14(2)	0	2	(0,1)	(0,1)	fallback!=0	MATCH
31	S14	0	0	Split14(3)	0	2	(0,1)	(0,1)	fallback!=0	MATCH
31	S14	0	0	Split14(4)	0	2	(0,1)	(0,1)	fallback!=0	MATCH
31	S131	0	0	Split131(0,0)	0	2	(0,1)	(1,0)	(1,0)	MATCH
31	S131	0	0	Split131(0,1)	0	2	(0,1)	(1,0)	(1,0)	MATCH
31	S131	0	0	Split131(0,2)	0	2	(0,1)	(1,0)	(1,0)	MATCH
31	S131	0	0	Split131(0,3)	0	2	(0,1)	(1,0)	(1,0)	MATCH
31	S131	0	0	Split131(0,4)	0	2	(0,1)	(1,0)	(1,0)	MATCH
31	S131	0	0	Split131(1,0)	0	2	(0,1)	(1,2)	(1,2)	MATCH
31	S131	0	0	Split131(1,1)	0	2	(0,1)	(0,1)	(0,1)	MATCH
31	S131	0	0	Split131(1,2)	0	2	(0,1)	(0,1)	(0,1)	MATCH
31	S131	0	0	Split131(1,3)	0	2	(0,1)	(0,1)	(0,1)	MATCH
31	S131	0	0	Split131(1,4)	0	2	(0,1)	(0,1)	(0,1)	MATCH
31	S131	0	0	Split131(2,0)	0	2	(0,1)	(1,0)	(1,0)	MATCH
31	S131	0	0	Split131(2,1)	0	2	(0,1)	(0,1)	(0,1)	MATCH
31	S131	0	0	Split131(2,2)	0	2	(0,1)	(0,1)	(0,1)	MATCH
31	S131	0	0	Split131(2,3)	0	2	(0,1)	(0,1)	(0,1)	MATCH
31	S131	0	0	Split131(2,4)	0	2	(0,1)	(0,1)	(0,1)	MATCH
31	S131	0	0	Split131(3,0)	0	2	(0,1)	(1,2)	(1,2)	MATCH
31	S131	0	0	Split131(3,1)	0	2	(0,1)	(0,1)	(0,1)	MATCH
31	S131	0	0	Split131(3,2)	0	2	(0,1)	(0,1)	(0,1)	MATCH
31	S131	0	0	Split131(3,3)	0	2	(0,1)	(0,1)	(0,1)	MATCH
31	S131	0	0	Split131(3,4)	0	2	(0,1)	(0,1)	(0,1)	MATCH
31	S131	0	0	Split131(4,0)	0	2	(0,1)	(1,2)	(1,2)	MATCH
31	S131	0	0	Split131(4,1)	0	2	(0,1)	(0,1)	(0,1)	MATCH
31	S131	0	0	Split131(4,2)	0	2	(0,1)	(0,1)	(0,1)	MATCH
31	S131	0	0	Split131(4,3)	0	2	(0,1)	(0,1)	(0,1)	MATCH
31	S131	0	0	Split131(4,4)	0	2	(0,1)	(0,1)	(0,1)	MATCH
31	G	0	1	Gather	0	2	(0,1)	(0,1)	is_split=false	MATCH
31	S14	0	1	Split14(0)	0	2	(0,1)	(0,1)	fallback!=0	MATCH
31	S14	0	1	Split14(1)	0	2	(0,1)	(1,0)	(1,0)	MATCH
31	S14	0	1	Split14(2)	0	2	(0,1)	(0,1)	fallback!=0	MATCH
31	S14	0	1	Split14(3)	0	2	(0,1)	(0,1)	fallback!=0	MATCH
31	S14	0	1	Split14(4)	0	2	(0,1)	(0,1)	fallback!=0	MATCH
31	S131	0	1	Split131(0,0)	0	2	(0,1)	(0,1)	(0,1)	MATCH
31	S131	0	1	Split131(0,1)	0	2	(0,1)	(1,2)	(1,2)	MATCH
31	S131	0	1	Split131(0,2)	0	2	(0,1)	(0,1)	(0,1)	MATCH
31	S131	0	1	Split131(0,3)	0	2	(0,1)	(0,1)	(0,1)	MATCH
31	S131	0	1	Split131(0,4)	0	2	(0,1)	(0,1)	(0,1)	MATCH
31	S131	0	1	Split131(1,0)	0	2	(0,1)	(1,0)	(1,0)	MATCH
31	S131	0	1	Split131(1,1)	0	2	(0,1)	(1,0)	(1,0)	MATCH
31	S131	0	1	Split131(1,2)	0	2	(0,1)	(1,0)	(1,0)	MATCH
31	S131	0	1	Split131(1,3)	0	2	(0,1)	(1,0)	(1,0)	MATCH
31	S131	0	1	Split131(1,4)	0	2	(0,1)	(1,0)	(1,0)	MATCH
31	S131	0	1	Split131(2,0)	0	2	(0,1)	(0,1)	(0,1)	MATCH
31	S131	0	1	Split131(2,1)	0	2	(0,1)	(1,0)	(1,0)	MATCH
31	S131	0	1	Split131(2,2)	0	2	(0,1)	(0,1)	(0,1)	MATCH
31	S131	0	1	Split131(2,3)	0	2	(0,1)	(0,1)	(0,1)	MATCH
31	S131	0	1	Split131(2,4)	0	2	(0,1)	(0,1)	(0,1)	MATCH
31	S131	0	1	Split131(3,0)	0	2	(0,1)	(0,1)	(0,1)	MATCH
31	S131	0	1	Split131(3,1)	0	2	(0,1)	(1,2)	(1,2)	MATCH
31	S131	0	1	Split131(3,2)	0	2	(0,1)	(0,1)	(0,1)	MATCH
31	S131	0	1	Split131(3,3)	0	2	(0,1)	(0,1)	(0,1)	MATCH
31	S131	0	1	Split131(3,4)	0	2	(0,1)	(0,1)	(0,1)	MATCH
31	S131	0	1	Split131(4,0)	0	2	(0,1)	(0,1)	(0,1)	MATCH
31	S131	0	1	Split131(4,1)	0	2	(0,1)	(1,2)	(1,2)	MATCH
31	S131	0	1	Split131(4,2)	0	2	(0,1)	(0,1)	(0,1)	MATCH
31	S131	0	1	Split131(4,3)	0	2	(0,1)	(0,1)	(0,1)	MATCH
31	S131	0	1	Split131(4,4)	0	2	(0,1)	(0,1)	(0,1)	MATCH
31	G	0	2	Gather	0	2	(0,1)	(0,1)	is_split=false	MATCH
31	S14	0	2	Split14(0)	0	2	(0,1)	(0,1)	fallback!=0	MATCH
31	S14	0	2	Split14(1)	0	2	(0,1)	(0,1)	fallback!=0	MATCH
31	S14	0	2	Split14(2)	0	2	(0,1)	(1,0)	(1,0)	MATCH
31	S14	0	2	Split14(3)	0	2	(0,1)	(0,1)	fallback!=0	MATCH
31	S14	0	2	Split14(4)	0	2	(0,1)	(0,1)	fallback!=0	MATCH
31	S131	0	2	Split131(0,0)	0	2	(0,1)	(0,1)	(0,1)	MATCH
31	S131	0	2	Split131(0,1)	0	2	(0,1)	(0,1)	(0,1)	MATCH
31	S131	0	2	Split131(0,2)	0	2	(0,1)	(1,2)	(1,2)	MATCH
31	S131	0	2	Split131(0,3)	0	2	(0,1)	(0,1)	(0,1)	MATCH
31	S131	0	2	Split131(0,4)	0	2	(0,1)	(0,1)	(0,1)	MATCH
31	S131	0	2	Split131(1,0)	0	2	(0,1)	(0,1)	(0,1)	MATCH
31	S131	0	2	Split131(1,1)	0	2	(0,1)	(0,1)	(0,1)	MATCH
31	S131	0	2	Split131(1,2)	0	2	(0,1)	(1,2)	(1,2)	MATCH
31	S131	0	2	Split131(1,3)	0	2	(0,1)	(0,1)	(0,1)	MATCH
31	S131	0	2	Split131(1,4)	0	2	(0,1)	(0,1)	(0,1)	MATCH
31	S131	0	2	Split131(2,0)	0	2	(0,1)	(1,0)	(1,0)	MATCH
31	S131	0	2	Split131(2,1)	0	2	(0,1)	(1,0)	(1,0)	MATCH
31	S131	0	2	Split131(2,2)	0	2	(0,1)	(1,0)	(1,0)	MATCH
31	S131	0	2	Split131(2,3)	0	2	(0,1)	(1,0)	(1,0)	MATCH
31	S131	0	2	Split131(2,4)	0	2	(0,1)	(1,0)	(1,0)	MATCH
31	S131	0	2	Split131(3,0)	0	2	(0,1)	(0,1)	(0,1)	MATCH
31	S131	0	2	Split131(3,1)	0	2	(0,1)	(0,1)	(0,1)	MATCH
31	S131	0	2	Split131(3,2)	0	2	(0,1)	(1,2)	(1,2)	MATCH
31	S131	0	2	Split131(3,3)	0	2	(0,1)	(0,1)	(0,1)	MATCH
31	S131	0	2	Split131(3,4)	0	2	(0,1)	(0,1)	(0,1)	MATCH
31	S131	0	2	Split131(4,0)	0	2	(0,1)	(0,1)	(0,1)	MATCH
31	S131	0	2	Split131(4,1)	0	2	(0,1)	(0,1)	(0,1)	MATCH
31	S131	0	2	Split131(4,2)	0	2	(0,1)	(1,2)	(1,2)	MATCH
31	S131	0	2	Split131(4,3)	0	2	(0,1)	(0,1)	(0,1)	MATCH
31	S131	0	2	Split131(4,4)	0	2	(0,1)	(0,1)	(0,1)	MATCH
31	G	0	3	Gather	0	2	(0,1)	(0,1)	is_split=false	MATCH
31	S14	0	3	Split14(0)	0	2	(0,1)	(0,1)	fallback!=0	MATCH
31	S14	0	3	Split14(1)	0	2	(0,1)	(0,1)	fallback!=0	MATCH
31	S14	0	3	Split14(2)	0	2	(0,1)	(0,1)	fallback!=0	MATCH
31	S14	0	3	Split14(3)	0	2	(0,1)	(1,0)	(1,0)	MATCH
31	S14	0	3	Split14(4)	0	2	(0,1)	(0,1)	fallback!=0	MATCH
31	S131	0	3	Split131(0,0)	0	2	(0,1)	(0,1)	(0,1)	MATCH
31	S131	0	3	Split131(0,1)	0	2	(0,1)	(0,1)	(0,1)	MATCH
31	S131	0	3	Split131(0,2)	0	2	(0,1)	(0,1)	(0,1)	MATCH
31	S131	0	3	Split131(0,3)	0	2	(0,1)	(1,2)	(1,2)	MATCH
31	S131	0	3	Split131(0,4)	0	2	(0,1)	(0,1)	(0,1)	MATCH
31	S131	0	3	Split131(1,0)	0	2	(0,1)	(0,1)	(0,1)	MATCH
31	S131	0	3	Split131(1,1)	0	2	(0,1)	(0,1)	(0,1)	MATCH
31	S131	0	3	Split131(1,2)	0	2	(0,1)	(0,1)	(0,1)	MATCH
31	S131	0	3	Split131(1,3)	0	2	(0,1)	(1,2)	(1,2)	MATCH
31	S131	0	3	Split131(1,4)	0	2	(0,1)	(0,1)	(0,1)	MATCH
31	S131	0	3	Split131(2,0)	0	2	(0,1)	(0,1)	(0,1)	MATCH
31	S131	0	3	Split131(2,1)	0	2	(0,1)	(0,1)	(0,1)	MATCH
31	S131	0	3	Split131(2,2)	0	2	(0,1)	(0,1)	(0,1)	MATCH
31	S131	0	3	Split131(2,3)	0	2	(0,1)	(1,0)	(1,0)	MATCH
31	S131	0	3	Split131(2,4)	0	2	(0,1)	(0,1)	(0,1)	MATCH
31	S131	0	3	Split131(3,0)	0	2	(0,1)	(1,0)	(1,0)	MATCH
31	S131	0	3	Split131(3,1)	0	2	(0,1)	(1,0)	(1,0)	MATCH
31	S131	0	3	Split131(3,2)	0	2	(0,1)	(1,0)	(1,0)	MATCH
31	S131	0	3	Split131(3,3)	0	2	(0,1)	(1,0)	(1,0)	MATCH
31	S131	0	3	Split131(3,4)	0	2	(0,1)	(1,0)	(1,0)	MATCH
31	S131	0	3	Split131(4,0)	0	2	(0,1)	(0,1)	(0,1)	MATCH
31	S131	0	3	Split131(4,1)	0	2	(0,1)	(0,1)	(0,1)	MATCH
31	S131	0	3	Split131(4,2)	0	2	(0,1)	(0,1)	(0,1)	MATCH
31	S131	0	3	Split131(4,3)	0	2	(0,1)	(1,2)	(1,2)	MATCH
31	S131	0	3	Split131(4,4)	0	2	(0,1)	(0,1)	(0,1)	MATCH
31	G	0	4	Gather	0	2	(0,1)	(0,1)	is_split=false	MATCH
31	S14	0	4	Split14(0)	0	2	(0,1)	(0,1)	fallback!=0	MATCH
31	S14	0	4	Split14(1)	0	2	(0,1)	(0,1)	fallback!=0	MATCH
31	S14	0	4	Split14(2)	0	2	(0,1)	(0,1)	fallback!=0	MATCH
31	S14	0	4	Split14(3)	0	2	(0,1)	(0,1)	fallback!=0	MATCH
31	S14	0	4	Split14(4)	0	2	(0,1)	(1,0)	(1,0)	MATCH
31	S131	0	4	Split131(0,0)	0	2	(0,1)	(0,1)	(0,1)	MATCH
31	S131	0	4	Split131(0,1)	0	2	(0,1)	(0,1)	(0,1)	MATCH
31	S131	0	4	Split131(0,2)	0	2	(0,1)	(0,1)	(0,1)	MATCH
31	S131	0	4	Split131(0,3)	0	2	(0,1)	(0,1)	(0,1)	MATCH
31	S131	0	4	Split131(0,4)	0	2	(0,1)	(1,2)	(1,2)	MATCH
31	S131	0	4	Split131(1,0)	0	2	(0,1)	(0,1)	(0,1)	MATCH
31	S131	0	4	Split131(1,1)	0	2	(0,1)	(0,1)	(0,1)	MATCH
31	S131	0	4	Split131(1,2)	0	2	(0,1)	(0,1)	(0,1)	MATCH
31	S131	0	4	Split131(1,3)	0	2	(0,1)	(0,1)	(0,1)	MATCH
31	S131	0	4	Split131(1,4)	0	2	(0,1)	(1,2)	(1,2)	MATCH
31	S131	0	4	Split131(2,0)	0	2	(0,1)	(0,1)	(0,1)	MATCH
31	S131	0	4	Split131(2,1)	0	2	(0,1)	(0,1)	(0,1)	MATCH
31	S131	0	4	Split131(2,2)	0	2	(0,1)	(0,1)	(0,1)	MATCH
31	S131	0	4	Split131(2,3)	0	2	(0,1)	(0,1)	(0,1)	MATCH
31	S131	0	4	Split131(2,4)	0	2	(0,1)	(1,0)	(1,0)	MATCH
31	S131	0	4	Split131(3,0)	0	2	(0,1)	(0,1)	(0,1)	MATCH
31	S131	0	4	Split131(3,1)	0	2	(0,1)	(0,1)	(0,1)	MATCH
31	S131	0	4	Split131(3,2)	0	2	(0,1)	(0,1)	(0,1)	MATCH
31	S131	0	4	Split131(3,3)	0	2	(0,1)	(0,1)	(0,1)	MATCH
31	S131	0	4	Split131(3,4)	0	2	(0,1)	(1,2)	(1,2)	MATCH
31	S131	0	4	Split131(4,0)	0	2	(0,1)	(1,0)	(1,0)	MATCH
31	S131	0	4	Split131(4,1)	0	2	(0,1)	(1,0)	(1,0)	MATCH
31	S131	0	4	Split131(4,2)	0	2	(0,1)	(1,0)	(1,0)	MATCH
31	S131	0	4	Split131(4,3)	0	2	(0,1)	(1,0)	(1,0)	MATCH
31	S131	0	4	Split131(4,4)	0	2	(0,1)	(1,0)	(1,0)	MATCH
31	G	0	0	Gather	0	3	(0,1)	(0,1)	is_split=false	MATCH
31	S14	0	0	Split14(0)	0	3	(0,1)	(1,0)	(1,0)	MATCH
31	S14	0	0	Split14(1)	0	3	(0,1)	(0,1)	fallback!=0	MATCH
31	S14	0	0	Split14(2)	0	3	(0,1)	(0,1)	fallback!=0	MATCH
31	S14	0	0	Split14(3)	0	3	(0,1)	(0,1)	fallback!=0	MATCH
31	S14	0	0	Split14(4)	0	3	(0,1)	(0,1)	fallback!=0	MATCH
31	S131	0	0	Split131(0,0)	0	3	(0,1)	(1,0)	(1,0)	MATCH
31	S131	0	0	Split131(0,1)	0	3	(0,1)	(1,0)	(1,0)	MATCH
31	S131	0	0	Split131(0,2)	0	3	(0,1)	(1,0)	(1,0)	MATCH
31	S131	0	0	Split131(0,3)	0	3	(0,1)	(1,0)	(1,0)	MATCH
31	S131	0	0	Split131(0,4)	0	3	(0,1)	(1,0)	(1,0)	MATCH
31	S131	0	0	Split131(1,0)	0	3	(0,1)	(1,2)	(1,2)	MATCH
31	S131	0	0	Split131(1,1)	0	3	(0,1)	(0,1)	(0,1)	MATCH
31	S131	0	0	Split131(1,2)	0	3	(0,1)	(0,1)	(0,1)	MATCH
31	S131	0	0	Split131(1,3)	0	3	(0,1)	(0,1)	(0,1)	MATCH
31	S131	0	0	Split131(1,4)	0	3	(0,1)	(0,1)	(0,1)	MATCH
31	S131	0	0	Split131(2,0)	0	3	(0,1)	(1,2)	(1,2)	MATCH
31	S131	0	0	Split131(2,1)	0	3	(0,1)	(0,1)	(0,1)	MATCH
31	S131	0	0	Split131(2,2)	0	3	(0,1)	(0,1)	(0,1)	MATCH
31	S131	0	0	Split131(2,3)	0	3	(0,1)	(0,1)	(0,1)	MATCH
31	S131	0	0	Split131(2,4)	0	3	(0,1)	(0,1)	(0,1)	MATCH
31	S131	0	0	Split131(3,0)	0	3	(0,1)	(1,0)	(1,0)	MATCH
31	S131	0	0	Split131(3,1)	0	3	(0,1)	(0,1)	(0,1)	MATCH
31	S131	0	0	Split131(3,2)	0	3	(0,1)	(0,1)	(0,1)	MATCH
31	S131	0	0	Split131(3,3)	0	3	(0,1)	(0,1)	(0,1)	MATCH
31	S131	0	0	Split131(3,4)	0	3	(0,1)	(0,1)	(0,1)	MATCH
31	S131	0	0	Split131(4,0)	0	3	(0,1)	(1,2)	(1,2)	MATCH
31	S131	0	0	Split131(4,1)	0	3	(0,1)	(0,1)	(0,1)	MATCH
31	S131	0	0	Split131(4,2)	0	3	(0,1)	(0,1)	(0,1)	MATCH
31	S131	0	0	Split131(4,3)	0	3	(0,1)	(0,1)	(0,1)	MATCH
31	S131	0	0	Split131(4,4)	0	3	(0,1)	(0,1)	(0,1)	MATCH
31	G	0	1	Gather	0	3	(0,1)	(0,1)	is_split=false	MATCH
31	S14	0	1	Split14(0)	0	3	(0,1)	(0,1)	fallback!=0	MATCH
31	S14	0	1	Split14(1)	0	3	(0,1)	(1,0)	(1,0)	MATCH
31	S14	0	1	Split14(2)	0	3	(0,1)	(0,1)	fallback!=0	MATCH
31	S14	0	1	Split14(3)	0	3	(0,1)	(0,1)	fallback!=0	MATCH
31	S14	0	1	Split14(4)	0	3	(0,1)	(0,1)	fallback!=0	MATCH
31	S131	0	1	Split131(0,0)	0	3	(0,1)	(0,1)	(0,1)	MATCH
31	S131	0	1	Split131(0,1)	0	3	(0,1)	(1,2)	(1,2)	MATCH
31	S131	0	1	Split131(0,2)	0	3	(0,1)	(0,1)	(0,1)	MATCH
31	S131	0	1	Split131(0,3)	0	3	(0,1)	(0,1)	(0,1)	MATCH
31	S131	0	1	Split131(0,4)	0	3	(0,1)	(0,1)	(0,1)	MATCH
31	S131	0	1	Split131(1,0)	0	3	(0,1)	(1,0)	(1,0)	MATCH
31	S131	0	1	Split131(1,1)	0	3	(0,1)	(1,0)	(1,0)	MATCH
31	S131	0	1	Split131(1,2)	0	3	(0,1)	(1,0)	(1,0)	MATCH
31	S131	0	1	Split131(1,3)	0	3	(0,1)	(1,0)	(1,0)	MATCH
31	S131	0	1	Split131(1,4)	0	3	(0,1)	(1,0)	(1,0)	MATCH
31	S131	0	1	Split131(2,0)	0	3	(0,1)	(0,1)	(0,1)	MATCH
31	S131	0	1	Split131(2,1)	0	3	(0,1)	(1,2)	(1,2)	MATCH
31	S131	0	1	Split131(2,2)	0	3	(0,1)	(0,1)	(0,1)	MATCH
31	S131	0	1	Split131(2,3)	0	3	(0,1)	(0,1)	(0,1)	MATCH
31	S131	0	1	Split131(2,4)	0	3	(0,1)	(0,1)	(0,1)	MATCH
31	S131	0	1	Split131(3,0)	0	3	(0,1)	(0,1)	(0,1)	MATCH
31	S131	0	1	Split131(3,1)	0	3	(0,1)	(1,0)	(1,0)	MATCH
31	S131	0	1	Split131(3,2)	0	3	(0,1)	(0,1)	(0,1)	MATCH
31	S131	0	1	Split131(3,3)	0	3	(0,1)	(0,1)	(0,1)	MATCH
31	S131	0	1	Split131(3,4)	0	3	(0,1)	(0,1)	(0,1)	MATCH
31	S131	0	1	Split131(4,0)	0	3	(0,1)	(0,1)	(0,1)	MATCH
31	S131	0	1	Split131(4,1)	0	3	(0,1)	(1,2)	(1,2)	MATCH
31	S131	0	1	Split131(4,2)	0	3	(0,1)	(0,1)	(0,1)	MATCH
31	S131	0	1	Split131(4,3)	0	3	(0,1)	(0,1)	(0,1)	MATCH
31	S131	0	1	Split131(4,4)	0	3	(0,1)	(0,1)	(0,1)	MATCH
31	G	0	2	Gather	0	3	(0,1)	(0,1)	is_split=false	MATCH
31	S14	0	2	Split14(0)	0	3	(0,1)	(0,1)	fallback!=0	MATCH
31	S14	0	2	Split14(1)	0	3	(0,1)	(0,1)	fallback!=0	MATCH
31	S14	0	2	Split14(2)	0	3	(0,1)	(1,0)	(1,0)	MATCH
31	S14	0	2	Split14(3)	0	3	(0,1)	(0,1)	fallback!=0	MATCH
31	S14	0	2	Split14(4)	0	3	(0,1)	(0,1)	fallback!=0	MATCH
31	S131	0	2	Split131(0,0)	0	3	(0,1)	(0,1)	(0,1)	MATCH
31	S131	0	2	Split131(0,1)	0	3	(0,1)	(0,1)	(0,1)	MATCH
31	S131	0	2	Split131(0,2)	0	3	(0,1)	(1,2)	(1,2)	MATCH
31	S131	0	2	Split131(0,3)	0	3	(0,1)	(0,1)	(0,1)	MATCH
31	S131	0	2	Split131(0,4)	0	3	(0,1)	(0,1)	(0,1)	MATCH
31	S131	0	2	Split131(1,0)	0	3	(0,1)	(0,1)	(0,1)	MATCH
31	S131	0	2	Split131(1,1)	0	3	(0,1)	(0,1)	(0,1)	MATCH
31	S131	0	2	Split131(1,2)	0	3	(0,1)	(1,2)	(1,2)	MATCH
31	S131	0	2	Split131(1,3)	0	3	(0,1)	(0,1)	(0,1)	MATCH
31	S131	0	2	Split131(1,4)	0	3	(0,1)	(0,1)	(0,1)	MATCH
31	S131	0	2	Split131(2,0)	0	3	(0,1)	(1,0)	(1,0)	MATCH
31	S131	0	2	Split131(2,1)	0	3	(0,1)	(1,0)	(1,0)	MATCH
31	S131	0	2	Split131(2,2)	0	3	(0,1)	(1,0)	(1,0)	MATCH
31	S131	0	2	Split131(2,3)	0	3	(0,1)	(1,0)	(1,0)	MATCH
31	S131	0	2	Split131(2,4)	0	3	(0,1)	(1,0)	(1,0)	MATCH
31	S131	0	2	Split131(3,0)	0	3	(0,1)	(0,1)	(0,1)	MATCH
31	S131	0	2	Split131(3,1)	0	3	(0,1)	(0,1)	(0,1)	MATCH
31	S131	0	2	Split131(3,2)	0	3	(0,1)	(1,0)	(1,0)	MATCH
31	S131	0	2	Split131(3,3)	0	3	(0,1)	(0,1)	(0,1)	MATCH
31	S131	0	2	Split131(3,4)	0	3	(0,1)	(0,1)	(0,1)	MATCH
31	S131	0	2	Split131(4,0)	0	3	(0,1)	(0,1)	(0,1)	MATCH
31	S131	0	2	Split131(4,1)	0	3	(0,1)	(0,1)	(0,1)	MATCH
31	S131	0	2	Split131(4,2)	0	3	(0,1)	(1,2)	(1,2)	MATCH
31	S131	0	2	Split131(4,3)	0	3	(0,1)	(0,1)	(0,1)	MATCH
31	S131	0	2	Split131(4,4)	0	3	(0,1)	(0,1)	(0,1)	MATCH
31	G	0	3	Gather	0	3	(0,1)	(0,1)	is_split=false	MATCH
31	S14	0	3	Split14(0)	0	3	(0,1)	(0,1)	fallback!=0	MATCH
31	S14	0	3	Split14(1)	0	3	(0,1)	(0,1)	fallback!=0	MATCH
31	S14	0	3	Split14(2)	0	3	(0,1)	(0,1)	fallback!=0	MATCH
31	S14	0	3	Split14(3)	0	3	(0,1)	(1,0)	(1,0)	MATCH
31	S14	0	3	Split14(4)	0	3	(0,1)	(0,1)	fallback!=0	MATCH
31	S131	0	3	Split131(0,0)	0	3	(0,1)	(0,1)	(0,1)	MATCH
31	S131	0	3	Split131(0,1)	0	3	(0,1)	(0,1)	(0,1)	MATCH
31	S131	0	3	Split131(0,2)	0	3	(0,1)	(0,1)	(0,1)	MATCH
31	S131	0	3	Split131(0,3)	0	3	(0,1)	(1,2)	(1,2)	MATCH
31	S131	0	3	Split131(0,4)	0	3	(0,1)	(0,1)	(0,1)	MATCH
31	S131	0	3	Split131(1,0)	0	3	(0,1)	(0,1)	(0,1)	MATCH
31	S131	0	3	Split131(1,1)	0	3	(0,1)	(0,1)	(0,1)	MATCH
31	S131	0	3	Split131(1,2)	0	3	(0,1)	(0,1)	(0,1)	MATCH
31	S131	0	3	Split131(1,3)	0	3	(0,1)	(1,2)	(1,2)	MATCH
31	S131	0	3	Split131(1,4)	0	3	(0,1)	(0,1)	(0,1)	MATCH
31	S131	0	3	Split131(2,0)	0	3	(0,1)	(0,1)	(0,1)	MATCH
31	S131	0	3	Split131(2,1)	0	3	(0,1)	(0,1)	(0,1)	MATCH
31	S131	0	3	Split131(2,2)	0	3	(0,1)	(0,1)	(0,1)	MATCH
31	S131	0	3	Split131(2,3)	0	3	(0,1)	(1,2)	(1,2)	MATCH
31	S131	0	3	Split131(2,4)	0	3	(0,1)	(0,1)	(0,1)	MATCH
31	S131	0	3	Split131(3,0)	0	3	(0,1)	(1,0)	(1,0)	MATCH
31	S131	0	3	Split131(3,1)	0	3	(0,1)	(1,0)	(1,0)	MATCH
31	S131	0	3	Split131(3,2)	0	3	(0,1)	(1,0)	(1,0)	MATCH
31	S131	0	3	Split131(3,3)	0	3	(0,1)	(1,0)	(1,0)	MATCH
31	S131	0	3	Split131(3,4)	0	3	(0,1)	(1,0)	(1,0)	MATCH
31	S131	0	3	Split131(4,0)	0	3	(0,1)	(0,1)	(0,1)	MATCH
31	S131	0	3	Split131(4,1)	0	3	(0,1)	(0,1)	(0,1)	MATCH
31	S131	0	3	Split131(4,2)	0	3	(0,1)	(0,1)	(0,1)	MATCH
31	S131	0	3	Split131(4,3)	0	3	(0,1)	(1,2)	(1,2)	MATCH
31	S131	0	3	Split131(4,4)	0	3	(0,1)	(0,1)	(0,1)	MATCH
31	G	0	4	Gather	0	3	(0,1)	(0,1)	is_split=false	MATCH
31	S14	0	4	Split14(0)	0	3	(0,1)	(0,1)	fallback!=0	MATCH
31	S14	0	4	Split14(1)	0	3	(0,1)	(0,1)	fallback!=0	MATCH
31	S14	0	4	Split14(2)	0	3	(0,1)	(0,1)	fallback!=0	MATCH
31	S14	0	4	Split14(3)	0	3	(0,1)	(0,1)	fallback!=0	MATCH
31	S14	0	4	Split14(4)	0	3	(0,1)	(1,0)	(1,0)	MATCH
31	S131	0	4	Split131(0,0)	0	3	(0,1)	(0,1)	(0,1)	MATCH
31	S131	0	4	Split131(0,1)	0	3	(0,1)	(0,1)	(0,1)	MATCH
31	S131	0	4	Split131(0,2)	0	3	(0,1)	(0,1)	(0,1)	MATCH
31	S131	0	4	Split131(0,3)	0	3	(0,1)	(0,1)	(0,1)	MATCH
31	S131	0	4	Split131(0,4)	0	3	(0,1)	(1,2)	(1,2)	MATCH
31	S131	0	4	Split131(1,0)	0	3	(0,1)	(0,1)	(0,1)	MATCH
31	S131	0	4	Split131(1,1)	0	3	(0,1)	(0,1)	(0,1)	MATCH
31	S131	0	4	Split131(1,2)	0	3	(0,1)	(0,1)	(0,1)	MATCH
31	S131	0	4	Split131(1,3)	0	3	(0,1)	(0,1)	(0,1)	MATCH
31	S131	0	4	Split131(1,4)	0	3	(0,1)	(1,2)	(1,2)	MATCH
31	S131	0	4	Split131(2,0)	0	3	(0,1)	(0,1)	(0,1)	MATCH
31	S131	0	4	Split131(2,1)	0	3	(0,1)	(0,1)	(0,1)	MATCH
31	S131	0	4	Split131(2,2)	0	3	(0,1)	(0,1)	(0,1)	MATCH
31	S131	0	4	Split131(2,3)	0	3	(0,1)	(0,1)	(0,1)	MATCH
31	S131	0	4	Split131(2,4)	0	3	(0,1)	(1,2)	(1,2)	MATCH
31	S131	0	4	Split131(3,0)	0	3	(0,1)	(0,1)	(0,1)	MATCH
31	S131	0	4	Split131(3,1)	0	3	(0,1)	(0,1)	(0,1)	MATCH
31	S131	0	4	Split131(3,2)	0	3	(0,1)	(0,1)	(0,1)	MATCH
31	S131	0	4	Split131(3,3)	0	3	(0,1)	(0,1)	(0,1)	MATCH
31	S131	0	4	Split131(3,4)	0	3	(0,1)	(1,0)	(1,0)	MATCH
31	S131	0	4	Split131(4,0)	0	3	(0,1)	(1,0)	(1,0)	MATCH
31	S131	0	4	Split131(4,1)	0	3	(0,1)	(1,0)	(1,0)	MATCH
31	S131	0	4	Split131(4,2)	0	3	(0,1)	(1,0)	(1,0)	MATCH
31	S131	0	4	Split131(4,3)	0	3	(0,1)	(1,0)	(1,0)	MATCH
31	S131	0	4	Split131(4,4)	0	3	(0,1)	(1,0)	(1,0)	MATCH
31	G	0	0	Gather	0	4	(0,1)	(0,1)	is_split=false	MATCH
31	S14	0	0	Split14(0)	0	4	(0,1)	(1,0)	(1,0)	MATCH
31	S14	0	0	Split14(1)	0	4	(0,1)	(0,1)	fallback!=0	MATCH
31	S14	0	0	Split14(2)	0	4	(0,1)	(0,1)	fallback!=0	MATCH
31	S14	0	0	Split14(3)	0	4	(0,1)	(0,1)	fallback!=0	MATCH
31	S14	0	0	Split14(4)	0	4	(0,1)	(0,1)	fallback!=0	MATCH
31	S131	0	0	Split131(0,0)	0	4	(0,1)	(1,0)	(1,0)	MATCH
31	S131	0	0	Split131(0,1)	0	4	(0,1)	(1,0)	(1,0)	MATCH
31	S131	0	0	Split131(0,2)	0	4	(0,1)	(1,0)	(1,0)	MATCH
31	S131	0	0	Split131(0,3)	0	4	(0,1)	(1,0)	(1,0)	MATCH
31	S131	0	0	Split131(0,4)	0	4	(0,1)	(1,0)	(1,0)	MATCH
31	S131	0	0	Split131(1,0)	0	4	(0,1)	(1,2)	(1,2)	MATCH
31	S131	0	0	Split131(1,1)	0	4	(0,1)	(0,1)	(0,1)	MATCH
31	S131	0	0	Split131(1,2)	0	4	(0,1)	(0,1)	(0,1)	MATCH
31	S131	0	0	Split131(1,3)	0	4	(0,1)	(0,1)	(0,1)	MATCH
31	S131	0	0	Split131(1,4)	0	4	(0,1)	(0,1)	(0,1)	MATCH
31	S131	0	0	Split131(2,0)	0	4	(0,1)	(1,2)	(1,2)	MATCH
31	S131	0	0	Split131(2,1)	0	4	(0,1)	(0,1)	(0,1)	MATCH
31	S131	0	0	Split131(2,2)	0	4	(0,1)	(0,1)	(0,1)	MATCH
31	S131	0	0	Split131(2,3)	0	4	(0,1)	(0,1)	(0,1)	MATCH
31	S131	0	0	Split131(2,4)	0	4	(0,1)	(0,1)	(0,1)	MATCH
31	S131	0	0	Split131(3,0)	0	4	(0,1)	(1,2)	(1,2)	MATCH
31	S131	0	0	Split131(3,1)	0	4	(0,1)	(0,1)	(0,1)	MATCH
31	S131	0	0	Split131(3,2)	0	4	(0,1)	(0,1)	(0,1)	MATCH
31	S131	0	0	Split131(3,3)	0	4	(0,1)	(0,1)	(0,1)	MATCH
31	S131	0	0	Split131(3,4)	0	4	(0,1)	(0,1)	(0,1)	MATCH
31	S131	0	0	Split131(4,0)	0	4	(0,1)	(1,0)	(1,0)	MATCH
31	S131	0	0	Split131(4,1)	0	4	(0,1)	(0,1)	(0,1)	MATCH
31	S131	0	0	Split131(4,2)	0	4	(0,1)	(0,1)	(0,1)	MATCH
31	S131	0	0	Split131(4,3)	0	4	(0,1)	(0,1)	(0,1)	MATCH
31	S131	0	0	Split131(4,4)	0	4	(0,1)	(0,1)	(0,1)	MATCH
31	G	0	1	Gather	0	4	(0,1)	(0,1)	is_split=false	MATCH
31	S14	0	1	Split14(0)	0	4	(0,1)	(0,1)	fallback!=0	MATCH
31	S14	0	1	Split14(1)	0	4	(0,1)	(1,0)	(1,0)	MATCH
31	S14	0	1	Split14(2)	0	4	(0,1)	(0,1)	fallback!=0	MATCH
31	S14	0	1	Split14(3)	0	4	(0,1)	(0,1)	fallback!=0	MATCH
31	S14	0	1	Split14(4)	0	4	(0,1)	(0,1)	fallback!=0	MATCH
31	S131	0	1	Split131(0,0)	0	4	(0,1)	(0,1)	(0,1)	MATCH
31	S131	0	1	Split131(0,1)	0	4	(0,1)	(1,2)	(1,2)	MATCH
31	S131	0	1	Split131(0,2)	0	4	(0,1)	(0,1)	(0,1)	MATCH
31	S131	0	1	Split131(0,3)	0	4	(0,1)	(0,1)	(0,1)	MATCH
31	S131	0	1	Split131(0,4)	0	4	(0,1)	(0,1)	(0,1)	MATCH
31	S131	0	1	Split131(1,0)	0	4	(0,1)	(1,0)	(1,0)	MATCH
31	S131	0	1	Split131(1,1)	0	4	(0,1)	(1,0)	(1,0)	MATCH
31	S131	0	1	Split131(1,2)	0	4	(0,1)	(1,0)	(1,0)	MATCH
31	S131	0	1	Split131(1,3)	0	4	(0,1)	(1,0)	(1,0)	MATCH
31	S131	0	1	Split131(1,4)	0	4	(0,1)	(1,0)	(1,0)	MATCH
31	S131	0	1	Split131(2,0)	0	4	(0,1)	(0,1)	(0,1)	MATCH
31	S131	0	1	Split131(2,1)	0	4	(0,1)	(1,2)	(1,2)	MATCH
31	S131	0	1	Split131(2,2)	0	4	(0,1)	(0,1)	(0,1)	MATCH
31	S131	0	1	Split131(2,3)	0	4	(0,1)	(0,1)	(0,1)	MATCH
31	S131	0	1	Split131(2,4)	0	4	(0,1)	(0,1)	(0,1)	MATCH
31	S131	0	1	Split131(3,0)	0	4	(0,1)	(0,1)	(0,1)	MATCH
31	S131	0	1	Split131(3,1)	0	4	(0,1)	(1,2)	(1,2)	MATCH
31	S131	0	1	Split131(3,2)	0	4	(0,1)	(0,1)	(0,1)	MATCH
31	S131	0	1	Split131(3,3)	0	4	(0,1)	(0,1)	(0,1)	MATCH
31	S131	0	1	Split131(3,4)	0	4	(0,1)	(0,1)	(0,1)	MATCH
31	S131	0	1	Split131(4,0)	0	4	(0,1)	(0,1)	(0,1)	MATCH
31	S131	0	1	Split131(4,1)	0	4	(0,1)	(1,0)	(1,0)	MATCH
31	S131	0	1	Split131(4,2)	0	4	(0,1)	(0,1)	(0,1)	MATCH
31	S131	0	1	Split131(4,3)	0	4	(0,1)	(0,1)	(0,1)	MATCH
31	S131	0	1	Split131(4,4)	0	4	(0,1)	(0,1)	(0,1)	MATCH
31	G	0	2	Gather	0	4	(0,1)	(0,1)	is_split=false	MATCH
31	S14	0	2	Split14(0)	0	4	(0,1)	(0,1)	fallback!=0	MATCH
31	S14	0	2	Split14(1)	0	4	(0,1)	(0,1)	fallback!=0	MATCH
31	S14	0	2	Split14(2)	0	4	(0,1)	(1,0)	(1,0)	MATCH
31	S14	0	2	Split14(3)	0	4	(0,1)	(0,1)	fallback!=0	MATCH
31	S14	0	2	Split14(4)	0	4	(0,1)	(0,1)	fallback!=0	MATCH
31	S131	0	2	Split131(0,0)	0	4	(0,1)	(0,1)	(0,1)	MATCH
31	S131	0	2	Split131(0,1)	0	4	(0,1)	(0,1)	(0,1)	MATCH
31	S131	0	2	Split131(0,2)	0	4	(0,1)	(1,2)	(1,2)	MATCH
31	S131	0	2	Split131(0,3)	0	4	(0,1)	(0,1)	(0,1)	MATCH
31	S131	0	2	Split131(0,4)	0	4	(0,1)	(0,1)	(0,1)	MATCH
31	S131	0	2	Split131(1,0)	0	4	(0,1)	(0,1)	(0,1)	MATCH
31	S131	0	2	Split131(1,1)	0	4	(0,1)	(0,1)	(0,1)	MATCH
31	S131	0	2	Split131(1,2)	0	4	(0,1)	(1,2)	(1,2)	MATCH
31	S131	0	2	Split131(1,3)	0	4	(0,1)	(0,1)	(0,1)	MATCH
31	S131	0	2	Split131(1,4)	0	4	(0,1)	(0,1)	(0,1)	MATCH
31	S131	0	2	Split131(2,0)	0	4	(0,1)	(1,0)	(1,0)	MATCH
31	S131	0	2	Split131(2,1)	0	4	(0,1)	(1,0)	(1,0)	MATCH
31	S131	0	2	Split131(2,2)	0	4	(0,1)	(1,0)	(1,0)	MATCH
31	S131	0	2	Split131(2,3)	0	4	(0,1)	(1,0)	(1,0)	MATCH
31	S131	0	2	Split131(2,4)	0	4	(0,1)	(1,0)	(1,0)	MATCH
31	S131	0	2	Split131(3,0)	0	4	(0,1)	(0,1)	(0,1)	MATCH
31	S131	0	2	Split131(3,1)	0	4	(0,1)	(0,1)	(0,1)	MATCH
31	S131	0	2	Split131(3,2)	0	4	(0,1)	(1,2)	(1,2)	MATCH
31	S131	0	2	Split131(3,3)	0	4	(0,1)	(0,1)	(0,1)	MATCH
31	S131	0	2	Split131(3,4)	0	4	(0,1)	(0,1)	(0,1)	MATCH
31	S131	0	2	Split131(4,0)	0	4	(0,1)	(0,1)	(0,1)	MATCH
31	S131	0	2	Split131(4,1)	0	4	(0,1)	(0,1)	(0,1)	MATCH
31	S131	0	2	Split131(4,2)	0	4	(0,1)	(1,0)	(1,0)	MATCH
31	S131	0	2	Split131(4,3)	0	4	(0,1)	(0,1)	(0,1)	MATCH
31	S131	0	2	Split131(4,4)	0	4	(0,1)	(0,1)	(0,1)	MATCH
31	G	0	3	Gather	0	4	(0,1)	(0,1)	is_split=false	MATCH
31	S14	0	3	Split14(0)	0	4	(0,1)	(0,1)	fallback!=0	MATCH
31	S14	0	3	Split14(1)	0	4	(0,1)	(0,1)	fallback!=0	MATCH
31	S14	0	3	Split14(2)	0	4	(0,1)	(0,1)	fallback!=0	MATCH
31	S14	0	3	Split14(3)	0	4	(0,1)	(1,0)	(1,0)	MATCH
31	S14	0	3	Split14(4)	0	4	(0,1)	(0,1)	fallback!=0	MATCH
31	S131	0	3	Split131(0,0)	0	4	(0,1)	(0,1)	(0,1)	MATCH
31	S131	0	3	Split131(0,1)	0	4	(0,1)	(0,1)	(0,1)	MATCH
31	S131	0	3	Split131(0,2)	0	4	(0,1)	(0,1)	(0,1)	MATCH
31	S131	0	3	Split131(0,3)	0	4	(0,1)	(1,2)	(1,2)	MATCH
31	S131	0	3	Split131(0,4)	0	4	(0,1)	(0,1)	(0,1)	MATCH
31	S131	0	3	Split131(1,0)	0	4	(0,1)	(0,1)	(0,1)	MATCH
31	S131	0	3	Split131(1,1)	0	4	(0,1)	(0,1)	(0,1)	MATCH
31	S131	0	3	Split131(1,2)	0	4	(0,1)	(0,1)	(0,1)	MATCH
31	S131	0	3	Split131(1,3)	0	4	(0,1)	(1,2)	(1,2)	MATCH
31	S131	0	3	Split131(1,4)	0	4	(0,1)	(0,1)	(0,1)	MATCH
31	S131	0	3	Split131(2,0)	0	4	(0,1)	(0,1)	(0,1)	MATCH
31	S131	0	3	Split131(2,1)	0	4	(0,1)	(0,1)	(0,1)	MATCH
31	S131	0	3	Split131(2,2)	0	4	(0,1)	(0,1)	(0,1)	MATCH
31	S131	0	3	Split131(2,3)	0	4	(0,1)	(1,2)	(1,2)	MATCH
31	S131	0	3	Split131(2,4)	0	4	(0,1)	(0,1)	(0,1)	MATCH
31	S131	0	3	Split131(3,0)	0	4	(0,1)	(1,0)	(1,0)	MATCH
31	S131	0	3	Split131(3,1)	0	4	(0,1)	(1,0)	(1,0)	MATCH
31	S131	0	3	Split131(3,2)	0	4	(0,1)	(1,0)	(1,0)	MATCH
31	S131	0	3	Split131(3,3)	0	4	(0,1)	(1,0)	(1,0)	MATCH
31	S131	0	3	Split131(3,4)	0	4	(0,1)	(1,0)	(1,0)	MATCH
31	S131	0	3	Split131(4,0)	0	4	(0,1)	(0,1)	(0,1)	MATCH
31	S131	0	3	Split131(4,1)	0	4	(0,1)	(0,1)	(0,1)	MATCH
31	S131	0	3	Split131(4,2)	0	4	(0,1)	(0,1)	(0,1)	MATCH
31	S131	0	3	Split131(4,3)	0	4	(0,1)	(1,0)	(1,0)	MATCH
31	S131	0	3	Split131(4,4)	0	4	(0,1)	(0,1)	(0,1)	MATCH
31	G	0	4	Gather	0	4	(0,1)	(0,1)	is_split=false	MATCH
31	S14	0	4	Split14(0)	0	4	(0,1)	(0,1)	fallback!=0	MATCH
31	S14	0	4	Split14(1)	0	4	(0,1)	(0,1)	fallback!=0	MATCH
31	S14	0	4	Split14(2)	0	4	(0,1)	(0,1)	fallback!=0	MATCH
31	S14	0	4	Split14(3)	0	4	(0,1)	(0,1)	fallback!=0	MATCH
31	S14	0	4	Split14(4)	0	4	(0,1)	(1,0)	(1,0)	MATCH
31	S131	0	4	Split131(0,0)	0	4	(0,1)	(0,1)	(0,1)	MATCH
31	S131	0	4	Split131(0,1)	0	4	(0,1)	(0,1)	(0,1)	MATCH
31	S131	0	4	Split131(0,2)	0	4	(0,1)	(0,1)	(0,1)	MATCH
31	S131	0	4	Split131(0,3)	0	4	(0,1)	(0,1)	(0,1)	MATCH
31	S131	0	4	Split131(0,4)	0	4	(0,1)	(1,2)	(1,2)	MATCH
31	S131	0	4	Split131(1,0)	0	4	(0,1)	(0,1)	(0,1)	MATCH
31	S131	0	4	Split131(1,1)	0	4	(0,1)	(0,1)	(0,1)	MATCH
31	S131	0	4	Split131(1,2)	0	4	(0,1)	(0,1)	(0,1)	MATCH
31	S131	0	4	Split131(1,3)	0	4	(0,1)	(0,1)	(0,1)	MATCH
31	S131	0	4	Split131(1,4)	0	4	(0,1)	(1,2)	(1,2)	MATCH
31	S131	0	4	Split131(2,0)	0	4	(0,1)	(0,1)	(0,1)	MATCH
31	S131	0	4	Split131(2,1)	0	4	(0,1)	(0,1)	(0,1)	MATCH
31	S131	0	4	Split131(2,2)	0	4	(0,1)	(0,1)	(0,1)	MATCH
31	S131	0	4	Split131(2,3)	0	4	(0,1)	(0,1)	(0,1)	MATCH
31	S131	0	4	Split131(2,4)	0	4	(0,1)	(1,2)	(1,2)	MATCH
31	S131	0	4	Split131(3,0)	0	4	(0,1)	(0,1)	(0,1)	MATCH
31	S131	0	4	Split131(3,1)	0	4	(0,1)	(0,1)	(0,1)	MATCH
31	S131	0	4	Split131(3,2)	0	4	(0,1)	(0,1)	(0,1)	MATCH
31	S131	0	4	Split131(3,3)	0	4	(0,1)	(0,1)	(0,1)	MATCH
31	S131	0	4	Split131(3,4)	0	4	(0,1)	(1,2)	(1,2)	MATCH
31	S131	0	4	Split131(4,0)	0	4	(0,1)	(1,0)	(1,0)	MATCH
31	S131	0	4	Split131(4,1)	0	4	(0,1)	(1,0)	(1,0)	MATCH
31	S131	0	4	Split131(4,2)	0	4	(0,1)	(1,0)	(1,0)	MATCH
31	S131	0	4	Split131(4,3)	0	4	(0,1)	(1,0)	(1,0)	MATCH
31	S131	0	4	Split131(4,4)	0	4	(0,1)	(1,0)	(1,0)	MATCH
31	G	0	0	Gather	0	5	(0,1)	(0,1)	is_split=false	MATCH
31	S14	0	0	Split14(0)	0	5	(0,1)	(1,0)	(1,0)	MATCH
31	S14	0	0	Split14(1)	0	5	(0,1)	(0,1)	fallback!=0	MATCH
31	S14	0	0	Split14(2)	0	5	(0,1)	(0,1)	fallback!=0	MATCH
31	S14	0	0	Split14(3)	0	5	(0,1)	(0,1)	fallback!=0	MATCH
31	S14	0	0	Split14(4)	0	5	(0,1)	(0,1)	fallback!=0	MATCH
31	S131	0	0	Split131(0,0)	0	5	(0,1)	(1,0)	(1,0)	MATCH
31	S131	0	0	Split131(0,1)	0	5	(0,1)	(1,0)	(1,0)	MATCH
31	S131	0	0	Split131(0,2)	0	5	(0,1)	(1,0)	(1,0)	MATCH
31	S131	0	0	Split131(0,3)	0	5	(0,1)	(1,0)	(1,0)	MATCH
31	S131	0	0	Split131(0,4)	0	5	(0,1)	(1,0)	(1,0)	MATCH
31	S131	0	0	Split131(1,0)	0	5	(0,1)	(1,2)	(1,2)	MATCH
31	S131	0	0	Split131(1,1)	0	5	(0,1)	(0,1)	(0,1)	MATCH
31	S131	0	0	Split131(1,2)	0	5	(0,1)	(0,1)	(0,1)	MATCH
31	S131	0	0	Split131(1,3)	0	5	(0,1)	(0,1)	(0,1)	MATCH
31	S131	0	0	Split131(1,4)	0	5	(0,1)	(0,1)	(0,1)	MATCH
31	S131	0	0	Split131(2,0)	0	5	(0,1)	(1,2)	(1,2)	MATCH
31	S131	0	0	Split131(2,1)	0	5	(0,1)	(0,1)	(0,1)	MATCH
31	S131	0	0	Split131(2,2)	0	5	(0,1)	(0,1)	(0,1)	MATCH
31	S131	0	0	Split131(2,3)	0	5	(0,1)	(0,1)	(0,1)	MATCH
31	S131	0	0	Split131(2,4)	0	5	(0,1)	(0,1)	(0,1)	MATCH
31	S131	0	0	Split131(3,0)	0	5	(0,1)	(1,2)	(1,2)	MATCH
31	S131	0	0	Split131(3,1)	0	5	(0,1)	(0,1)	(0,1)	MATCH
31	S131	0	0	Split131(3,2)	0	5	(0,1)	(0,1)	(0,1)	MATCH
31	S131	0	0	Split131(3,3)	0	5	(0,1)	(0,1)	(0,1)	MATCH
31	S131	0	0	Split131(3,4)	0	5	(0,1)	(0,1)	(0,1)	MATCH
31	S131	0	0	Split131(4,0)	0	5	(0,1)	(1,2)	(1,2)	MATCH
31	S131	0	0	Split131(4,1)	0	5	(0,1)	(0,1)	(0,1)	MATCH
31	S131	0	0	Split131(4,2)	0	5	(0,1)	(0,1)	(0,1)	MATCH
31	S131	0	0	Split131(4,3)	0	5	(0,1)	(0,1)	(0,1)	MATCH
31	S131	0	0	Split131(4,4)	0	5	(0,1)	(0,1)	(0,1)	MATCH
31	G	0	1	Gather	0	5	(0,1)	(0,1)	is_split=false	MATCH
31	S14	0	1	Split14(0)	0	5	(0,1)	(0,1)	fallback!=0	MATCH
31	S14	0	1	Split14(1)	0	5	(0,1)	(1,0)	(1,0)	MATCH
31	S14	0	1	Split14(2)	0	5	(0,1)	(0,1)	fallback!=0	MATCH
31	S14	0	1	Split14(3)	0	5	(0,1)	(0,1)	fallback!=0	MATCH
31	S14	0	1	Split14(4)	0	5	(0,1)	(0,1)	fallback!=0	MATCH
31	S131	0	1	Split131(0,0)	0	5	(0,1)	(0,1)	(0,1)	MATCH
31	S131	0	1	Split131(0,1)	0	5	(0,1)	(1,2)	(1,2)	MATCH
31	S131	0	1	Split131(0,2)	0	5	(0,1)	(0,1)	(0,1)	MATCH
31	S131	0	1	Split131(0,3)	0	5	(0,1)	(0,1)	(0,1)	MATCH
31	S131	0	1	Split131(0,4)	0	5	(0,1)	(0,1)	(0,1)	MATCH
31	S131	0	1	Split131(1,0)	0	5	(0,1)	(1,0)	(1,0)	MATCH
31	S131	0	1	Split131(1,1)	0	5	(0,1)	(1,0)	(1,0)	MATCH
31	S131	0	1	Split131(1,2)	0	5	(0,1)	(1,0)	(1,0)	MATCH
31	S131	0	1	Split131(1,3)	0	5	(0,1)	(1,0)	(1,0)	MATCH
31	S131	0	1	Split131(1,4)	0	5	(0,1)	(1,0)	(1,0)	MATCH
31	S131	0	1	Split131(2,0)	0	5	(0,1)	(0,1)	(0,1)	MATCH
31	S131	0	1	Split131(2,1)	0	5	(0,1)	(1,2)	(1,2)	MATCH
31	S131	0	1	Split131(2,2)	0	5	(0,1)	(0,1)	(0,1)	MATCH
31	S131	0	1	Split131(2,3)	0	5	(0,1)	(0,1)	(0,1)	MATCH
31	S131	0	1	Split131(2,4)	0	5	(0,1)	(0,1)	(0,1)	MATCH
31	S131	0	1	Split131(3,0)	0	5	(0,1)	(0,1)	(0,1)	MATCH
31	S131	0	1	Split131(3,1)	0	5	(0,1)	(1,2)	(1,2)	MATCH
31	S131	0	1	Split131(3,2)	0	5	(0,1)	(0,1)	(0,1)	MATCH
31	S131	0	1	Split131(3,3)	0	5	(0,1)	(0,1)	(0,1)	MATCH
31	S131	0	1	Split131(3,4)	0	5	(0,1)	(0,1)	(0,1)	MATCH
31	S131	0	1	Split131(4,0)	0	5	(0,1)	(0,1)	(0,1)	MATCH
31	S131	0	1	Split131(4,1)	0	5	(0,1)	(1,2)	(1,2)	MATCH
31	S131	0	1	Split131(4,2)	0	5	(0,1)	(0,1)	(0,1)	MATCH
31	S131	0	1	Split131(4,3)	0	5	(0,1)	(0,1)	(0,1)	MATCH
31	S131	0	1	Split131(4,4)	0	5	(0,1)	(0,1)	(0,1)	MATCH
31	G	0	2	Gather	0	5	(0,1)	(0,1)	is_split=false	MATCH
31	S14	0	2	Split14(0)	0	5	(0,1)	(0,1)	fallback!=0	MATCH
31	S14	0	2	Split14(1)	0	5	(0,1)	(0,1)	fallback!=0	MATCH
31	S14	0	2	Split14(2)	0	5	(0,1)	(1,0)	(1,0)	MATCH
31	S14	0	2	Split14(3)	0	5	(0,1)	(0,1)	fallback!=0	MATCH
31	S14	0	2	Split14(4)	0	5	(0,1)	(0,1)	fallback!=0	MATCH
31	S131	0	2	Split131(0,0)	0	5	(0,1)	(0,1)	(0,1)	MATCH
31	S131	0	2	Split131(0,1)	0	5	(0,1)	(0,1)	(0,1)	MATCH
31	S131	0	2	Split131(0,2)	0	5	(0,1)	(1,2)	(1,2)	MATCH
31	S131	0	2	Split131(0,3)	0	5	(0,1)	(0,1)	(0,1)	MATCH
31	S131	0	2	Split131(0,4)	0	5	(0,1)	(0,1)	(0,1)	MATCH
31	S131	0	2	Split131(1,0)	0	5	(0,1)	(0,1)	(0,1)	MATCH
31	S131	0	2	Split131(1,1)	0	5	(0,1)	(0,1)	(0,1)	MATCH
31	S131	0	2	Split131(1,2)	0	5	(0,1)	(1,2)	(1,2)	MATCH
31	S131	0	2	Split131(1,3)	0	5	(0,1)	(0,1)	(0,1)	MATCH
31	S131	0	2	Split131(1,4)	0	5	(0,1)	(0,1)	(0,1)	MATCH
31	S131	0	2	Split131(2,0)	0	5	(0,1)	(1,0)	(1,0)	MATCH
31	S131	0	2	Split131(2,1)	0	5	(0,1)	(1,0)	(1,0)	MATCH
31	S131	0	2	Split131(2,2)	0	5	(0,1)	(1,0)	(1,0)	MATCH
31	S131	0	2	Split131(2,3)	0	5	(0,1)	(1,0)	(1,0)	MATCH
31	S131	0	2	Split131(2,4)	0	5	(0,1)	(1,0)	(1,0)	MATCH
31	S131	0	2	Split131(3,0)	0	5	(0,1)	(0,1)	(0,1)	MATCH
31	S131	0	2	Split131(3,1)	0	5	(0,1)	(0,1)	(0,1)	MATCH
31	S131	0	2	Split131(3,2)	0	5	(0,1)	(1,2)	(1,2)	MATCH
31	S131	0	2	Split131(3,3)	0	5	(0,1)	(0,1)	(0,1)	MATCH
31	S131	0	2	Split131(3,4)	0	5	(0,1)	(0,1)	(0,1)	MATCH
31	S131	0	2	Split131(4,0)	0	5	(0,1)	(0,1)	(0,1)	MATCH
31	S131	0	2	Split131(4,1)	0	5	(0,1)	(0,1)	(0,1)	MATCH
31	S131	0	2	Split131(4,2)	0	5	(0,1)	(1,2)	(1,2)	MATCH
31	S131	0	2	Split131(4,3)	0	5	(0,1)	(0,1)	(0,1)	MATCH
31	S131	0	2	Split131(4,4)	0	5	(0,1)	(0,1)	(0,1)	MATCH
31	G	0	3	Gather	0	5	(0,1)	(0,1)	is_split=false	MATCH
31	S14	0	3	Split14(0)	0	5	(0,1)	(0,1)	fallback!=0	MATCH
31	S14	0	3	Split14(1)	0	5	(0,1)	(0,1)	fallback!=0	MATCH
31	S14	0	3	Split14(2)	0	5	(0,1)	(0,1)	fallback!=0	MATCH
31	S14	0	3	Split14(3)	0	5	(0,1)	(1,0)	(1,0)	MATCH
31	S14	0	3	Split14(4)	0	5	(0,1)	(0,1)	fallback!=0	MATCH
31	S131	0	3	Split131(0,0)	0	5	(0,1)	(0,1)	(0,1)	MATCH
31	S131	0	3	Split131(0,1)	0	5	(0,1)	(0,1)	(0,1)	MATCH
31	S131	0	3	Split131(0,2)	0	5	(0,1)	(0,1)	(0,1)	MATCH
31	S131	0	3	Split131(0,3)	0	5	(0,1)	(1,2)	(1,2)	MATCH
31	S131	0	3	Split131(0,4)	0	5	(0,1)	(0,1)	(0,1)	MATCH
31	S131	0	3	Split131(1,0)	0	5	(0,1)	(0,1)	(0,1)	MATCH
31	S131	0	3	Split131(1,1)	0	5	(0,1)	(0,1)	(0,1)	MATCH
31	S131	0	3	Split131(1,2)	0	5	(0,1)	(0,1)	(0,1)	MATCH
31	S131	0	3	Split131(1,3)	0	5	(0,1)	(1,2)	(1,2)	MATCH
31	S131	0	3	Split131(1,4)	0	5	(0,1)	(0,1)	(0,1)	MATCH
31	S131	0	3	Split131(2,0)	0	5	(0,1)	(0,1)	(0,1)	MATCH
31	S131	0	3	Split131(2,1)	0	5	(0,1)	(0,1)	(0,1)	MATCH
31	S131	0	3	Split131(2,2)	0	5	(0,1)	(0,1)	(0,1)	MATCH
31	S131	0	3	Split131(2,3)	0	5	(0,1)	(1,2)	(1,2)	MATCH
31	S131	0	3	Split131(2,4)	0	5	(0,1)	(0,1)	(0,1)	MATCH
31	S131	0	3	Split131(3,0)	0	5	(0,1)	(1,0)	(1,0)	MATCH
31	S131	0	3	Split131(3,1)	0	5	(0,1)	(1,0)	(1,0)	MATCH
31	S131	0	3	Split131(3,2)	0	5	(0,1)	(1,0)	(1,0)	MATCH
31	S131	0	3	Split131(3,3)	0	5	(0,1)	(1,0)	(1,0)	MATCH
31	S131	0	3	Split131(3,4)	0	5	(0,1)	(1,0)	(1,0)	MATCH
31	S131	0	3	Split131(4,0)	0	5	(0,1)	(0,1)	(0,1)	MATCH
31	S131	0	3	Split131(4,1)	0	5	(0,1)	(0,1)	(0,1)	MATCH
31	S131	0	3	Split131(4,2)	0	5	(0,1)	(0,1)	(0,1)	MATCH
31	S131	0	3	Split131(4,3)	0	5	(0,1)	(1,2)	(1,2)	MATCH
31	S131	0	3	Split131(4,4)	0	5	(0,1)	(0,1)	(0,1)	MATCH
31	G	0	4	Gather	0	5	(0,1)	(0,1)	is_split=false	MATCH
31	S14	0	4	Split14(0)	0	5	(0,1)	(0,1)	fallback!=0	MATCH
31	S14	0	4	Split14(1)	0	5	(0,1)	(0,1)	fallback!=0	MATCH
31	S14	0	4	Split14(2)	0	5	(0,1)	(0,1)	fallback!=0	MATCH
31	S14	0	4	Split14(3)	0	5	(0,1)	(0,1)	fallback!=0	MATCH
31	S14	0	4	Split14(4)	0	5	(0,1)	(1,0)	(1,0)	MATCH
31	S131	0	4	Split131(0,0)	0	5	(0,1)	(0,1)	(0,1)	MATCH
31	S131	0	4	Split131(0,1)	0	5	(0,1)	(0,1)	(0,1)	MATCH
31	S131	0	4	Split131(0,2)	0	5	(0,1)	(0,1)	(0,1)	MATCH
31	S131	0	4	Split131(0,3)	0	5	(0,1)	(0,1)	(0,1)	MATCH
31	S131	0	4	Split131(0,4)	0	5	(0,1)	(1,2)	(1,2)	MATCH
31	S131	0	4	Split131(1,0)	0	5	(0,1)	(0,1)	(0,1)	MATCH
31	S131	0	4	Split131(1,1)	0	5	(0,1)	(0,1)	(0,1)	MATCH
31	S131	0	4	Split131(1,2)	0	5	(0,1)	(0,1)	(0,1)	MATCH
31	S131	0	4	Split131(1,3)	0	5	(0,1)	(0,1)	(0,1)	MATCH
31	S131	0	4	Split131(1,4)	0	5	(0,1)	(1,2)	(1,2)	MATCH
31	S131	0	4	Split131(2,0)	0	5	(0,1)	(0,1)	(0,1)	MATCH
31	S131	0	4	Split131(2,1)	0	5	(0,1)	(0,1)	(0,1)	MATCH
31	S131	0	4	Split131(2,2)	0	5	(0,1)	(0,1)	(0,1)	MATCH
31	S131	0	4	Split131(2,3)	0	5	(0,1)	(0,1)	(0,1)	MATCH
31	S131	0	4	Split131(2,4)	0	5	(0,1)	(1,2)	(1,2)	MATCH
31	S131	0	4	Split131(3,0)	0	5	(0,1)	(0,1)	(0,1)	MATCH
31	S131	0	4	Split131(3,1)	0	5	(0,1)	(0,1)	(0,1)	MATCH
31	S131	0	4	Split131(3,2)	0	5	(0,1)	(0,1)	(0,1)	MATCH
31	S131	0	4	Split131(3,3)	0	5	(0,1)	(0,1)	(0,1)	MATCH
31	S131	0	4	Split131(3,4)	0	5	(0,1)	(1,2)	(1,2)	MATCH
31	S131	0	4	Split131(4,0)	0	5	(0,1)	(1,0)	(1,0)	MATCH
31	S131	0	4	Split131(4,1)	0	5	(0,1)	(1,0)	(1,0)	MATCH
31	S131	0	4	Split131(4,2)	0	5	(0,1)	(1,0)	(1,0)	MATCH
31	S131	0	4	Split131(4,3)	0	5	(0,1)	(1,0)	(1,0)	MATCH
31	S131	0	4	Split131(4,4)	0	5	(0,1)	(1,0)	(1,0)	MATCH
31	G	1	0	Gather	0	0	(0,1)	(0,1)	is_split=false	MATCH
31	S14	1	0	Split14(0)	0	0	(0,1)	(1,0)	(1,0)	MATCH
31	S14	1	0	Split14(1)	0	0	(0,1)	(0,1)	fallback!=0	MATCH
31	S14	1	0	Split14(2)	0	0	(0,1)	(0,1)	fallback!=0	MATCH
31	S14	1	0	Split14(3)	0	0	(0,1)	(0,1)	fallback!=0	MATCH
31	S14	1	0	Split14(4)	0	0	(0,1)	(0,1)	fallback!=0	MATCH
31	S131	1	0	Split131(0,0)	0	0	(0,1)	(1,0)	(1,0)	MATCH
31	S131	1	0	Split131(0,1)	0	0	(0,1)	(1,0)	(1,0)	MATCH
31	S131	1	0	Split131(0,2)	0	0	(0,1)	(1,0)	(1,0)	MATCH
31	S131	1	0	Split131(0,3)	0	0	(0,1)	(1,0)	(1,0)	MATCH
31	S131	1	0	Split131(0,4)	0	0	(0,1)	(1,0)	(1,0)	MATCH
31	S131	1	0	Split131(1,0)	0	0	(0,1)	(1,2)	(1,2)	MATCH
31	S131	1	0	Split131(1,1)	0	0	(0,1)	(0,1)	(0,1)	MATCH
31	S131	1	0	Split131(1,2)	0	0	(0,1)	(0,1)	(0,1)	MATCH
31	S131	1	0	Split131(1,3)	0	0	(0,1)	(0,1)	(0,1)	MATCH
31	S131	1	0	Split131(1,4)	0	0	(0,1)	(0,1)	(0,1)	MATCH
31	S131	1	0	Split131(2,0)	0	0	(0,1)	(1,2)	(1,2)	MATCH
31	S131	1	0	Split131(2,1)	0	0	(0,1)	(0,1)	(0,1)	MATCH
31	S131	1	0	Split131(2,2)	0	0	(0,1)	(0,1)	(0,1)	MATCH
31	S131	1	0	Split131(2,3)	0	0	(0,1)	(0,1)	(0,1)	MATCH
31	S131	1	0	Split131(2,4)	0	0	(0,1)	(0,1)	(0,1)	MATCH
31	S131	1	0	Split131(3,0)	0	0	(0,1)	(1,2)	(1,2)	MATCH
31	S131	1	0	Split131(3,1)	0	0	(0,1)	(0,1)	(0,1)	MATCH
31	S131	1	0	Split131(3,2)	0	0	(0,1)	(0,1)	(0,1)	MATCH
31	S131	1	0	Split131(3,3)	0	0	(0,1)	(0,1)	(0,1)	MATCH
31	S131	1	0	Split131(3,4)	0	0	(0,1)	(0,1)	(0,1)	MATCH
31	S131	1	0	Split131(4,0)	0	0	(0,1)	(1,2)	(1,2)	MATCH
31	S131	1	0	Split131(4,1)	0	0	(0,1)	(0,1)	(0,1)	MATCH
31	S131	1	0	Split131(4,2)	0	0	(0,1)	(0,1)	(0,1)	MATCH
31	S131	1	0	Split131(4,3)	0	0	(0,1)	(0,1)	(0,1)	MATCH
31	S131	1	0	Split131(4,4)	0	0	(0,1)	(0,1)	(0,1)	MATCH
31	G	1	1	Gather	0	0	(0,1)	(0,1)	is_split=false	MATCH
31	S14	1	1	Split14(0)	0	0	(0,1)	(0,1)	fallback!=0	MATCH
31	S14	1	1	Split14(1)	0	0	(0,1)	(1,0)	(1,0)	MATCH
31	S14	1	1	Split14(2)	0	0	(0,1)	(0,1)	fallback!=0	MATCH
31	S14	1	1	Split14(3)	0	0	(0,1)	(0,1)	fallback!=0	MATCH
31	S14	1	1	Split14(4)	0	0	(0,1)	(0,1)	fallback!=0	MATCH
31	S131	1	1	Split131(0,0)	0	0	(0,1)	(0,1)	(0,1)	MATCH
31	S131	1	1	Split131(0,1)	0	0	(0,1)	(1,0)	(1,0)	MATCH
31	S131	1	1	Split131(0,2)	0	0	(0,1)	(0,1)	(0,1)	MATCH
31	S131	1	1	Split131(0,3)	0	0	(0,1)	(0,1)	(0,1)	MATCH
31	S131	1	1	Split131(0,4)	0	0	(0,1)	(0,1)	(0,1)	MATCH
31	S131	1	1	Split131(1,0)	0	0	(0,1)	(1,0)	(1,0)	MATCH
31	S131	1	1	Split131(1,1)	0	0	(0,1)	(1,0)	(1,0)	MATCH
31	S131	1	1	Split131(1,2)	0	0	(0,1)	(1,0)	(1,0)	MATCH
31	S131	1	1	Split131(1,3)	0	0	(0,1)	(1,0)	(1,0)	MATCH
31	S131	1	1	Split131(1,4)	0	0	(0,1)	(1,0)	(1,0)	MATCH
31	S131	1	1	Split131(2,0)	0	0	(0,1)	(0,1)	(0,1)	MATCH
31	S131	1	1	Split131(2,1)	0	0	(0,1)	(1,2)	(1,2)	MATCH
31	S131	1	1	Split131(2,2)	0	0	(0,1)	(0,1)	(0,1)	MATCH
31	S131	1	1	Split131(2,3)	0	0	(0,1)	(0,1)	(0,1)	MATCH
31	S131	1	1	Split131(2,4)	0	0	(0,1)	(0,1)	(0,1)	MATCH
31	S131	1	1	Split131(3,0)	0	0	(0,1)	(0,1)	(0,1)	MATCH
31	S131	1	1	Split131(3,1)	0	0	(0,1)	(1,2)	(1,2)	MATCH
31	S131	1	1	Split131(3,2)	0	0	(0,1)	(0,1)	(0,1)	MATCH
31	S131	1	1	Split131(3,3)	0	0	(0,1)	(0,1)	(0,1)	MATCH
31	S131	1	1	Split131(3,4)	0	0	(0,1)	(0,1)	(0,1)	MATCH
31	S131	1	1	Split131(4,0)	0	0	(0,1)	(0,1)	(0,1)	MATCH
31	S131	1	1	Split131(4,1)	0	0	(0,1)	(1,2)	(1,2)	MATCH
31	S131	1	1	Split131(4,2)	0	0	(0,1)	(0,1)	(0,1)	MATCH
31	S131	1	1	Split131(4,3)	0	0	(0,1)	(0,1)	(0,1)	MATCH
31	S131	1	1	Split131(4,4)	0	0	(0,1)	(0,1)	(0,1)	MATCH
31	G	1	2	Gather	0	0	(0,1)	(0,1)	is_split=false	MATCH
31	S14	1	2	Split14(0)	0	0	(0,1)	(0,1)	fallback!=0	MATCH
31	S14	1	2	Split14(1)	0	0	(0,1)	(0,1)	fallback!=0	MATCH
31	S14	1	2	Split14(2)	0	0	(0,1)	(1,0)	(1,0)	MATCH
31	S14	1	2	Split14(3)	0	0	(0,1)	(0,1)	fallback!=0	MATCH
31	S14	1	2	Split14(4)	0	0	(0,1)	(0,1)	fallback!=0	MATCH
31	S131	1	2	Split131(0,0)	0	0	(0,1)	(0,1)	(0,1)	MATCH
31	S131	1	2	Split131(0,1)	0	0	(0,1)	(0,1)	(0,1)	MATCH
31	S131	1	2	Split131(0,2)	0	0	(0,1)	(1,0)	(1,0)	MATCH
31	S131	1	2	Split131(0,3)	0	0	(0,1)	(0,1)	(0,1)	MATCH
31	S131	1	2	Split131(0,4)	0	0	(0,1)	(0,1)	(0,1)	MATCH
31	S131	1	2	Split131(1,0)	0	0	(0,1)	(0,1)	(0,1)	MATCH
31	S131	1	2	Split131(1,1)	0	0	(0,1)	(0,1)	(0,1)	MATCH
31	S131	1	2	Split131(1,2)	0	0	(0,1)	(1,2)	(1,2)	MATCH
31	S131	1	2	Split131(1,3)	0	0	(0,1)	(0,1)	(0,1)	MATCH
31	S131	1	2	Split131(1,4)	0	0	(0,1)	(0,1)	(0,1)	MATCH
31	S131	1	2	Split131(2,0)	0	0	(0,1)	(1,0)	(1,0)	MATCH
31	S131	1	2	Split131(2,1)	0	0	(0,1)	(1,0)	(1,0)	MATCH
31	S131	1	2	Split131(2,2)	0	0	(0,1)	(1,0)	(1,0)	MATCH
31	S131	1	2	Split131(2,3)	0	0	(0,1)	(1,0)	(1,0)	MATCH
31	S131	1	2	Split131(2,4)	0	0	(0,1)	(1,0)	(1,0)	MATCH
31	S131	1	2	Split131(3,0)	0	0	(0,1)	(0,1)	(0,1)	MATCH
31	S131	1	2	Split131(3,1)	0	0	(0,1)	(0,1)	(0,1)	MATCH
31	S131	1	2	Split131(3,2)	0	0	(0,1)	(1,2)	(1,2)	MATCH
31	S131	1	2	Split131(3,3)	0	0	(0,1)	(0,1)	(0,1)	MATCH
31	S131	1	2	Split131(3,4)	0	0	(0,1)	(0,1)	(0,1)	MATCH
31	S131	1	2	Split131(4,0)	0	0	(0,1)	(0,1)	(0,1)	MATCH
31	S131	1	2	Split131(4,1)	0	0	(0,1)	(0,1)	(0,1)	MATCH
31	S131	1	2	Split131(4,2)	0	0	(0,1)	(1,2)	(1,2)	MATCH
31	S131	1	2	Split131(4,3)	0	0	(0,1)	(0,1)	(0,1)	MATCH
31	S131	1	2	Split131(4,4)	0	0	(0,1)	(0,1)	(0,1)	MATCH
31	G	1	3	Gather	0	0	(0,1)	(0,1)	is_split=false	MATCH
31	S14	1	3	Split14(0)	0	0	(0,1)	(0,1)	fallback!=0	MATCH
31	S14	1	3	Split14(1)	0	0	(0,1)	(0,1)	fallback!=0	MATCH
31	S14	1	3	Split14(2)	0	0	(0,1)	(0,1)	fallback!=0	MATCH
31	S14	1	3	Split14(3)	0	0	(0,1)	(1,0)	(1,0)	MATCH
31	S14	1	3	Split14(4)	0	0	(0,1)	(0,1)	fallback!=0	MATCH
31	S131	1	3	Split131(0,0)	0	0	(0,1)	(0,1)	(0,1)	MATCH
31	S131	1	3	Split131(0,1)	0	0	(0,1)	(0,1)	(0,1)	MATCH
31	S131	1	3	Split131(0,2)	0	0	(0,1)	(0,1)	(0,1)	MATCH
31	S131	1	3	Split131(0,3)	0	0	(0,1)	(1,0)	(1,0)	MATCH
31	S131	1	3	Split131(0,4)	0	0	(0,1)	(0,1)	(0,1)	MATCH
31	S131	1	3	Split131(1,0)	0	0	(0,1)	(0,1)	(0,1)	MATCH
31	S131	1	3	Split131(1,1)	0	0	(0,1)	(0,1)	(0,1)	MATCH
31	S131	1	3	Split131(1,2)	0	0	(0,1)	(0,1)	(0,1)	MATCH
31	S131	1	3	Split131(1,3)	0	0	(0,1)	(1,2)	(1,2)	MATCH
31	S131	1	3	Split131(1,4)	0	0	(0,1)	(0,1)	(0,1)	MATCH
31	S131	1	3	Split131(2,0)	0	0	(0,1)	(0,1)	(0,1)	MATCH
31	S131	1	3	Split131(2,1)	0	0	(0,1)	(0,1)	(0,1)	MATCH
31	S131	1	3	Split131(2,2)	0	0	(0,1)	(0,1)	(0,1)	MATCH
31	S131	1	3	Split131(2,3)	0	0	(0,1)	(1,2)	(1,2)	MATCH
31	S131	1	3	Split131(2,4)	0	0	(0,1)	(0,1)	(0,1)	MATCH
31	S131	1	3	Split131(3,0)	0	0	(0,1)	(1,0)	(1,0)	MATCH
31	S131	1	3	Split131(3,1)	0	0	(0,1)	(1,0)	(1,0)	MATCH
31	S131	1	3	Split131(3,2)	0	0	(0,1)	(1,0)	(1,0)	MATCH
31	S131	1	3	Split131(3,3)	0	0	(0,1)	(1,0)	(1,0)	MATCH
31	S131	1	3	Split131(3,4)	0	0	(0,1)	(1,0)	(1,0)	MATCH
31	S131	1	3	Split131(4,0)	0	0	(0,1)	(0,1)	(0,1)	MATCH
31	S131	1	3	Split131(4,1)	0	0	(0,1)	(0,1)	(0,1)	MATCH
31	S131	1	3	Split131(4,2)	0	0	(0,1)	(0,1)	(0,1)	MATCH
31	S131	1	3	Split131(4,3)	0	0	(0,1)	(1,2)	(1,2)	MATCH
31	S131	1	3	Split131(4,4)	0	0	(0,1)	(0,1)	(0,1)	MATCH
31	G	1	4	Gather	0	0	(0,1)	(0,1)	is_split=false	MATCH
31	S14	1	4	Split14(0)	0	0	(0,1)	(0,1)	fallback!=0	MATCH
31	S14	1	4	Split14(1)	0	0	(0,1)	(0,1)	fallback!=0	MATCH
31	S14	1	4	Split14(2)	0	0	(0,1)	(0,1)	fallback!=0	MATCH
31	S14	1	4	Split14(3)	0	0	(0,1)	(0,1)	fallback!=0	MATCH
31	S14	1	4	Split14(4)	0	0	(0,1)	(1,0)	(1,0)	MATCH
31	S131	1	4	Split131(0,0)	0	0	(0,1)	(0,1)	(0,1)	MATCH
31	S131	1	4	Split131(0,1)	0	0	(0,1)	(0,1)	(0,1)	MATCH
31	S131	1	4	Split131(0,2)	0	0	(0,1)	(0,1)	(0,1)	MATCH
31	S131	1	4	Split131(0,3)	0	0	(0,1)	(0,1)	(0,1)	MATCH
31	S131	1	4	Split131(0,4)	0	0	(0,1)	(1,0)	(1,0)	MATCH
31	S131	1	4	Split131(1,0)	0	0	(0,1)	(0,1)	(0,1)	MATCH
31	S131	1	4	Split131(1,1)	0	0	(0,1)	(0,1)	(0,1)	MATCH
31	S131	1	4	Split131(1,2)	0	0	(0,1)	(0,1)	(0,1)	MATCH
31	S131	1	4	Split131(1,3)	0	0	(0,1)	(0,1)	(0,1)	MATCH
31	S131	1	4	Split131(1,4)	0	0	(0,1)	(1,2)	(1,2)	MATCH
31	S131	1	4	Split131(2,0)	0	0	(0,1)	(0,1)	(0,1)	MATCH
31	S131	1	4	Split131(2,1)	0	0	(0,1)	(0,1)	(0,1)	MATCH
31	S131	1	4	Split131(2,2)	0	0	(0,1)	(0,1)	(0,1)	MATCH
31	S131	1	4	Split131(2,3)	0	0	(0,1)	(0,1)	(0,1)	MATCH
31	S131	1	4	Split131(2,4)	0	0	(0,1)	(1,2)	(1,2)	MATCH
31	S131	1	4	Split131(3,0)	0	0	(0,1)	(0,1)	(0,1)	MATCH
31	S131	1	4	Split131(3,1)	0	0	(0,1)	(0,1)	(0,1)	MATCH
31	S131	1	4	Split131(3,2)	0	0	(0,1)	(0,1)	(0,1)	MATCH
31	S131	1	4	Split131(3,3)	0	0	(0,1)	(0,1)	(0,1)	MATCH
31	S131	1	4	Split131(3,4)	0	0	(0,1)	(1,2)	(1,2)	MATCH
31	S131	1	4	Split131(4,0)	0	0	(0,1)	(1,0)	(1,0)	MATCH
31	S131	1	4	Split131(4,1)	0	0	(0,1)	(1,0)	(1,0)	MATCH
31	S131	1	4	Split131(4,2)	0	0	(0,1)	(1,0)	(1,0)	MATCH
31	S131	1	4	Split131(4,3)	0	0	(0,1)	(1,0)	(1,0)	MATCH
31	S131	1	4	Split131(4,4)	0	0	(0,1)	(1,0)	(1,0)	MATCH
31	G	1	0	Gather	0	1	(0,1)	(0,1)	is_split=false	MATCH
31	S14	1	0	Split14(0)	0	1	(0,1)	(1,0)	(1,0)	MATCH
31	S14	1	0	Split14(1)	0	1	(0,1)	(0,1)	fallback!=0	MATCH
31	S14	1	0	Split14(2)	0	1	(0,1)	(0,1)	fallback!=0	MATCH
31	S14	1	0	Split14(3)	0	1	(0,1)	(0,1)	fallback!=0	MATCH
31	S14	1	0	Split14(4)	0	1	(0,1)	(0,1)	fallback!=0	MATCH
31	S131	1	0	Split131(0,0)	0	1	(0,1)	(1,0)	(1,0)	MATCH
31	S131	1	0	Split131(0,1)	0	1	(0,1)	(1,0)	(1,0)	MATCH
31	S131	1	0	Split131(0,2)	0	1	(0,1)	(1,0)	(1,0)	MATCH
31	S131	1	0	Split131(0,3)	0	1	(0,1)	(1,0)	(1,0)	MATCH
31	S131	1	0	Split131(0,4)	0	1	(0,1)	(1,0)	(1,0)	MATCH
31	S131	1	0	Split131(1,0)	0	1	(0,1)	(1,0)	(1,0)	MATCH
31	S131	1	0	Split131(1,1)	0	1	(0,1)	(0,1)	(0,1)	MATCH
31	S131	1	0	Split131(1,2)	0	1	(0,1)	(0,1)	(0,1)	MATCH
31	S131	1	0	Split131(1,3)	0	1	(0,1)	(0,1)	(0,1)	MATCH
31	S131	1	0	Split131(1,4)	0	1	(0,1)	(0,1)	(0,1)	MATCH
31	S131	1	0	Split131(2,0)	0	1	(0,1)	(1,2)	(1,2)	MATCH
31	S131	1	0	Split131(2,1)	0	1	(0,1)	(0,1)	(0,1)	MATCH
31	S131	1	0	Split131(2,2)	0	1	(0,1)	(0,1)	(0,1)	MATCH
31	S131	1	0	Split131(2,3)	0	1	(0,1)	(0,1)	(0,1)	MATCH
31	S131	1	0	Split131(2,4)	0	1	(0,1)	(0,1)	(0,1)	MATCH
31	S131	1	0	Split131(3,0)	0	1	(0,1)	(1,2)	(1,2)	MATCH
31	S131	1	0	Split131(3,1)	0	1	(0,1)	(0,1)	(0,1)	MATCH
31	S131	1	0	Split131(3,2)	0	1	(0,1)	(0,1)	(0,1)	MATCH
31	S131	1	0	Split131(3,3)	0	1	(0,1)	(0,1)	(0,1)	MATCH
31	S131	1	0	Split131(3,4)	0	1	(0,1)	(0,1)	(0,1)	MATCH
31	S131	1	0	Split131(4,0)	0	1	(0,1)	(1,2)	(1,2)	MATCH
31	S131	1	0	Split131(4,1)	0	1	(0,1)	(0,1)	(0,1)	MATCH
31	S131	1	0	Split131(4,2)	0	1	(0,1)	(0,1)	(0,1)	MATCH
31	S131	1	0	Split131(4,3)	0	1	(0,1)	(0,1)	(0,1)	MATCH
31	S131	1	0	Split131(4,4)	0	1	(0,1)	(0,1)	(0,1)	MATCH
31	G	1	1	Gather	0	1	(0,1)	(0,1)	is_split=false	MATCH
31	S14	1	1	Split14(0)	0	1	(0,1)	(0,1)	fallback!=0	MATCH
31	S14	1	1	Split14(1)	0	1	(0,1)	(1,0)	(1,0)	MATCH
31	S14	1	1	Split14(2)	0	1	(0,1)	(0,1)	fallback!=0	MATCH
31	S14	1	1	Split14(3)	0	1	(0,1)	(0,1)	fallback!=0	MATCH
31	S14	1	1	Split14(4)	0	1	(0,1)	(0,1)	fallback!=0	MATCH
31	S131	1	1	Split131(0,0)	0	1	(0,1)	(0,1)	(0,1)	MATCH
31	S131	1	1	Split131(0,1)	0	1	(0,1)	(1,2)	(1,2)	MATCH
31	S131	1	1	Split131(0,2)	0	1	(0,1)	(0,1)	(0,1)	MATCH
31	S131	1	1	Split131(0,3)	0	1	(0,1)	(0,1)	(0,1)	MATCH
31	S131	1	1	Split131(0,4)	0	1	(0,1)	(0,1)	(0,1)	MATCH
31	S131	1	1	Split131(1,0)	0	1	(0,1)	(1,0)	(1,0)	MATCH
31	S131	1	1	Split131(1,1)	0	1	(0,1)	(1,0)	(1,0)	MATCH
31	S131	1	1	Split131(1,2)	0	1	(0,1)	(1,0)	(1,0)	MATCH
31	S131	1	1	Split131(1,3)	0	1	(0,1)	(1,0)	(1,0)	MATCH
31	S131	1	1	Split131(1,4)	0	1	(0,1)	(1,0)	(1,0)	MATCH
31	S131	1	1	Split131(2,0)	0	1	(0,1)	(0,1)	(0,1)	MATCH
31	S131	1	1	Split131(2,1)	0	1	(0,1)	(1,2)	(1,2)	MATCH
31	S131	1	1	Split131(2,2)	0	1	(0,1)	(0,1)	(0,1)	MATCH
31	S131	1	1	Split131(2,3)	0	1	(0,1)	(0,1)	(0,1)	MATCH
31	S131	1	1	Split131(2,4)	0	1	(0,1)	(0,1)	(0,1)	MATCH
31	S131	1	1	Split131(3,0)	0	1	(0,1)	(0,1)	(0,1)	MATCH
31	S131	1	1	Split131(3,1)	0	1	(0,1)	(1,2)	(1,2)	MATCH
31	S131	1	1	Split131(3,2)	0	1	(0,1)	(0,1)	(0,1)	MATCH
31	S131	1	1	Split131(3,3)	0	1	(0,1)	(0,1)	(0,1)	MATCH
31	S131	1	1	Split131(3,4)	0	1	(0,1)	(0,1)	(0,1)	MATCH
31	S131	1	1	Split131(4,0)	0	1	(0,1)	(0,1)	(0,1)	MATCH
31	S131	1	1	Split131(4,1)	0	1	(0,1)	(1,2)	(1,2)	MATCH
31	S131	1	1	Split131(4,2)	0	1	(0,1)	(0,1)	(0,1)	MATCH
31	S131	1	1	Split131(4,3)	0	1	(0,1)	(0,1)	(0,1)	MATCH
31	S131	1	1	Split131(4,4)	0	1	(0,1)	(0,1)	(0,1)	MATCH
31	G	1	2	Gather	0	1	(0,1)	(0,1)	is_split=false	MATCH
31	S14	1	2	Split14(0)	0	1	(0,1)	(0,1)	fallback!=0	MATCH
31	S14	1	2	Split14(1)	0	1	(0,1)	(0,1)	fallback!=0	MATCH
31	S14	1	2	Split14(2)	0	1	(0,1)	(1,0)	(1,0)	MATCH
31	S14	1	2	Split14(3)	0	1	(0,1)	(0,1)	fallback!=0	MATCH
31	S14	1	2	Split14(4)	0	1	(0,1)	(0,1)	fallback!=0	MATCH
31	S131	1	2	Split131(0,0)	0	1	(0,1)	(0,1)	(0,1)	MATCH
31	S131	1	2	Split131(0,1)	0	1	(0,1)	(0,1)	(0,1)	MATCH
31	S131	1	2	Split131(0,2)	0	1	(0,1)	(1,2)	(1,2)	MATCH
31	S131	1	2	Split131(0,3)	0	1	(0,1)	(0,1)	(0,1)	MATCH
31	S131	1	2	Split131(0,4)	0	1	(0,1)	(0,1)	(0,1)	MATCH
31	S131	1	2	Split131(1,0)	0	1	(0,1)	(0,1)	(0,1)	MATCH
31	S131	1	2	Split131(1,1)	0	1	(0,1)	(0,1)	(0,1)	MATCH
31	S131	1	2	Split131(1,2)	0	1	(0,1)	(1,0)	(1,0)	MATCH
31	S131	1	2	Split131(1,3)	0	1	(0,1)	(0,1)	(0,1)	MATCH
31	S131	1	2	Split131(1,4)	0	1	(0,1)	(0,1)	(0,1)	MATCH
31	S131	1	2	Split131(2,0)	0	1	(0,1)	(1,0)	(1,0)	MATCH
31	S131	1	2	Split131(2,1)	0	1	(0,1)	(1,0)	(1,0)	MATCH
31	S131	1	2	Split131(2,2)	0	1	(0,1)	(1,0)	(1,0)	MATCH
31	S131	1	2	Split131(2,3)	0	1	(0,1)	(1,0)	(1,0)	MATCH
31	S131	1	2	Split131(2,4)	0	1	(0,1)	(1,0)	(1,0)	MATCH
31	S131	1	2	Split131(3,0)	0	1	(0,1)	(0,1)	(0,1)	MATCH
31	S131	1	2	Split131(3,1)	0	1	(0,1)	(0,1)	(0,1)	MATCH
31	S131	1	2	Split131(3,2)	0	1	(0,1)	(1,2)	(1,2)	MATCH
31	S131	1	2	Split131(3,3)	0	1	(0,1)	(0,1)	(0,1)	MATCH
31	S131	1	2	Split131(3,4)	0	1	(0,1)	(0,1)	(0,1)	MATCH
31	S131	1	2	Split131(4,0)	0	1	(0,1)	(0,1)	(0,1)	MATCH
31	S131	1	2	Split131(4,1)	0	1	(0,1)	(0,1)	(0,1)	MATCH
31	S131	1	2	Split131(4,2)	0	1	(0,1)	(1,2)	(1,2)	MATCH
31	S131	1	2	Split131(4,3)	0	1	(0,1)	(0,1)	(0,1)	MATCH
31	S131	1	2	Split131(4,4)	0	1	(0,1)	(0,1)	(0,1)	MATCH
31	G	1	3	Gather	0	1	(0,1)	(0,1)	is_split=false	MATCH
31	S14	1	3	Split14(0)	0	1	(0,1)	(0,1)	fallback!=0	MATCH
31	S14	1	3	Split14(1)	0	1	(0,1)	(0,1)	fallback!=0	MATCH
31	S14	1	3	Split14(2)	0	1	(0,1)	(0,1)	fallback!=0	MATCH
31	S14	1	3	Split14(3)	0	1	(0,1)	(1,0)	(1,0)	MATCH
31	S14	1	3	Split14(4)	0	1	(0,1)	(0,1)	fallback!=0	MATCH
31	S131	1	3	Split131(0,0)	0	1	(0,1)	(0,1)	(0,1)	MATCH
31	S131	1	3	Split131(0,1)	0	1	(0,1)	(0,1)	(0,1)	MATCH
31	S131	1	3	Split131(0,2)	0	1	(0,1)	(0,1)	(0,1)	MATCH
31	S131	1	3	Split131(0,3)	0	1	(0,1)	(1,2)	(1,2)	MATCH
31	S131	1	3	Split131(0,4)	0	1	(0,1)	(0,1)	(0,1)	MATCH
31	S131	1	3	Split131(1,0)	0	1	(0,1)	(0,1)	(0,1)	MATCH
31	S131	1	3	Split131(1,1)	0	1	(0,1)	(0,1)	(0,1)	MATCH
31	S131	1	3	Split131(1,2)	0	1	(0,1)	(0,1)	(0,1)	MATCH
31	S131	1	3	Split131(1,3)	0	1	(0,1)	(1,0)	(1,0)	MATCH
31	S131	1	3	Split131(1,4)	0	1	(0,1)	(0,1)	(0,1)	MATCH
31	S131	1	3	Split131(2,0)	0	1	(0,1)	(0,1)	(0,1)	MATCH
31	S131	1	3	Split131(2,1)	0	1	(0,1)	(0,1)	(0,1)	MATCH
31	S131	1	3	Split131(2,2)	0	1	(0,1)	(0,1)	(0,1)	MATCH
31	S131	1	3	Split131(2,3)	0	1	(0,1)	(1,2)	(1,2)	MATCH
31	S131	1	3	Split131(2,4)	0	1	(0,1)	(0,1)	(0,1)	MATCH
31	S131	1	3	Split131(3,0)	0	1	(0,1)	(1,0)	(1,0)	MATCH
31	S131	1	3	Split131(3,1)	0	1	(0,1)	(1,0)	(1,0)	MATCH
31	S131	1	3	Split131(3,2)	0	1	(0,1)	(1,0)	(1,0)	MATCH
31	S131	1	3	Split131(3,3)	0	1	(0,1)	(1,0)	(1,0)	MATCH
31	S131	1	3	Split131(3,4)	0	1	(0,1)	(1,0)	(1,0)	MATCH
31	S131	1	3	Split131(4,0)	0	1	(0,1)	(0,1)	(0,1)	MATCH
31	S131	1	3	Split131(4,1)	0	1	(0,1)	(0,1)	(0,1)	MATCH
31	S131	1	3	Split131(4,2)	0	1	(0,1)	(0,1)	(0,1)	MATCH
31	S131	1	3	Split131(4,3)	0	1	(0,1)	(1,2)	(1,2)	MATCH
31	S131	1	3	Split131(4,4)	0	1	(0,1)	(0,1)	(0,1)	MATCH
31	G	1	4	Gather	0	1	(0,1)	(0,1)	is_split=false	MATCH
31	S14	1	4	Split14(0)	0	1	(0,1)	(0,1)	fallback!=0	MATCH
31	S14	1	4	Split14(1)	0	1	(0,1)	(0,1)	fallback!=0	MATCH
31	S14	1	4	Split14(2)	0	1	(0,1)	(0,1)	fallback!=0	MATCH
31	S14	1	4	Split14(3)	0	1	(0,1)	(0,1)	fallback!=0	MATCH
31	S14	1	4	Split14(4)	0	1	(0,1)	(1,0)	(1,0)	MATCH
31	S131	1	4	Split131(0,0)	0	1	(0,1)	(0,1)	(0,1)	MATCH
31	S131	1	4	Split131(0,1)	0	1	(0,1)	(0,1)	(0,1)	MATCH
31	S131	1	4	Split131(0,2)	0	1	(0,1)	(0,1)	(0,1)	MATCH
31	S131	1	4	Split131(0,3)	0	1	(0,1)	(0,1)	(0,1)	MATCH
31	S131	1	4	Split131(0,4)	0	1	(0,1)	(1,2)	(1,2)	MATCH
31	S131	1	4	Split131(1,0)	0	1	(0,1)	(0,1)	(0,1)	MATCH
31	S131	1	4	Split131(1,1)	0	1	(0,1)	(0,1)	(0,1)	MATCH
31	S131	1	4	Split131(1,2)	0	1	(0,1)	(0,1)	(0,1)	MATCH
31	S131	1	4	Split131(1,3)	0	1	(0,1)	(0,1)	(0,1)	MATCH
31	S131	1	4	Split131(1,4)	0	1	(0,1)	(1,0)	(1,0)	MATCH
31	S131	1	4	Split131(2,0)	0	1	(0,1)	(0,1)	(0,1)	MATCH
31	S131	1	4	Split131(2,1)	0	1	(0,1)	(0,1)	(0,1)	MATCH
31	S131	1	4	Split131(2,2)	0	1	(0,1)	(0,1)	(0,1)	MATCH
31	S131	1	4	Split131(2,3)	0	1	(0,1)	(0,1)	(0,1)	MATCH
31	S131	1	4	Split131(2,4)	0	1	(0,1)	(1,2)	(1,2)	MATCH
31	S131	1	4	Split131(3,0)	0	1	(0,1)	(0,1)	(0,1)	MATCH
31	S131	1	4	Split131(3,1)	0	1	(0,1)	(0,1)	(0,1)	MATCH
31	S131	1	4	Split131(3,2)	0	1	(0,1)	(0,1)	(0,1)	MATCH
31	S131	1	4	Split131(3,3)	0	1	(0,1)	(0,1)	(0,1)	MATCH
31	S131	1	4	Split131(3,4)	0	1	(0,1)	(1,2)	(1,2)	MATCH
31	S131	1	4	Split131(4,0)	0	1	(0,1)	(1,0)	(1,0)	MATCH
31	S131	1	4	Split131(4,1)	0	1	(0,1)	(1,0)	(1,0)	MATCH
31	S131	1	4	Split131(4,2)	0	1	(0,1)	(1,0)	(1,0)	MATCH
31	S131	1	4	Split131(4,3)	0	1	(0,1)	(1,0)	(1,0)	MATCH
31	S131	1	4	Split131(4,4)	0	1	(0,1)	(1,0)	(1,0)	MATCH
31	G	1	0	Gather	0	2	(0,1)	(0,1)	is_split=false	MATCH
31	S14	1	0	Split14(0)	0	2	(0,1)	(1,0)	(1,0)	MATCH
31	S14	1	0	Split14(1)	0	2	(0,1)	(0,1)	fallback!=0	MATCH
31	S14	1	0	Split14(2)	0	2	(0,1)	(0,1)	fallback!=0	MATCH
31	S14	1	0	Split14(3)	0	2	(0,1)	(0,1)	fallback!=0	MATCH
31	S14	1	0	Split14(4)	0	2	(0,1)	(0,1)	fallback!=0	MATCH
31	S131	1	0	Split131(0,0)	0	2	(0,1)	(1,0)	(1,0)	MATCH
31	S131	1	0	Split131(0,1)	0	2	(0,1)	(1,0)	(1,0)	MATCH
31	S131	1	0	Split131(0,2)	0	2	(0,1)	(1,0)	(1,0)	MATCH
31	S131	1	0	Split131(0,3)	0	2	(0,1)	(1,0)	(1,0)	MATCH
31	S131	1	0	Split131(0,4)	0	2	(0,1)	(1,0)	(1,0)	MATCH
31	S131	1	0	Split131(1,0)	0	2	(0,1)	(1,2)	(1,2)	MATCH
31	S131	1	0	Split131(1,1)	0	2	(0,1)	(0,1)	(0,1)	MATCH
31	S131	1	0	Split131(1,2)	0	2	(0,1)	(0,1)	(0,1)	MATCH
31	S131	1	0	Split131(1,3)	0	2	(0,1)	(0,1)	(0,1)	MATCH
31	S131	1	0	Split131(1,4)	0	2	(0,1)	(0,1)	(0,1)	MATCH
31	S131	1	0	Split131(2,0)	0	2	(0,1)	(1,0)	(1,0)	MATCH
31	S131	1	0	Split131(2,1)	0	2	(0,1)	(0,1)	(0,1)	MATCH
31	S131	1	0	Split131(2,2)	0	2	(0,1)	(0,1)	(0,1)	MATCH
31	S131	1	0	Split131(2,3)	0	2	(0,1)	(0,1)	(0,1)	MATCH
31	S131	1	0	Split131(2,4)	0	2	(0,1)	(0,1)	(0,1)	MATCH
31	S131	1	0	Split131(3,0)	0	2	(0,1)	(1,2)	(1,2)	MATCH
31	S131	1	0	Split131(3,1)	0	2	(0,1)	(0,1)	(0,1)	MATCH
31	S131	1	0	Split131(3,2)	0	2	(0,1)	(0,1)	(0,1)	MATCH
31	S131	1	0	Split131(3,3)	0	2	(0,1)	(0,1)	(0,1)	MATCH
31	S131	1	0	Split131(3,4)	0	2	(0,1)	(0,1)	(0,1)	MATCH
31	S131	1	0	Split131(4,0)	0	2	(0,1)	(1,2)	(1,2)	MATCH
31	S131	1	0	Split131(4,1)	0	2	(0,1)	(0,1)	(0,1)	MATCH
31	S131	1	0	Split131(4,2)	0	2	(0,1)	(0,1)	(0,1)	MATCH
31	S131	1	0	Split131(4,3)	0	2	(0,1)	(0,1)	(0,1)	MATCH
31	S131	1	0	Split131(4,4)	0	2	(0,1)	(0,1)	(0,1)	MATCH
31	G	1	1	Gather	0	2	(0,1)	(0,1)	is_split=false	MATCH
31	S14	1	1	Split14(0)	0	2	(0,1)	(0,1)	fallback!=0	MATCH
31	S14	1	1	Split14(1)	0	2	(0,1)	(1,0)	(1,0)	MATCH
31	S14	1	1	Split14(2)	0	2	(0,1)	(0,1)	fallback!=0	MATCH
31	S14	1	1	Split14(3)	0	2	(0,1)	(0,1)	fallback!=0	MATCH
31	S14	1	1	Split14(4)	0	2	(0,1)	(0,1)	fallback!=0	MATCH
31	S131	1	1	Split131(0,0)	0	2	(0,1)	(0,1)	(0,1)	MATCH
31	S131	1	1	Split131(0,1)	0	2	(0,1)	(1,2)	(1,2)	MATCH
31	S131	1	1	Split131(0,2)	0	2	(0,1)	(0,1)	(0,1)	MATCH
31	S131	1	1	Split131(0,3)	0	2	(0,1)	(0,1)	(0,1)	MATCH
31	S131	1	1	Split131(0,4)	0	2	(0,1)	(0,1)	(0,1)	MATCH
31	S131	1	1	Split131(1,0)	0	2	(0,1)	(1,0)	(1,0)	MATCH
31	S131	1	1	Split131(1,1)	0	2	(0,1)	(1,0)	(1,0)	MATCH
31	S131	1	1	Split131(1,2)	0	2	(0,1)	(1,0)	(1,0)	MATCH
31	S131	1	1	Split131(1,3)	0	2	(0,1)	(1,0)	(1,0)	MATCH
31	S131	1	1	Split131(1,4)	0	2	(0,1)	(1,0)	(1,0)	MATCH
31	S131	1	1	Split131(2,0)	0	2	(0,1)	(0,1)	(0,1)	MATCH
31	S131	1	1	Split131(2,1)	0	2	(0,1)	(1,0)	(1,0)	MATCH
31	S131	1	1	Split131(2,2)	0	2	(0,1)	(0,1)	(0,1)	MATCH
31	S131	1	1	Split131(2,3)	0	2	(0,1)	(0,1)	(0,1)	MATCH
31	S131	1	1	Split131(2,4)	0	2	(0,1)	(0,1)	(0,1)	MATCH
31	S131	1	1	Split131(3,0)	0	2	(0,1)	(0,1)	(0,1)	MATCH
31	S131	1	1	Split131(3,1)	0	2	(0,1)	(1,2)	(1,2)	MATCH
31	S131	1	1	Split131(3,2)	0	2	(0,1)	(0,1)	(0,1)	MATCH
31	S131	1	1	Split131(3,3)	0	2	(0,1)	(0,1)	(0,1)	MATCH
31	S131	1	1	Split131(3,4)	0	2	(0,1)	(0,1)	(0,1)	MATCH
31	S131	1	1	Split131(4,0)	0	2	(0,1)	(0,1)	(0,1)	MATCH
31	S131	1	1	Split131(4,1)	0	2	(0,1)	(1,2)	(1,2)	MATCH
31	S131	1	1	Split131(4,2)	0	2	(0,1)	(0,1)	(0,1)	MATCH
31	S131	1	1	Split131(4,3)	0	2	(0,1)	(0,1)	(0,1)	MATCH
31	S131	1	1	Split131(4,4)	0	2	(0,1)	(0,1)	(0,1)	MATCH
31	G	1	2	Gather	0	2	(0,1)	(0,1)	is_split=false	MATCH
31	S14	1	2	Split14(0)	0	2	(0,1)	(0,1)	fallback!=0	MATCH
31	S14	1	2	Split14(1)	0	2	(0,1)	(0,1)	fallback!=0	MATCH
31	S14	1	2	Split14(2)	0	2	(0,1)	(1,0)	(1,0)	MATCH
31	S14	1	2	Split14(3)	0	2	(0,1)	(0,1)	fallback!=0	MATCH
31	S14	1	2	Split14(4)	0	2	(0,1)	(0,1)	fallback!=0	MATCH
31	S131	1	2	Split131(0,0)	0	2	(0,1)	(0,1)	(0,1)	MATCH
31	S131	1	2	Split131(0,1)	0	2	(0,1)	(0,1)	(0,1)	MATCH
31	S131	1	2	Split131(0,2)	0	2	(0,1)	(1,2)	(1,2)	MATCH
31	S131	1	2	Split131(0,3)	0	2	(0,1)	(0,1)	(0,1)	MATCH
31	S131	1	2	Split131(0,4)	0	2	(0,1)	(0,1)	(0,1)	MATCH
31	S131	1	2	Split131(1,0)	0	2	(0,1)	(0,1)	(0,1)	MATCH
31	S131	1	2	Split131(1,1)	0	2	(0,1)	(0,1)	(0,1)	MATCH
31	S131	1	2	Split131(1,2)	0	2	(0,1)	(1,2)	(1,2)	MATCH
31	S131	1	2	Split131(1,3)	0	2	(0,1)	(0,1)	(0,1)	MATCH
31	S131	1	2	Split131(1,4)	0	2	(0,1)	(0,1)	(0,1)	MATCH
31	S131	1	2	Split131(2,0)	0	2	(0,1)	(1,0)	(1,0)	MATCH
31	S131	1	2	Split131(2,1)	0	2	(0,1)	(1,0)	(1,0)	MATCH
31	S131	1	2	Split131(2,2)	0	2	(0,1)	(1,0)	(1,0)	MATCH
31	S131	1	2	Split131(2,3)	0	2	(0,1)	(1,0)	(1,0)	MATCH
31	S131	1	2	Split131(2,4)	0	2	(0,1)	(1,0)	(1,0)	MATCH
31	S131	1	2	Split131(3,0)	0	2	(0,1)	(0,1)	(0,1)	MATCH
31	S131	1	2	Split131(3,1)	0	2	(0,1)	(0,1)	(0,1)	MATCH
31	S131	1	2	Split131(3,2)	0	2	(0,1)	(1,2)	(1,2)	MATCH
31	S131	1	2	Split131(3,3)	0	2	(0,1)	(0,1)	(0,1)	MATCH
31	S131	1	2	Split131(3,4)	0	2	(0,1)	(0,1)	(0,1)	MATCH
31	S131	1	2	Split131(4,0)	0	2	(0,1)	(0,1)	(0,1)	MATCH
31	S131	1	2	Split131(4,1)	0	2	(0,1)	(0,1)	(0,1)	MATCH
31	S131	1	2	Split131(4,2)	0	2	(0,1)	(1,2)	(1,2)	MATCH
31	S131	1	2	Split131(4,3)	0	2	(0,1)	(0,1)	(0,1)	MATCH
31	S131	1	2	Split131(4,4)	0	2	(0,1)	(0,1)	(0,1)	MATCH
31	G	1	3	Gather	0	2	(0,1)	(0,1)	is_split=false	MATCH
31	S14	1	3	Split14(0)	0	2	(0,1)	(0,1)	fallback!=0	MATCH
31	S14	1	3	Split14(1)	0	2	(0,1)	(0,1)	fallback!=0	MATCH
31	S14	1	3	Split14(2)	0	2	(0,1)	(0,1)	fallback!=0	MATCH
31	S14	1	3	Split14(3)	0	2	(0,1)	(1,0)	(1,0)	MATCH
31	S14	1	3	Split14(4)	0	2	(0,1)	(0,1)	fallback!=0	MATCH
31	S131	1	3	Split131(0,0)	0	2	(0,1)	(0,1)	(0,1)	MATCH
31	S131	1	3	Split131(0,1)	0	2	(0,1)	(0,1)	(0,1)	MATCH
31	S131	1	3	Split131(0,2)	0	2	(0,1)	(0,1)	(0,1)	MATCH
31	S131	1	3	Split131(0,3)	0	2	(0,1)	(1,2)	(1,2)	MATCH
31	S131	1	3	Split131(0,4)	0	2	(0,1)	(0,1)	(0,1)	MATCH
31	S131	1	3	Split131(1,0)	0	2	(0,1)	(0,1)	(0,1)	MATCH
31	S131	1	3	Split131(1,1)	0	2	(0,1)	(0,1)	(0,1)	MATCH
31	S131	1	3	Split131(1,2)	0	2	(0,1)	(0,1)	(0,1)	MATCH
31	S131	1	3	Split131(1,3)	0	2	(0,1)	(1,2)	(1,2)	MATCH
31	S131	1	3	Split131(1,4)	0	2	(0,1)	(0,1)	(0,1)	MATCH
31	S131	1	3	Split131(2,0)	0	2	(0,1)	(0,1)	(0,1)	MATCH
31	S131	1	3	Split131(2,1)	0	2	(0,1)	(0,1)	(0,1)	MATCH
31	S131	1	3	Split131(2,2)	0	2	(0,1)	(0,1)	(0,1)	MATCH
31	S131	1	3	Split131(2,3)	0	2	(0,1)	(1,0)	(1,0)	MATCH
31	S131	1	3	Split131(2,4)	0	2	(0,1)	(0,1)	(0,1)	MATCH
31	S131	1	3	Split131(3,0)	0	2	(0,1)	(1,0)	(1,0)	MATCH
31	S131	1	3	Split131(3,1)	0	2	(0,1)	(1,0)	(1,0)	MATCH
31	S131	1	3	Split131(3,2)	0	2	(0,1)	(1,0)	(1,0)	MATCH
31	S131	1	3	Split131(3,3)	0	2	(0,1)	(1,0)	(1,0)	MATCH
31	S131	1	3	Split131(3,4)	0	2	(0,1)	(1,0)	(1,0)	MATCH
31	S131	1	3	Split131(4,0)	0	2	(0,1)	(0,1)	(0,1)	MATCH
31	S131	1	3	Split131(4,1)	0	2	(0,1)	(0,1)	(0,1)	MATCH
31	S131	1	3	Split131(4,2)	0	2	(0,1)	(0,1)	(0,1)	MATCH
31	S131	1	3	Split131(4,3)	0	2	(0,1)	(1,2)	(1,2)	MATCH
31	S131	1	3	Split131(4,4)	0	2	(0,1)	(0,1)	(0,1)	MATCH
31	G	1	4	Gather	0	2	(0,1)	(0,1)	is_split=false	MATCH
31	S14	1	4	Split14(0)	0	2	(0,1)	(0,1)	fallback!=0	MATCH
31	S14	1	4	Split14(1)	0	2	(0,1)	(0,1)	fallback!=0	MATCH
31	S14	1	4	Split14(2)	0	2	(0,1)	(0,1)	fallback!=0	MATCH
31	S14	1	4	Split14(3)	0	2	(0,1)	(0,1)	fallback!=0	MATCH
31	S14	1	4	Split14(4)	0	2	(0,1)	(1,0)	(1,0)	MATCH
31	S131	1	4	Split131(0,0)	0	2	(0,1)	(0,1)	(0,1)	MATCH
31	S131	1	4	Split131(0,1)	0	2	(0,1)	(0,1)	(0,1)	MATCH
31	S131	1	4	Split131(0,2)	0	2	(0,1)	(0,1)	(0,1)	MATCH
31	S131	1	4	Split131(0,3)	0	2	(0,1)	(0,1)	(0,1)	MATCH
31	S131	1	4	Split131(0,4)	0	2	(0,1)	(1,2)	(1,2)	MATCH
31	S131	1	4	Split131(1,0)	0	2	(0,1)	(0,1)	(0,1)	MATCH
31	S131	1	4	Split131(1,1)	0	2	(0,1)	(0,1)	(0,1)	MATCH
31	S131	1	4	Split131(1,2)	0	2	(0,1)	(0,1)	(0,1)	MATCH
31	S131	1	4	Split131(1,3)	0	2	(0,1)	(0,1)	(0,1)	MATCH
31	S131	1	4	Split131(1,4)	0	2	(0,1)	(1,2)	(1,2)	MATCH
31	S131	1	4	Split131(2,0)	0	2	(0,1)	(0,1)	(0,1)	MATCH
31	S131	1	4	Split131(2,1)	0	2	(0,1)	(0,1)	(0,1)	MATCH
31	S131	1	4	Split131(2,2)	0	2	(0,1)	(0,1)	(0,1)	MATCH
31	S131	1	4	Split131(2,3)	0	2	(0,1)	(0,1)	(0,1)	MATCH
31	S131	1	4	Split131(2,4)	0	2	(0,1)	(1,0)	(1,0)	MATCH
31	S131	1	4	Split131(3,0)	0	2	(0,1)	(0,1)	(0,1)	MATCH
31	S131	1	4	Split131(3,1)	0	2	(0,1)	(0,1)	(0,1)	MATCH
31	S131	1	4	Split131(3,2)	0	2	(0,1)	(0,1)	(0,1)	MATCH
31	S131	1	4	Split131(3,3)	0	2	(0,1)	(0,1)	(0,1)	MATCH
31	S131	1	4	Split131(3,4)	0	2	(0,1)	(1,2)	(1,2)	MATCH
31	S131	1	4	Split131(4,0)	0	2	(0,1)	(1,0)	(1,0)	MATCH
31	S131	1	4	Split131(4,1)	0	2	(0,1)	(1,0)	(1,0)	MATCH
31	S131	1	4	Split131(4,2)	0	2	(0,1)	(1,0)	(1,0)	MATCH
31	S131	1	4	Split131(4,3)	0	2	(0,1)	(1,0)	(1,0)	MATCH
31	S131	1	4	Split131(4,4)	0	2	(0,1)	(1,0)	(1,0)	MATCH
31	G	1	0	Gather	0	3	(0,1)	(0,1)	is_split=false	MATCH
31	S14	1	0	Split14(0)	0	3	(0,1)	(1,0)	(1,0)	MATCH
31	S14	1	0	Split14(1)	0	3	(0,1)	(0,1)	fallback!=0	MATCH
31	S14	1	0	Split14(2)	0	3	(0,1)	(0,1)	fallback!=0	MATCH
31	S14	1	0	Split14(3)	0	3	(0,1)	(0,1)	fallback!=0	MATCH
31	S14	1	0	Split14(4)	0	3	(0,1)	(0,1)	fallback!=0	MATCH
31	S131	1	0	Split131(0,0)	0	3	(0,1)	(1,0)	(1,0)	MATCH
31	S131	1	0	Split131(0,1)	0	3	(0,1)	(1,0)	(1,0)	MATCH
31	S131	1	0	Split131(0,2)	0	3	(0,1)	(1,0)	(1,0)	MATCH
31	S131	1	0	Split131(0,3)	0	3	(0,1)	(1,0)	(1,0)	MATCH
31	S131	1	0	Split131(0,4)	0	3	(0,1)	(1,0)	(1,0)	MATCH
31	S131	1	0	Split131(1,0)	0	3	(0,1)	(1,2)	(1,2)	MATCH
31	S131	1	0	Split131(1,1)	0	3	(0,1)	(0,1)	(0,1)	MATCH
31	S131	1	0	Split131(1,2)	0	3	(0,1)	(0,1)	(0,1)	MATCH
31	S131	1	0	Split131(1,3)	0	3	(0,1)	(0,1)	(0,1)	MATCH
31	S131	1	0	Split131(1,4)	0	3	(0,1)	(0,1)	(0,1)	MATCH
31	S131	1	0	Split131(2,0)	0	3	(0,1)	(1,2)	(1,2)	MATCH
31	S131	1	0	Split131(2,1)	0	3	(0,1)	(0,1)	(0,1)	MATCH
31	S131	1	0	Split131(2,2)	0	3	(0,1)	(0,1)	(0,1)	MATCH
31	S131	1	0	Split131(2,3)	0	3	(0,1)	(0,1)	(0,1)	MATCH
31	S131	1	0	Split131(2,4)	0	3	(0,1)	(0,1)	(0,1)	MATCH
31	S131	1	0	Split131(3,0)	0	3	(0,1)	(1,0)	(1,0)	MATCH
31	S131	1	0	Split131(3,1)	0	3	(0,1)	(0,1)	(0,1)	MATCH
31	S131	1	0	Split131(3,2)	0	3	(0,1)	(0,1)	(0,1)	MATCH
31	S131	1	0	Split131(3,3)	0	3	(0,1)	(0,1)	(0,1)	MATCH
31	S131	1	0	Split131(3,4)	0	3	(0,1)	(0,1)	(0,1)	MATCH
31	S131	1	0	Split131(4,0)	0	3	(0,1)	(1,2)	(1,2)	MATCH
31	S131	1	0	Split131(4,1)	0	3	(0,1)	(0,1)	(0,1)	MATCH
31	S131	1	0	Split131(4,2)	0	3	(0,1)	(0,1)	(0,1)	MATCH
31	S131	1	0	Split131(4,3)	0	3	(0,1)	(0,1)	(0,1)	MATCH
31	S131	1	0	Split131(4,4)	0	3	(0,1)	(0,1)	(0,1)	MATCH
31	G	1	1	Gather	0	3	(0,1)	(0,1)	is_split=false	MATCH
31	S14	1	1	Split14(0)	0	3	(0,1)	(0,1)	fallback!=0	MATCH
31	S14	1	1	Split14(1)	0	3	(0,1)	(1,0)	(1,0)	MATCH
31	S14	1	1	Split14(2)	0	3	(0,1)	(0,1)	fallback!=0	MATCH
31	S14	1	1	Split14(3)	0	3	(0,1)	(0,1)	fallback!=0	MATCH
31	S14	1	1	Split14(4)	0	3	(0,1)	(0,1)	fallback!=0	MATCH
31	S131	1	1	Split131(0,0)	0	3	(0,1)	(0,1)	(0,1)	MATCH
31	S131	1	1	Split131(0,1)	0	3	(0,1)	(1,2)	(1,2)	MATCH
31	S131	1	1	Split131(0,2)	0	3	(0,1)	(0,1)	(0,1)	MATCH
31	S131	1	1	Split131(0,3)	0	3	(0,1)	(0,1)	(0,1)	MATCH
31	S131	1	1	Split131(0,4)	0	3	(0,1)	(0,1)	(0,1)	MATCH
31	S131	1	1	Split131(1,0)	0	3	(0,1)	(1,0)	(1,0)	MATCH
31	S131	1	1	Split131(1,1)	0	3	(0,1)	(1,0)	(1,0)	MATCH
31	S131	1	1	Split131(1,2)	0	3	(0,1)	(1,0)	(1,0)	MATCH
31	S131	1	1	Split131(1,3)	0	3	(0,1)	(1,0)	(1,0)	MATCH
31	S131	1	1	Split131(1,4)	0	3	(0,1)	(1,0)	(1,0)	MATCH
31	S131	1	1	Split131(2,0)	0	3	(0,1)	(0,1)	(0,1)	MATCH
31	S131	1	1	Split131(2,1)	0	3	(0,1)	(1,2)	(1,2)	MATCH
31	S131	1	1	Split131(2,2)	0	3	(0,1)	(0,1)	(0,1)	MATCH
31	S131	1	1	Split131(2,3)	0	3	(0,1)	(0,1)	(0,1)	MATCH
31	S131	1	1	Split131(2,4)	0	3	(0,1)	(0,1)	(0,1)	MATCH
31	S131	1	1	Split131(3,0)	0	3	(0,1)	(0,1)	(0,1)	MATCH
31	S131	1	1	Split131(3,1)	0	3	(0,1)	(1,0)	(1,0)	MATCH
31	S131	1	1	Split131(3,2)	0	3	(0,1)	(0,1)	(0,1)	MATCH
31	S131	1	1	Split131(3,3)	0	3	(0,1)	(0,1)	(0,1)	MATCH
31	S131	1	1	Split131(3,4)	0	3	(0,1)	(0,1)	(0,1)	MATCH
31	S131	1	1	Split131(4,0)	0	3	(0,1)	(0,1)	(0,1)	MATCH
31	S131	1	1	Split131(4,1)	0	3	(0,1)	(1,2)	(1,2)	MATCH
31	S131	1	1	Split131(4,2)	0	3	(0,1)	(0,1)	(0,1)	MATCH
31	S131	1	1	Split131(4,3)	0	3	(0,1)	(0,1)	(0,1)	MATCH
31	S131	1	1	Split131(4,4)	0	3	(0,1)	(0,1)	(0,1)	MATCH
31	G	1	2	Gather	0	3	(0,1)	(0,1)	is_split=false	MATCH
31	S14	1	2	Split14(0)	0	3	(0,1)	(0,1)	fallback!=0	MATCH
31	S14	1	2	Split14(1)	0	3	(0,1)	(0,1)	fallback!=0	MATCH
31	S14	1	2	Split14(2)	0	3	(0,1)	(1,0)	(1,0)	MATCH
31	S14	1	2	Split14(3)	0	3	(0,1)	(0,1)	fallback!=0	MATCH
31	S14	1	2	Split14(4)	0	3	(0,1)	(0,1)	fallback!=0	MATCH
31	S131	1	2	Split131(0,0)	0	3	(0,1)	(0,1)	(0,1)	MATCH
31	S131	1	2	Split131(0,1)	0	3	(0,1)	(0,1)	(0,1)	MATCH
31	S131	1	2	Split131(0,2)	0	3	(0,1)	(1,2)	(1,2)	MATCH
31	S131	1	2	Split131(0,3)	0	3	(0,1)	(0,1)	(0,1)	MATCH
31	S131	1	2	Split131(0,4)	0	3	(0,1)	(0,1)	(0,1)	MATCH
31	S131	1	2	Split131(1,0)	0	3	(0,1)	(0,1)	(0,1)	MATCH
31	S131	1	2	Split131(1,1)	0	3	(0,1)	(0,1)	(0,1)	MATCH
31	S131	1	2	Split131(1,2)	0	3	(0,1)	(1,2)	(1,2)	MATCH
31	S131	1	2	Split131(1,3)	0	3	(0,1)	(0,1)	(0,1)	MATCH
31	S131	1	2	Split131(1,4)	0	3	(0,1)	(0,1)	(0,1)	MATCH
31	S131	1	2	Split131(2,0)	0	3	(0,1)	(1,0)	(1,0)	MATCH
31	S131	1	2	Split131(2,1)	0	3	(0,1)	(1,0)	(1,0)	MATCH
31	S131	1	2	Split131(2,2)	0	3	(0,1)	(1,0)	(1,0)	MATCH
31	S131	1	2	Split131(2,3)	0	3	(0,1)	(1,0)	(1,0)	MATCH
31	S131	1	2	Split131(2,4)	0	3	(0,1)	(1,0)	(1,0)	MATCH
31	S131	1	2	Split131(3,0)	0	3	(0,1)	(0,1)	(0,1)	MATCH
31	S131	1	2	Split131(3,1)	0	3	(0,1)	(0,1)	(0,1)	MATCH
31	S131	1	2	Split131(3,2)	0	3	(0,1)	(1,0)	(1,0)	MATCH
31	S131	1	2	Split131(3,3)	0	3	(0,1)	(0,1)	(0,1)	MATCH
31	S131	1	2	Split131(3,4)	0	3	(0,1)	(0,1)	(0,1)	MATCH
31	S131	1	2	Split131(4,0)	0	3	(0,1)	(0,1)	(0,1)	MATCH
31	S131	1	2	Split131(4,1)	0	3	(0,1)	(0,1)	(0,1)	MATCH
31	S131	1	2	Split131(4,2)	0	3	(0,1)	(1,2)	(1,2)	MATCH
31	S131	1	2	Split131(4,3)	0	3	(0,1)	(0,1)	(0,1)	MATCH
31	S131	1	2	Split131(4,4)	0	3	(0,1)	(0,1)	(0,1)	MATCH
31	G	1	3	Gather	0	3	(0,1)	(0,1)	is_split=false	MATCH
31	S14	1	3	Split14(0)	0	3	(0,1)	(0,1)	fallback!=0	MATCH
31	S14	1	3	Split14(1)	0	3	(0,1)	(0,1)	fallback!=0	MATCH
31	S14	1	3	Split14(2)	0	3	(0,1)	(0,1)	fallback!=0	MATCH
31	S14	1	3	Split14(3)	0	3	(0,1)	(1,0)	(1,0)	MATCH
31	S14	1	3	Split14(4)	0	3	(0,1)	(0,1)	fallback!=0	MATCH
31	S131	1	3	Split131(0,0)	0	3	(0,1)	(0,1)	(0,1)	MATCH
31	S131	1	3	Split131(0,1)	0	3	(0,1)	(0,1)	(0,1)	MATCH
31	S131	1	3	Split131(0,2)	0	3	(0,1)	(0,1)	(0,1)	MATCH
31	S131	1	3	Split131(0,3)	0	3	(0,1)	(1,2)	(1,2)	MATCH
31	S131	1	3	Split131(0,4)	0	3	(0,1)	(0,1)	(0,1)	MATCH
31	S131	1	3	Split131(1,0)	0	3	(0,1)	(0,1)	(0,1)	MATCH
31	S131	1	3	Split131(1,1)	0	3	(0,1)	(0,1)	(0,1)	MATCH
31	S131	1	3	Split131(1,2)	0	3	(0,1)	(0,1)	(0,1)	MATCH
31	S131	1	3	Split131(1,3)	0	3	(0,1)	(1,2)	(1,2)	MATCH
31	S131	1	3	Split131(1,4)	0	3	(0,1)	(0,1)	(0,1)	MATCH
31	S131	1	3	Split131(2,0)	0	3	(0,1)	(0,1)	(0,1)	MATCH
31	S131	1	3	Split131(2,1)	0	3	(0,1)	(0,1)	(0,1)	MATCH
31	S131	1	3	Split131(2,2)	0	3	(0,1)	(0,1)	(0,1)	MATCH
31	S131	1	3	Split131(2,3)	0	3	(0,1)	(1,2)	(1,2)	MATCH
31	S131	1	3	Split131(2,4)	0	3	(0,1)	(0,1)	(0,1)	MATCH
31	S131	1	3	Split131(3,0)	0	3	(0,1)	(1,0)	(1,0)	MATCH
31	S131	1	3	Split131(3,1)	0	3	(0,1)	(1,0)	(1,0)	MATCH
31	S131	1	3	Split131(3,2)	0	3	(0,1)	(1,0)	(1,0)	MATCH
31	S131	1	3	Split131(3,3)	0	3	(0,1)	(1,0)	(1,0)	MATCH
31	S131	1	3	Split131(3,4)	0	3	(0,1)	(1,0)	(1,0)	MATCH
31	S131	1	3	Split131(4,0)	0	3	(0,1)	(0,1)	(0,1)	MATCH
31	S131	1	3	Split131(4,1)	0	3	(0,1)	(0,1)	(0,1)	MATCH
31	S131	1	3	Split131(4,2)	0	3	(0,1)	(0,1)	(0,1)	MATCH
31	S131	1	3	Split131(4,3)	0	3	(0,1)	(1,2)	(1,2)	MATCH
31	S131	1	3	Split131(4,4)	0	3	(0,1)	(0,1)	(0,1)	MATCH
31	G	1	4	Gather	0	3	(0,1)	(0,1)	is_split=false	MATCH
31	S14	1	4	Split14(0)	0	3	(0,1)	(0,1)	fallback!=0	MATCH
31	S14	1	4	Split14(1)	0	3	(0,1)	(0,1)	fallback!=0	MATCH
31	S14	1	4	Split14(2)	0	3	(0,1)	(0,1)	fallback!=0	MATCH
31	S14	1	4	Split14(3)	0	3	(0,1)	(0,1)	fallback!=0	MATCH
31	S14	1	4	Split14(4)	0	3	(0,1)	(1,0)	(1,0)	MATCH
31	S131	1	4	Split131(0,0)	0	3	(0,1)	(0,1)	(0,1)	MATCH
31	S131	1	4	Split131(0,1)	0	3	(0,1)	(0,1)	(0,1)	MATCH
31	S131	1	4	Split131(0,2)	0	3	(0,1)	(0,1)	(0,1)	MATCH
31	S131	1	4	Split131(0,3)	0	3	(0,1)	(0,1)	(0,1)	MATCH
31	S131	1	4	Split131(0,4)	0	3	(0,1)	(1,2)	(1,2)	MATCH
31	S131	1	4	Split131(1,0)	0	3	(0,1)	(0,1)	(0,1)	MATCH
31	S131	1	4	Split131(1,1)	0	3	(0,1)	(0,1)	(0,1)	MATCH
31	S131	1	4	Split131(1,2)	0	3	(0,1)	(0,1)	(0,1)	MATCH
31	S131	1	4	Split131(1,3)	0	3	(0,1)	(0,1)	(0,1)	MATCH
31	S131	1	4	Split131(1,4)	0	3	(0,1)	(1,2)	(1,2)	MATCH
31	S131	1	4	Split131(2,0)	0	3	(0,1)	(0,1)	(0,1)	MATCH
31	S131	1	4	Split131(2,1)	0	3	(0,1)	(0,1)	(0,1)	MATCH
31	S131	1	4	Split131(2,2)	0	3	(0,1)	(0,1)	(0,1)	MATCH
31	S131	1	4	Split131(2,3)	0	3	(0,1)	(0,1)	(0,1)	MATCH
31	S131	1	4	Split131(2,4)	0	3	(0,1)	(1,2)	(1,2)	MATCH
31	S131	1	4	Split131(3,0)	0	3	(0,1)	(0,1)	(0,1)	MATCH
31	S131	1	4	Split131(3,1)	0	3	(0,1)	(0,1)	(0,1)	MATCH
31	S131	1	4	Split131(3,2)	0	3	(0,1)	(0,1)	(0,1)	MATCH
31	S131	1	4	Split131(3,3)	0	3	(0,1)	(0,1)	(0,1)	MATCH
31	S131	1	4	Split131(3,4)	0	3	(0,1)	(1,0)	(1,0)	MATCH
31	S131	1	4	Split131(4,0)	0	3	(0,1)	(1,0)	(1,0)	MATCH
31	S131	1	4	Split131(4,1)	0	3	(0,1)	(1,0)	(1,0)	MATCH
31	S131	1	4	Split131(4,2)	0	3	(0,1)	(1,0)	(1,0)	MATCH
31	S131	1	4	Split131(4,3)	0	3	(0,1)	(1,0)	(1,0)	MATCH
31	S131	1	4	Split131(4,4)	0	3	(0,1)	(1,0)	(1,0)	MATCH
31	G	1	0	Gather	0	4	(0,1)	(0,1)	is_split=false	MATCH
31	S14	1	0	Split14(0)	0	4	(0,1)	(1,0)	(1,0)	MATCH
31	S14	1	0	Split14(1)	0	4	(0,1)	(0,1)	fallback!=0	MATCH
31	S14	1	0	Split14(2)	0	4	(0,1)	(0,1)	fallback!=0	MATCH
31	S14	1	0	Split14(3)	0	4	(0,1)	(0,1)	fallback!=0	MATCH
31	S14	1	0	Split14(4)	0	4	(0,1)	(0,1)	fallback!=0	MATCH
31	S131	1	0	Split131(0,0)	0	4	(0,1)	(1,0)	(1,0)	MATCH
31	S131	1	0	Split131(0,1)	0	4	(0,1)	(1,0)	(1,0)	MATCH
31	S131	1	0	Split131(0,2)	0	4	(0,1)	(1,0)	(1,0)	MATCH
31	S131	1	0	Split131(0,3)	0	4	(0,1)	(1,0)	(1,0)	MATCH
31	S131	1	0	Split131(0,4)	0	4	(0,1)	(1,0)	(1,0)	MATCH
31	S131	1	0	Split131(1,0)	0	4	(0,1)	(1,2)	(1,2)	MATCH
31	S131	1	0	Split131(1,1)	0	4	(0,1)	(0,1)	(0,1)	MATCH
31	S131	1	0	Split131(1,2)	0	4	(0,1)	(0,1)	(0,1)	MATCH
31	S131	1	0	Split131(1,3)	0	4	(0,1)	(0,1)	(0,1)	MATCH
31	S131	1	0	Split131(1,4)	0	4	(0,1)	(0,1)	(0,1)	MATCH
31	S131	1	0	Split131(2,0)	0	4	(0,1)	(1,2)	(1,2)	MATCH
31	S131	1	0	Split131(2,1)	0	4	(0,1)	(0,1)	(0,1)	MATCH
31	S131	1	0	Split131(2,2)	0	4	(0,1)	(0,1)	(0,1)	MATCH
31	S131	1	0	Split131(2,3)	0	4	(0,1)	(0,1)	(0,1)	MATCH
31	S131	1	0	Split131(2,4)	0	4	(0,1)	(0,1)	(0,1)	MATCH
31	S131	1	0	Split131(3,0)	0	4	(0,1)	(1,2)	(1,2)	MATCH
31	S131	1	0	Split131(3,1)	0	4	(0,1)	(0,1)	(0,1)	MATCH
31	S131	1	0	Split131(3,2)	0	4	(0,1)	(0,1)	(0,1)	MATCH
31	S131	1	0	Split131(3,3)	0	4	(0,1)	(0,1)	(0,1)	MATCH
31	S131	1	0	Split131(3,4)	0	4	(0,1)	(0,1)	(0,1)	MATCH
31	S131	1	0	Split131(4,0)	0	4	(0,1)	(1,0)	(1,0)	MATCH
31	S131	1	0	Split131(4,1)	0	4	(0,1)	(0,1)	(0,1)	MATCH
31	S131	1	0	Split131(4,2)	0	4	(0,1)	(0,1)	(0,1)	MATCH
31	S131	1	0	Split131(4,3)	0	4	(0,1)	(0,1)	(0,1)	MATCH
31	S131	1	0	Split131(4,4)	0	4	(0,1)	(0,1)	(0,1)	MATCH
31	G	1	1	Gather	0	4	(0,1)	(0,1)	is_split=false	MATCH
31	S14	1	1	Split14(0)	0	4	(0,1)	(0,1)	fallback!=0	MATCH
31	S14	1	1	Split14(1)	0	4	(0,1)	(1,0)	(1,0)	MATCH
31	S14	1	1	Split14(2)	0	4	(0,1)	(0,1)	fallback!=0	MATCH
31	S14	1	1	Split14(3)	0	4	(0,1)	(0,1)	fallback!=0	MATCH
31	S14	1	1	Split14(4)	0	4	(0,1)	(0,1)	fallback!=0	MATCH
31	S131	1	1	Split131(0,0)	0	4	(0,1)	(0,1)	(0,1)	MATCH
31	S131	1	1	Split131(0,1)	0	4	(0,1)	(1,2)	(1,2)	MATCH
31	S131	1	1	Split131(0,2)	0	4	(0,1)	(0,1)	(0,1)	MATCH
31	S131	1	1	Split131(0,3)	0	4	(0,1)	(0,1)	(0,1)	MATCH
31	S131	1	1	Split131(0,4)	0	4	(0,1)	(0,1)	(0,1)	MATCH
31	S131	1	1	Split131(1,0)	0	4	(0,1)	(1,0)	(1,0)	MATCH
31	S131	1	1	Split131(1,1)	0	4	(0,1)	(1,0)	(1,0)	MATCH
31	S131	1	1	Split131(1,2)	0	4	(0,1)	(1,0)	(1,0)	MATCH
31	S131	1	1	Split131(1,3)	0	4	(0,1)	(1,0)	(1,0)	MATCH
31	S131	1	1	Split131(1,4)	0	4	(0,1)	(1,0)	(1,0)	MATCH
31	S131	1	1	Split131(2,0)	0	4	(0,1)	(0,1)	(0,1)	MATCH
31	S131	1	1	Split131(2,1)	0	4	(0,1)	(1,2)	(1,2)	MATCH
31	S131	1	1	Split131(2,2)	0	4	(0,1)	(0,1)	(0,1)	MATCH
31	S131	1	1	Split131(2,3)	0	4	(0,1)	(0,1)	(0,1)	MATCH
31	S131	1	1	Split131(2,4)	0	4	(0,1)	(0,1)	(0,1)	MATCH
31	S131	1	1	Split131(3,0)	0	4	(0,1)	(0,1)	(0,1)	MATCH
31	S131	1	1	Split131(3,1)	0	4	(0,1)	(1,2)	(1,2)	MATCH
31	S131	1	1	Split131(3,2)	0	4	(0,1)	(0,1)	(0,1)	MATCH
31	S131	1	1	Split131(3,3)	0	4	(0,1)	(0,1)	(0,1)	MATCH
31	S131	1	1	Split131(3,4)	0	4	(0,1)	(0,1)	(0,1)	MATCH
31	S131	1	1	Split131(4,0)	0	4	(0,1)	(0,1)	(0,1)	MATCH
31	S131	1	1	Split131(4,1)	0	4	(0,1)	(1,0)	(1,0)	MATCH
31	S131	1	1	Split131(4,2)	0	4	(0,1)	(0,1)	(0,1)	MATCH
31	S131	1	1	Split131(4,3)	0	4	(0,1)	(0,1)	(0,1)	MATCH
31	S131	1	1	Split131(4,4)	0	4	(0,1)	(0,1)	(0,1)	MATCH
31	G	1	2	Gather	0	4	(0,1)	(0,1)	is_split=false	MATCH
31	S14	1	2	Split14(0)	0	4	(0,1)	(0,1)	fallback!=0	MATCH
31	S14	1	2	Split14(1)	0	4	(0,1)	(0,1)	fallback!=0	MATCH
31	S14	1	2	Split14(2)	0	4	(0,1)	(1,0)	(1,0)	MATCH
31	S14	1	2	Split14(3)	0	4	(0,1)	(0,1)	fallback!=0	MATCH
31	S14	1	2	Split14(4)	0	4	(0,1)	(0,1)	fallback!=0	MATCH
31	S131	1	2	Split131(0,0)	0	4	(0,1)	(0,1)	(0,1)	MATCH
31	S131	1	2	Split131(0,1)	0	4	(0,1)	(0,1)	(0,1)	MATCH
31	S131	1	2	Split131(0,2)	0	4	(0,1)	(1,2)	(1,2)	MATCH
31	S131	1	2	Split131(0,3)	0	4	(0,1)	(0,1)	(0,1)	MATCH
31	S131	1	2	Split131(0,4)	0	4	(0,1)	(0,1)	(0,1)	MATCH
31	S131	1	2	Split131(1,0)	0	4	(0,1)	(0,1)	(0,1)	MATCH
31	S131	1	2	Split131(1,1)	0	4	(0,1)	(0,1)	(0,1)	MATCH
31	S131	1	2	Split131(1,2)	0	4	(0,1)	(1,2)	(1,2)	MATCH
31	S131	1	2	Split131(1,3)	0	4	(0,1)	(0,1)	(0,1)	MATCH
31	S131	1	2	Split131(1,4)	0	4	(0,1)	(0,1)	(0,1)	MATCH
31	S131	1	2	Split131(2,0)	0	4	(0,1)	(1,0)	(1,0)	MATCH
31	S131	1	2	Split131(2,1)	0	4	(0,1)	(1,0)	(1,0)	MATCH
31	S131	1	2	Split131(2,2)	0	4	(0,1)	(1,0)	(1,0)	MATCH
31	S131	1	2	Split131(2,3)	0	4	(0,1)	(1,0)	(1,0)	MATCH
31	S131	1	2	Split131(2,4)	0	4	(0,1)	(1,0)	(1,0)	MATCH
31	S131	1	2	Split131(3,0)	0	4	(0,1)	(0,1)	(0,1)	MATCH
31	S131	1	2	Split131(3,1)	0	4	(0,1)	(0,1)	(0,1)	MATCH
31	S131	1	2	Split131(3,2)	0	4	(0,1)	(1,2)	(1,2)	MATCH
31	S131	1	2	Split131(3,3)	0	4	(0,1)	(0,1)	(0,1)	MATCH
31	S131	1	2	Split131(3,4)	0	4	(0,1)	(0,1)	(0,1)	MATCH
31	S131	1	2	Split131(4,0)	0	4	(0,1)	(0,1)	(0,1)	MATCH
31	S131	1	2	Split131(4,1)	0	4	(0,1)	(0,1)	(0,1)	MATCH
31	S131	1	2	Split131(4,2)	0	4	(0,1)	(1,0)	(1,0)	MATCH
31	S131	1	2	Split131(4,3)	0	4	(0,1)	(0,1)	(0,1)	MATCH
31	S131	1	2	Split131(4,4)	0	4	(0,1)	(0,1)	(0,1)	MATCH
31	G	1	3	Gather	0	4	(0,1)	(0,1)	is_split=false	MATCH
31	S14	1	3	Split14(0)	0	4	(0,1)	(0,1)	fallback!=0	MATCH
31	S14	1	3	Split14(1)	0	4	(0,1)	(0,1)	fallback!=0	MATCH
31	S14	1	3	Split14(2)	0	4	(0,1)	(0,1)	fallback!=0	MATCH
31	S14	1	3	Split14(3)	0	4	(0,1)	(1,0)	(1,0)	MATCH
31	S14	1	3	Split14(4)	0	4	(0,1)	(0,1)	fallback!=0	MATCH
31	S131	1	3	Split131(0,0)	0	4	(0,1)	(0,1)	(0,1)	MATCH
31	S131	1	3	Split131(0,1)	0	4	(0,1)	(0,1)	(0,1)	MATCH
31	S131	1	3	Split131(0,2)	0	4	(0,1)	(0,1)	(0,1)	MATCH
31	S131	1	3	Split131(0,3)	0	4	(0,1)	(1,2)	(1,2)	MATCH
31	S131	1	3	Split131(0,4)	0	4	(0,1)	(0,1)	(0,1)	MATCH
31	S131	1	3	Split131(1,0)	0	4	(0,1)	(0,1)	(0,1)	MATCH
31	S131	1	3	Split131(1,1)	0	4	(0,1)	(0,1)	(0,1)	MATCH
31	S131	1	3	Split131(1,2)	0	4	(0,1)	(0,1)	(0,1)	MATCH
31	S131	1	3	Split131(1,3)	0	4	(0,1)	(1,2)	(1,2)	MATCH
31	S131	1	3	Split131(1,4)	0	4	(0,1)	(0,1)	(0,1)	MATCH
31	S131	1	3	Split131(2,0)	0	4	(0,1)	(0,1)	(0,1)	MATCH
31	S131	1	3	Split131(2,1)	0	4	(0,1)	(0,1)	(0,1)	MATCH
31	S131	1	3	Split131(2,2)	0	4	(0,1)	(0,1)	(0,1)	MATCH
31	S131	1	3	Split131(2,3)	0	4	(0,1)	(1,2)	(1,2)	MATCH
31	S131	1	3	Split131(2,4)	0	4	(0,1)	(0,1)	(0,1)	MATCH
31	S131	1	3	Split131(3,0)	0	4	(0,1)	(1,0)	(1,0)	MATCH
31	S131	1	3	Split131(3,1)	0	4	(0,1)	(1,0)	(1,0)	MATCH
31	S131	1	3	Split131(3,2)	0	4	(0,1)	(1,0)	(1,0)	MATCH
31	S131	1	3	Split131(3,3)	0	4	(0,1)	(1,0)	(1,0)	MATCH
31	S131	1	3	Split131(3,4)	0	4	(0,1)	(1,0)	(1,0)	MATCH
31	S131	1	3	Split131(4,0)	0	4	(0,1)	(0,1)	(0,1)	MATCH
31	S131	1	3	Split131(4,1)	0	4	(0,1)	(0,1)	(0,1)	MATCH
31	S131	1	3	Split131(4,2)	0	4	(0,1)	(0,1)	(0,1)	MATCH
31	S131	1	3	Split131(4,3)	0	4	(0,1)	(1,0)	(1,0)	MATCH
31	S131	1	3	Split131(4,4)	0	4	(0,1)	(0,1)	(0,1)	MATCH
31	G	1	4	Gather	0	4	(0,1)	(0,1)	is_split=false	MATCH
31	S14	1	4	Split14(0)	0	4	(0,1)	(0,1)	fallback!=0	MATCH
31	S14	1	4	Split14(1)	0	4	(0,1)	(0,1)	fallback!=0	MATCH
31	S14	1	4	Split14(2)	0	4	(0,1)	(0,1)	fallback!=0	MATCH
31	S14	1	4	Split14(3)	0	4	(0,1)	(0,1)	fallback!=0	MATCH
31	S14	1	4	Split14(4)	0	4	(0,1)	(1,0)	(1,0)	MATCH
31	S131	1	4	Split131(0,0)	0	4	(0,1)	(0,1)	(0,1)	MATCH
31	S131	1	4	Split131(0,1)	0	4	(0,1)	(0,1)	(0,1)	MATCH
31	S131	1	4	Split131(0,2)	0	4	(0,1)	(0,1)	(0,1)	MATCH
31	S131	1	4	Split131(0,3)	0	4	(0,1)	(0,1)	(0,1)	MATCH
31	S131	1	4	Split131(0,4)	0	4	(0,1)	(1,2)	(1,2)	MATCH
31	S131	1	4	Split131(1,0)	0	4	(0,1)	(0,1)	(0,1)	MATCH
31	S131	1	4	Split131(1,1)	0	4	(0,1)	(0,1)	(0,1)	MATCH
31	S131	1	4	Split131(1,2)	0	4	(0,1)	(0,1)	(0,1)	MATCH
31	S131	1	4	Split131(1,3)	0	4	(0,1)	(0,1)	(0,1)	MATCH
31	S131	1	4	Split131(1,4)	0	4	(0,1)	(1,2)	(1,2)	MATCH
31	S131	1	4	Split131(2,0)	0	4	(0,1)	(0,1)	(0,1)	MATCH
31	S131	1	4	Split131(2,1)	0	4	(0,1)	(0,1)	(0,1)	MATCH
31	S131	1	4	Split131(2,2)	0	4	(0,1)	(0,1)	(0,1)	MATCH
31	S131	1	4	Split131(2,3)	0	4	(0,1)	(0,1)	(0,1)	MATCH
31	S131	1	4	Split131(2,4)	0	4	(0,1)	(1,2)	(1,2)	MATCH
31	S131	1	4	Split131(3,0)	0	4	(0,1)	(0,1)	(0,1)	MATCH
31	S131	1	4	Split131(3,1)	0	4	(0,1)	(0,1)	(0,1)	MATCH
31	S131	1	4	Split131(3,2)	0	4	(0,1)	(0,1)	(0,1)	MATCH
31	S131	1	4	Split131(3,3)	0	4	(0,1)	(0,1)	(0,1)	MATCH
31	S131	1	4	Split131(3,4)	0	4	(0,1)	(1,2)	(1,2)	MATCH
31	S131	1	4	Split131(4,0)	0	4	(0,1)	(1,0)	(1,0)	MATCH
31	S131	1	4	Split131(4,1)	0	4	(0,1)	(1,0)	(1,0)	MATCH
31	S131	1	4	Split131(4,2)	0	4	(0,1)	(1,0)	(1,0)	MATCH
31	S131	1	4	Split131(4,3)	0	4	(0,1)	(1,0)	(1,0)	MATCH
31	S131	1	4	Split131(4,4)	0	4	(0,1)	(1,0)	(1,0)	MATCH
31	G	1	0	Gather	0	5	(0,1)	(0,1)	is_split=false	MATCH
31	S14	1	0	Split14(0)	0	5	(0,1)	(1,0)	(1,0)	MATCH
31	S14	1	0	Split14(1)	0	5	(0,1)	(0,1)	fallback!=0	MATCH
31	S14	1	0	Split14(2)	0	5	(0,1)	(0,1)	fallback!=0	MATCH
31	S14	1	0	Split14(3)	0	5	(0,1)	(0,1)	fallback!=0	MATCH
31	S14	1	0	Split14(4)	0	5	(0,1)	(0,1)	fallback!=0	MATCH
31	S131	1	0	Split131(0,0)	0	5	(0,1)	(1,0)	(1,0)	MATCH
31	S131	1	0	Split131(0,1)	0	5	(0,1)	(1,0)	(1,0)	MATCH
31	S131	1	0	Split131(0,2)	0	5	(0,1)	(1,0)	(1,0)	MATCH
31	S131	1	0	Split131(0,3)	0	5	(0,1)	(1,0)	(1,0)	MATCH
31	S131	1	0	Split131(0,4)	0	5	(0,1)	(1,0)	(1,0)	MATCH
31	S131	1	0	Split131(1,0)	0	5	(0,1)	(1,2)	(1,2)	MATCH
31	S131	1	0	Split131(1,1)	0	5	(0,1)	(0,1)	(0,1)	MATCH
31	S131	1	0	Split131(1,2)	0	5	(0,1)	(0,1)	(0,1)	MATCH
31	S131	1	0	Split131(1,3)	0	5	(0,1)	(0,1)	(0,1)	MATCH
31	S131	1	0	Split131(1,4)	0	5	(0,1)	(0,1)	(0,1)	MATCH
31	S131	1	0	Split131(2,0)	0	5	(0,1)	(1,2)	(1,2)	MATCH
31	S131	1	0	Split131(2,1)	0	5	(0,1)	(0,1)	(0,1)	MATCH
31	S131	1	0	Split131(2,2)	0	5	(0,1)	(0,1)	(0,1)	MATCH
31	S131	1	0	Split131(2,3)	0	5	(0,1)	(0,1)	(0,1)	MATCH
31	S131	1	0	Split131(2,4)	0	5	(0,1)	(0,1)	(0,1)	MATCH
31	S131	1	0	Split131(3,0)	0	5	(0,1)	(1,2)	(1,2)	MATCH
31	S131	1	0	Split131(3,1)	0	5	(0,1)	(0,1)	(0,1)	MATCH
31	S131	1	0	Split131(3,2)	0	5	(0,1)	(0,1)	(0,1)	MATCH
31	S131	1	0	Split131(3,3)	0	5	(0,1)	(0,1)	(0,1)	MATCH
31	S131	1	0	Split131(3,4)	0	5	(0,1)	(0,1)	(0,1)	MATCH
31	S131	1	0	Split131(4,0)	0	5	(0,1)	(1,2)	(1,2)	MATCH
31	S131	1	0	Split131(4,1)	0	5	(0,1)	(0,1)	(0,1)	MATCH
31	S131	1	0	Split131(4,2)	0	5	(0,1)	(0,1)	(0,1)	MATCH
31	S131	1	0	Split131(4,3)	0	5	(0,1)	(0,1)	(0,1)	MATCH
31	S131	1	0	Split131(4,4)	0	5	(0,1)	(0,1)	(0,1)	MATCH
31	G	1	1	Gather	0	5	(0,1)	(0,1)	is_split=false	MATCH
31	S14	1	1	Split14(0)	0	5	(0,1)	(0,1)	fallback!=0	MATCH
31	S14	1	1	Split14(1)	0	5	(0,1)	(1,0)	(1,0)	MATCH
31	S14	1	1	Split14(2)	0	5	(0,1)	(0,1)	fallback!=0	MATCH
31	S14	1	1	Split14(3)	0	5	(0,1)	(0,1)	fallback!=0	MATCH
31	S14	1	1	Split14(4)	0	5	(0,1)	(0,1)	fallback!=0	MATCH
31	S131	1	1	Split131(0,0)	0	5	(0,1)	(0,1)	(0,1)	MATCH
31	S131	1	1	Split131(0,1)	0	5	(0,1)	(1,2)	(1,2)	MATCH
31	S131	1	1	Split131(0,2)	0	5	(0,1)	(0,1)	(0,1)	MATCH
31	S131	1	1	Split131(0,3)	0	5	(0,1)	(0,1)	(0,1)	MATCH
31	S131	1	1	Split131(0,4)	0	5	(0,1)	(0,1)	(0,1)	MATCH
31	S131	1	1	Split131(1,0)	0	5	(0,1)	(1,0)	(1,0)	MATCH
31	S131	1	1	Split131(1,1)	0	5	(0,1)	(1,0)	(1,0)	MATCH
31	S131	1	1	Split131(1,2)	0	5	(0,1)	(1,0)	(1,0)	MATCH
31	S131	1	1	Split131(1,3)	0	5	(0,1)	(1,0)	(1,0)	MATCH
31	S131	1	1	Split131(1,4)	0	5	(0,1)	(1,0)	(1,0)	MATCH
31	S131	1	1	Split131(2,0)	0	5	(0,1)	(0,1)	(0,1)	MATCH
31	S131	1	1	Split131(2,1)	0	5	(0,1)	(1,2)	(1,2)	MATCH
31	S131	1	1	Split131(2,2)	0	5	(0,1)	(0,1)	(0,1)	MATCH
31	S131	1	1	Split131(2,3)	0	5	(0,1)	(0,1)	(0,1)	MATCH
31	S131	1	1	Split131(2,4)	0	5	(0,1)	(0,1)	(0,1)	MATCH
31	S131	1	1	Split131(3,0)	0	5	(0,1)	(0,1)	(0,1)	MATCH
31	S131	1	1	Split131(3,1)	0	5	(0,1)	(1,2)	(1,2)	MATCH
31	S131	1	1	Split131(3,2)	0	5	(0,1)	(0,1)	(0,1)	MATCH
31	S131	1	1	Split131(3,3)	0	5	(0,1)	(0,1)	(0,1)	MATCH
31	S131	1	1	Split131(3,4)	0	5	(0,1)	(0,1)	(0,1)	MATCH
31	S131	1	1	Split131(4,0)	0	5	(0,1)	(0,1)	(0,1)	MATCH
31	S131	1	1	Split131(4,1)	0	5	(0,1)	(1,2)	(1,2)	MATCH
31	S131	1	1	Split131(4,2)	0	5	(0,1)	(0,1)	(0,1)	MATCH
31	S131	1	1	Split131(4,3)	0	5	(0,1)	(0,1)	(0,1)	MATCH
31	S131	1	1	Split131(4,4)	0	5	(0,1)	(0,1)	(0,1)	MATCH
31	G	1	2	Gather	0	5	(0,1)	(0,1)	is_split=false	MATCH
31	S14	1	2	Split14(0)	0	5	(0,1)	(0,1)	fallback!=0	MATCH
31	S14	1	2	Split14(1)	0	5	(0,1)	(0,1)	fallback!=0	MATCH
31	S14	1	2	Split14(2)	0	5	(0,1)	(1,0)	(1,0)	MATCH
31	S14	1	2	Split14(3)	0	5	(0,1)	(0,1)	fallback!=0	MATCH
31	S14	1	2	Split14(4)	0	5	(0,1)	(0,1)	fallback!=0	MATCH
31	S131	1	2	Split131(0,0)	0	5	(0,1)	(0,1)	(0,1)	MATCH
31	S131	1	2	Split131(0,1)	0	5	(0,1)	(0,1)	(0,1)	MATCH
31	S131	1	2	Split131(0,2)	0	5	(0,1)	(1,2)	(1,2)	MATCH
31	S131	1	2	Split131(0,3)	0	5	(0,1)	(0,1)	(0,1)	MATCH
31	S131	1	2	Split131(0,4)	0	5	(0,1)	(0,1)	(0,1)	MATCH
31	S131	1	2	Split131(1,0)	0	5	(0,1)	(0,1)	(0,1)	MATCH
31	S131	1	2	Split131(1,1)	0	5	(0,1)	(0,1)	(0,1)	MATCH
31	S131	1	2	Split131(1,2)	0	5	(0,1)	(1,2)	(1,2)	MATCH
31	S131	1	2	Split131(1,3)	0	5	(0,1)	(0,1)	(0,1)	MATCH
31	S131	1	2	Split131(1,4)	0	5	(0,1)	(0,1)	(0,1)	MATCH
31	S131	1	2	Split131(2,0)	0	5	(0,1)	(1,0)	(1,0)	MATCH
31	S131	1	2	Split131(2,1)	0	5	(0,1)	(1,0)	(1,0)	MATCH
31	S131	1	2	Split131(2,2)	0	5	(0,1)	(1,0)	(1,0)	MATCH
31	S131	1	2	Split131(2,3)	0	5	(0,1)	(1,0)	(1,0)	MATCH
31	S131	1	2	Split131(2,4)	0	5	(0,1)	(1,0)	(1,0)	MATCH
31	S131	1	2	Split131(3,0)	0	5	(0,1)	(0,1)	(0,1)	MATCH
31	S131	1	2	Split131(3,1)	0	5	(0,1)	(0,1)	(0,1)	MATCH
31	S131	1	2	Split131(3,2)	0	5	(0,1)	(1,2)	(1,2)	MATCH
31	S131	1	2	Split131(3,3)	0	5	(0,1)	(0,1)	(0,1)	MATCH
31	S131	1	2	Split131(3,4)	0	5	(0,1)	(0,1)	(0,1)	MATCH
31	S131	1	2	Split131(4,0)	0	5	(0,1)	(0,1)	(0,1)	MATCH
31	S131	1	2	Split131(4,1)	0	5	(0,1)	(0,1)	(0,1)	MATCH
31	S131	1	2	Split131(4,2)	0	5	(0,1)	(1,2)	(1,2)	MATCH
31	S131	1	2	Split131(4,3)	0	5	(0,1)	(0,1)	(0,1)	MATCH
31	S131	1	2	Split131(4,4)	0	5	(0,1)	(0,1)	(0,1)	MATCH
31	G	1	3	Gather	0	5	(0,1)	(0,1)	is_split=false	MATCH
31	S14	1	3	Split14(0)	0	5	(0,1)	(0,1)	fallback!=0	MATCH
31	S14	1	3	Split14(1)	0	5	(0,1)	(0,1)	fallback!=0	MATCH
31	S14	1	3	Split14(2)	0	5	(0,1)	(0,1)	fallback!=0	MATCH
31	S14	1	3	Split14(3)	0	5	(0,1)	(1,0)	(1,0)	MATCH
31	S14	1	3	Split14(4)	0	5	(0,1)	(0,1)	fallback!=0	MATCH
31	S131	1	3	Split131(0,0)	0	5	(0,1)	(0,1)	(0,1)	MATCH
31	S131	1	3	Split131(0,1)	0	5	(0,1)	(0,1)	(0,1)	MATCH
31	S131	1	3	Split131(0,2)	0	5	(0,1)	(0,1)	(0,1)	MATCH
31	S131	1	3	Split131(0,3)	0	5	(0,1)	(1,2)	(1,2)	MATCH
31	S131	1	3	Split131(0,4)	0	5	(0,1)	(0,1)	(0,1)	MATCH
31	S131	1	3	Split131(1,0)	0	5	(0,1)	(0,1)	(0,1)	MATCH
31	S131	1	3	Split131(1,1)	0	5	(0,1)	(0,1)	(0,1)	MATCH
31	S131	1	3	Split131(1,2)	0	5	(0,1)	(0,1)	(0,1)	MATCH
31	S131	1	3	Split131(1,3)	0	5	(0,1)	(1,2)	(1,2)	MATCH
31	S131	1	3	Split131(1,4)	0	5	(0,1)	(0,1)	(0,1)	MATCH
31	S131	1	3	Split131(2,0)	0	5	(0,1)	(0,1)	(0,1)	MATCH
31	S131	1	3	Split131(2,1)	0	5	(0,1)	(0,1)	(0,1)	MATCH
31	S131	1	3	Split131(2,2)	0	5	(0,1)	(0,1)	(0,1)	MATCH
31	S131	1	3	Split131(2,3)	0	5	(0,1)	(1,2)	(1,2)	MATCH
31	S131	1	3	Split131(2,4)	0	5	(0,1)	(0,1)	(0,1)	MATCH
31	S131	1	3	Split131(3,0)	0	5	(0,1)	(1,0)	(1,0)	MATCH
31	S131	1	3	Split131(3,1)	0	5	(0,1)	(1,0)	(1,0)	MATCH
31	S131	1	3	Split131(3,2)	0	5	(0,1)	(1,0)	(1,0)	MATCH
31	S131	1	3	Split131(3,3)	0	5	(0,1)	(1,0)	(1,0)	MATCH
31	S131	1	3	Split131(3,4)	0	5	(0,1)	(1,0)	(1,0)	MATCH
31	S131	1	3	Split131(4,0)	0	5	(0,1)	(0,1)	(0,1)	MATCH
31	S131	1	3	Split131(4,1)	0	5	(0,1)	(0,1)	(0,1)	MATCH
31	S131	1	3	Split131(4,2)	0	5	(0,1)	(0,1)	(0,1)	MATCH
31	S131	1	3	Split131(4,3)	0	5	(0,1)	(1,2)	(1,2)	MATCH
31	S131	1	3	Split131(4,4)	0	5	(0,1)	(0,1)	(0,1)	MATCH
31	G	1	4	Gather	0	5	(0,1)	(0,1)	is_split=false	MATCH
31	S14	1	4	Split14(0)	0	5	(0,1)	(0,1)	fallback!=0	MATCH
31	S14	1	4	Split14(1)	0	5	(0,1)	(0,1)	fallback!=0	MATCH
31	S14	1	4	Split14(2)	0	5	(0,1)	(0,1)	fallback!=0	MATCH
31	S14	1	4	Split14(3)	0	5	(0,1)	(0,1)	fallback!=0	MATCH
31	S14	1	4	Split14(4)	0	5	(0,1)	(1,0)	(1,0)	MATCH
31	S131	1	4	Split131(0,0)	0	5	(0,1)	(0,1)	(0,1)	MATCH
31	S131	1	4	Split131(0,1)	0	5	(0,1)	(0,1)	(0,1)	MATCH
31	S131	1	4	Split131(0,2)	0	5	(0,1)	(0,1)	(0,1)	MATCH
31	S131	1	4	Split131(0,3)	0	5	(0,1)	(0,1)	(0,1)	MATCH
31	S131	1	4	Split131(0,4)	0	5	(0,1)	(1,2)	(1,2)	MATCH
31	S131	1	4	Split131(1,0)	0	5	(0,1)	(0,1)	(0,1)	MATCH
31	S131	1	4	Split131(1,1)	0	5	(0,1)	(0,1)	(0,1)	MATCH
31	S131	1	4	Split131(1,2)	0	5	(0,1)	(0,1)	(0,1)	MATCH
31	S131	1	4	Split131(1,3)	0	5	(0,1)	(0,1)	(0,1)	MATCH
31	S131	1	4	Split131(1,4)	0	5	(0,1)	(1,2)	(1,2)	MATCH
31	S131	1	4	Split131(2,0)	0	5	(0,1)	(0,1)	(0,1)	MATCH
31	S131	1	4	Split131(2,1)	0	5	(0,1)	(0,1)	(0,1)	MATCH
31	S131	1	4	Split131(2,2)	0	5	(0,1)	(0,1)	(0,1)	MATCH
31	S131	1	4	Split131(2,3)	0	5	(0,1)	(0,1)	(0,1)	MATCH
31	S131	1	4	Split131(2,4)	0	5	(0,1)	(1,2)	(1,2)	MATCH
31	S131	1	4	Split131(3,0)	0	5	(0,1)	(0,1)	(0,1)	MATCH
31	S131	1	4	Split131(3,1)	0	5	(0,1)	(0,1)	(0,1)	MATCH
31	S131	1	4	Split131(3,2)	0	5	(0,1)	(0,1)	(0,1)	MATCH
31	S131	1	4	Split131(3,3)	0	5	(0,1)	(0,1)	(0,1)	MATCH
31	S131	1	4	Split131(3,4)	0	5	(0,1)	(1,2)	(1,2)	MATCH
31	S131	1	4	Split131(4,0)	0	5	(0,1)	(1,0)	(1,0)	MATCH
31	S131	1	4	Split131(4,1)	0	5	(0,1)	(1,0)	(1,0)	MATCH
31	S131	1	4	Split131(4,2)	0	5	(0,1)	(1,0)	(1,0)	MATCH
31	S131	1	4	Split131(4,3)	0	5	(0,1)	(1,0)	(1,0)	MATCH
31	S131	1	4	Split131(4,4)	0	5	(0,1)	(1,0)	(1,0)	MATCH
31	G	0	0	Gather	2	0	(0,1)	(0,1)	is_split=false	MATCH
31	S14	0	0	Split14(0)	2	0	(0,1)	(1,2)	(1,2)	MATCH
31	S14	0	0	Split14(1)	2	0	(0,1)	(0,1)	fallback!=2	MATCH
31	S14	0	0	Split14(2)	2	0	(0,1)	(0,1)	fallback!=2	MATCH
31	S14	0	0	Split14(3)	2	0	(0,1)	(0,1)	fallback!=2	MATCH
31	S14	0	0	Split14(4)	2	0	(0,1)	(0,1)	fallback!=2	MATCH
31	S131	0	0	Split131(0,0)	2	0	(0,1)	(1,0)	(1,0)	MATCH
31	S131	0	0	Split131(0,1)	2	0	(0,1)	(1,0)	(1,0)	MATCH
31	S131	0	0	Split131(0,2)	2	0	(0,1)	(1,0)	(1,0)	MATCH
31	S131	0	0	Split131(0,3)	2	0	(0,1)	(1,0)	(1,0)	MATCH
31	S131	0	0	Split131(0,4)	2	0	(0,1)	(1,0)	(1,0)	MATCH
31	S131	0	0	Split131(1,0)	2	0	(0,1)	(1,2)	(1,2)	MATCH
31	S131	0	0	Split131(1,1)	2	0	(0,1)	(0,1)	(0,1)	MATCH
31	S131	0	0	Split131(1,2)	2	0	(0,1)	(0,1)	(0,1)	MATCH
31	S131	0	0	Split131(1,3)	2	0	(0,1)	(0,1)	(0,1)	MATCH
31	S131	0	0	Split131(1,4)	2	0	(0,1)	(0,1)	(0,1)	MATCH
31	S131	0	0	Split131(2,0)	2	0	(0,1)	(1,2)	(1,2)	MATCH
31	S131	0	0	Split131(2,1)	2	0	(0,1)	(0,1)	(0,1)	MATCH
31	S131	0	0	Split131(2,2)	2	0	(0,1)	(0,1)	(0,1)	MATCH
31	S131	0	0	Split131(2,3)	2	0	(0,1)	(0,1)	(0,1)	MATCH
31	S131	0	0	Split131(2,4)	2	0	(0,1)	(0,1)	(0,1)	MATCH
31	S131	0	0	Split131(3,0)	2	0	(0,1)	(1,2)	(1,2)	MATCH
31	S131	0	0	Split131(3,1)	2	0	(0,1)	(0,1)	(0,1)	MATCH
31	S131	0	0	Split131(3,2)	2	0	(0,1)	(0,1)	(0,1)	MATCH
31	S131	0	0	Split131(3,3)	2	0	(0,1)	(0,1)	(0,1)	MATCH
31	S131	0	0	Split131(3,4)	2	0	(0,1)	(0,1)	(0,1)	MATCH
31	S131	0	0	Split131(4,0)	2	0	(0,1)	(1,2)	(1,2)	MATCH
31	S131	0	0	Split131(4,1)	2	0	(0,1)	(0,1)	(0,1)	MATCH
31	S131	0	0	Split131(4,2)	2	0	(0,1)	(0,1)	(0,1)	MATCH
31	S131	0	0	Split131(4,3)	2	0	(0,1)	(0,1)	(0,1)	MATCH
31	S131	0	0	Split131(4,4)	2	0	(0,1)	(0,1)	(0,1)	MATCH
31	G	0	1	Gather	2	0	(0,1)	(0,1)	is_split=false	MATCH
31	S14	0	1	Split14(0)	2	0	(0,1)	(0,1)	fallback!=2	MATCH
31	S14	0	1	Split14(1)	2	0	(0,1)	(1,2)	(1,2)	MATCH
31	S14	0	1	Split14(2)	2	0	(0,1)	(0,1)	fallback!=2	MATCH
31	S14	0	1	Split14(3)	2	0	(0,1)	(0,1)	fallback!=2	MATCH
31	S14	0	1	Split14(4)	2	0	(0,1)	(0,1)	fallback!=2	MATCH
31	S131	0	1	Split131(0,0)	2	0	(0,1)	(0,1)	(0,1)	MATCH
31	S131	0	1	Split131(0,1)	2	0	(0,1)	(1,0)	(1,0)	MATCH
31	S131	0	1	Split131(0,2)	2	0	(0,1)	(0,1)	(0,1)	MATCH
31	S131	0	1	Split131(0,3)	2	0	(0,1)	(0,1)	(0,1)	MATCH
31	S131	0	1	Split131(0,4)	2	0	(0,1)	(0,1)	(0,1)	MATCH
31	S131	0	1	Split131(1,0)	2	0	(0,1)	(1,0)	(1,0)	MATCH
31	S131	0	1	Split131(1,1)	2	0	(0,1)	(1,0)	(1,0)	MATCH
31	S131	0	1	Split131(1,2)	2	0	(0,1)	(1,0)	(1,0)	MATCH
31	S131	0	1	Split131(1,3)	2	0	(0,1)	(1,0)	(1,0)	MATCH
31	S131	0	1	Split131(1,4)	2	0	(0,1)	(1,0)	(1,0)	MATCH
31	S131	0	1	Split131(2,0)	2	0	(0,1)	(0,1)	(0,1)	MATCH
31	S131	0	1	Split131(2,1)	2	0	(0,1)	(1,2)	(1,2)	MATCH
31	S131	0	1	Split131(2,2)	2	0	(0,1)	(0,1)	(0,1)	MATCH
31	S131	0	1	Split131(2,3)	2	0	(0,1)	(0,1)	(0,1)	MATCH
31	S131	0	1	Split131(2,4)	2	0	(0,1)	(0,1)	(0,1)	MATCH
31	S131	0	1	Split131(3,0)	2	0	(0,1)	(0,1)	(0,1)	MATCH
31	S131	0	1	Split131(3,1)	2	0	(0,1)	(1,2)	(1,2)	MATCH
31	S131	0	1	Split131(3,2)	2	0	(0,1)	(0,1)	(0,1)	MATCH
31	S131	0	1	Split131(3,3)	2	0	(0,1)	(0,1)	(0,1)	MATCH
31	S131	0	1	Split131(3,4)	2	0	(0,1)	(0,1)	(0,1)	MATCH
31	S131	0	1	Split131(4,0)	2	0	(0,1)	(0,1)	(0,1)	MATCH
31	S131	0	1	Split131(4,1)	2	0	(0,1)	(1,2)	(1,2)	MATCH
31	S131	0	1	Split131(4,2)	2	0	(0,1)	(0,1)	(0,1)	MATCH
31	S131	0	1	Split131(4,3)	2	0	(0,1)	(0,1)	(0,1)	MATCH
31	S131	0	1	Split131(4,4)	2	0	(0,1)	(0,1)	(0,1)	MATCH
31	G	0	2	Gather	2	0	(0,1)	(0,1)	is_split=false	MATCH
31	S14	0	2	Split14(0)	2	0	(0,1)	(0,1)	fallback!=2	MATCH
31	S14	0	2	Split14(1)	2	0	(0,1)	(0,1)	fallback!=2	MATCH
31	S14	0	2	Split14(2)	2	0	(0,1)	(1,2)	(1,2)	MATCH
31	S14	0	2	Split14(3)	2	0	(0,1)	(0,1)	fallback!=2	MATCH
31	S14	0	2	Split14(4)	2	0	(0,1)	(0,1)	fallback!=2	MATCH
31	S131	0	2	Split131(0,0)	2	0	(0,1)	(0,1)	(0,1)	MATCH
31	S131	0	2	Split131(0,1)	2	0	(0,1)	(0,1)	(0,1)	MATCH
31	S131	0	2	Split131(0,2)	2	0	(0,1)	(1,0)	(1,0)	MATCH
31	S131	0	2	Split131(0,3)	2	0	(0,1)	(0,1)	(0,1)	MATCH
31	S131	0	2	Split131(0,4)	2	0	(0,1)	(0,1)	(0,1)	MATCH
31	S131	0	2	Split131(1,0)	2	0	(0,1)	(0,1)	(0,1)	MATCH
31	S131	0	2	Split131(1,1)	2	0	(0,1)	(0,1)	(0,1)	MATCH
31	S131	0	2	Split131(1,2)	2	0	(0,1)	(1,2)	(1,2)	MATCH
31	S131	0	2	Split131(1,3)	2	0	(0,1)	(0,1)	(0,1)	MATCH
31	S131	0	2	Split131(1,4)	2	0	(0,1)	(0,1)	(0,1)	MATCH
31	S131	0	2	Split131(2,0)	2	0	(0,1)	(1,0)	(1,0)	MATCH
31	S131	0	2	Split131(2,1)	2	0	(0,1)	(1,0)	(1,0)	MATCH
31	S131	0	2	Split131(2,2)	2	0	(0,1)	(1,0)	(1,0)	MATCH
31	S131	0	2	Split131(2,3)	2	0	(0,1)	(1,0)	(1,0)	MATCH
31	S131	0	2	Split131(2,4)	2	0	(0,1)	(1,0)	(1,0)	MATCH
31	S131	0	2	Split131(3,0)	2	0	(0,1)	(0,1)	(0,1)	MATCH
31	S131	0	2	Split131(3,1)	2	0	(0,1)	(0,1)	(0,1)	MATCH
31	S131	0	2	Split131(3,2)	2	0	(0,1)	(1,2)	(1,2)	MATCH
31	S131	0	2	Split131(3,3)	2	0	(0,1)	(0,1)	(0,1)	MATCH
31	S131	0	2	Split131(3,4)	2	0	(0,1)	(0,1)	(0,1)	MATCH
31	S131	0	2	Split131(4,0)	2	0	(0,1)	(0,1)	(0,1)	MATCH
31	S131	0	2	Split131(4,1)	2	0	(0,1)	(0,1)	(0,1)	MATCH
31	S131	0	2	Split131(4,2)	2	0	(0,1)	(1,2)	(1,2)	MATCH
31	S131	0	2	Split131(4,3)	2	0	(0,1)	(0,1)	(0,1)	MATCH
31	S131	0	2	Split131(4,4)	2	0	(0,1)	(0,1)	(0,1)	MATCH
31	G	0	3	Gather	2	0	(0,1)	(0,1)	is_split=false	MATCH
31	S14	0	3	Split14(0)	2	0	(0,1)	(0,1)	fallback!=2	MATCH
31	S14	0	3	Split14(1)	2	0	(0,1)	(0,1)	fallback!=2	MATCH
31	S14	0	3	Split14(2)	2	0	(0,1)	(0,1)	fallback!=2	MATCH
31	S14	0	3	Split14(3)	2	0	(0,1)	(1,2)	(1,2)	MATCH
31	S14	0	3	Split14(4)	2	0	(0,1)	(0,1)	fallback!=2	MATCH
31	S131	0	3	Split131(0,0)	2	0	(0,1)	(0,1)	(0,1)	MATCH
31	S131	0	3	Split131(0,1)	2	0	(0,1)	(0,1)	(0,1)	MATCH
31	S131	0	3	Split131(0,2)	2	0	(0,1)	(0,1)	(0,1)	MATCH
31	S131	0	3	Split131(0,3)	2	0	(0,1)	(1,0)	(1,0)	MATCH
31	S131	0	3	Split131(0,4)	2	0	(0,1)	(0,1)	(0,1)	MATCH
31	S131	0	3	Split131(1,0)	2	0	(0,1)	(0,1)	(0,1)	MATCH
31	S131	0	3	Split131(1,1)	2	0	(0,1)	(0,1)	(0,1)	MATCH
31	S131	0	3	Split131(1,2)	2	0	(0,1)	(0,1)	(0,1)	MATCH
31	S131	0	3	Split131(1,3)	2	0	(0,1)	(1,2)	(1,2)	MATCH
31	S131	0	3	Split131(1,4)	2	0	(0,1)	(0,1)	(0,1)	MATCH
31	S131	0	3	Split131(2,0)	2	0	(0,1)	(0,1)	(0,1)	MATCH
31	S131	0	3	Split131(2,1)	2	0	(0,1)	(0,1)	(0,1)	MATCH
31	S131	0	3	Split131(2,2)	2	0	(0,1)	(0,1)	(0,1)	MATCH
31	S131	0	3	Split131(2,3)	2	0	(0,1)	(1,2)	(1,2)	MATCH
31	S131	0	3	Split131(2,4)	2	0	(0,1)	(0,1)	(0,1)	MATCH
31	S131	0	3	Split131(3,0)	2	0	(0,1)	(1,0)	(1,0)	MATCH
31	S131	0	3	Split131(3,1)	2	0	(0,1)	(1,0)	(1,0)	MATCH
31	S131	0	3	Split131(3,2)	2	0	(0,1)	(1,0)	(1,0)	MATCH
31	S131	0	3	Split131(3,3)	2	0	(0,1)	(1,0)	(1,0)	MATCH
31	S131	0	3	Split131(3,4)	2	0	(0,1)	(1,0)	(1,0)	MATCH
31	S131	0	3	Split131(4,0)	2	0	(0,1)	(0,1)	(0,1)	MATCH
31	S131	0	3	Split131(4,1)	2	0	(0,1)	(0,1)	(0,1)	MATCH
31	S131	0	3	Split131(4,2)	2	0	(0,1)	(0,1)	(0,1)	MATCH
31	S131	0	3	Split131(4,3)	2	0	(0,1)	(1,2)	(1,2)	MATCH
31	S131	0	3	Split131(4,4)	2	0	(0,1)	(0,1)	(0,1)	MATCH
31	G	0	4	Gather	2	0	(0,1)	(0,1)	is_split=false	MATCH
31	S14	0	4	Split14(0)	2	0	(0,1)	(0,1)	fallback!=2	MATCH
31	S14	0	4	Split14(1)	2	0	(0,1)	(0,1)	fallback!=2	MATCH
31	S14	0	4	Split14(2)	2	0	(0,1)	(0,1)	fallback!=2	MATCH
31	S14	0	4	Split14(3)	2	0	(0,1)	(0,1)	fallback!=2	MATCH
31	S14	0	4	Split14(4)	2	0	(0,1)	(1,2)	(1,2)	MATCH
31	S131	0	4	Split131(0,0)	2	0	(0,1)	(0,1)	(0,1)	MATCH
31	S131	0	4	Split131(0,1)	2	0	(0,1)	(0,1)	(0,1)	MATCH
31	S131	0	4	Split131(0,2)	2	0	(0,1)	(0,1)	(0,1)	MATCH
31	S131	0	4	Split131(0,3)	2	0	(0,1)	(0,1)	(0,1)	MATCH
31	S131	0	4	Split131(0,4)	2	0	(0,1)	(1,0)	(1,0)	MATCH
31	S131	0	4	Split131(1,0)	2	0	(0,1)	(0,1)	(0,1)	MATCH
31	S131	0	4	Split131(1,1)	2	0	(0,1)	(0,1)	(0,1)	MATCH
31	S131	0	4	Split131(1,2)	2	0	(0,1)	(0,1)	(0,1)	MATCH
31	S131	0	4	Split131(1,3)	2	0	(0,1)	(0,1)	(0,1)	MATCH
31	S131	0	4	Split131(1,4)	2	0	(0,1)	(1,2)	(1,2)	MATCH
31	S131	0	4	Split131(2,0)	2	0	(0,1)	(0,1)	(0,1)	MATCH
31	S131	0	4	Split131(2,1)	2	0	(0,1)	(0,1)	(0,1)	MATCH
31	S131	0	4	Split131(2,2)	2	0	(0,1)	(0,1)	(0,1)	MATCH
31	S131	0	4	Split131(2,3)	2	0	(0,1)	(0,1)	(0,1)	MATCH
31	S131	0	4	Split131(2,4)	2	0	(0,1)	(1,2)	(1,2)	MATCH
31	S131	0	4	Split131(3,0)	2	0	(0,1)	(0,1)	(0,1)	MATCH
31	S131	0	4	Split131(3,1)	2	0	(0,1)	(0,1)	(0,1)	MATCH
31	S131	0	4	Split131(3,2)	2	0	(0,1)	(0,1)	(0,1)	MATCH
31	S131	0	4	Split131(3,3)	2	0	(0,1)	(0,1)	(0,1)	MATCH
31	S131	0	4	Split131(3,4)	2	0	(0,1)	(1,2)	(1,2)	MATCH
31	S131	0	4	Split131(4,0)	2	0	(0,1)	(1,0)	(1,0)	MATCH
31	S131	0	4	Split131(4,1)	2	0	(0,1)	(1,0)	(1,0)	MATCH
31	S131	0	4	Split131(4,2)	2	0	(0,1)	(1,0)	(1,0)	MATCH
31	S131	0	4	Split131(4,3)	2	0	(0,1)	(1,0)	(1,0)	MATCH
31	S131	0	4	Split131(4,4)	2	0	(0,1)	(1,0)	(1,0)	MATCH
31	G	0	0	Gather	2	1	(0,1)	(0,1)	is_split=false	MATCH
31	S14	0	0	Split14(0)	2	1	(0,1)	(1,2)	(1,2)	MATCH
31	S14	0	0	Split14(1)	2	1	(0,1)	(0,1)	fallback!=2	MATCH
31	S14	0	0	Split14(2)	2	1	(0,1)	(0,1)	fallback!=2	MATCH
31	S14	0	0	Split14(3)	2	1	(0,1)	(0,1)	fallback!=2	MATCH
31	S14	0	0	Split14(4)	2	1	(0,1)	(0,1)	fallback!=2	MATCH
31	S131	0	0	Split131(0,0)	2	1	(0,1)	(1,0)	(1,0)	MATCH
31	S131	0	0	Split131(0,1)	2	1	(0,1)	(1,0)	(1,0)	MATCH
31	S131	0	0	Split131(0,2)	2	1	(0,1)	(1,0)	(1,0)	MATCH
31	S131	0	0	Split131(0,3)	2	1	(0,1)	(1,0)	(1,0)	MATCH
31	S131	0	0	Split131(0,4)	2	1	(0,1)	(1,0)	(1,0)	MATCH
31	S131	0	0	Split131(1,0)	2	1	(0,1)	(1,0)	(1,0)	MATCH
31	S131	0	0	Split131(1,1)	2	1	(0,1)	(0,1)	(0,1)	MATCH
31	S131	0	0	Split131(1,2)	2	1	(0,1)	(0,1)	(0,1)	MATCH
31	S131	0	0	Split131(1,3)	2	1	(0,1)	(0,1)	(0,1)	MATCH
31	S131	0	0	Split131(1,4)	2	1	(0,1)	(0,1)	(0,1)	MATCH
31	S131	0	0	Split131(2,0)	2	1	(0,1)	(1,2)	(1,2)	MATCH
31	S131	0	0	Split131(2,1)	2	1	(0,1)	(0,1)	(0,1)	MATCH
31	S131	0	0	Split131(2,2)	2	1	(0,1)	(0,1)	(0,1)	MATCH
31	S131	0	0	Split131(2,3)	2	1	(0,1)	(0,1)	(0,1)	MATCH
31	S131	0	0	Split131(2,4)	2	1	(0,1)	(0,1)	(0,1)	MATCH
31	S131	0	0	Split131(3,0)	2	1	(0,1)	(1,2)	(1,2)	MATCH
31	S131	0	0	Split131(3,1)	2	1	(0,1)	(0,1)	(0,1)	MATCH
31	S131	0	0	Split131(3,2)	2	1	(0,1)	(0,1)	(0,1)	MATCH
31	S131	0	0	Split131(3,3)	2	1	(0,1)	(0,1)	(0,1)	MATCH
31	S131	0	0	Split131(3,4)	2	1	(0,1)	(0,1)	(0,1)	MATCH
31	S131	0	0	Split131(4,0)	2	1	(0,1)	(1,2)	(1,2)	MATCH
31	S131	0	0	Split131(4,1)	2	1	(0,1)	(0,1)	(0,1)	MATCH
31	S131	0	0	Split131(4,2)	2	1	(0,1)	(0,1)	(0,1)	MATCH
31	S131	0	0	Split131(4,3)	2	1	(0,1)	(0,1)	(0,1)	MATCH
31	S131	0	0	Split131(4,4)	2	1	(0,1)	(0,1)	(0,1)	MATCH
31	G	0	1	Gather	2	1	(0,1)	(0,1)	is_split=false	MATCH
31	S14	0	1	Split14(0)	2	1	(0,1)	(0,1)	fallback!=2	MATCH
31	S14	0	1	Split14(1)	2	1	(0,1)	(1,2)	(1,2)	MATCH
31	S14	0	1	Split14(2)	2	1	(0,1)	(0,1)	fallback!=2	MATCH
31	S14	0	1	Split14(3)	2	1	(0,1)	(0,1)	fallback!=2	MATCH
31	S14	0	1	Split14(4)	2	1	(0,1)	(0,1)	fallback!=2	MATCH
31	S131	0	1	Split131(0,0)	2	1	(0,1)	(0,1)	(0,1)	MATCH
31	S131	0	1	Split131(0,1)	2	1	(0,1)	(1,2)	(1,2)	MATCH
31	S131	0	1	Split131(0,2)	2	1	(0,1)	(0,1)	(0,1)	MATCH
31	S131	0	1	Split131(0,3)	2	1	(0,1)	(0,1)	(0,1)	MATCH
31	S131	0	1	Split131(0,4)	2	1	(0,1)	(0,1)	(0,1)	MATCH
31	S131	0	1	Split131(1,0)	2	1	(0,1)	(1,0)	(1,0)	MATCH
31	S131	0	1	Split131(1,1)	2	1	(0,1)	(1,0)	(1,0)	MATCH
31	S131	0	1	Split131(1,2)	2	1	(0,1)	(1,0)	(1,0)	MATCH
31	S131	0	1	Split131(1,3)	2	1	(0,1)	(1,0)	(1,0)	MATCH
31	S131	0	1	Split131(1,4)	2	1	(0,1)	(1,0)	(1,0)	MATCH
31	S131	0	1	Split131(2,0)	2	1	(0,1)	(0,1)	(0,1)	MATCH
31	S131	0	1	Split131(2,1)	2	1	(0,1)	(1,2)	(1,2)	MATCH
31	S131	0	1	Split131(2,2)	2	1	(0,1)	(0,1)	(0,1)	MATCH
31	S131	0	1	Split131(2,3)	2	1	(0,1)	(0,1)	(0,1)	MATCH
31	S131	0	1	Split131(2,4)	2	1	(0,1)	(0,1)	(0,1)	MATCH
31	S131	0	1	Split131(3,0)	2	1	(0,1)	(0,1)	(0,1)	MATCH
31	S131	0	1	Split131(3,1)	2	1	(0,1)	(1,2)	(1,2)	MATCH
31	S131	0	1	Split131(3,2)	2	1	(0,1)	(0,1)	(0,1)	MATCH
31	S131	0	1	Split131(3,3)	2	1	(0,1)	(0,1)	(0,1)	MATCH
31	S131	0	1	Split131(3,4)	2	1	(0,1)	(0,1)	(0,1)	MATCH
31	S131	0	1	Split131(4,0)	2	1	(0,1)	(0,1)	(0,1)	MATCH
31	S131	0	1	Split131(4,1)	2	1	(0,1)	(1,2)	(1,2)	MATCH
31	S131	0	1	Split131(4,2)	2	1	(0,1)	(0,1)	(0,1)	MATCH
31	S131	0	1	Split131(4,3)	2	1	(0,1)	(0,1)	(0,1)	MATCH
31	S131	0	1	Split131(4,4)	2	1	(0,1)	(0,1)	(0,1)	MATCH
31	G	0	2	Gather	2	1	(0,1)	(0,1)	is_split=false	MATCH
31	S14	0	2	Split14(0)	2	1	(0,1)	(0,1)	fallback!=2	MATCH
31	S14	0	2	Split14(1)	2	1	(0,1)	(0,1)	fallback!=2	MATCH
31	S14	0	2	Split14(2)	2	1	(0,1)	(1,2)	(1,2)	MATCH
31	S14	0	2	Split14(3)	2	1	(0,1)	(0,1)	fallback!=2	MATCH
31	S14	0	2	Split14(4)	2	1	(0,1)	(0,1)	fallback!=2	MATCH
31	S131	0	2	Split131(0,0)	2	1	(0,1)	(0,1)	(0,1)	MATCH
31	S131	0	2	Split131(0,1)	2	1	(0,1)	(0,1)	(0,1)	MATCH
31	S131	0	2	Split131(0,2)	2	1	(0,1)	(1,2)	(1,2)	MATCH
31	S131	0	2	Split131(0,3)	2	1	(0,1)	(0,1)	(0,1)	MATCH
31	S131	0	2	Split131(0,4)	2	1	(0,1)	(0,1)	(0,1)	MATCH
31	S131	0	2	Split131(1,0)	2	1	(0,1)	(0,1)	(0,1)	MATCH
31	S131	0	2	Split131(1,1)	2	1	(0,1)	(0,1)	(0,1)	MATCH
31	S131	0	2	Split131(1,2)	2	1	(0,1)	(1,0)	(1,0)	MATCH
31	S131	0	2	Split131(1,3)	2	1	(0,1)	(0,1)	(0,1)	MATCH
31	S131	0	2	Split131(1,4)	2	1	(0,1)	(0,1)	(0,1)	MATCH
31	S131	0	2	Split131(2,0)	2	1	(0,1)	(1,0)	(1,0)	MATCH
31	S131	0	2	Split131(2,1)	2	1	(0,1)	(1,0)	(1,0)	MATCH
31	S131	0	2	Split131(2,2)	2	1	(0,1)	(1,0)	(1,0)	MATCH
31	S131	0	2	Split131(2,3)	2	1	(0,1)	(1,0)	(1,0)	MATCH
31	S131	0	2	Split131(2,4)	2	1	(0,1)	(1,0)	(1,0)	MATCH
31	S131	0	2	Split131(3,0)	2	1	(0,1)	(0,1)	(0,1)	MATCH
31	S131	0	2	Split131(3,1)	2	1	(0,1)	(0,1)	(0,1)	MATCH
31	S131	0	2	Split131(3,2)	2	1	(0,1)	(1,2)	(1,2)	MATCH
31	S131	0	2	Split131(3,3)	2	1	(0,1)	(0,1)	(0,1)	MATCH
31	S131	0	2	Split131(3,4)	2	1	(0,1)	(0,1)	(0,1)	MATCH
31	S131	0	2	Split131(4,0)	2	1	(0,1)	(0,1)	(0,1)	MATCH
31	S131	0	2	Split131(4,1)	2	1	(0,1)	(0,1)	(0,1)	MATCH
31	S131	0	2	Split131(4,2)	2	1	(0,1)	(1,2)	(1,2)	MATCH
31	S131	0	2	Split131(4,3)	2	1	(0,1)	(0,1)	(0,1)	MATCH
31	S131	0	2	Split131(4,4)	2	1	(0,1)	(0,1)	(0,1)	MATCH
31	G	0	3	Gather	2	1	(0,1)	(0,1)	is_split=false	MATCH
31	S14	0	3	Split14(0)	2	1	(0,1)	(0,1)	fallback!=2	MATCH
31	S14	0	3	Split14(1)	2	1	(0,1)	(0,1)	fallback!=2	MATCH
31	S14	0	3	Split14(2)	2	1	(0,1)	(0,1)	fallback!=2	MATCH
31	S14	0	3	Split14(3)	2	1	(0,1)	(1,2)	(1,2)	MATCH
31	S14	0	3	Split14(4)	2	1	(0,1)	(0,1)	fallback!=2	MATCH
31	S131	0	3	Split131(0,0)	2	1	(0,1)	(0,1)	(0,1)	MATCH
31	S131	0	3	Split131(0,1)	2	1	(0,1)	(0,1)	(0,1)	MATCH
31	S131	0	3	Split131(0,2)	2	1	(0,1)	(0,1)	(0,1)	MATCH
31	S131	0	3	Split131(0,3)	2	1	(0,1)	(1,2)	(1,2)	MATCH
31	S131	0	3	Split131(0,4)	2	1	(0,1)	(0,1)	(0,1)	MATCH
31	S131	0	3	Split131(1,0)	2	1	(0,1)	(0,1)	(0,1)	MATCH
31	S131	0	3	Split131(1,1)	2	1	(0,1)	(0,1)	(0,1)	MATCH
31	S131	0	3	Split131(1,2)	2	1	(0,1)	(0,1)	(0,1)	MATCH
31	S131	0	3	Split131(1,3)	2	1	(0,1)	(1,0)	(1,0)	MATCH
31	S131	0	3	Split131(1,4)	2	1	(0,1)	(0,1)	(0,1)	MATCH
31	S131	0	3	Split131(2,0)	2	1	(0,1)	(0,1)	(0,1)	MATCH
31	S131	0	3	Split131(2,1)	2	1	(0,1)	(0,1)	(0,1)	MATCH
31	S131	0	3	Split131(2,2)	2	1	(0,1)	(0,1)	(0,1)	MATCH
31	S131	0	3	Split131(2,3)	2	1	(0,1)	(1,2)	(1,2)	MATCH
31	S131	0	3	Split131(2,4)	2	1	(0,1)	(0,1)	(0,1)	MATCH
31	S131	0	3	Split131(3,0)	2	1	(0,1)	(1,0)	(1,0)	MATCH
31	S131	0	3	Split131(3,1)	2	1	(0,1)	(1,0)	(1,0)	MATCH
31	S131	0	3	Split131(3,2)	2	1	(0,1)	(1,0)	(1,0)	MATCH
31	S131	0	3	Split131(3,3)	2	1	(0,1)	(1,0)	(1,0)	MATCH
31	S131	0	3	Split131(3,4)	2	1	(0,1)	(1,0)	(1,0)	MATCH
31	S131	0	3	Split131(4,0)	2	1	(0,1)	(0,1)	(0,1)	MATCH
31	S131	0	3	Split131(4,1)	2	1	(0,1)	(0,1)	(0,1)	MATCH
31	S131	0	3	Split131(4,2)	2	1	(0,1)	(0,1)	(0,1)	MATCH
31	S131	0	3	Split131(4,3)	2	1	(0,1)	(1,2)	(1,2)	MATCH
31	S131	0	3	Split131(4,4)	2	1	(0,1)	(0,1)	(0,1)	MATCH
31	G	0	4	Gather	2	1	(0,1)	(0,1)	is_split=false	MATCH
31	S14	0	4	Split14(0)	2	1	(0,1)	(0,1)	fallback!=2	MATCH
31	S14	0	4	Split14(1)	2	1	(0,1)	(0,1)	fallback!=2	MATCH
31	S14	0	4	Split14(2)	2	1	(0,1)	(0,1)	fallback!=2	MATCH
31	S14	0	4	Split14(3)	2	1	(0,1)	(0,1)	fallback!=2	MATCH
31	S14	0	4	Split14(4)	2	1	(0,1)	(1,2)	(1,2)	MATCH
31	S131	0	4	Split131(0,0)	2	1	(0,1)	(0,1)	(0,1)	MATCH
31	S131	0	4	Split131(0,1)	2	1	(0,1)	(0,1)	(0,1)	MATCH
31	S131	0	4	Split131(0,2)	2	1	(0,1)	(0,1)	(0,1)	MATCH
31	S131	0	4	Split131(0,3)	2	1	(0,1)	(0,1)	(0,1)	MATCH
31	S131	0	4	Split131(0,4)	2	1	(0,1)	(1,2)	(1,2)	MATCH
31	S131	0	4	Split131(1,0)	2	1	(0,1)	(0,1)	(0,1)	MATCH
31	S131	0	4	Split131(1,1)	2	1	(0,1)	(0,1)	(0,1)	MATCH
31	S131	0	4	Split131(1,2)	2	1	(0,1)	(0,1)	(0,1)	MATCH
31	S131	0	4	Split131(1,3)	2	1	(0,1)	(0,1)	(0,1)	MATCH
31	S131	0	4	Split131(1,4)	2	1	(0,1)	(1,0)	(1,0)	MATCH
31	S131	0	4	Split131(2,0)	2	1	(0,1)	(0,1)	(0,1)	MATCH
31	S131	0	4	Split131(2,1)	2	1	(0,1)	(0,1)	(0,1)	MATCH
31	S131	0	4	Split131(2,2)	2	1	(0,1)	(0,1)	(0,1)	MATCH
31	S131	0	4	Split131(2,3)	2	1	(0,1)	(0,1)	(0,1)	MATCH
31	S131	0	4	Split131(2,4)	2	1	(0,1)	(1,2)	(1,2)	MATCH
31	S131	0	4	Split131(3,0)	2	1	(0,1)	(0,1)	(0,1)	MATCH
31	S131	0	4	Split131(3,1)	2	1	(0,1)	(0,1)	(0,1)	MATCH
31	S131	0	4	Split131(3,2)	2	1	(0,1)	(0,1)	(0,1)	MATCH
31	S131	0	4	Split131(3,3)	2	1	(0,1)	(0,1)	(0,1)	MATCH
31	S131	0	4	Split131(3,4)	2	1	(0,1)	(1,2)	(1,2)	MATCH
31	S131	0	4	Split131(4,0)	2	1	(0,1)	(1,0)	(1,0)	MATCH
31	S131	0	4	Split131(4,1)	2	1	(0,1)	(1,0)	(1,0)	MATCH
31	S131	0	4	Split131(4,2)	2	1	(0,1)	(1,0)	(1,0)	MATCH
31	S131	0	4	Split131(4,3)	2	1	(0,1)	(1,0)	(1,0)	MATCH
31	S131	0	4	Split131(4,4)	2	1	(0,1)	(1,0)	(1,0)	MATCH
31	G	0	0	Gather	2	2	(0,1)	(0,1)	is_split=false	MATCH
31	S14	0	0	Split14(0)	2	2	(0,1)	(1,2)	(1,2)	MATCH
31	S14	0	0	Split14(1)	2	2	(0,1)	(0,1)	fallback!=2	MATCH
31	S14	0	0	Split14(2)	2	2	(0,1)	(0,1)	fallback!=2	MATCH
31	S14	0	0	Split14(3)	2	2	(0,1)	(0,1)	fallback!=2	MATCH
31	S14	0	0	Split14(4)	2	2	(0,1)	(0,1)	fallback!=2	MATCH
31	S131	0	0	Split131(0,0)	2	2	(0,1)	(1,0)	(1,0)	MATCH
31	S131	0	0	Split131(0,1)	2	2	(0,1)	(1,0)	(1,0)	MATCH
31	S131	0	0	Split131(0,2)	2	2	(0,1)	(1,0)	(1,0)	MATCH
31	S131	0	0	Split131(0,3)	2	2	(0,1)	(1,0)	(1,0)	MATCH
31	S131	0	0	Split131(0,4)	2	2	(0,1)	(1,0)	(1,0)	MATCH
31	S131	0	0	Split131(1,0)	2	2	(0,1)	(1,2)	(1,2)	MATCH
31	S131	0	0	Split131(1,1)	2	2	(0,1)	(0,1)	(0,1)	MATCH
31	S131	0	0	Split131(1,2)	2	2	(0,1)	(0,1)	(0,1)	MATCH
31	S131	0	0	Split131(1,3)	2	2	(0,1)	(0,1)	(0,1)	MATCH
31	S131	0	0	Split131(1,4)	2	2	(0,1)	(0,1)	(0,1)	MATCH
31	S131	0	0	Split131(2,0)	2	2	(0,1)	(1,0)	(1,0)	MATCH
31	S131	0	0	Split131(2,1)	2	2	(0,1)	(0,1)	(0,1)	MATCH
31	S131	0	0	Split131(2,2)	2	2	(0,1)	(0,1)	(0,1)	MATCH
31	S131	0	0	Split131(2,3)	2	2	(0,1)	(0,1)	(0,1)	MATCH
31	S131	0	0	Split131(2,4)	2	2	(0,1)	(0,1)	(0,1)	MATCH
31	S131	0	0	Split131(3,0)	2	2	(0,1)	(1,2)	(1,2)	MATCH
31	S131	0	0	Split131(3,1)	2	2	(0,1)	(0,1)	(0,1)	MATCH
31	S131	0	0	Split131(3,2)	2	2	(0,1)	(0,1)	(0,1)	MATCH
31	S131	0	0	Split131(3,3)	2	2	(0,1)	(0,1)	(0,1)	MATCH
31	S131	0	0	Split131(3,4)	2	2	(0,1)	(0,1)	(0,1)	MATCH
31	S131	0	0	Split131(4,0)	2	2	(0,1)	(1,2)	(1,2)	MATCH
31	S131	0	0	Split131(4,1)	2	2	(0,1)	(0,1)	(0,1)	MATCH
31	S131	0	0	Split131(4,2)	2	2	(0,1)	(0,1)	(0,1)	MATCH
31	S131	0	0	Split131(4,3)	2	2	(0,1)	(0,1)	(0,1)	MATCH
31	S131	0	0	Split131(4,4)	2	2	(0,1)	(0,1)	(0,1)	MATCH
31	G	0	1	Gather	2	2	(0,1)	(0,1)	is_split=false	MATCH
31	S14	0	1	Split14(0)	2	2	(0,1)	(0,1)	fallback!=2	MATCH
31	S14	0	1	Split14(1)	2	2	(0,1)	(1,2)	(1,2)	MATCH
31	S14	0	1	Split14(2)	2	2	(0,1)	(0,1)	fallback!=2	MATCH
31	S14	0	1	Split14(3)	2	2	(0,1)	(0,1)	fallback!=2	MATCH
31	S14	0	1	Split14(4)	2	2	(0,1)	(0,1)	fallback!=2	MATCH
31	S131	0	1	Split131(0,0)	2	2	(0,1)	(0,1)	(0,1)	MATCH
31	S131	0	1	Split131(0,1)	2	2	(0,1)	(1,2)	(1,2)	MATCH
31	S131	0	1	Split131(0,2)	2	2	(0,1)	(0,1)	(0,1)	MATCH
31	S131	0	1	Split131(0,3)	2	2	(0,1)	(0,1)	(0,1)	MATCH
31	S131	0	1	Split131(0,4)	2	2	(0,1)	(0,1)	(0,1)	MATCH
31	S131	0	1	Split131(1,0)	2	2	(0,1)	(1,0)	(1,0)	MATCH
31	S131	0	1	Split131(1,1)	2	2	(0,1)	(1,0)	(1,0)	MATCH
31	S131	0	1	Split131(1,2)	2	2	(0,1)	(1,0)	(1,0)	MATCH
31	S131	0	1	Split131(1,3)	2	2	(0,1)	(1,0)	(1,0)	MATCH
31	S131	0	1	Split131(1,4)	2	2	(0,1)	(1,0)	(1,0)	MATCH
31	S131	0	1	Split131(2,0)	2	2	(0,1)	(0,1)	(0,1)	MATCH
31	S131	0	1	Split131(2,1)	2	2	(0,1)	(1,0)	(1,0)	MATCH
31	S131	0	1	Split131(2,2)	2	2	(0,1)	(0,1)	(0,1)	MATCH
31	S131	0	1	Split131(2,3)	2	2	(0,1)	(0,1)	(0,1)	MATCH
31	S131	0	1	Split131(2,4)	2	2	(0,1)	(0,1)	(0,1)	MATCH
31	S131	0	1	Split131(3,0)	2	2	(0,1)	(0,1)	(0,1)	MATCH
31	S131	0	1	Split131(3,1)	2	2	(0,1)	(1,2)	(1,2)	MATCH
31	S131	0	1	Split131(3,2)	2	2	(0,1)	(0,1)	(0,1)	MATCH
31	S131	0	1	Split131(3,3)	2	2	(0,1)	(0,1)	(0,1)	MATCH
31	S131	0	1	Split131(3,4)	2	2	(0,1)	(0,1)	(0,1)	MATCH
31	S131	0	1	Split131(4,0)	2	2	(0,1)	(0,1)	(0,1)	MATCH
31	S131	0	1	Split131(4,1)	2	2	(0,1)	(1,2)	(1,2)	MATCH
31	S131	0	1	Split131(4,2)	2	2	(0,1)	(0,1)	(0,1)	MATCH
31	S131	0	1	Split131(4,3)	2	2	(0,1)	(0,1)	(0,1)	MATCH
31	S131	0	1	Split131(4,4)	2	2	(0,1)	(0,1)	(0,1)	MATCH
31	G	0	2	Gather	2	2	(0,1)	(0,1)	is_split=false	MATCH
31	S14	0	2	Split14(0)	2	2	(0,1)	(0,1)	fallback!=2	MATCH
31	S14	0	2	Split14(1)	2	2	(0,1)	(0,1)	fallback!=2	MATCH
31	S14	0	2	Split14(2)	2	2	(0,1)	(1,2)	(1,2)	MATCH
31	S14	0	2	Split14(3)	2	2	(0,1)	(0,1)	fallback!=2	MATCH
31	S14	0	2	Split14(4)	2	2	(0,1)	(0,1)	fallback!=2	MATCH
31	S131	0	2	Split131(0,0)	2	2	(0,1)	(0,1)	(0,1)	MATCH
31	S131	0	2	Split131(0,1)	2	2	(0,1)	(0,1)	(0,1)	MATCH
31	S131	0	2	Split131(0,2)	2	2	(0,1)	(1,2)	(1,2)	MATCH
31	S131	0	2	Split131(0,3)	2	2	(0,1)	(0,1)	(0,1)	MATCH
31	S131	0	2	Split131(0,4)	2	2	(0,1)	(0,1)	(0,1)	MATCH
31	S131	0	2	Split131(1,0)	2	2	(0,1)	(0,1)	(0,1)	MATCH
31	S131	0	2	Split131(1,1)	2	2	(0,1)	(0,1)	(0,1)	MATCH
31	S131	0	2	Split131(1,2)	2	2	(0,1)	(1,2)	(1,2)	MATCH
31	S131	0	2	Split131(1,3)	2	2	(0,1)	(0,1)	(0,1)	MATCH
31	S131	0	2	Split131(1,4)	2	2	(0,1)	(0,1)	(0,1)	MATCH
31	S131	0	2	Split131(2,0)	2	2	(0,1)	(1,0)	(1,0)	MATCH
31	S131	0	2	Split131(2,1)	2	2	(0,1)	(1,0)	(1,0)	MATCH
31	S131	0	2	Split131(2,2)	2	2	(0,1)	(1,0)	(1,0)	MATCH
31	S131	0	2	Split131(2,3)	2	2	(0,1)	(1,0)	(1,0)	MATCH
31	S131	0	2	Split131(2,4)	2	2	(0,1)	(1,0)	(1,0)	MATCH
31	S131	0	2	Split131(3,0)	2	2	(0,1)	(0,1)	(0,1)	MATCH
31	S131	0	2	Split131(3,1)	2	2	(0,1)	(0,1)	(0,1)	MATCH
31	S131	0	2	Split131(3,2)	2	2	(0,1)	(1,2)	(1,2)	MATCH
31	S131	0	2	Split131(3,3)	2	2	(0,1)	(0,1)	(0,1)	MATCH
31	S131	0	2	Split131(3,4)	2	2	(0,1)	(0,1)	(0,1)	MATCH
31	S131	0	2	Split131(4,0)	2	2	(0,1)	(0,1)	(0,1)	MATCH
31	S131	0	2	Split131(4,1)	2	2	(0,1)	(0,1)	(0,1)	MATCH
31	S131	0	2	Split131(4,2)	2	2	(0,1)	(1,2)	(1,2)	MATCH
31	S131	0	2	Split131(4,3)	2	2	(0,1)	(0,1)	(0,1)	MATCH
31	S131	0	2	Split131(4,4)	2	2	(0,1)	(0,1)	(0,1)	MATCH
31	G	0	3	Gather	2	2	(0,1)	(0,1)	is_split=false	MATCH
31	S14	0	3	Split14(0)	2	2	(0,1)	(0,1)	fallback!=2	MATCH
31	S14	0	3	Split14(1)	2	2	(0,1)	(0,1)	fallback!=2	MATCH
31	S14	0	3	Split14(2)	2	2	(0,1)	(0,1)	fallback!=2	MATCH
31	S14	0	3	Split14(3)	2	2	(0,1)	(1,2)	(1,2)	MATCH
31	S14	0	3	Split14(4)	2	2	(0,1)	(0,1)	fallback!=2	MATCH
31	S131	0	3	Split131(0,0)	2	2	(0,1)	(0,1)	(0,1)	MATCH
31	S131	0	3	Split131(0,1)	2	2	(0,1)	(0,1)	(0,1)	MATCH
31	S131	0	3	Split131(0,2)	2	2	(0,1)	(0,1)	(0,1)	MATCH
31	S131	0	3	Split131(0,3)	2	2	(0,1)	(1,2)	(1,2)	MATCH
31	S131	0	3	Split131(0,4)	2	2	(0,1)	(0,1)	(0,1)	MATCH
31	S131	0	3	Split131(1,0)	2	2	(0,1)	(0,1)	(0,1)	MATCH
31	S131	0	3	Split131(1,1)	2	2	(0,1)	(0,1)	(0,1)	MATCH
31	S131	0	3	Split131(1,2)	2	2	(0,1)	(0,1)	(0,1)	MATCH
31	S131	0	3	Split131(1,3)	2	2	(0,1)	(1,2)	(1,2)	MATCH
31	S131	0	3	Split131(1,4)	2	2	(0,1)	(0,1)	(0,1)	MATCH
31	S131	0	3	Split131(2,0)	2	2	(0,1)	(0,1)	(0,1)	MATCH
31	S131	0	3	Split131(2,1)	2	2	(0,1)	(0,1)	(0,1)	MATCH
31	S131	0	3	Split131(2,2)	2	2	(0,1)	(0,1)	(0,1)	MATCH
31	S131	0	3	Split131(2,3)	2	2	(0,1)	(1,0)	(1,0)	MATCH
31	S131	0	3	Split131(2,4)	2	2	(0,1)	(0,1)	(0,1)	MATCH
31	S131	0	3	Split131(3,0)	2	2	(0,1)	(1,0)	(1,0)	MATCH
31	S131	0	3	Split131(3,1)	2	2	(0,1)	(1,0)	(1,0)	MATCH
31	S131	0	3	Split131(3,2)	2	2	(0,1)	(1,0)	(1,0)	MATCH
31	S131	0	3	Split131(3,3)	2	2	(0,1)	(1,0)	(1,0)	MATCH
31	S131	0	3	Split131(3,4)	2	2	(0,1)	(1,0)	(1,0)	MATCH
31	S131	0	3	Split131(4,0)	2	2	(0,1)	(0,1)	(0,1)	MATCH
31	S131	0	3	Split131(4,1)	2	2	(0,1)	(0,1)	(0,1)	MATCH
31	S131	0	3	Split131(4,2)	2	2	(0,1)	(0,1)	(0,1)	MATCH
31	S131	0	3	Split131(4,3)	2	2	(0,1)	(1,2)	(1,2)	MATCH
31	S131	0	3	Split131(4,4)	2	2	(0,1)	(0,1)	(0,1)	MATCH
31	G	0	4	Gather	2	2	(0,1)	(0,1)	is_split=false	MATCH
31	S14	0	4	Split14(0)	2	2	(0,1)	(0,1)	fallback!=2	MATCH
31	S14	0	4	Split14(1)	2	2	(0,1)	(0,1)	fallback!=2	MATCH
31	S14	0	4	Split14(2)	2	2	(0,1)	(0,1)	fallback!=2	MATCH
31	S14	0	4	Split14(3)	2	2	(0,1)	(0,1)	fallback!=2	MATCH
31	S14	0	4	Split14(4)	2	2	(0,1)	(1,2)	(1,2)	MATCH
31	S131	0	4	Split131(0,0)	2	2	(0,1)	(0,1)	(0,1)	MATCH
31	S131	0	4	Split131(0,1)	2	2	(0,1)	(0,1)	(0,1)	MATCH
31	S131	0	4	Split131(0,2)	2	2	(0,1)	(0,1)	(0,1)	MATCH
31	S131	0	4	Split131(0,3)	2	2	(0,1)	(0,1)	(0,1)	MATCH
31	S131	0	4	Split131(0,4)	2	2	(0,1)	(1,2)	(1,2)	MATCH
31	S131	0	4	Split131(1,0)	2	2	(0,1)	(0,1)	(0,1)	MATCH
31	S131	0	4	Split131(1,1)	2	2	(0,1)	(0,1)	(0,1)	MATCH
31	S131	0	4	Split131(1,2)	2	2	(0,1)	(0,1)	(0,1)	MATCH
31	S131	0	4	Split131(1,3)	2	2	(0,1)	(0,1)	(0,1)	MATCH
31	S131	0	4	Split131(1,4)	2	2	(0,1)	(1,2)	(1,2)	MATCH
31	S131	0	4	Split131(2,0)	2	2	(0,1)	(0,1)	(0,1)	MATCH
31	S131	0	4	Split131(2,1)	2	2	(0,1)	(0,1)	(0,1)	MATCH
31	S131	0	4	Split131(2,2)	2	2	(0,1)	(0,1)	(0,1)	MATCH
31	S131	0	4	Split131(2,3)	2	2	(0,1)	(0,1)	(0,1)	MATCH
31	S131	0	4	Split131(2,4)	2	2	(0,1)	(1,0)	(1,0)	MATCH
31	S131	0	4	Split131(3,0)	2	2	(0,1)	(0,1)	(0,1)	MATCH
31	S131	0	4	Split131(3,1)	2	2	(0,1)	(0,1)	(0,1)	MATCH
31	S131	0	4	Split131(3,2)	2	2	(0,1)	(0,1)	(0,1)	MATCH
31	S131	0	4	Split131(3,3)	2	2	(0,1)	(0,1)	(0,1)	MATCH
31	S131	0	4	Split131(3,4)	2	2	(0,1)	(1,2)	(1,2)	MATCH
31	S131	0	4	Split131(4,0)	2	2	(0,1)	(1,0)	(1,0)	MATCH
31	S131	0	4	Split131(4,1)	2	2	(0,1)	(1,0)	(1,0)	MATCH
31	S131	0	4	Split131(4,2)	2	2	(0,1)	(1,0)	(1,0)	MATCH
31	S131	0	4	Split131(4,3)	2	2	(0,1)	(1,0)	(1,0)	MATCH
31	S131	0	4	Split131(4,4)	2	2	(0,1)	(1,0)	(1,0)	MATCH
31	G	0	0	Gather	2	3	(0,1)	(0,1)	is_split=false	MATCH
31	S14	0	0	Split14(0)	2	3	(0,1)	(1,2)	(1,2)	MATCH
31	S14	0	0	Split14(1)	2	3	(0,1)	(0,1)	fallback!=2	MATCH
31	S14	0	0	Split14(2)	2	3	(0,1)	(0,1)	fallback!=2	MATCH
31	S14	0	0	Split14(3)	2	3	(0,1)	(0,1)	fallback!=2	MATCH
31	S14	0	0	Split14(4)	2	3	(0,1)	(0,1)	fallback!=2	MATCH
31	S131	0	0	Split131(0,0)	2	3	(0,1)	(1,0)	(1,0)	MATCH
31	S131	0	0	Split131(0,1)	2	3	(0,1)	(1,0)	(1,0)	MATCH
31	S131	0	0	Split131(0,2)	2	3	(0,1)	(1,0)	(1,0)	MATCH
31	S131	0	0	Split131(0,3)	2	3	(0,1)	(1,0)	(1,0)	MATCH
31	S131	0	0	Split131(0,4)	2	3	(0,1)	(1,0)	(1,0)	MATCH
31	S131	0	0	Split131(1,0)	2	3	(0,1)	(1,2)	(1,2)	MATCH
31	S131	0	0	Split131(1,1)	2	3	(0,1)	(0,1)	(0,1)	MATCH
31	S131	0	0	Split131(1,2)	2	3	(0,1)	(0,1)	(0,1)	MATCH
31	S131	0	0	Split131(1,3)	2	3	(0,1)	(0,1)	(0,1)	MATCH
31	S131	0	0	Split131(1,4)	2	3	(0,1)	(0,1)	(0,1)	MATCH
31	S131	0	0	Split131(2,0)	2	3	(0,1)	(1,2)	(1,2)	MATCH
31	S131	0	0	Split131(2,1)	2	3	(0,1)	(0,1)	(0,1)	MATCH
31	S131	0	0	Split131(2,2)	2	3	(0,1)	(0,1)	(0,1)	MATCH
31	S131	0	0	Split131(2,3)	2	3	(0,1)	(0,1)	(0,1)	MATCH
31	S131	0	0	Split131(2,4)	2	3	(0,1)	(0,1)	(0,1)	MATCH
31	S131	0	0	Split131(3,0)	2	3	(0,1)	(1,0)	(1,0)	MATCH
31	S131	0	0	Split131(3,1)	2	3	(0,1)	(0,1)	(0,1)	MATCH
31	S131	0	0	Split131(3,2)	2	3	(0,1)	(0,1)	(0,1)	MATCH
31	S131	0	0	Split131(3,3)	2	3	(0,1)	(0,1)	(0,1)	MATCH
31	S131	0	0	Split131(3,4)	2	3	(0,1)	(0,1)	(0,1)	MATCH
31	S131	0	0	Split131(4,0)	2	3	(0,1)	(1,2)	(1,2)	MATCH
31	S131	0	0	Split131(4,1)	2	3	(0,1)	(0,1)	(0,1)	MATCH
31	S131	0	0	Split131(4,2)	2	3	(0,1)	(0,1)	(0,1)	MATCH
31	S131	0	0	Split131(4,3)	2	3	(0,1)	(0,1)	(0,1)	MATCH
31	S131	0	0	Split131(4,4)	2	3	(0,1)	(0,1)	(0,1)	MATCH
31	G	0	1	Gather	2	3	(0,1)	(0,1)	is_split=false	MATCH
31	S14	0	1	Split14(0)	2	3	(0,1)	(0,1)	fallback!=2	MATCH
31	S14	0	1	Split14(1)	2	3	(0,1)	(1,2)	(1,2)	MATCH
31	S14	0	1	Split14(2)	2	3	(0,1)	(0,1)	fallback!=2	MATCH
31	S14	0	1	Split14(3)	2	3	(0,1)	(0,1)	fallback!=2	MATCH
31	S14	0	1	Split14(4)	2	3	(0,1)	(0,1)	fallback!=2	MATCH
31	S131	0	1	Split131(0,0)	2	3	(0,1)	(0,1)	(0,1)	MATCH
31	S131	0	1	Split131(0,1)	2	3	(0,1)	(1,2)	(1,2)	MATCH
31	S131	0	1	Split131(0,2)	2	3	(0,1)	(0,1)	(0,1)	MATCH
31	S131	0	1	Split131(0,3)	2	3	(0,1)	(0,1)	(0,1)	MATCH
31	S131	0	1	Split131(0,4)	2	3	(0,1)	(0,1)	(0,1)	MATCH
31	S131	0	1	Split131(1,0)	2	3	(0,1)	(1,0)	(1,0)	MATCH
31	S131	0	1	Split131(1,1)	2	3	(0,1)	(1,0)	(1,0)	MATCH
31	S131	0	1	Split131(1,2)	2	3	(0,1)	(1,0)	(1,0)	MATCH
31	S131	0	1	Split131(1,3)	2	3	(0,1)	(1,0)	(1,0)	MATCH
31	S131	0	1	Split131(1,4)	2	3	(0,1)	(1,0)	(1,0)	MATCH
31	S131	0	1	Split131(2,0)	2	3	(0,1)	(0,1)	(0,1)	MATCH
31	S131	0	1	Split131(2,1)	2	3	(0,1)	(1,2)	(1,2)	MATCH
31	S131	0	1	Split131(2,2)	2	3	(0,1)	(0,1)	(0,1)	MATCH
31	S131	0	1	Split131(2,3)	2	3	(0,1)	(0,1)	(0,1)	MATCH
31	S131	0	1	Split131(2,4)	2	3	(0,1)	(0,1)	(0,1)	MATCH
31	S131	0	1	Split131(3,0)	2	3	(0,1)	(0,1)	(0,1)	MATCH
31	S131	0	1	Split131(3,1)	2	3	(0,1)	(1,0)	(1,0)	MATCH
31	S131	0	1	Split131(3,2)	2	3	(0,1)	(0,1)	(0,1)	MATCH
31	S131	0	1	Split131(3,3)	2	3	(0,1)	(0,1)	(0,1)	MATCH
31	S131	0	1	Split131(3,4)	2	3	(0,1)	(0,1)	(0,1)	MATCH
31	S131	0	1	Split131(4,0)	2	3	(0,1)	(0,1)	(0,1)	MATCH
31	S131	0	1	Split131(4,1)	2	3	(0,1)	(1,2)	(1,2)	MATCH
31	S131	0	1	Split131(4,2)	2	3	(0,1)	(0,1)	(0,1)	MATCH
31	S131	0	1	Split131(4,3)	2	3	(0,1)	(0,1)	(0,1)	MATCH
31	S131	0	1	Split131(4,4)	2	3	(0,1)	(0,1)	(0,1)	MATCH
31	G	0	2	Gather	2	3	(0,1)	(0,1)	is_split=false	MATCH
31	S14	0	2	Split14(0)	2	3	(0,1)	(0,1)	fallback!=2	MATCH
31	S14	0	2	Split14(1)	2	3	(0,1)	(0,1)	fallback!=2	MATCH
31	S14	0	2	Split14(2)	2	3	(0,1)	(1,2)	(1,2)	MATCH
31	S14	0	2	Split14(3)	2	3	(0,1)	(0,1)	fallback!=2	MATCH
31	S14	0	2	Split14(4)	2	3	(0,1)	(0,1)	fallback!=2	MATCH
31	S131	0	2	Split131(0,0)	2	3	(0,1)	(0,1)	(0,1)	MATCH
31	S131	0	2	Split131(0,1)	2	3	(0,1)	(0,1)	(0,1)	MATCH
31	S131	0	2	Split131(0,2)	2	3	(0,1)	(1,2)	(1,2)	MATCH
31	S131	0	2	Split131(0,3)	2	3	(0,1)	(0,1)	(0,1)	MATCH
31	S131	0	2	Split131(0,4)	2	3	(0,1)	(0,1)	(0,1)	MATCH
31	S131	0	2	Split131(1,0)	2	3	(0,1)	(0,1)	(0,1)	MATCH
31	S131	0	2	Split131(1,1)	2	3	(0,1)	(0,1)	(0,1)	MATCH
31	S131	0	2	Split131(1,2)	2	3	(0,1)	(1,2)	(1,2)	MATCH
31	S131	0	2	Split131(1,3)	2	3	(0,1)	(0,1)	(0,1)	MATCH
31	S131	0	2	Split131(1,4)	2	3	(0,1)	(0,1)	(0,1)	MATCH
31	S131	0	2	Split131(2,0)	2	3	(0,1)	(1,0)	(1,0)	MATCH
31	S131	0	2	Split131(2,1)	2	3	(0,1)	(1,0)	(1,0)	MATCH
31	S131	0	2	Split131(2,2)	2	3	(0,1)	(1,0)	(1,0)	MATCH
31	S131	0	2	Split131(2,3)	2	3	(0,1)	(1,0)	(1,0)	MATCH
31	S131	0	2	Split131(2,4)	2	3	(0,1)	(1,0)	(1,0)	MATCH
31	S131	0	2	Split131(3,0)	2	3	(0,1)	(0,1)	(0,1)	MATCH
31	S131	0	2	Split131(3,1)	2	3	(0,1)	(0,1)	(0,1)	MATCH
31	S131	0	2	Split131(3,2)	2	3	(0,1)	(1,0)	(1,0)	MATCH
31	S131	0	2	Split131(3,3)	2	3	(0,1)	(0,1)	(0,1)	MATCH
31	S131	0	2	Split131(3,4)	2	3	(0,1)	(0,1)	(0,1)	MATCH
31	S131	0	2	Split131(4,0)	2	3	(0,1)	(0,1)	(0,1)	MATCH
31	S131	0	2	Split131(4,1)	2	3	(0,1)	(0,1)	(0,1)	MATCH
31	S131	0	2	Split131(4,2)	2	3	(0,1)	(1,2)	(1,2)	MATCH
31	S131	0	2	Split131(4,3)	2	3	(0,1)	(0,1)	(0,1)	MATCH
31	S131	0	2	Split131(4,4)	2	3	(0,1)	(0,1)	(0,1)	MATCH
31	G	0	3	Gather	2	3	(0,1)	(0,1)	is_split=false	MATCH
31	S14	0	3	Split14(0)	2	3	(0,1)	(0,1)	fallback!=2	MATCH
31	S14	0	3	Split14(1)	2	3	(0,1)	(0,1)	fallback!=2	MATCH
31	S14	0	3	Split14(2)	2	3	(0,1)	(0,1)	fallback!=2	MATCH
31	S14	0	3	Split14(3)	2	3	(0,1)	(1,2)	(1,2)	MATCH
31	S14	0	3	Split14(4)	2	3	(0,1)	(0,1)	fallback!=2	MATCH
31	S131	0	3	Split131(0,0)	2	3	(0,1)	(0,1)	(0,1)	MATCH
31	S131	0	3	Split131(0,1)	2	3	(0,1)	(0,1)	(0,1)	MATCH
31	S131	0	3	Split131(0,2)	2	3	(0,1)	(0,1)	(0,1)	MATCH
31	S131	0	3	Split131(0,3)	2	3	(0,1)	(1,2)	(1,2)	MATCH
31	S131	0	3	Split131(0,4)	2	3	(0,1)	(0,1)	(0,1)	MATCH
31	S131	0	3	Split131(1,0)	2	3	(0,1)	(0,1)	(0,1)	MATCH
31	S131	0	3	Split131(1,1)	2	3	(0,1)	(0,1)	(0,1)	MATCH
31	S131	0	3	Split131(1,2)	2	3	(0,1)	(0,1)	(0,1)	MATCH
31	S131	0	3	Split131(1,3)	2	3	(0,1)	(1,2)	(1,2)	MATCH
31	S131	0	3	Split131(1,4)	2	3	(0,1)	(0,1)	(0,1)	MATCH
31	S131	0	3	Split131(2,0)	2	3	(0,1)	(0,1)	(0,1)	MATCH
31	S131	0	3	Split131(2,1)	2	3	(0,1)	(0,1)	(0,1)	MATCH
31	S131	0	3	Split131(2,2)	2	3	(0,1)	(0,1)	(0,1)	MATCH
31	S131	0	3	Split131(2,3)	2	3	(0,1)	(1,2)	(1,2)	MATCH
31	S131	0	3	Split131(2,4)	2	3	(0,1)	(0,1)	(0,1)	MATCH
31	S131	0	3	Split131(3,0)	2	3	(0,1)	(1,0)	(1,0)	MATCH
31	S131	0	3	Split131(3,1)	2	3	(0,1)	(1,0)	(1,0)	MATCH
31	S131	0	3	Split131(3,2)	2	3	(0,1)	(1,0)	(1,0)	MATCH
31	S131	0	3	Split131(3,3)	2	3	(0,1)	(1,0)	(1,0)	MATCH
31	S131	0	3	Split131(3,4)	2	3	(0,1)	(1,0)	(1,0)	MATCH
31	S131	0	3	Split131(4,0)	2	3	(0,1)	(0,1)	(0,1)	MATCH
31	S131	0	3	Split131(4,1)	2	3	(0,1)	(0,1)	(0,1)	MATCH
31	S131	0	3	Split131(4,2)	2	3	(0,1)	(0,1)	(0,1)	MATCH
31	S131	0	3	Split131(4,3)	2	3	(0,1)	(1,2)	(1,2)	MATCH
31	S131	0	3	Split131(4,4)	2	3	(0,1)	(0,1)	(0,1)	MATCH
31	G	0	4	Gather	2	3	(0,1)	(0,1)	is_split=false	MATCH
31	S14	0	4	Split14(0)	2	3	(0,1)	(0,1)	fallback!=2	MATCH
31	S14	0	4	Split14(1)	2	3	(0,1)	(0,1)	fallback!=2	MATCH
31	S14	0	4	Split14(2)	2	3	(0,1)	(0,1)	fallback!=2	MATCH
31	S14	0	4	Split14(3)	2	3	(0,1)	(0,1)	fallback!=2	MATCH
31	S14	0	4	Split14(4)	2	3	(0,1)	(1,2)	(1,2)	MATCH
31	S131	0	4	Split131(0,0)	2	3	(0,1)	(0,1)	(0,1)	MATCH
31	S131	0	4	Split131(0,1)	2	3	(0,1)	(0,1)	(0,1)	MATCH
31	S131	0	4	Split131(0,2)	2	3	(0,1)	(0,1)	(0,1)	MATCH
31	S131	0	4	Split131(0,3)	2	3	(0,1)	(0,1)	(0,1)	MATCH
31	S131	0	4	Split131(0,4)	2	3	(0,1)	(1,2)	(1,2)	MATCH
31	S131	0	4	Split131(1,0)	2	3	(0,1)	(0,1)	(0,1)	MATCH
31	S131	0	4	Split131(1,1)	2	3	(0,1)	(0,1)	(0,1)	MATCH
31	S131	0	4	Split131(1,2)	2	3	(0,1)	(0,1)	(0,1)	MATCH
31	S131	0	4	Split131(1,3)	2	3	(0,1)	(0,1)	(0,1)	MATCH
31	S131	0	4	Split131(1,4)	2	3	(0,1)	(1,2)	(1,2)	MATCH
31	S131	0	4	Split131(2,0)	2	3	(0,1)	(0,1)	(0,1)	MATCH
31	S131	0	4	Split131(2,1)	2	3	(0,1)	(0,1)	(0,1)	MATCH
31	S131	0	4	Split131(2,2)	2	3	(0,1)	(0,1)	(0,1)	MATCH
31	S131	0	4	Split131(2,3)	2	3	(0,1)	(0,1)	(0,1)	MATCH
31	S131	0	4	Split131(2,4)	2	3	(0,1)	(1,2)	(1,2)	MATCH
31	S131	0	4	Split131(3,0)	2	3	(0,1)	(0,1)	(0,1)	MATCH
31	S131	0	4	Split131(3,1)	2	3	(0,1)	(0,1)	(0,1)	MATCH
31	S131	0	4	Split131(3,2)	2	3	(0,1)	(0,1)	(0,1)	MATCH
31	S131	0	4	Split131(3,3)	2	3	(0,1)	(0,1)	(0,1)	MATCH
31	S131	0	4	Split131(3,4)	2	3	(0,1)	(1,0)	(1,0)	MATCH
31	S131	0	4	Split131(4,0)	2	3	(0,1)	(1,0)	(1,0)	MATCH
31	S131	0	4	Split131(4,1)	2	3	(0,1)	(1,0)	(1,0)	MATCH
31	S131	0	4	Split131(4,2)	2	3	(0,1)	(1,0)	(1,0)	MATCH
31	S131	0	4	Split131(4,3)	2	3	(0,1)	(1,0)	(1,0)	MATCH
31	S131	0	4	Split131(4,4)	2	3	(0,1)	(1,0)	(1,0)	MATCH
31	G	0	0	Gather	2	4	(0,1)	(0,1)	is_split=false	MATCH
31	S14	0	0	Split14(0)	2	4	(0,1)	(1,2)	(1,2)	MATCH
31	S14	0	0	Split14(1)	2	4	(0,1)	(0,1)	fallback!=2	MATCH
31	S14	0	0	Split14(2)	2	4	(0,1)	(0,1)	fallback!=2	MATCH
31	S14	0	0	Split14(3)	2	4	(0,1)	(0,1)	fallback!=2	MATCH
31	S14	0	0	Split14(4)	2	4	(0,1)	(0,1)	fallback!=2	MATCH
31	S131	0	0	Split131(0,0)	2	4	(0,1)	(1,0)	(1,0)	MATCH
31	S131	0	0	Split131(0,1)	2	4	(0,1)	(1,0)	(1,0)	MATCH
31	S131	0	0	Split131(0,2)	2	4	(0,1)	(1,0)	(1,0)	MATCH
31	S131	0	0	Split131(0,3)	2	4	(0,1)	(1,0)	(1,0)	MATCH
31	S131	0	0	Split131(0,4)	2	4	(0,1)	(1,0)	(1,0)	MATCH
31	S131	0	0	Split131(1,0)	2	4	(0,1)	(1,2)	(1,2)	MATCH
31	S131	0	0	Split131(1,1)	2	4	(0,1)	(0,1)	(0,1)	MATCH
31	S131	0	0	Split131(1,2)	2	4	(0,1)	(0,1)	(0,1)	MATCH
31	S131	0	0	Split131(1,3)	2	4	(0,1)	(0,1)	(0,1)	MATCH
31	S131	0	0	Split131(1,4)	2	4	(0,1)	(0,1)	(0,1)	MATCH
31	S131	0	0	Split131(2,0)	2	4	(0,1)	(1,2)	(1,2)	MATCH
31	S131	0	0	Split131(2,1)	2	4	(0,1)	(0,1)	(0,1)	MATCH
31	S131	0	0	Split131(2,2)	2	4	(0,1)	(0,1)	(0,1)	MATCH
31	S131	0	0	Split131(2,3)	2	4	(0,1)	(0,1)	(0,1)	MATCH
31	S131	0	0	Split131(2,4)	2	4	(0,1)	(0,1)	(0,1)	MATCH
31	S131	0	0	Split131(3,0)	2	4	(0,1)	(1,2)	(1,2)	MATCH
31	S131	0	0	Split131(3,1)	2	4	(0,1)	(0,1)	(0,1)	MATCH
31	S131	0	0	Split131(3,2)	2	4	(0,1)	(0,1)	(0,1)	MATCH
31	S131	0	0	Split131(3,3)	2	4	(0,1)	(0,1)	(0,1)	MATCH
31	S131	0	0	Split131(3,4)	2	4	(0,1)	(0,1)	(0,1)	MATCH
31	S131	0	0	Split131(4,0)	2	4	(0,1)	(1,0)	(1,0)	MATCH
31	S131	0	0	Split131(4,1)	2	4	(0,1)	(0,1)	(0,1)	MATCH
31	S131	0	0	Split131(4,2)	2	4	(0,1)	(0,1)	(0,1)	MATCH
31	S131	0	0	Split131(4,3)	2	4	(0,1)	(0,1)	(0,1)	MATCH
31	S131	0	0	Split131(4,4)	2	4	(0,1)	(0,1)	(0,1)	MATCH
31	G	0	1	Gather	2	4	(0,1)	(0,1)	is_split=false	MATCH
31	S14	0	1	Split14(0)	2	4	(0,1)	(0,1)	fallback!=2	MATCH
31	S14	0	1	Split14(1)	2	4	(0,1)	(1,2)	(1,2)	MATCH
31	S14	0	1	Split14(2)	2	4	(0,1)	(0,1)	fallback!=2	MATCH
31	S14	0	1	Split14(3)	2	4	(0,1)	(0,1)	fallback!=2	MATCH
31	S14	0	1	Split14(4)	2	4	(0,1)	(0,1)	fallback!=2	MATCH
31	S131	0	1	Split131(0,0)	2	4	(0,1)	(0,1)	(0,1)	MATCH
31	S131	0	1	Split131(0,1)	2	4	(0,1)	(1,2)	(1,2)	MATCH
31	S131	0	1	Split131(0,2)	2	4	(0,1)	(0,1)	(0,1)	MATCH
31	S131	0	1	Split131(0,3)	2	4	(0,1)	(0,1)	(0,1)	MATCH
31	S131	0	1	Split131(0,4)	2	4	(0,1)	(0,1)	(0,1)	MATCH
31	S131	0	1	Split131(1,0)	2	4	(0,1)	(1,0)	(1,0)	MATCH
31	S131	0	1	Split131(1,1)	2	4	(0,1)	(1,0)	(1,0)	MATCH
31	S131	0	1	Split131(1,2)	2	4	(0,1)	(1,0)	(1,0)	MATCH
31	S131	0	1	Split131(1,3)	2	4	(0,1)	(1,0)	(1,0)	MATCH
31	S131	0	1	Split131(1,4)	2	4	(0,1)	(1,0)	(1,0)	MATCH
31	S131	0	1	Split131(2,0)	2	4	(0,1)	(0,1)	(0,1)	MATCH
31	S131	0	1	Split131(2,1)	2	4	(0,1)	(1,2)	(1,2)	MATCH
31	S131	0	1	Split131(2,2)	2	4	(0,1)	(0,1)	(0,1)	MATCH
31	S131	0	1	Split131(2,3)	2	4	(0,1)	(0,1)	(0,1)	MATCH
31	S131	0	1	Split131(2,4)	2	4	(0,1)	(0,1)	(0,1)	MATCH
31	S131	0	1	Split131(3,0)	2	4	(0,1)	(0,1)	(0,1)	MATCH
31	S131	0	1	Split131(3,1)	2	4	(0,1)	(1,2)	(1,2)	MATCH
31	S131	0	1	Split131(3,2)	2	4	(0,1)	(0,1)	(0,1)	MATCH
31	S131	0	1	Split131(3,3)	2	4	(0,1)	(0,1)	(0,1)	MATCH
31	S131	0	1	Split131(3,4)	2	4	(0,1)	(0,1)	(0,1)	MATCH
31	S131	0	1	Split131(4,0)	2	4	(0,1)	(0,1)	(0,1)	MATCH
31	S131	0	1	Split131(4,1)	2	4	(0,1)	(1,0)	(1,0)	MATCH
31	S131	0	1	Split131(4,2)	2	4	(0,1)	(0,1)	(0,1)	MATCH
31	S131	0	1	Split131(4,3)	2	4	(0,1)	(0,1)	(0,1)	MATCH
31	S131	0	1	Split131(4,4)	2	4	(0,1)	(0,1)	(0,1)	MATCH
31	G	0	2	Gather	2	4	(0,1)	(0,1)	is_split=false	MATCH
31	S14	0	2	Split14(0)	2	4	(0,1)	(0,1)	fallback!=2	MATCH
31	S14	0	2	Split14(1)	2	4	(0,1)	(0,1)	fallback!=2	MATCH
31	S14	0	2	Split14(2)	2	4	(0,1)	(1,2)	(1,2)	MATCH
31	S14	0	2	Split14(3)	2	4	(0,1)	(0,1)	fallback!=2	MATCH
31	S14	0	2	Split14(4)	2	4	(0,1)	(0,1)	fallback!=2	MATCH
31	S131	0	2	Split131(0,0)	2	4	(0,1)	(0,1)	(0,1)	MATCH
31	S131	0	2	Split131(0,1)	2	4	(0,1)	(0,1)	(0,1)	MATCH
31	S131	0	2	Split131(0,2)	2	4	(0,1)	(1,2)	(1,2)	MATCH
31	S131	0	2	Split131(0,3)	2	4	(0,1)	(0,1)	(0,1)	MATCH
31	S131	0	2	Split131(0,4)	2	4	(0,1)	(0,1)	(0,1)	MATCH
31	S131	0	2	Split131(1,0)	2	4	(0,1)	(0,1)	(0,1)	MATCH
31	S131	0	2	Split131(1,1)	2	4	(0,1)	(0,1)	(0,1)	MATCH
31	S131	0	2	Split131(1,2)	2	4	(0,1)	(1,2)	(1,2)	MATCH
31	S131	0	2	Split131(1,3)	2	4	(0,1)	(0,1)	(0,1)	MATCH
31	S131	0	2	Split131(1,4)	2	4	(0,1)	(0,1)	(0,1)	MATCH
31	S131	0	2	Split131(2,0)	2	4	(0,1)	(1,0)	(1,0)	MATCH
31	S131	0	2	Split131(2,1)	2	4	(0,1)	(1,0)	(1,0)	MATCH
31	S131	0	2	Split131(2,2)	2	4	(0,1)	(1,0)	(1,0)	MATCH
31	S131	0	2	Split131(2,3)	2	4	(0,1)	(1,0)	(1,0)	MATCH
31	S131	0	2	Split131(2,4)	2	4	(0,1)	(1,0)	(1,0)	MATCH
31	S131	0	2	Split131(3,0)	2	4	(0,1)	(0,1)	(0,1)	MATCH
31	S131	0	2	Split131(3,1)	2	4	(0,1)	(0,1)	(0,1)	MATCH
31	S131	0	2	Split131(3,2)	2	4	(0,1)	(1,2)	(1,2)	MATCH
31	S131	0	2	Split131(3,3)	2	4	(0,1)	(0,1)	(0,1)	MATCH
31	S131	0	2	Split131(3,4)	2	4	(0,1)	(0,1)	(0,1)	MATCH
31	S131	0	2	Split131(4,0)	2	4	(0,1)	(0,1)	(0,1)	MATCH
31	S131	0	2	Split131(4,1)	2	4	(0,1)	(0,1)	(0,1)	MATCH
31	S131	0	2	Split131(4,2)	2	4	(0,1)	(1,0)	(1,0)	MATCH
31	S131	0	2	Split131(4,3)	2	4	(0,1)	(0,1)	(0,1)	MATCH
31	S131	0	2	Split131(4,4)	2	4	(0,1)	(0,1)	(0,1)	MATCH
31	G	0	3	Gather	2	4	(0,1)	(0,1)	is_split=false	MATCH
31	S14	0	3	Split14(0)	2	4	(0,1)	(0,1)	fallback!=2	MATCH
31	S14	0	3	Split14(1)	2	4	(0,1)	(0,1)	fallback!=2	MATCH
31	S14	0	3	Split14(2)	2	4	(0,1)	(0,1)	fallback!=2	MATCH
31	S14	0	3	Split14(3)	2	4	(0,1)	(1,2)	(1,2)	MATCH
31	S14	0	3	Split14(4)	2	4	(0,1)	(0,1)	fallback!=2	MATCH
31	S131	0	3	Split131(0,0)	2	4	(0,1)	(0,1)	(0,1)	MATCH
31	S131	0	3	Split131(0,1)	2	4	(0,1)	(0,1)	(0,1)	MATCH
31	S131	0	3	Split131(0,2)	2	4	(0,1)	(0,1)	(0,1)	MATCH
31	S131	0	3	Split131(0,3)	2	4	(0,1)	(1,2)	(1,2)	MATCH
31	S131	0	3	Split131(0,4)	2	4	(0,1)	(0,1)	(0,1)	MATCH
31	S131	0	3	Split131(1,0)	2	4	(0,1)	(0,1)	(0,1)	MATCH
31	S131	0	3	Split131(1,1)	2	4	(0,1)	(0,1)	(0,1)	MATCH
31	S131	0	3	Split131(1,2)	2	4	(0,1)	(0,1)	(0,1)	MATCH
31	S131	0	3	Split131(1,3)	2	4	(0,1)	(1,2)	(1,2)	MATCH
31	S131	0	3	Split131(1,4)	2	4	(0,1)	(0,1)	(0,1)	MATCH
31	S131	0	3	Split131(2,0)	2	4	(0,1)	(0,1)	(0,1)	MATCH
31	S131	0	3	Split131(2,1)	2	4	(0,1)	(0,1)	(0,1)	MATCH
31	S131	0	3	Split131(2,2)	2	4	(0,1)	(0,1)	(0,1)	MATCH
31	S131	0	3	Split131(2,3)	2	4	(0,1)	(1,2)	(1,2)	MATCH
31	S131	0	3	Split131(2,4)	2	4	(0,1)	(0,1)	(0,1)	MATCH
31	S131	0	3	Split131(3,0)	2	4	(0,1)	(1,0)	(1,0)	MATCH
31	S131	0	3	Split131(3,1)	2	4	(0,1)	(1,0)	(1,0)	MATCH
31	S131	0	3	Split131(3,2)	2	4	(0,1)	(1,0)	(1,0)	MATCH
31	S131	0	3	Split131(3,3)	2	4	(0,1)	(1,0)	(1,0)	MATCH
31	S131	0	3	Split131(3,4)	2	4	(0,1)	(1,0)	(1,0)	MATCH
31	S131	0	3	Split131(4,0)	2	4	(0,1)	(0,1)	(0,1)	MATCH
31	S131	0	3	Split131(4,1)	2	4	(0,1)	(0,1)	(0,1)	MATCH
31	S131	0	3	Split131(4,2)	2	4	(0,1)	(0,1)	(0,1)	MATCH
31	S131	0	3	Split131(4,3)	2	4	(0,1)	(1,0)	(1,0)	MATCH
31	S131	0	3	Split131(4,4)	2	4	(0,1)	(0,1)	(0,1)	MATCH
31	G	0	4	Gather	2	4	(0,1)	(0,1)	is_split=false	MATCH
31	S14	0	4	Split14(0)	2	4	(0,1)	(0,1)	fallback!=2	MATCH
31	S14	0	4	Split14(1)	2	4	(0,1)	(0,1)	fallback!=2	MATCH
31	S14	0	4	Split14(2)	2	4	(0,1)	(0,1)	fallback!=2	MATCH
31	S14	0	4	Split14(3)	2	4	(0,1)	(0,1)	fallback!=2	MATCH
31	S14	0	4	Split14(4)	2	4	(0,1)	(1,2)	(1,2)	MATCH
31	S131	0	4	Split131(0,0)	2	4	(0,1)	(0,1)	(0,1)	MATCH
31	S131	0	4	Split131(0,1)	2	4	(0,1)	(0,1)	(0,1)	MATCH
31	S131	0	4	Split131(0,2)	2	4	(0,1)	(0,1)	(0,1)	MATCH
31	S131	0	4	Split131(0,3)	2	4	(0,1)	(0,1)	(0,1)	MATCH
31	S131	0	4	Split131(0,4)	2	4	(0,1)	(1,2)	(1,2)	MATCH
31	S131	0	4	Split131(1,0)	2	4	(0,1)	(0,1)	(0,1)	MATCH
31	S131	0	4	Split131(1,1)	2	4	(0,1)	(0,1)	(0,1)	MATCH
31	S131	0	4	Split131(1,2)	2	4	(0,1)	(0,1)	(0,1)	MATCH
31	S131	0	4	Split131(1,3)	2	4	(0,1)	(0,1)	(0,1)	MATCH
31	S131	0	4	Split131(1,4)	2	4	(0,1)	(1,2)	(1,2)	MATCH
31	S131	0	4	Split131(2,0)	2	4	(0,1)	(0,1)	(0,1)	MATCH
31	S131	0	4	Split131(2,1)	2	4	(0,1)	(0,1)	(0,1)	MATCH
31	S131	0	4	Split131(2,2)	2	4	(0,1)	(0,1)	(0,1)	MATCH
31	S131	0	4	Split131(2,3)	2	4	(0,1)	(0,1)	(0,1)	MATCH
31	S131	0	4	Split131(2,4)	2	4	(0,1)	(1,2)	(1,2)	MATCH
31	S131	0	4	Split131(3,0)	2	4	(0,1)	(0,1)	(0,1)	MATCH
31	S131	0	4	Split131(3,1)	2	4	(0,1)	(0,1)	(0,1)	MATCH
31	S131	0	4	Split131(3,2)	2	4	(0,1)	(0,1)	(0,1)	MATCH
31	S131	0	4	Split131(3,3)	2	4	(0,1)	(0,1)	(0,1)	MATCH
31	S131	0	4	Split131(3,4)	2	4	(0,1)	(1,2)	(1,2)	MATCH
31	S131	0	4	Split131(4,0)	2	4	(0,1)	(1,0)	(1,0)	MATCH
31	S131	0	4	Split131(4,1)	2	4	(0,1)	(1,0)	(1,0)	MATCH
31	S131	0	4	Split131(4,2)	2	4	(0,1)	(1,0)	(1,0)	MATCH
31	S131	0	4	Split131(4,3)	2	4	(0,1)	(1,0)	(1,0)	MATCH
31	S131	0	4	Split131(4,4)	2	4	(0,1)	(1,0)	(1,0)	MATCH
31	G	0	0	Gather	2	5	(0,1)	(0,1)	is_split=false	MATCH
31	S14	0	0	Split14(0)	2	5	(0,1)	(1,2)	(1,2)	MATCH
31	S14	0	0	Split14(1)	2	5	(0,1)	(0,1)	fallback!=2	MATCH
31	S14	0	0	Split14(2)	2	5	(0,1)	(0,1)	fallback!=2	MATCH
31	S14	0	0	Split14(3)	2	5	(0,1)	(0,1)	fallback!=2	MATCH
31	S14	0	0	Split14(4)	2	5	(0,1)	(0,1)	fallback!=2	MATCH
31	S131	0	0	Split131(0,0)	2	5	(0,1)	(1,0)	(1,0)	MATCH
31	S131	0	0	Split131(0,1)	2	5	(0,1)	(1,0)	(1,0)	MATCH
31	S131	0	0	Split131(0,2)	2	5	(0,1)	(1,0)	(1,0)	MATCH
31	S131	0	0	Split131(0,3)	2	5	(0,1)	(1,0)	(1,0)	MATCH
31	S131	0	0	Split131(0,4)	2	5	(0,1)	(1,0)	(1,0)	MATCH
31	S131	0	0	Split131(1,0)	2	5	(0,1)	(1,2)	(1,2)	MATCH
31	S131	0	0	Split131(1,1)	2	5	(0,1)	(0,1)	(0,1)	MATCH
31	S131	0	0	Split131(1,2)	2	5	(0,1)	(0,1)	(0,1)	MATCH
31	S131	0	0	Split131(1,3)	2	5	(0,1)	(0,1)	(0,1)	MATCH
31	S131	0	0	Split131(1,4)	2	5	(0,1)	(0,1)	(0,1)	MATCH
31	S131	0	0	Split131(2,0)	2	5	(0,1)	(1,2)	(1,2)	MATCH
31	S131	0	0	Split131(2,1)	2	5	(0,1)	(0,1)	(0,1)	MATCH
31	S131	0	0	Split131(2,2)	2	5	(0,1)	(0,1)	(0,1)	MATCH
31	S131	0	0	Split131(2,3)	2	5	(0,1)	(0,1)	(0,1)	MATCH
31	S131	0	0	Split131(2,4)	2	5	(0,1)	(0,1)	(0,1)	MATCH
31	S131	0	0	Split131(3,0)	2	5	(0,1)	(1,2)	(1,2)	MATCH
31	S131	0	0	Split131(3,1)	2	5	(0,1)	(0,1)	(0,1)	MATCH
31	S131	0	0	Split131(3,2)	2	5	(0,1)	(0,1)	(0,1)	MATCH
31	S131	0	0	Split131(3,3)	2	5	(0,1)	(0,1)	(0,1)	MATCH
31	S131	0	0	Split131(3,4)	2	5	(0,1)	(0,1)	(0,1)	MATCH
31	S131	0	0	Split131(4,0)	2	5	(0,1)	(1,2)	(1,2)	MATCH
31	S131	0	0	Split131(4,1)	2	5	(0,1)	(0,1)	(0,1)	MATCH
31	S131	0	0	Split131(4,2)	2	5	(0,1)	(0,1)	(0,1)	MATCH
31	S131	0	0	Split131(4,3)	2	5	(0,1)	(0,1)	(0,1)	MATCH
31	S131	0	0	Split131(4,4)	2	5	(0,1)	(0,1)	(0,1)	MATCH
31	G	0	1	Gather	2	5	(0,1)	(0,1)	is_split=false	MATCH
31	S14	0	1	Split14(0)	2	5	(0,1)	(0,1)	fallback!=2	MATCH
31	S14	0	1	Split14(1)	2	5	(0,1)	(1,2)	(1,2)	MATCH
31	S14	0	1	Split14(2)	2	5	(0,1)	(0,1)	fallback!=2	MATCH
31	S14	0	1	Split14(3)	2	5	(0,1)	(0,1)	fallback!=2	MATCH
31	S14	0	1	Split14(4)	2	5	(0,1)	(0,1)	fallback!=2	MATCH
31	S131	0	1	Split131(0,0)	2	5	(0,1)	(0,1)	(0,1)	MATCH
31	S131	0	1	Split131(0,1)	2	5	(0,1)	(1,2)	(1,2)	MATCH
31	S131	0	1	Split131(0,2)	2	5	(0,1)	(0,1)	(0,1)	MATCH
31	S131	0	1	Split131(0,3)	2	5	(0,1)	(0,1)	(0,1)	MATCH
31	S131	0	1	Split131(0,4)	2	5	(0,1)	(0,1)	(0,1)	MATCH
31	S131	0	1	Split131(1,0)	2	5	(0,1)	(1,0)	(1,0)	MATCH
31	S131	0	1	Split131(1,1)	2	5	(0,1)	(1,0)	(1,0)	MATCH
31	S131	0	1	Split131(1,2)	2	5	(0,1)	(1,0)	(1,0)	MATCH
31	S131	0	1	Split131(1,3)	2	5	(0,1)	(1,0)	(1,0)	MATCH
31	S131	0	1	Split131(1,4)	2	5	(0,1)	(1,0)	(1,0)	MATCH
31	S131	0	1	Split131(2,0)	2	5	(0,1)	(0,1)	(0,1)	MATCH
31	S131	0	1	Split131(2,1)	2	5	(0,1)	(1,2)	(1,2)	MATCH
31	S131	0	1	Split131(2,2)	2	5	(0,1)	(0,1)	(0,1)	MATCH
31	S131	0	1	Split131(2,3)	2	5	(0,1)	(0,1)	(0,1)	MATCH
31	S131	0	1	Split131(2,4)	2	5	(0,1)	(0,1)	(0,1)	MATCH
31	S131	0	1	Split131(3,0)	2	5	(0,1)	(0,1)	(0,1)	MATCH
31	S131	0	1	Split131(3,1)	2	5	(0,1)	(1,2)	(1,2)	MATCH
31	S131	0	1	Split131(3,2)	2	5	(0,1)	(0,1)	(0,1)	MATCH
31	S131	0	1	Split131(3,3)	2	5	(0,1)	(0,1)	(0,1)	MATCH
31	S131	0	1	Split131(3,4)	2	5	(0,1)	(0,1)	(0,1)	MATCH
31	S131	0	1	Split131(4,0)	2	5	(0,1)	(0,1)	(0,1)	MATCH
31	S131	0	1	Split131(4,1)	2	5	(0,1)	(1,2)	(1,2)	MATCH
31	S131	0	1	Split131(4,2)	2	5	(0,1)	(0,1)	(0,1)	MATCH
31	S131	0	1	Split131(4,3)	2	5	(0,1)	(0,1)	(0,1)	MATCH
31	S131	0	1	Split131(4,4)	2	5	(0,1)	(0,1)	(0,1)	MATCH
31	G	0	2	Gather	2	5	(0,1)	(0,1)	is_split=false	MATCH
31	S14	0	2	Split14(0)	2	5	(0,1)	(0,1)	fallback!=2	MATCH
31	S14	0	2	Split14(1)	2	5	(0,1)	(0,1)	fallback!=2	MATCH
31	S14	0	2	Split14(2)	2	5	(0,1)	(1,2)	(1,2)	MATCH
31	S14	0	2	Split14(3)	2	5	(0,1)	(0,1)	fallback!=2	MATCH
31	S14	0	2	Split14(4)	2	5	(0,1)	(0,1)	fallback!=2	MATCH
31	S131	0	2	Split131(0,0)	2	5	(0,1)	(0,1)	(0,1)	MATCH
31	S131	0	2	Split131(0,1)	2	5	(0,1)	(0,1)	(0,1)	MATCH
31	S131	0	2	Split131(0,2)	2	5	(0,1)	(1,2)	(1,2)	MATCH
31	S131	0	2	Split131(0,3)	2	5	(0,1)	(0,1)	(0,1)	MATCH
31	S131	0	2	Split131(0,4)	2	5	(0,1)	(0,1)	(0,1)	MATCH
31	S131	0	2	Split131(1,0)	2	5	(0,1)	(0,1)	(0,1)	MATCH
31	S131	0	2	Split131(1,1)	2	5	(0,1)	(0,1)	(0,1)	MATCH
31	S131	0	2	Split131(1,2)	2	5	(0,1)	(1,2)	(1,2)	MATCH
31	S131	0	2	Split131(1,3)	2	5	(0,1)	(0,1)	(0,1)	MATCH
31	S131	0	2	Split131(1,4)	2	5	(0,1)	(0,1)	(0,1)	MATCH
31	S131	0	2	Split131(2,0)	2	5	(0,1)	(1,0)	(1,0)	MATCH
31	S131	0	2	Split131(2,1)	2	5	(0,1)	(1,0)	(1,0)	MATCH
31	S131	0	2	Split131(2,2)	2	5	(0,1)	(1,0)	(1,0)	MATCH
31	S131	0	2	Split131(2,3)	2	5	(0,1)	(1,0)	(1,0)	MATCH
31	S131	0	2	Split131(2,4)	2	5	(0,1)	(1,0)	(1,0)	MATCH
31	S131	0	2	Split131(3,0)	2	5	(0,1)	(0,1)	(0,1)	MATCH
31	S131	0	2	Split131(3,1)	2	5	(0,1)	(0,1)	(0,1)	MATCH
31	S131	0	2	Split131(3,2)	2	5	(0,1)	(1,2)	(1,2)	MATCH
31	S131	0	2	Split131(3,3)	2	5	(0,1)	(0,1)	(0,1)	MATCH
31	S131	0	2	Split131(3,4)	2	5	(0,1)	(0,1)	(0,1)	MATCH
31	S131	0	2	Split131(4,0)	2	5	(0,1)	(0,1)	(0,1)	MATCH
31	S131	0	2	Split131(4,1)	2	5	(0,1)	(0,1)	(0,1)	MATCH
31	S131	0	2	Split131(4,2)	2	5	(0,1)	(1,2)	(1,2)	MATCH
31	S131	0	2	Split131(4,3)	2	5	(0,1)	(0,1)	(0,1)	MATCH
31	S131	0	2	Split131(4,4)	2	5	(0,1)	(0,1)	(0,1)	MATCH
31	G	0	3	Gather	2	5	(0,1)	(0,1)	is_split=false	MATCH
31	S14	0	3	Split14(0)	2	5	(0,1)	(0,1)	fallback!=2	MATCH
31	S14	0	3	Split14(1)	2	5	(0,1)	(0,1)	fallback!=2	MATCH
31	S14	0	3	Split14(2)	2	5	(0,1)	(0,1)	fallback!=2	MATCH
31	S14	0	3	Split14(3)	2	5	(0,1)	(1,2)	(1,2)	MATCH
31	S14	0	3	Split14(4)	2	5	(0,1)	(0,1)	fallback!=2	MATCH
31	S131	0	3	Split131(0,0)	2	5	(0,1)	(0,1)	(0,1)	MATCH
31	S131	0	3	Split131(0,1)	2	5	(0,1)	(0,1)	(0,1)	MATCH
31	S131	0	3	Split131(0,2)	2	5	(0,1)	(0,1)	(0,1)	MATCH
31	S131	0	3	Split131(0,3)	2	5	(0,1)	(1,2)	(1,2)	MATCH
31	S131	0	3	Split131(0,4)	2	5	(0,1)	(0,1)	(0,1)	MATCH
31	S131	0	3	Split131(1,0)	2	5	(0,1)	(0,1)	(0,1)	MATCH
31	S131	0	3	Split131(1,1)	2	5	(0,1)	(0,1)	(0,1)	MATCH
31	S131	0	3	Split131(1,2)	2	5	(0,1)	(0,1)	(0,1)	MATCH
31	S131	0	3	Split131(1,3)	2	5	(0,1)	(1,2)	(1,2)	MATCH
31	S131	0	3	Split131(1,4)	2	5	(0,1)	(0,1)	(0,1)	MATCH
31	S131	0	3	Split131(2,0)	2	5	(0,1)	(0,1)	(0,1)	MATCH
31	S131	0	3	Split131(2,1)	2	5	(0,1)	(0,1)	(0,1)	MATCH
31	S131	0	3	Split131(2,2)	2	5	(0,1)	(0,1)	(0,1)	MATCH
31	S131	0	3	Split131(2,3)	2	5	(0,1)	(1,2)	(1,2)	MATCH
31	S131	0	3	Split131(2,4)	2	5	(0,1)	(0,1)	(0,1)	MATCH
31	S131	0	3	Split131(3,0)	2	5	(0,1)	(1,0)	(1,0)	MATCH
31	S131	0	3	Split131(3,1)	2	5	(0,1)	(1,0)	(1,0)	MATCH
31	S131	0	3	Split131(3,2)	2	5	(0,1)	(1,0)	(1,0)	MATCH
31	S131	0	3	Split131(3,3)	2	5	(0,1)	(1,0)	(1,0)	MATCH
31	S131	0	3	Split131(3,4)	2	5	(0,1)	(1,0)	(1,0)	MATCH
31	S131	0	3	Split131(4,0)	2	5	(0,1)	(0,1)	(0,1)	MATCH
31	S131	0	3	Split131(4,1)	2	5	(0,1)	(0,1)	(0,1)	MATCH
31	S131	0	3	Split131(4,2)	2	5	(0,1)	(0,1)	(0,1)	MATCH
31	S131	0	3	Split131(4,3)	2	5	(0,1)	(1,2)	(1,2)	MATCH
31	S131	0	3	Split131(4,4)	2	5	(0,1)	(0,1)	(0,1)	MATCH
31	G	0	4	Gather	2	5	(0,1)	(0,1)	is_split=false	MATCH
31	S14	0	4	Split14(0)	2	5	(0,1)	(0,1)	fallback!=2	MATCH
31	S14	0	4	Split14(1)	2	5	(0,1)	(0,1)	fallback!=2	MATCH
31	S14	0	4	Split14(2)	2	5	(0,1)	(0,1)	fallback!=2	MATCH
31	S14	0	4	Split14(3)	2	5	(0,1)	(0,1)	fallback!=2	MATCH
31	S14	0	4	Split14(4)	2	5	(0,1)	(1,2)	(1,2)	MATCH
31	S131	0	4	Split131(0,0)	2	5	(0,1)	(0,1)	(0,1)	MATCH
31	S131	0	4	Split131(0,1)	2	5	(0,1)	(0,1)	(0,1)	MATCH
31	S131	0	4	Split131(0,2)	2	5	(0,1)	(0,1)	(0,1)	MATCH
31	S131	0	4	Split131(0,3)	2	5	(0,1)	(0,1)	(0,1)	MATCH
31	S131	0	4	Split131(0,4)	2	5	(0,1)	(1,2)	(1,2)	MATCH
31	S131	0	4	Split131(1,0)	2	5	(0,1)	(0,1)	(0,1)	MATCH
31	S131	0	4	Split131(1,1)	2	5	(0,1)	(0,1)	(0,1)	MATCH
31	S131	0	4	Split131(1,2)	2	5	(0,1)	(0,1)	(0,1)	MATCH
31	S131	0	4	Split131(1,3)	2	5	(0,1)	(0,1)	(0,1)	MATCH
31	S131	0	4	Split131(1,4)	2	5	(0,1)	(1,2)	(1,2)	MATCH
31	S131	0	4	Split131(2,0)	2	5	(0,1)	(0,1)	(0,1)	MATCH
31	S131	0	4	Split131(2,1)	2	5	(0,1)	(0,1)	(0,1)	MATCH
31	S131	0	4	Split131(2,2)	2	5	(0,1)	(0,1)	(0,1)	MATCH
31	S131	0	4	Split131(2,3)	2	5	(0,1)	(0,1)	(0,1)	MATCH
31	S131	0	4	Split131(2,4)	2	5	(0,1)	(1,2)	(1,2)	MATCH
31	S131	0	4	Split131(3,0)	2	5	(0,1)	(0,1)	(0,1)	MATCH
31	S131	0	4	Split131(3,1)	2	5	(0,1)	(0,1)	(0,1)	MATCH
31	S131	0	4	Split131(3,2)	2	5	(0,1)	(0,1)	(0,1)	MATCH
31	S131	0	4	Split131(3,3)	2	5	(0,1)	(0,1)	(0,1)	MATCH
31	S131	0	4	Split131(3,4)	2	5	(0,1)	(1,2)	(1,2)	MATCH
31	S131	0	4	Split131(4,0)	2	5	(0,1)	(1,0)	(1,0)	MATCH
31	S131	0	4	Split131(4,1)	2	5	(0,1)	(1,0)	(1,0)	MATCH
31	S131	0	4	Split131(4,2)	2	5	(0,1)	(1,0)	(1,0)	MATCH
31	S131	0	4	Split131(4,3)	2	5	(0,1)	(1,0)	(1,0)	MATCH
31	S131	0	4	Split131(4,4)	2	5	(0,1)	(1,0)	(1,0)	MATCH
31	G	1	0	Gather	2	0	(0,1)	(0,1)	is_split=false	MATCH
31	S14	1	0	Split14(0)	2	0	(0,1)	(1,2)	(1,2)	MATCH
31	S14	1	0	Split14(1)	2	0	(0,1)	(0,1)	fallback!=2	MATCH
31	S14	1	0	Split14(2)	2	0	(0,1)	(0,1)	fallback!=2	MATCH
31	S14	1	0	Split14(3)	2	0	(0,1)	(0,1)	fallback!=2	MATCH
31	S14	1	0	Split14(4)	2	0	(0,1)	(0,1)	fallback!=2	MATCH
31	S131	1	0	Split131(0,0)	2	0	(0,1)	(1,0)	(1,0)	MATCH
31	S131	1	0	Split131(0,1)	2	0	(0,1)	(1,0)	(1,0)	MATCH
31	S131	1	0	Split131(0,2)	2	0	(0,1)	(1,0)	(1,0)	MATCH
31	S131	1	0	Split131(0,3)	2	0	(0,1)	(1,0)	(1,0)	MATCH
31	S131	1	0	Split131(0,4)	2	0	(0,1)	(1,0)	(1,0)	MATCH
31	S131	1	0	Split131(1,0)	2	0	(0,1)	(1,2)	(1,2)	MATCH
31	S131	1	0	Split131(1,1)	2	0	(0,1)	(0,1)	(0,1)	MATCH
31	S131	1	0	Split131(1,2)	2	0	(0,1)	(0,1)	(0,1)	MATCH
31	S131	1	0	Split131(1,3)	2	0	(0,1)	(0,1)	(0,1)	MATCH
31	S131	1	0	Split131(1,4)	2	0	(0,1)	(0,1)	(0,1)	MATCH
31	S131	1	0	Split131(2,0)	2	0	(0,1)	(1,2)	(1,2)	MATCH
31	S131	1	0	Split131(2,1)	2	0	(0,1)	(0,1)	(0,1)	MATCH
31	S131	1	0	Split131(2,2)	2	0	(0,1)	(0,1)	(0,1)	MATCH
31	S131	1	0	Split131(2,3)	2	0	(0,1)	(0,1)	(0,1)	MATCH
31	S131	1	0	Split131(2,4)	2	0	(0,1)	(0,1)	(0,1)	MATCH
31	S131	1	0	Split131(3,0)	2	0	(0,1)	(1,2)	(1,2)	MATCH
31	S131	1	0	Split131(3,1)	2	0	(0,1)	(0,1)	(0,1)	MATCH
31	S131	1	0	Split131(3,2)	2	0	(0,1)	(0,1)	(0,1)	MATCH
31	S131	1	0	Split131(3,3)	2	0	(0,1)	(0,1)	(0,1)	MATCH
31	S131	1	0	Split131(3,4)	2	0	(0,1)	(0,1)	(0,1)	MATCH
31	S131	1	0	Split131(4,0)	2	0	(0,1)	(1,2)	(1,2)	MATCH
31	S131	1	0	Split131(4,1)	2	0	(0,1)	(0,1)	(0,1)	MATCH
31	S131	1	0	Split131(4,2)	2	0	(0,1)	(0,1)	(0,1)	MATCH
31	S131	1	0	Split131(4,3)	2	0	(0,1)	(0,1)	(0,1)	MATCH
31	S131	1	0	Split131(4,4)	2	0	(0,1)	(0,1)	(0,1)	MATCH
31	G	1	1	Gather	2	0	(0,1)	(0,1)	is_split=false	MATCH
31	S14	1	1	Split14(0)	2	0	(0,1)	(0,1)	fallback!=2	MATCH
31	S14	1	1	Split14(1)	2	0	(0,1)	(1,2)	(1,2)	MATCH
31	S14	1	1	Split14(2)	2	0	(0,1)	(0,1)	fallback!=2	MATCH
31	S14	1	1	Split14(3)	2	0	(0,1)	(0,1)	fallback!=2	MATCH
31	S14	1	1	Split14(4)	2	0	(0,1)	(0,1)	fallback!=2	MATCH
31	S131	1	1	Split131(0,0)	2	0	(0,1)	(0,1)	(0,1)	MATCH
31	S131	1	1	Split131(0,1)	2	0	(0,1)	(1,0)	(1,0)	MATCH
31	S131	1	1	Split131(0,2)	2	0	(0,1)	(0,1)	(0,1)	MATCH
31	S131	1	1	Split131(0,3)	2	0	(0,1)	(0,1)	(0,1)	MATCH
31	S131	1	1	Split131(0,4)	2	0	(0,1)	(0,1)	(0,1)	MATCH
31	S131	1	1	Split131(1,0)	2	0	(0,1)	(1,0)	(1,0)	MATCH
31	S131	1	1	Split131(1,1)	2	0	(0,1)	(1,0)	(1,0)	MATCH
31	S131	1	1	Split131(1,2)	2	0	(0,1)	(1,0)	(1,0)	MATCH
31	S131	1	1	Split131(1,3)	2	0	(0,1)	(1,0)	(1,0)	MATCH
31	S131	1	1	Split131(1,4)	2	0	(0,1)	(1,0)	(1,0)	MATCH
31	S131	1	1	Split131(2,0)	2	0	(0,1)	(0,1)	(0,1)	MATCH
31	S131	1	1	Split131(2,1)	2	0	(0,1)	(1,2)	(1,2)	MATCH
31	S131	1	1	Split131(2,2)	2	0	(0,1)	(0,1)	(0,1)	MATCH
31	S131	1	1	Split131(2,3)	2	0	(0,1)	(0,1)	(0,1)	MATCH
31	S131	1	1	Split131(2,4)	2	0	(0,1)	(0,1)	(0,1)	MATCH
31	S131	1	1	Split131(3,0)	2	0	(0,1)	(0,1)	(0,1)	MATCH
31	S131	1	1	Split131(3,1)	2	0	(0,1)	(1,2)	(1,2)	MATCH
31	S131	1	1	Split131(3,2)	2	0	(0,1)	(0,1)	(0,1)	MATCH
31	S131	1	1	Split131(3,3)	2	0	(0,1)	(0,1)	(0,1)	MATCH
31	S131	1	1	Split131(3,4)	2	0	(0,1)	(0,1)	(0,1)	MATCH
31	S131	1	1	Split131(4,0)	2	0	(0,1)	(0,1)	(0,1)	MATCH
31	S131	1	1	Split131(4,1)	2	0	(0,1)	(1,2)	(1,2)	MATCH
31	S131	1	1	Split131(4,2)	2	0	(0,1)	(0,1)	(0,1)	MATCH
31	S131	1	1	Split131(4,3)	2	0	(0,1)	(0,1)	(0,1)	MATCH
31	S131	1	1	Split131(4,4)	2	0	(0,1)	(0,1)	(0,1)	MATCH
31	G	1	2	Gather	2	0	(0,1)	(0,1)	is_split=false	MATCH
31	S14	1	2	Split14(0)	2	0	(0,1)	(0,1)	fallback!=2	MATCH
31	S14	1	2	Split14(1)	2	0	(0,1)	(0,1)	fallback!=2	MATCH
31	S14	1	2	Split14(2)	2	0	(0,1)	(1,2)	(1,2)	MATCH
31	S14	1	2	Split14(3)	2	0	(0,1)	(0,1)	fallback!=2	MATCH
31	S14	1	2	Split14(4)	2	0	(0,1)	(0,1)	fallback!=2	MATCH
31	S131	1	2	Split131(0,0)	2	0	(0,1)	(0,1)	(0,1)	MATCH
31	S131	1	2	Split131(0,1)	2	0	(0,1)	(0,1)	(0,1)	MATCH
31	S131	1	2	Split131(0,2)	2	0	(0,1)	(1,0)	(1,0)	MATCH
31	S131	1	2	Split131(0,3)	2	0	(0,1)	(0,1)	(0,1)	MATCH
31	S131	1	2	Split131(0,4)	2	0	(0,1)	(0,1)	(0,1)	MATCH
31	S131	1	2	Split131(1,0)	2	0	(0,1)	(0,1)	(0,1)	MATCH
31	S131	1	2	Split131(1,1)	2	0	(0,1)	(0,1)	(0,1)	MATCH
31	S131	1	2	Split131(1,2)	2	0	(0,1)	(1,2)	(1,2)	MATCH
31	S131	1	2	Split131(1,3)	2	0	(0,1)	(0,1)	(0,1)	MATCH
31	S131	1	2	Split131(1,4)	2	0	(0,1)	(0,1)	(0,1)	MATCH
31	S131	1	2	Split131(2,0)	2	0	(0,1)	(1,0)	(1,0)	MATCH
31	S131	1	2	Split131(2,1)	2	0	(0,1)	(1,0)	(1,0)	MATCH
31	S131	1	2	Split131(2,2)	2	0	(0,1)	(1,0)	(1,0)	MATCH
31	S131	1	2	Split131(2,3)	2	0	(0,1)	(1,0)	(1,0)	MATCH
31	S131	1	2	Split131(2,4)	2	0	(0,1)	(1,0)	(1,0)	MATCH
31	S131	1	2	Split131(3,0)	2	0	(0,1)	(0,1)	(0,1)	MATCH
31	S131	1	2	Split131(3,1)	2	0	(0,1)	(0,1)	(0,1)	MATCH
31	S131	1	2	Split131(3,2)	2	0	(0,1)	(1,2)	(1,2)	MATCH
31	S131	1	2	Split131(3,3)	2	0	(0,1)	(0,1)	(0,1)	MATCH
31	S131	1	2	Split131(3,4)	2	0	(0,1)	(0,1)	(0,1)	MATCH
31	S131	1	2	Split131(4,0)	2	0	(0,1)	(0,1)	(0,1)	MATCH
31	S131	1	2	Split131(4,1)	2	0	(0,1)	(0,1)	(0,1)	MATCH
31	S131	1	2	Split131(4,2)	2	0	(0,1)	(1,2)	(1,2)	MATCH
31	S131	1	2	Split131(4,3)	2	0	(0,1)	(0,1)	(0,1)	MATCH
31	S131	1	2	Split131(4,4)	2	0	(0,1)	(0,1)	(0,1)	MATCH
31	G	1	3	Gather	2	0	(0,1)	(0,1)	is_split=false	MATCH
31	S14	1	3	Split14(0)	2	0	(0,1)	(0,1)	fallback!=2	MATCH
31	S14	1	3	Split14(1)	2	0	(0,1)	(0,1)	fallback!=2	MATCH
31	S14	1	3	Split14(2)	2	0	(0,1)	(0,1)	fallback!=2	MATCH
31	S14	1	3	Split14(3)	2	0	(0,1)	(1,2)	(1,2)	MATCH
31	S14	1	3	Split14(4)	2	0	(0,1)	(0,1)	fallback!=2	MATCH
31	S131	1	3	Split131(0,0)	2	0	(0,1)	(0,1)	(0,1)	MATCH
31	S131	1	3	Split131(0,1)	2	0	(0,1)	(0,1)	(0,1)	MATCH
31	S131	1	3	Split131(0,2)	2	0	(0,1)	(0,1)	(0,1)	MATCH
31	S131	1	3	Split131(0,3)	2	0	(0,1)	(1,0)	(1,0)	MATCH
31	S131	1	3	Split131(0,4)	2	0	(0,1)	(0,1)	(0,1)	MATCH
31	S131	1	3	Split131(1,0)	2	0	(0,1)	(0,1)	(0,1)	MATCH
31	S131	1	3	Split131(1,1)	2	0	(0,1)	(0,1)	(0,1)	MATCH
31	S131	1	3	Split131(1,2)	2	0	(0,1)	(0,1)	(0,1)	MATCH
31	S131	1	3	Split131(1,3)	2	0	(0,1)	(1,2)	(1,2)	MATCH
31	S131	1	3	Split131(1,4)	2	0	(0,1)	(0,1)	(0,1)	MATCH
31	S131	1	3	Split131(2,0)	2	0	(0,1)	(0,1)	(0,1)	MATCH
31	S131	1	3	Split131(2,1)	2	0	(0,1)	(0,1)	(0,1)	MATCH
31	S131	1	3	Split131(2,2)	2	0	(0,1)	(0,1)	(0,1)	MATCH
31	S131	1	3	Split131(2,3)	2	0	(0,1)	(1,2)	(1,2)	MATCH
31	S131	1	3	Split131(2,4)	2	0	(0,1)	(0,1)	(0,1)	MATCH
31	S131	1	3	Split131(3,0)	2	0	(0,1)	(1,0)	(1,0)	MATCH
31	S131	1	3	Split131(3,1)	2	0	(0,1)	(1,0)	(1,0)	MATCH
31	S131	1	3	Split131(3,2)	2	0	(0,1)	(1,0)	(1,0)	MATCH
31	S131	1	3	Split131(3,3)	2	0	(0,1)	(1,0)	(1,0)	MATCH
31	S131	1	3	Split131(3,4)	2	0	(0,1)	(1,0)	(1,0)	MATCH
31	S131	1	3	Split131(4,0)	2	0	(0,1)	(0,1)	(0,1)	MATCH
31	S131	1	3	Split131(4,1)	2	0	(0,1)	(0,1)	(0,1)	MATCH
31	S131	1	3	Split131(4,2)	2	0	(0,1)	(0,1)	(0,1)	MATCH
31	S131	1	3	Split131(4,3)	2	0	(0,1)	(1,2)	(1,2)	MATCH
31	S131	1	3	Split131(4,4)	2	0	(0,1)	(0,1)	(0,1)	MATCH
31	G	1	4	Gather	2	0	(0,1)	(0,1)	is_split=false	MATCH
31	S14	1	4	Split14(0)	2	0	(0,1)	(0,1)	fallback!=2	MATCH
31	S14	1	4	Split14(1)	2	0	(0,1)	(0,1)	fallback!=2	MATCH
31	S14	1	4	Split14(2)	2	0	(0,1)	(0,1)	fallback!=2	MATCH
31	S14	1	4	Split14(3)	2	0	(0,1)	(0,1)	fallback!=2	MATCH
31	S14	1	4	Split14(4)	2	0	(0,1)	(1,2)	(1,2)	MATCH
31	S131	1	4	Split131(0,0)	2	0	(0,1)	(0,1)	(0,1)	MATCH
31	S131	1	4	Split131(0,1)	2	0	(0,1)	(0,1)	(0,1)	MATCH
31	S131	1	4	Split131(0,2)	2	0	(0,1)	(0,1)	(0,1)	MATCH
31	S131	1	4	Split131(0,3)	2	0	(0,1)	(0,1)	(0,1)	MATCH
31	S131	1	4	Split131(0,4)	2	0	(0,1)	(1,0)	(1,0)	MATCH
31	S131	1	4	Split131(1,0)	2	0	(0,1)	(0,1)	(0,1)	MATCH
31	S131	1	4	Split131(1,1)	2	0	(0,1)	(0,1)	(0,1)	MATCH
31	S131	1	4	Split131(1,2)	2	0	(0,1)	(0,1)	(0,1)	MATCH
31	S131	1	4	Split131(1,3)	2	0	(0,1)	(0,1)	(0,1)	MATCH
31	S131	1	4	Split131(1,4)	2	0	(0,1)	(1,2)	(1,2)	MATCH
31	S131	1	4	Split131(2,0)	2	0	(0,1)	(0,1)	(0,1)	MATCH
31	S131	1	4	Split131(2,1)	2	0	(0,1)	(0,1)	(0,1)	MATCH
31	S131	1	4	Split131(2,2)	2	0	(0,1)	(0,1)	(0,1)	MATCH
31	S131	1	4	Split131(2,3)	2	0	(0,1)	(0,1)	(0,1)	MATCH
31	S131	1	4	Split131(2,4)	2	0	(0,1)	(1,2)	(1,2)	MATCH
31	S131	1	4	Split131(3,0)	2	0	(0,1)	(0,1)	(0,1)	MATCH
31	S131	1	4	Split131(3,1)	2	0	(0,1)	(0,1)	(0,1)	MATCH
31	S131	1	4	Split131(3,2)	2	0	(0,1)	(0,1)	(0,1)	MATCH
31	S131	1	4	Split131(3,3)	2	0	(0,1)	(0,1)	(0,1)	MATCH
31	S131	1	4	Split131(3,4)	2	0	(0,1)	(1,2)	(1,2)	MATCH
31	S131	1	4	Split131(4,0)	2	0	(0,1)	(1,0)	(1,0)	MATCH
31	S131	1	4	Split131(4,1)	2	0	(0,1)	(1,0)	(1,0)	MATCH
31	S131	1	4	Split131(4,2)	2	0	(0,1)	(1,0)	(1,0)	MATCH
31	S131	1	4	Split131(4,3)	2	0	(0,1)	(1,0)	(1,0)	MATCH
31	S131	1	4	Split131(4,4)	2	0	(0,1)	(1,0)	(1,0)	MATCH
31	G	1	0	Gather	2	1	(0,1)	(0,1)	is_split=false	MATCH
31	S14	1	0	Split14(0)	2	1	(0,1)	(1,2)	(1,2)	MATCH
31	S14	1	0	Split14(1)	2	1	(0,1)	(0,1)	fallback!=2	MATCH
31	S14	1	0	Split14(2)	2	1	(0,1)	(0,1)	fallback!=2	MATCH
31	S14	1	0	Split14(3)	2	1	(0,1)	(0,1)	fallback!=2	MATCH
31	S14	1	0	Split14(4)	2	1	(0,1)	(0,1)	fallback!=2	MATCH
31	S131	1	0	Split131(0,0)	2	1	(0,1)	(1,0)	(1,0)	MATCH
31	S131	1	0	Split131(0,1)	2	1	(0,1)	(1,0)	(1,0)	MATCH
31	S131	1	0	Split131(0,2)	2	1	(0,1)	(1,0)	(1,0)	MATCH
31	S131	1	0	Split131(0,3)	2	1	(0,1)	(1,0)	(1,0)	MATCH
31	S131	1	0	Split131(0,4)	2	1	(0,1)	(1,0)	(1,0)	MATCH
31	S131	1	0	Split131(1,0)	2	1	(0,1)	(1,0)	(1,0)	MATCH
31	S131	1	0	Split131(1,1)	2	1	(0,1)	(0,1)	(0,1)	MATCH
31	S131	1	0	Split131(1,2)	2	1	(0,1)	(0,1)	(0,1)	MATCH
31	S131	1	0	Split131(1,3)	2	1	(0,1)	(0,1)	(0,1)	MATCH
31	S131	1	0	Split131(1,4)	2	1	(0,1)	(0,1)	(0,1)	MATCH
31	S131	1	0	Split131(2,0)	2	1	(0,1)	(1,2)	(1,2)	MATCH
31	S131	1	0	Split131(2,1)	2	1	(0,1)	(0,1)	(0,1)	MATCH
31	S131	1	0	Split131(2,2)	2	1	(0,1)	(0,1)	(0,1)	MATCH
31	S131	1	0	Split131(2,3)	2	1	(0,1)	(0,1)	(0,1)	MATCH
31	S131	1	0	Split131(2,4)	2	1	(0,1)	(0,1)	(0,1)	MATCH
31	S131	1	0	Split131(3,0)	2	1	(0,1)	(1,2)	(1,2)	MATCH
31	S131	1	0	Split131(3,1)	2	1	(0,1)	(0,1)	(0,1)	MATCH
31	S131	1	0	Split131(3,2)	2	1	(0,1)	(0,1)	(0,1)	MATCH
31	S131	1	0	Split131(3,3)	2	1	(0,1)	(0,1)	(0,1)	MATCH
31	S131	1	0	Split131(3,4)	2	1	(0,1)	(0,1)	(0,1)	MATCH
31	S131	1	0	Split131(4,0)	2	1	(0,1)	(1,2)	(1,2)	MATCH
31	S131	1	0	Split131(4,1)	2	1	(0,1)	(0,1)	(0,1)	MATCH
31	S131	1	0	Split131(4,2)	2	1	(0,1)	(0,1)	(0,1)	MATCH
31	S131	1	0	Split131(4,3)	2	1	(0,1)	(0,1)	(0,1)	MATCH
31	S131	1	0	Split131(4,4)	2	1	(0,1)	(0,1)	(0,1)	MATCH
31	G	1	1	Gather	2	1	(0,1)	(0,1)	is_split=false	MATCH
31	S14	1	1	Split14(0)	2	1	(0,1)	(0,1)	fallback!=2	MATCH
31	S14	1	1	Split14(1)	2	1	(0,1)	(1,2)	(1,2)	MATCH
31	S14	1	1	Split14(2)	2	1	(0,1)	(0,1)	fallback!=2	MATCH
31	S14	1	1	Split14(3)	2	1	(0,1)	(0,1)	fallback!=2	MATCH
31	S14	1	1	Split14(4)	2	1	(0,1)	(0,1)	fallback!=2	MATCH
31	S131	1	1	Split131(0,0)	2	1	(0,1)	(0,1)	(0,1)	MATCH
31	S131	1	1	Split131(0,1)	2	1	(0,1)	(1,2)	(1,2)	MATCH
31	S131	1	1	Split131(0,2)	2	1	(0,1)	(0,1)	(0,1)	MATCH
31	S131	1	1	Split131(0,3)	2	1	(0,1)	(0,1)	(0,1)	MATCH
31	S131	1	1	Split131(0,4)	2	1	(0,1)	(0,1)	(0,1)	MATCH
31	S131	1	1	Split131(1,0)	2	1	(0,1)	(1,0)	(1,0)	MATCH
31	S131	1	1	Split131(1,1)	2	1	(0,1)	(1,0)	(1,0)	MATCH
31	S131	1	1	Split131(1,2)	2	1	(0,1)	(1,0)	(1,0)	MATCH
31	S131	1	1	Split131(1,3)	2	1	(0,1)	(1,0)	(1,0)	MATCH
31	S131	1	1	Split131(1,4)	2	1	(0,1)	(1,0)	(1,0)	MATCH
31	S131	1	1	Split131(2,0)	2	1	(0,1)	(0,1)	(0,1)	MATCH
31	S131	1	1	Split131(2,1)	2	1	(0,1)	(1,2)	(1,2)	MATCH
31	S131	1	1	Split131(2,2)	2	1	(0,1)	(0,1)	(0,1)	MATCH
31	S131	1	1	Split131(2,3)	2	1	(0,1)	(0,1)	(0,1)	MATCH
31	S131	1	1	Split131(2,4)	2	1	(0,1)	(0,1)	(0,1)	MATCH
31	S131	1	1	Split131(3,0)	2	1	(0,1)	(0,1)	(0,1)	MATCH
31	S131	1	1	Split131(3,1)	2	1	(0,1)	(1,2)	(1,2)	MATCH
31	S131	1	1	Split131(3,2)	2	1	(0,1)	(0,1)	(0,1)	MATCH
31	S131	1	1	Split131(3,3)	2	1	(0,1)	(0,1)	(0,1)	MATCH
31	S131	1	1	Split131(3,4)	2	1	(0,1)	(0,1)	(0,1)	MATCH
31	S131	1	1	Split131(4,0)	2	1	(0,1)	(0,1)	(0,1)	MATCH
31	S131	1	1	Split131(4,1)	2	1	(0,1)	(1,2)	(1,2)	MATCH
31	S131	1	1	Split131(4,2)	2	1	(0,1)	(0,1)	(0,1)	MATCH
31	S131	1	1	Split131(4,3)	2	1	(0,1)	(0,1)	(0,1)	MATCH
31	S131	1	1	Split131(4,4)	2	1	(0,1)	(0,1)	(0,1)	MATCH
31	G	1	2	Gather	2	1	(0,1)	(0,1)	is_split=false	MATCH
31	S14	1	2	Split14(0)	2	1	(0,1)	(0,1)	fallback!=2	MATCH
31	S14	1	2	Split14(1)	2	1	(0,1)	(0,1)	fallback!=2	MATCH
31	S14	1	2	Split14(2)	2	1	(0,1)	(1,2)	(1,2)	MATCH
31	S14	1	2	Split14(3)	2	1	(0,1)	(0,1)	fallback!=2	MATCH
31	S14	1	2	Split14(4)	2	1	(0,1)	(0,1)	fallback!=2	MATCH
31	S131	1	2	Split131(0,0)	2	1	(0,1)	(0,1)	(0,1)	MATCH
31	S131	1	2	Split131(0,1)	2	1	(0,1)	(0,1)	(0,1)	MATCH
31	S131	1	2	Split131(0,2)	2	1	(0,1)	(1,2)	(1,2)	MATCH
31	S131	1	2	Split131(0,3)	2	1	(0,1)	(0,1)	(0,1)	MATCH
31	S131	1	2	Split131(0,4)	2	1	(0,1)	(0,1)	(0,1)	MATCH
31	S131	1	2	Split131(1,0)	2	1	(0,1)	(0,1)	(0,1)	MATCH
31	S131	1	2	Split131(1,1)	2	1	(0,1)	(0,1)	(0,1)	MATCH
31	S131	1	2	Split131(1,2)	2	1	(0,1)	(1,0)	(1,0)	MATCH
31	S131	1	2	Split131(1,3)	2	1	(0,1)	(0,1)	(0,1)	MATCH
31	S131	1	2	Split131(1,4)	2	1	(0,1)	(0,1)	(0,1)	MATCH
31	S131	1	2	Split131(2,0)	2	1	(0,1)	(1,0)	(1,0)	MATCH
31	S131	1	2	Split131(2,1)	2	1	(0,1)	(1,0)	(1,0)	MATCH
31	S131	1	2	Split131(2,2)	2	1	(0,1)	(1,0)	(1,0)	MATCH
31	S131	1	2	Split131(2,3)	2	1	(0,1)	(1,0)	(1,0)	MATCH
31	S131	1	2	Split131(2,4)	2	1	(0,1)	(1,0)	(1,0)	MATCH
31	S131	1	2	Split131(3,0)	2	1	(0,1)	(0,1)	(0,1)	MATCH
31	S131	1	2	Split131(3,1)	2	1	(0,1)	(0,1)	(0,1)	MATCH
31	S131	1	2	Split131(3,2)	2	1	(0,1)	(1,2)	(1,2)	MATCH
31	S131	1	2	Split131(3,3)	2	1	(0,1)	(0,1)	(0,1)	MATCH
31	S131	1	2	Split131(3,4)	2	1	(0,1)	(0,1)	(0,1)	MATCH
31	S131	1	2	Split131(4,0)	2	1	(0,1)	(0,1)	(0,1)	MATCH
31	S131	1	2	Split131(4,1)	2	1	(0,1)	(0,1)	(0,1)	MATCH
31	S131	1	2	Split131(4,2)	2	1	(0,1)	(1,2)	(1,2)	MATCH
31	S131	1	2	Split131(4,3)	2	1	(0,1)	(0,1)	(0,1)	MATCH
31	S131	1	2	Split131(4,4)	2	1	(0,1)	(0,1)	(0,1)	MATCH
31	G	1	3	Gather	2	1	(0,1)	(0,1)	is_split=false	MATCH
31	S14	1	3	Split14(0)	2	1	(0,1)	(0,1)	fallback!=2	MATCH
31	S14	1	3	Split14(1)	2	1	(0,1)	(0,1)	fallback!=2	MATCH
31	S14	1	3	Split14(2)	2	1	(0,1)	(0,1)	fallback!=2	MATCH
31	S14	1	3	Split14(3)	2	1	(0,1)	(1,2)	(1,2)	MATCH
31	S14	1	3	Split14(4)	2	1	(0,1)	(0,1)	fallback!=2	MATCH
31	S131	1	3	Split131(0,0)	2	1	(0,1)	(0,1)	(0,1)	MATCH
31	S131	1	3	Split131(0,1)	2	1	(0,1)	(0,1)	(0,1)	MATCH
31	S131	1	3	Split131(0,2)	2	1	(0,1)	(0,1)	(0,1)	MATCH
31	S131	1	3	Split131(0,3)	2	1	(0,1)	(1,2)	(1,2)	MATCH
31	S131	1	3	Split131(0,4)	2	1	(0,1)	(0,1)	(0,1)	MATCH
31	S131	1	3	Split131(1,0)	2	1	(0,1)	(0,1)	(0,1)	MATCH
31	S131	1	3	Split131(1,1)	2	1	(0,1)	(0,1)	(0,1)	MATCH
31	S131	1	3	Split131(1,2)	2	1	(0,1)	(0,1)	(0,1)	MATCH
31	S131	1	3	Split131(1,3)	2	1	(0,1)	(1,0)	(1,0)	MATCH
31	S131	1	3	Split131(1,4)	2	1	(0,1)	(0,1)	(0,1)	MATCH
31	S131	1	3	Split131(2,0)	2	1	(0,1)	(0,1)	(0,1)	MATCH
31	S131	1	3	Split131(2,1)	2	1	(0,1)	(0,1)	(0,1)	MATCH
31	S131	1	3	Split131(2,2)	2	1	(0,1)	(0,1)	(0,1)	MATCH
31	S131	1	3	Split131(2,3)	2	1	(0,1)	(1,2)	(1,2)	MATCH
31	S131	1	3	Split131(2,4)	2	1	(0,1)	(0,1)	(0,1)	MATCH
31	S131	1	3	Split131(3,0)	2	1	(0,1)	(1,0)	(1,0)	MATCH
31	S131	1	3	Split131(3,1)	2	1	(0,1)	(1,0)	(1,0)	MATCH
31	S131	1	3	Split131(3,2)	2	1	(0,1)	(1,0)	(1,0)	MATCH
31	S131	1	3	Split131(3,3)	2	1	(0,1)	(1,0)	(1,0)	MATCH
31	S131	1	3	Split131(3,4)	2	1	(0,1)	(1,0)	(1,0)	MATCH
31	S131	1	3	Split131(4,0)	2	1	(0,1)	(0,1)	(0,1)	MATCH
31	S131	1	3	Split131(4,1)	2	1	(0,1)	(0,1)	(0,1)	MATCH
31	S131	1	3	Split131(4,2)	2	1	(0,1)	(0,1)	(0,1)	MATCH
31	S131	1	3	Split131(4,3)	2	1	(0,1)	(1,2)	(1,2)	MATCH
31	S131	1	3	Split131(4,4)	2	1	(0,1)	(0,1)	(0,1)	MATCH
31	G	1	4	Gather	2	1	(0,1)	(0,1)	is_split=false	MATCH
31	S14	1	4	Split14(0)	2	1	(0,1)	(0,1)	fallback!=2	MATCH
31	S14	1	4	Split14(1)	2	1	(0,1)	(0,1)	fallback!=2	MATCH
31	S14	1	4	Split14(2)	2	1	(0,1)	(0,1)	fallback!=2	MATCH
31	S14	1	4	Split14(3)	2	1	(0,1)	(0,1)	fallback!=2	MATCH
31	S14	1	4	Split14(4)	2	1	(0,1)	(1,2)	(1,2)	MATCH
31	S131	1	4	Split131(0,0)	2	1	(0,1)	(0,1)	(0,1)	MATCH
31	S131	1	4	Split131(0,1)	2	1	(0,1)	(0,1)	(0,1)	MATCH
31	S131	1	4	Split131(0,2)	2	1	(0,1)	(0,1)	(0,1)	MATCH
31	S131	1	4	Split131(0,3)	2	1	(0,1)	(0,1)	(0,1)	MATCH
31	S131	1	4	Split131(0,4)	2	1	(0,1)	(1,2)	(1,2)	MATCH
31	S131	1	4	Split131(1,0)	2	1	(0,1)	(0,1)	(0,1)	MATCH
31	S131	1	4	Split131(1,1)	2	1	(0,1)	(0,1)	(0,1)	MATCH
31	S131	1	4	Split131(1,2)	2	1	(0,1)	(0,1)	(0,1)	MATCH
31	S131	1	4	Split131(1,3)	2	1	(0,1)	(0,1)	(0,1)	MATCH
31	S131	1	4	Split131(1,4)	2	1	(0,1)	(1,0)	(1,0)	MATCH
31	S131	1	4	Split131(2,0)	2	1	(0,1)	(0,1)	(0,1)	MATCH
31	S131	1	4	Split131(2,1)	2	1	(0,1)	(0,1)	(0,1)	MATCH
31	S131	1	4	Split131(2,2)	2	1	(0,1)	(0,1)	(0,1)	MATCH
31	S131	1	4	Split131(2,3)	2	1	(0,1)	(0,1)	(0,1)	MATCH
31	S131	1	4	Split131(2,4)	2	1	(0,1)	(1,2)	(1,2)	MATCH
31	S131	1	4	Split131(3,0)	2	1	(0,1)	(0,1)	(0,1)	MATCH
31	S131	1	4	Split131(3,1)	2	1	(0,1)	(0,1)	(0,1)	MATCH
31	S131	1	4	Split131(3,2)	2	1	(0,1)	(0,1)	(0,1)	MATCH
31	S131	1	4	Split131(3,3)	2	1	(0,1)	(0,1)	(0,1)	MATCH
31	S131	1	4	Split131(3,4)	2	1	(0,1)	(1,2)	(1,2)	MATCH
31	S131	1	4	Split131(4,0)	2	1	(0,1)	(1,0)	(1,0)	MATCH
31	S131	1	4	Split131(4,1)	2	1	(0,1)	(1,0)	(1,0)	MATCH
31	S131	1	4	Split131(4,2)	2	1	(0,1)	(1,0)	(1,0)	MATCH
31	S131	1	4	Split131(4,3)	2	1	(0,1)	(1,0)	(1,0)	MATCH
31	S131	1	4	Split131(4,4)	2	1	(0,1)	(1,0)	(1,0)	MATCH
31	G	1	0	Gather	2	2	(0,1)	(0,1)	is_split=false	MATCH
31	S14	1	0	Split14(0)	2	2	(0,1)	(1,2)	(1,2)	MATCH
31	S14	1	0	Split14(1)	2	2	(0,1)	(0,1)	fallback!=2	MATCH
31	S14	1	0	Split14(2)	2	2	(0,1)	(0,1)	fallback!=2	MATCH
31	S14	1	0	Split14(3)	2	2	(0,1)	(0,1)	fallback!=2	MATCH
31	S14	1	0	Split14(4)	2	2	(0,1)	(0,1)	fallback!=2	MATCH
31	S131	1	0	Split131(0,0)	2	2	(0,1)	(1,0)	(1,0)	MATCH
31	S131	1	0	Split131(0,1)	2	2	(0,1)	(1,0)	(1,0)	MATCH
31	S131	1	0	Split131(0,2)	2	2	(0,1)	(1,0)	(1,0)	MATCH
31	S131	1	0	Split131(0,3)	2	2	(0,1)	(1,0)	(1,0)	MATCH
31	S131	1	0	Split131(0,4)	2	2	(0,1)	(1,0)	(1,0)	MATCH
31	S131	1	0	Split131(1,0)	2	2	(0,1)	(1,2)	(1,2)	MATCH
31	S131	1	0	Split131(1,1)	2	2	(0,1)	(0,1)	(0,1)	MATCH
31	S131	1	0	Split131(1,2)	2	2	(0,1)	(0,1)	(0,1)	MATCH
31	S131	1	0	Split131(1,3)	2	2	(0,1)	(0,1)	(0,1)	MATCH
31	S131	1	0	Split131(1,4)	2	2	(0,1)	(0,1)	(0,1)	MATCH
31	S131	1	0	Split131(2,0)	2	2	(0,1)	(1,0)	(1,0)	MATCH
31	S131	1	0	Split131(2,1)	2	2	(0,1)	(0,1)	(0,1)	MATCH
31	S131	1	0	Split131(2,2)	2	2	(0,1)	(0,1)	(0,1)	MATCH
31	S131	1	0	Split131(2,3)	2	2	(0,1)	(0,1)	(0,1)	MATCH
31	S131	1	0	Split131(2,4)	2	2	(0,1)	(0,1)	(0,1)	MATCH
31	S131	1	0	Split131(3,0)	2	2	(0,1)	(1,2)	(1,2)	MATCH
31	S131	1	0	Split131(3,1)	2	2	(0,1)	(0,1)	(0,1)	MATCH
31	S131	1	0	Split131(3,2)	2	2	(0,1)	(0,1)	(0,1)	MATCH
31	S131	1	0	Split131(3,3)	2	2	(0,1)	(0,1)	(0,1)	MATCH
31	S131	1	0	Split131(3,4)	2	2	(0,1)	(0,1)	(0,1)	MATCH
31	S131	1	0	Split131(4,0)	2	2	(0,1)	(1,2)	(1,2)	MATCH
31	S131	1	0	Split131(4,1)	2	2	(0,1)	(0,1)	(0,1)	MATCH
31	S131	1	0	Split131(4,2)	2	2	(0,1)	(0,1)	(0,1)	MATCH
31	S131	1	0	Split131(4,3)	2	2	(0,1)	(0,1)	(0,1)	MATCH
31	S131	1	0	Split131(4,4)	2	2	(0,1)	(0,1)	(0,1)	MATCH
31	G	1	1	Gather	2	2	(0,1)	(0,1)	is_split=false	MATCH
31	S14	1	1	Split14(0)	2	2	(0,1)	(0,1)	fallback!=2	MATCH
31	S14	1	1	Split14(1)	2	2	(0,1)	(1,2)	(1,2)	MATCH
31	S14	1	1	Split14(2)	2	2	(0,1)	(0,1)	fallback!=2	MATCH
31	S14	1	1	Split14(3)	2	2	(0,1)	(0,1)	fallback!=2	MATCH
31	S14	1	1	Split14(4)	2	2	(0,1)	(0,1)	fallback!=2	MATCH
31	S131	1	1	Split131(0,0)	2	2	(0,1)	(0,1)	(0,1)	MATCH
31	S131	1	1	Split131(0,1)	2	2	(0,1)	(1,2)	(1,2)	MATCH
31	S131	1	1	Split131(0,2)	2	2	(0,1)	(0,1)	(0,1)	MATCH
31	S131	1	1	Split131(0,3)	2	2	(0,1)	(0,1)	(0,1)	MATCH
31	S131	1	1	Split131(0,4)	2	2	(0,1)	(0,1)	(0,1)	MATCH
31	S131	1	1	Split131(1,0)	2	2	(0,1)	(1,0)	(1,0)	MATCH
31	S131	1	1	Split131(1,1)	2	2	(0,1)	(1,0)	(1,0)	MATCH
31	S131	1	1	Split131(1,2)	2	2	(0,1)	(1,0)	(1,0)	MATCH
31	S131	1	1	Split131(1,3)	2	2	(0,1)	(1,0)	(1,0)	MATCH
31	S131	1	1	Split131(1,4)	2	2	(0,1)	(1,0)	(1,0)	MATCH
31	S131	1	1	Split131(2,0)	2	2	(0,1)	(0,1)	(0,1)	MATCH
31	S131	1	1	Split131(2,1)	2	2	(0,1)	(1,0)	(1,0)	MATCH
31	S131	1	1	Split131(2,2)	2	2	(0,1)	(0,1)	(0,1)	MATCH
31	S131	1	1	Split131(2,3)	2	2	(0,1)	(0,1)	(0,1)	MATCH
31	S131	1	1	Split131(2,4)	2	2	(0,1)	(0,1)	(0,1)	MATCH
31	S131	1	1	Split131(3,0)	2	2	(0,1)	(0,1)	(0,1)	MATCH
31	S131	1	1	Split131(3,1)	2	2	(0,1)	(1,2)	(1,2)	MATCH
31	S131	1	1	Split131(3,2)	2	2	(0,1)	(0,1)	(0,1)	MATCH
31	S131	1	1	Split131(3,3)	2	2	(0,1)	(0,1)	(0,1)	MATCH
31	S131	1	1	Split131(3,4)	2	2	(0,1)	(0,1)	(0,1)	MATCH
31	S131	1	1	Split131(4,0)	2	2	(0,1)	(0,1)	(0,1)	MATCH
31	S131	1	1	Split131(4,1)	2	2	(0,1)	(1,2)	(1,2)	MATCH
31	S131	1	1	Split131(4,2)	2	2	(0,1)	(0,1)	(0,1)	MATCH
31	S131	1	1	Split131(4,3)	2	2	(0,1)	(0,1)	(0,1)	MATCH
31	S131	1	1	Split131(4,4)	2	2	(0,1)	(0,1)	(0,1)	MATCH
31	G	1	2	Gather	2	2	(0,1)	(0,1)	is_split=false	MATCH
31	S14	1	2	Split14(0)	2	2	(0,1)	(0,1)	fallback!=2	MATCH
31	S14	1	2	Split14(1)	2	2	(0,1)	(0,1)	fallback!=2	MATCH
31	S14	1	2	Split14(2)	2	2	(0,1)	(1,2)	(1,2)	MATCH
31	S14	1	2	Split14(3)	2	2	(0,1)	(0,1)	fallback!=2	MATCH
31	S14	1	2	Split14(4)	2	2	(0,1)	(0,1)	fallback!=2	MATCH
31	S131	1	2	Split131(0,0)	2	2	(0,1)	(0,1)	(0,1)	MATCH
31	S131	1	2	Split131(0,1)	2	2	(0,1)	(0,1)	(0,1)	MATCH
31	S131	1	2	Split131(0,2)	2	2	(0,1)	(1,2)	(1,2)	MATCH
31	S131	1	2	Split131(0,3)	2	2	(0,1)	(0,1)	(0,1)	MATCH
31	S131	1	2	Split131(0,4)	2	2	(0,1)	(0,1)	(0,1)	MATCH
31	S131	1	2	Split131(1,0)	2	2	(0,1)	(0,1)	(0,1)	MATCH
31	S131	1	2	Split131(1,1)	2	2	(0,1)	(0,1)	(0,1)	MATCH
31	S131	1	2	Split131(1,2)	2	2	(0,1)	(1,2)	(1,2)	MATCH
31	S131	1	2	Split131(1,3)	2	2	(0,1)	(0,1)	(0,1)	MATCH
31	S131	1	2	Split131(1,4)	2	2	(0,1)	(0,1)	(0,1)	MATCH
31	S131	1	2	Split131(2,0)	2	2	(0,1)	(1,0)	(1,0)	MATCH
31	S131	1	2	Split131(2,1)	2	2	(0,1)	(1,0)	(1,0)	MATCH
31	S131	1	2	Split131(2,2)	2	2	(0,1)	(1,0)	(1,0)	MATCH
31	S131	1	2	Split131(2,3)	2	2	(0,1)	(1,0)	(1,0)	MATCH
31	S131	1	2	Split131(2,4)	2	2	(0,1)	(1,0)	(1,0)	MATCH
31	S131	1	2	Split131(3,0)	2	2	(0,1)	(0,1)	(0,1)	MATCH
31	S131	1	2	Split131(3,1)	2	2	(0,1)	(0,1)	(0,1)	MATCH
31	S131	1	2	Split131(3,2)	2	2	(0,1)	(1,2)	(1,2)	MATCH
31	S131	1	2	Split131(3,3)	2	2	(0,1)	(0,1)	(0,1)	MATCH
31	S131	1	2	Split131(3,4)	2	2	(0,1)	(0,1)	(0,1)	MATCH
31	S131	1	2	Split131(4,0)	2	2	(0,1)	(0,1)	(0,1)	MATCH
31	S131	1	2	Split131(4,1)	2	2	(0,1)	(0,1)	(0,1)	MATCH
31	S131	1	2	Split131(4,2)	2	2	(0,1)	(1,2)	(1,2)	MATCH
31	S131	1	2	Split131(4,3)	2	2	(0,1)	(0,1)	(0,1)	MATCH
31	S131	1	2	Split131(4,4)	2	2	(0,1)	(0,1)	(0,1)	MATCH
31	G	1	3	Gather	2	2	(0,1)	(0,1)	is_split=false	MATCH
31	S14	1	3	Split14(0)	2	2	(0,1)	(0,1)	fallback!=2	MATCH
31	S14	1	3	Split14(1)	2	2	(0,1)	(0,1)	fallback!=2	MATCH
31	S14	1	3	Split14(2)	2	2	(0,1)	(0,1)	fallback!=2	MATCH
31	S14	1	3	Split14(3)	2	2	(0,1)	(1,2)	(1,2)	MATCH
31	S14	1	3	Split14(4)	2	2	(0,1)	(0,1)	fallback!=2	MATCH
31	S131	1	3	Split131(0,0)	2	2	(0,1)	(0,1)	(0,1)	MATCH
31	S131	1	3	Split131(0,1)	2	2	(0,1)	(0,1)	(0,1)	MATCH
31	S131	1	3	Split131(0,2)	2	2	(0,1)	(0,1)	(0,1)	MATCH
31	S131	1	3	Split131(0,3)	2	2	(0,1)	(1,2)	(1,2)	MATCH
31	S131	1	3	Split131(0,4)	2	2	(0,1)	(0,1)	(0,1)	MATCH
31	S131	1	3	Split131(1,0)	2	2	(0,1)	(0,1)	(0,1)	MATCH
31	S131	1	3	Split131(1,1)	2	2	(0,1)	(0,1)	(0,1)	MATCH
31	S131	1	3	Split131(1,2)	2	2	(0,1)	(0,1)	(0,1)	MATCH
31	S131	1	3	Split131(1,3)	2	2	(0,1)	(1,2)	(1,2)	MATCH
31	S131	1	3	Split131(1,4)	2	2	(0,1)	(0,1)	(0,1)	MATCH
31	S131	1	3	Split131(2,0)	2	2	(0,1)	(0,1)	(0,1)	MATCH
31	S131	1	3	Split131(2,1)	2	2	(0,1)	(0,1)	(0,1)	MATCH
31	S131	1	3	Split131(2,2)	2	2	(0,1)	(0,1)	(0,1)	MATCH
31	S131	1	3	Split131(2,3)	2	2	(0,1)	(1,0)	(1,0)	MATCH
31	S131	1	3	Split131(2,4)	2	2	(0,1)	(0,1)	(0,1)	MATCH
31	S131	1	3	Split131(3,0)	2	2	(0,1)	(1,0)	(1,0)	MATCH
31	S131	1	3	Split131(3,1)	2	2	(0,1)	(1,0)	(1,0)	MATCH
31	S131	1	3	Split131(3,2)	2	2	(0,1)	(1,0)	(1,0)	MATCH
31	S131	1	3	Split131(3,3)	2	2	(0,1)	(1,0)	(1,0)	MATCH
31	S131	1	3	Split131(3,4)	2	2	(0,1)	(1,0)	(1,0)	MATCH
31	S131	1	3	Split131(4,0)	2	2	(0,1)	(0,1)	(0,1)	MATCH
31	S131	1	3	Split131(4,1)	2	2	(0,1)	(0,1)	(0,1)	MATCH
31	S131	1	3	Split131(4,2)	2	2	(0,1)	(0,1)	(0,1)	MATCH
31	S131	1	3	Split131(4,3)	2	2	(0,1)	(1,2)	(1,2)	MATCH
31	S131	1	3	Split131(4,4)	2	2	(0,1)	(0,1)	(0,1)	MATCH
31	G	1	4	Gather	2	2	(0,1)	(0,1)	is_split=false	MATCH
31	S14	1	4	Split14(0)	2	2	(0,1)	(0,1)	fallback!=2	MATCH
31	S14	1	4	Split14(1)	2	2	(0,1)	(0,1)	fallback!=2	MATCH
31	S14	1	4	Split14(2)	2	2	(0,1)	(0,1)	fallback!=2	MATCH
31	S14	1	4	Split14(3)	2	2	(0,1)	(0,1)	fallback!=2	MATCH
31	S14	1	4	Split14(4)	2	2	(0,1)	(1,2)	(1,2)	MATCH
31	S131	1	4	Split131(0,0)	2	2	(0,1)	(0,1)	(0,1)	MATCH
31	S131	1	4	Split131(0,1)	2	2	(0,1)	(0,1)	(0,1)	MATCH
31	S131	1	4	Split131(0,2)	2	2	(0,1)	(0,1)	(0,1)	MATCH
31	S131	1	4	Split131(0,3)	2	2	(0,1)	(0,1)	(0,1)	MATCH
31	S131	1	4	Split131(0,4)	2	2	(0,1)	(1,2)	(1,2)	MATCH
31	S131	1	4	Split131(1,0)	2	2	(0,1)	(0,1)	(0,1)	MATCH
31	S131	1	4	Split131(1,1)	2	2	(0,1)	(0,1)	(0,1)	MATCH
31	S131	1	4	Split131(1,2)	2	2	(0,1)	(0,1)	(0,1)	MATCH
31	S131	1	4	Split131(1,3)	2	2	(0,1)	(0,1)	(0,1)	MATCH
31	S131	1	4	Split131(1,4)	2	2	(0,1)	(1,2)	(1,2)	MATCH
31	S131	1	4	Split131(2,0)	2	2	(0,1)	(0,1)	(0,1)	MATCH
31	S131	1	4	Split131(2,1)	2	2	(0,1)	(0,1)	(0,1)	MATCH
31	S131	1	4	Split131(2,2)	2	2	(0,1)	(0,1)	(0,1)	MATCH
31	S131	1	4	Split131(2,3)	2	2	(0,1)	(0,1)	(0,1)	MATCH
31	S131	1	4	Split131(2,4)	2	2	(0,1)	(1,0)	(1,0)	MATCH
31	S131	1	4	Split131(3,0)	2	2	(0,1)	(0,1)	(0,1)	MATCH
31	S131	1	4	Split131(3,1)	2	2	(0,1)	(0,1)	(0,1)	MATCH
31	S131	1	4	Split131(3,2)	2	2	(0,1)	(0,1)	(0,1)	MATCH
31	S131	1	4	Split131(3,3)	2	2	(0,1)	(0,1)	(0,1)	MATCH
31	S131	1	4	Split131(3,4)	2	2	(0,1)	(1,2)	(1,2)	MATCH
31	S131	1	4	Split131(4,0)	2	2	(0,1)	(1,0)	(1,0)	MATCH
31	S131	1	4	Split131(4,1)	2	2	(0,1)	(1,0)	(1,0)	MATCH
31	S131	1	4	Split131(4,2)	2	2	(0,1)	(1,0)	(1,0)	MATCH
31	S131	1	4	Split131(4,3)	2	2	(0,1)	(1,0)	(1,0)	MATCH
31	S131	1	4	Split131(4,4)	2	2	(0,1)	(1,0)	(1,0)	MATCH
31	G	1	0	Gather	2	3	(0,1)	(0,1)	is_split=false	MATCH
31	S14	1	0	Split14(0)	2	3	(0,1)	(1,2)	(1,2)	MATCH
31	S14	1	0	Split14(1)	2	3	(0,1)	(0,1)	fallback!=2	MATCH
31	S14	1	0	Split14(2)	2	3	(0,1)	(0,1)	fallback!=2	MATCH
31	S14	1	0	Split14(3)	2	3	(0,1)	(0,1)	fallback!=2	MATCH
31	S14	1	0	Split14(4)	2	3	(0,1)	(0,1)	fallback!=2	MATCH
31	S131	1	0	Split131(0,0)	2	3	(0,1)	(1,0)	(1,0)	MATCH
31	S131	1	0	Split131(0,1)	2	3	(0,1)	(1,0)	(1,0)	MATCH
31	S131	1	0	Split131(0,2)	2	3	(0,1)	(1,0)	(1,0)	MATCH
31	S131	1	0	Split131(0,3)	2	3	(0,1)	(1,0)	(1,0)	MATCH
31	S131	1	0	Split131(0,4)	2	3	(0,1)	(1,0)	(1,0)	MATCH
31	S131	1	0	Split131(1,0)	2	3	(0,1)	(1,2)	(1,2)	MATCH
31	S131	1	0	Split131(1,1)	2	3	(0,1)	(0,1)	(0,1)	MATCH
31	S131	1	0	Split131(1,2)	2	3	(0,1)	(0,1)	(0,1)	MATCH
31	S131	1	0	Split131(1,3)	2	3	(0,1)	(0,1)	(0,1)	MATCH
31	S131	1	0	Split131(1,4)	2	3	(0,1)	(0,1)	(0,1)	MATCH
31	S131	1	0	Split131(2,0)	2	3	(0,1)	(1,2)	(1,2)	MATCH
31	S131	1	0	Split131(2,1)	2	3	(0,1)	(0,1)	(0,1)	MATCH
31	S131	1	0	Split131(2,2)	2	3	(0,1)	(0,1)	(0,1)	MATCH
31	S131	1	0	Split131(2,3)	2	3	(0,1)	(0,1)	(0,1)	MATCH
31	S131	1	0	Split131(2,4)	2	3	(0,1)	(0,1)	(0,1)	MATCH
31	S131	1	0	Split131(3,0)	2	3	(0,1)	(1,0)	(1,0)	MATCH
31	S131	1	0	Split131(3,1)	2	3	(0,1)	(0,1)	(0,1)	MATCH
31	S131	1	0	Split131(3,2)	2	3	(0,1)	(0,1)	(0,1)	MATCH
31	S131	1	0	Split131(3,3)	2	3	(0,1)	(0,1)	(0,1)	MATCH
31	S131	1	0	Split131(3,4)	2	3	(0,1)	(0,1)	(0,1)	MATCH
31	S131	1	0	Split131(4,0)	2	3	(0,1)	(1,2)	(1,2)	MATCH
31	S131	1	0	Split131(4,1)	2	3	(0,1)	(0,1)	(0,1)	MATCH
31	S131	1	0	Split131(4,2)	2	3	(0,1)	(0,1)	(0,1)	MATCH
31	S131	1	0	Split131(4,3)	2	3	(0,1)	(0,1)	(0,1)	MATCH
31	S131	1	0	Split131(4,4)	2	3	(0,1)	(0,1)	(0,1)	MATCH
31	G	1	1	Gather	2	3	(0,1)	(0,1)	is_split=false	MATCH
31	S14	1	1	Split14(0)	2	3	(0,1)	(0,1)	fallback!=2	MATCH
31	S14	1	1	Split14(1)	2	3	(0,1)	(1,2)	(1,2)	MATCH
31	S14	1	1	Split14(2)	2	3	(0,1)	(0,1)	fallback!=2	MATCH
31	S14	1	1	Split14(3)	2	3	(0,1)	(0,1)	fallback!=2	MATCH
31	S14	1	1	Split14(4)	2	3	(0,1)	(0,1)	fallback!=2	MATCH
31	S131	1	1	Split131(0,0)	2	3	(0,1)	(0,1)	(0,1)	MATCH
31	S131	1	1	Split131(0,1)	2	3	(0,1)	(1,2)	(1,2)	MATCH
31	S131	1	1	Split131(0,2)	2	3	(0,1)	(0,1)	(0,1)	MATCH
31	S131	1	1	Split131(0,3)	2	3	(0,1)	(0,1)	(0,1)	MATCH
31	S131	1	1	Split131(0,4)	2	3	(0,1)	(0,1)	(0,1)	MATCH
31	S131	1	1	Split131(1,0)	2	3	(0,1)	(1,0)	(1,0)	MATCH
31	S131	1	1	Split131(1,1)	2	3	(0,1)	(1,0)	(1,0)	MATCH
31	S131	1	1	Split131(1,2)	2	3	(0,1)	(1,0)	(1,0)	MATCH
31	S131	1	1	Split131(1,3)	2	3	(0,1)	(1,0)	(1,0)	MATCH
31	S131	1	1	Split131(1,4)	2	3	(0,1)	(1,0)	(1,0)	MATCH
31	S131	1	1	Split131(2,0)	2	3	(0,1)	(0,1)	(0,1)	MATCH
31	S131	1	1	Split131(2,1)	2	3	(0,1)	(1,2)	(1,2)	MATCH
31	S131	1	1	Split131(2,2)	2	3	(0,1)	(0,1)	(0,1)	MATCH
31	S131	1	1	Split131(2,3)	2	3	(0,1)	(0,1)	(0,1)	MATCH
31	S131	1	1	Split131(2,4)	2	3	(0,1)	(0,1)	(0,1)	MATCH
31	S131	1	1	Split131(3,0)	2	3	(0,1)	(0,1)	(0,1)	MATCH
31	S131	1	1	Split131(3,1)	2	3	(0,1)	(1,0)	(1,0)	MATCH
31	S131	1	1	Split131(3,2)	2	3	(0,1)	(0,1)	(0,1)	MATCH
31	S131	1	1	Split131(3,3)	2	3	(0,1)	(0,1)	(0,1)	MATCH
31	S131	1	1	Split131(3,4)	2	3	(0,1)	(0,1)	(0,1)	MATCH
31	S131	1	1	Split131(4,0)	2	3	(0,1)	(0,1)	(0,1)	MATCH
31	S131	1	1	Split131(4,1)	2	3	(0,1)	(1,2)	(1,2)	MATCH
31	S131	1	1	Split131(4,2)	2	3	(0,1)	(0,1)	(0,1)	MATCH
31	S131	1	1	Split131(4,3)	2	3	(0,1)	(0,1)	(0,1)	MATCH
31	S131	1	1	Split131(4,4)	2	3	(0,1)	(0,1)	(0,1)	MATCH
31	G	1	2	Gather	2	3	(0,1)	(0,1)	is_split=false	MATCH
31	S14	1	2	Split14(0)	2	3	(0,1)	(0,1)	fallback!=2	MATCH
31	S14	1	2	Split14(1)	2	3	(0,1)	(0,1)	fallback!=2	MATCH
31	S14	1	2	Split14(2)	2	3	(0,1)	(1,2)	(1,2)	MATCH
31	S14	1	2	Split14(3)	2	3	(0,1)	(0,1)	fallback!=2	MATCH
31	S14	1	2	Split14(4)	2	3	(0,1)	(0,1)	fallback!=2	MATCH
31	S131	1	2	Split131(0,0)	2	3	(0,1)	(0,1)	(0,1)	MATCH
31	S131	1	2	Split131(0,1)	2	3	(0,1)	(0,1)	(0,1)	MATCH
31	S131	1	2	Split131(0,2)	2	3	(0,1)	(1,2)	(1,2)	MATCH
31	S131	1	2	Split131(0,3)	2	3	(0,1)	(0,1)	(0,1)	MATCH
31	S131	1	2	Split131(0,4)	2	3	(0,1)	(0,1)	(0,1)	MATCH
31	S131	1	2	Split131(1,0)	2	3	(0,1)	(0,1)	(0,1)	MATCH
31	S131	1	2	Split131(1,1)	2	3	(0,1)	(0,1)	(0,1)	MATCH
31	S131	1	2	Split131(1,2)	2	3	(0,1)	(1,2)	(1,2)	MATCH
31	S131	1	2	Split131(1,3)	2	3	(0,1)	(0,1)	(0,1)	MATCH
31	S131	1	2	Split131(1,4)	2	3	(0,1)	(0,1)	(0,1)	MATCH
31	S131	1	2	Split131(2,0)	2	3	(0,1)	(1,0)	(1,0)	MATCH
31	S131	1	2	Split131(2,1)	2	3	(0,1)	(1,0)	(1,0)	MATCH
31	S131	1	2	Split131(2,2)	2	3	(0,1)	(1,0)	(1,0)	MATCH
31	S131	1	2	Split131(2,3)	2	3	(0,1)	(1,0)	(1,0)	MATCH
31	S131	1	2	Split131(2,4)	2	3	(0,1)	(1,0)	(1,0)	MATCH
31	S131	1	2	Split131(3,0)	2	3	(0,1)	(0,1)	(0,1)	MATCH
31	S131	1	2	Split131(3,1)	2	3	(0,1)	(0,1)	(0,1)	MATCH
31	S131	1	2	Split131(3,2)	2	3	(0,1)	(1,0)	(1,0)	MATCH
31	S131	1	2	Split131(3,3)	2	3	(0,1)	(0,1)	(0,1)	MATCH
31	S131	1	2	Split131(3,4)	2	3	(0,1)	(0,1)	(0,1)	MATCH
31	S131	1	2	Split131(4,0)	2	3	(0,1)	(0,1)	(0,1)	MATCH
31	S131	1	2	Split131(4,1)	2	3	(0,1)	(0,1)	(0,1)	MATCH
31	S131	1	2	Split131(4,2)	2	3	(0,1)	(1,2)	(1,2)	MATCH
31	S131	1	2	Split131(4,3)	2	3	(0,1)	(0,1)	(0,1)	MATCH
31	S131	1	2	Split131(4,4)	2	3	(0,1)	(0,1)	(0,1)	MATCH
31	G	1	3	Gather	2	3	(0,1)	(0,1)	is_split=false	MATCH
31	S14	1	3	Split14(0)	2	3	(0,1)	(0,1)	fallback!=2	MATCH
31	S14	1	3	Split14(1)	2	3	(0,1)	(0,1)	fallback!=2	MATCH
31	S14	1	3	Split14(2)	2	3	(0,1)	(0,1)	fallback!=2	MATCH
31	S14	1	3	Split14(3)	2	3	(0,1)	(1,2)	(1,2)	MATCH
31	S14	1	3	Split14(4)	2	3	(0,1)	(0,1)	fallback!=2	MATCH
31	S131	1	3	Split131(0,0)	2	3	(0,1)	(0,1)	(0,1)	MATCH
31	S131	1	3	Split131(0,1)	2	3	(0,1)	(0,1)	(0,1)	MATCH
31	S131	1	3	Split131(0,2)	2	3	(0,1)	(0,1)	(0,1)	MATCH
31	S131	1	3	Split131(0,3)	2	3	(0,1)	(1,2)	(1,2)	MATCH
31	S131	1	3	Split131(0,4)	2	3	(0,1)	(0,1)	(0,1)	MATCH
31	S131	1	3	Split131(1,0)	2	3	(0,1)	(0,1)	(0,1)	MATCH
31	S131	1	3	Split131(1,1)	2	3	(0,1)	(0,1)	(0,1)	MATCH
31	S131	1	3	Split131(1,2)	2	3	(0,1)	(0,1)	(0,1)	MATCH
31	S131	1	3	Split131(1,3)	2	3	(0,1)	(1,2)	(1,2)	MATCH
31	S131	1	3	Split131(1,4)	2	3	(0,1)	(0,1)	(0,1)	MATCH
31	S131	1	3	Split131(2,0)	2	3	(0,1)	(0,1)	(0,1)	MATCH
31	S131	1	3	Split131(2,1)	2	3	(0,1)	(0,1)	(0,1)	MATCH
31	S131	1	3	Split131(2,2)	2	3	(0,1)	(0,1)	(0,1)	MATCH
31	S131	1	3	Split131(2,3)	2	3	(0,1)	(1,2)	(1,2)	MATCH
31	S131	1	3	Split131(2,4)	2	3	(0,1)	(0,1)	(0,1)	MATCH
31	S131	1	3	Split131(3,0)	2	3	(0,1)	(1,0)	(1,0)	MATCH
31	S131	1	3	Split131(3,1)	2	3	(0,1)	(1,0)	(1,0)	MATCH
31	S131	1	3	Split131(3,2)	2	3	(0,1)	(1,0)	(1,0)	MATCH
31	S131	1	3	Split131(3,3)	2	3	(0,1)	(1,0)	(1,0)	MATCH
31	S131	1	3	Split131(3,4)	2	3	(0,1)	(1,0)	(1,0)	MATCH
31	S131	1	3	Split131(4,0)	2	3	(0,1)	(0,1)	(0,1)	MATCH
31	S131	1	3	Split131(4,1)	2	3	(0,1)	(0,1)	(0,1)	MATCH
31	S131	1	3	Split131(4,2)	2	3	(0,1)	(0,1)	(0,1)	MATCH
31	S131	1	3	Split131(4,3)	2	3	(0,1)	(1,2)	(1,2)	MATCH
31	S131	1	3	Split131(4,4)	2	3	(0,1)	(0,1)	(0,1)	MATCH
31	G	1	4	Gather	2	3	(0,1)	(0,1)	is_split=false	MATCH
31	S14	1	4	Split14(0)	2	3	(0,1)	(0,1)	fallback!=2	MATCH
31	S14	1	4	Split14(1)	2	3	(0,1)	(0,1)	fallback!=2	MATCH
31	S14	1	4	Split14(2)	2	3	(0,1)	(0,1)	fallback!=2	MATCH
31	S14	1	4	Split14(3)	2	3	(0,1)	(0,1)	fallback!=2	MATCH
31	S14	1	4	Split14(4)	2	3	(0,1)	(1,2)	(1,2)	MATCH
31	S131	1	4	Split131(0,0)	2	3	(0,1)	(0,1)	(0,1)	MATCH
31	S131	1	4	Split131(0,1)	2	3	(0,1)	(0,1)	(0,1)	MATCH
31	S131	1	4	Split131(0,2)	2	3	(0,1)	(0,1)	(0,1)	MATCH
31	S131	1	4	Split131(0,3)	2	3	(0,1)	(0,1)	(0,1)	MATCH
31	S131	1	4	Split131(0,4)	2	3	(0,1)	(1,2)	(1,2)	MATCH
31	S131	1	4	Split131(1,0)	2	3	(0,1)	(0,1)	(0,1)	MATCH
31	S131	1	4	Split131(1,1)	2	3	(0,1)	(0,1)	(0,1)	MATCH
31	S131	1	4	Split131(1,2)	2	3	(0,1)	(0,1)	(0,1)	MATCH
31	S131	1	4	Split131(1,3)	2	3	(0,1)	(0,1)	(0,1)	MATCH
31	S131	1	4	Split131(1,4)	2	3	(0,1)	(1,2)	(1,2)	MATCH
31	S131	1	4	Split131(2,0)	2	3	(0,1)	(0,1)	(0,1)	MATCH
31	S131	1	4	Split131(2,1)	2	3	(0,1)	(0,1)	(0,1)	MATCH
31	S131	1	4	Split131(2,2)	2	3	(0,1)	(0,1)	(0,1)	MATCH
31	S131	1	4	Split131(2,3)	2	3	(0,1)	(0,1)	(0,1)	MATCH
31	S131	1	4	Split131(2,4)	2	3	(0,1)	(1,2)	(1,2)	MATCH
31	S131	1	4	Split131(3,0)	2	3	(0,1)	(0,1)	(0,1)	MATCH
31	S131	1	4	Split131(3,1)	2	3	(0,1)	(0,1)	(0,1)	MATCH
31	S131	1	4	Split131(3,2)	2	3	(0,1)	(0,1)	(0,1)	MATCH
31	S131	1	4	Split131(3,3)	2	3	(0,1)	(0,1)	(0,1)	MATCH
31	S131	1	4	Split131(3,4)	2	3	(0,1)	(1,0)	(1,0)	MATCH
31	S131	1	4	Split131(4,0)	2	3	(0,1)	(1,0)	(1,0)	MATCH
31	S131	1	4	Split131(4,1)	2	3	(0,1)	(1,0)	(1,0)	MATCH
31	S131	1	4	Split131(4,2)	2	3	(0,1)	(1,0)	(1,0)	MATCH
31	S131	1	4	Split131(4,3)	2	3	(0,1)	(1,0)	(1,0)	MATCH
31	S131	1	4	Split131(4,4)	2	3	(0,1)	(1,0)	(1,0)	MATCH
31	G	1	0	Gather	2	4	(0,1)	(0,1)	is_split=false	MATCH
31	S14	1	0	Split14(0)	2	4	(0,1)	(1,2)	(1,2)	MATCH
31	S14	1	0	Split14(1)	2	4	(0,1)	(0,1)	fallback!=2	MATCH
31	S14	1	0	Split14(2)	2	4	(0,1)	(0,1)	fallback!=2	MATCH
31	S14	1	0	Split14(3)	2	4	(0,1)	(0,1)	fallback!=2	MATCH
31	S14	1	0	Split14(4)	2	4	(0,1)	(0,1)	fallback!=2	MATCH
31	S131	1	0	Split131(0,0)	2	4	(0,1)	(1,0)	(1,0)	MATCH
31	S131	1	0	Split131(0,1)	2	4	(0,1)	(1,0)	(1,0)	MATCH
31	S131	1	0	Split131(0,2)	2	4	(0,1)	(1,0)	(1,0)	MATCH
31	S131	1	0	Split131(0,3)	2	4	(0,1)	(1,0)	(1,0)	MATCH
31	S131	1	0	Split131(0,4)	2	4	(0,1)	(1,0)	(1,0)	MATCH
31	S131	1	0	Split131(1,0)	2	4	(0,1)	(1,2)	(1,2)	MATCH
31	S131	1	0	Split131(1,1)	2	4	(0,1)	(0,1)	(0,1)	MATCH
31	S131	1	0	Split131(1,2)	2	4	(0,1)	(0,1)	(0,1)	MATCH
31	S131	1	0	Split131(1,3)	2	4	(0,1)	(0,1)	(0,1)	MATCH
31	S131	1	0	Split131(1,4)	2	4	(0,1)	(0,1)	(0,1)	MATCH
31	S131	1	0	Split131(2,0)	2	4	(0,1)	(1,2)	(1,2)	MATCH
31	S131	1	0	Split131(2,1)	2	4	(0,1)	(0,1)	(0,1)	MATCH
31	S131	1	0	Split131(2,2)	2	4	(0,1)	(0,1)	(0,1)	MATCH
31	S131	1	0	Split131(2,3)	2	4	(0,1)	(0,1)	(0,1)	MATCH
31	S131	1	0	Split131(2,4)	2	4	(0,1)	(0,1)	(0,1)	MATCH
31	S131	1	0	Split131(3,0)	2	4	(0,1)	(1,2)	(1,2)	MATCH
31	S131	1	0	Split131(3,1)	2	4	(0,1)	(0,1)	(0,1)	MATCH
31	S131	1	0	Split131(3,2)	2	4	(0,1)	(0,1)	(0,1)	MATCH
31	S131	1	0	Split131(3,3)	2	4	(0,1)	(0,1)	(0,1)	MATCH
31	S131	1	0	Split131(3,4)	2	4	(0,1)	(0,1)	(0,1)	MATCH
31	S131	1	0	Split131(4,0)	2	4	(0,1)	(1,0)	(1,0)	MATCH
31	S131	1	0	Split131(4,1)	2	4	(0,1)	(0,1)	(0,1)	MATCH
31	S131	1	0	Split131(4,2)	2	4	(0,1)	(0,1)	(0,1)	MATCH
31	S131	1	0	Split131(4,3)	2	4	(0,1)	(0,1)	(0,1)	MATCH
31	S131	1	0	Split131(4,4)	2	4	(0,1)	(0,1)	(0,1)	MATCH
31	G	1	1	Gather	2	4	(0,1)	(0,1)	is_split=false	MATCH
31	S14	1	1	Split14(0)	2	4	(0,1)	(0,1)	fallback!=2	MATCH
31	S14	1	1	Split14(1)	2	4	(0,1)	(1,2)	(1,2)	MATCH
31	S14	1	1	Split14(2)	2	4	(0,1)	(0,1)	fallback!=2	MATCH
31	S14	1	1	Split14(3)	2	4	(0,1)	(0,1)	fallback!=2	MATCH
31	S14	1	1	Split14(4)	2	4	(0,1)	(0,1)	fallback!=2	MATCH
31	S131	1	1	Split131(0,0)	2	4	(0,1)	(0,1)	(0,1)	MATCH
31	S131	1	1	Split131(0,1)	2	4	(0,1)	(1,2)	(1,2)	MATCH
31	S131	1	1	Split131(0,2)	2	4	(0,1)	(0,1)	(0,1)	MATCH
31	S131	1	1	Split131(0,3)	2	4	(0,1)	(0,1)	(0,1)	MATCH
31	S131	1	1	Split131(0,4)	2	4	(0,1)	(0,1)	(0,1)	MATCH
31	S131	1	1	Split131(1,0)	2	4	(0,1)	(1,0)	(1,0)	MATCH
31	S131	1	1	Split131(1,1)	2	4	(0,1)	(1,0)	(1,0)	MATCH
31	S131	1	1	Split131(1,2)	2	4	(0,1)	(1,0)	(1,0)	MATCH
31	S131	1	1	Split131(1,3)	2	4	(0,1)	(1,0)	(1,0)	MATCH
31	S131	1	1	Split131(1,4)	2	4	(0,1)	(1,0)	(1,0)	MATCH
31	S131	1	1	Split131(2,0)	2	4	(0,1)	(0,1)	(0,1)	MATCH
31	S131	1	1	Split131(2,1)	2	4	(0,1)	(1,2)	(1,2)	MATCH
31	S131	1	1	Split131(2,2)	2	4	(0,1)	(0,1)	(0,1)	MATCH
31	S131	1	1	Split131(2,3)	2	4	(0,1)	(0,1)	(0,1)	MATCH
31	S131	1	1	Split131(2,4)	2	4	(0,1)	(0,1)	(0,1)	MATCH
31	S131	1	1	Split131(3,0)	2	4	(0,1)	(0,1)	(0,1)	MATCH
31	S131	1	1	Split131(3,1)	2	4	(0,1)	(1,2)	(1,2)	MATCH
31	S131	1	1	Split131(3,2)	2	4	(0,1)	(0,1)	(0,1)	MATCH
31	S131	1	1	Split131(3,3)	2	4	(0,1)	(0,1)	(0,1)	MATCH
31	S131	1	1	Split131(3,4)	2	4	(0,1)	(0,1)	(0,1)	MATCH
31	S131	1	1	Split131(4,0)	2	4	(0,1)	(0,1)	(0,1)	MATCH
31	S131	1	1	Split131(4,1)	2	4	(0,1)	(1,0)	(1,0)	MATCH
31	S131	1	1	Split131(4,2)	2	4	(0,1)	(0,1)	(0,1)	MATCH
31	S131	1	1	Split131(4,3)	2	4	(0,1)	(0,1)	(0,1)	MATCH
31	S131	1	1	Split131(4,4)	2	4	(0,1)	(0,1)	(0,1)	MATCH
31	G	1	2	Gather	2	4	(0,1)	(0,1)	is_split=false	MATCH
31	S14	1	2	Split14(0)	2	4	(0,1)	(0,1)	fallback!=2	MATCH
31	S14	1	2	Split14(1)	2	4	(0,1)	(0,1)	fallback!=2	MATCH
31	S14	1	2	Split14(2)	2	4	(0,1)	(1,2)	(1,2)	MATCH
31	S14	1	2	Split14(3)	2	4	(0,1)	(0,1)	fallback!=2	MATCH
31	S14	1	2	Split14(4)	2	4	(0,1)	(0,1)	fallback!=2	MATCH
31	S131	1	2	Split131(0,0)	2	4	(0,1)	(0,1)	(0,1)	MATCH
31	S131	1	2	Split131(0,1)	2	4	(0,1)	(0,1)	(0,1)	MATCH
31	S131	1	2	Split131(0,2)	2	4	(0,1)	(1,2)	(1,2)	MATCH
31	S131	1	2	Split131(0,3)	2	4	(0,1)	(0,1)	(0,1)	MATCH
31	S131	1	2	Split131(0,4)	2	4	(0,1)	(0,1)	(0,1)	MATCH
31	S131	1	2	Split131(1,0)	2	4	(0,1)	(0,1)	(0,1)	MATCH
31	S131	1	2	Split131(1,1)	2	4	(0,1)	(0,1)	(0,1)	MATCH
31	S131	1	2	Split131(1,2)	2	4	(0,1)	(1,2)	(1,2)	MATCH
31	S131	1	2	Split131(1,3)	2	4	(0,1)	(0,1)	(0,1)	MATCH
31	S131	1	2	Split131(1,4)	2	4	(0,1)	(0,1)	(0,1)	MATCH
31	S131	1	2	Split131(2,0)	2	4	(0,1)	(1,0)	(1,0)	MATCH
31	S131	1	2	Split131(2,1)	2	4	(0,1)	(1,0)	(1,0)	MATCH
31	S131	1	2	Split131(2,2)	2	4	(0,1)	(1,0)	(1,0)	MATCH
31	S131	1	2	Split131(2,3)	2	4	(0,1)	(1,0)	(1,0)	MATCH
31	S131	1	2	Split131(2,4)	2	4	(0,1)	(1,0)	(1,0)	MATCH
31	S131	1	2	Split131(3,0)	2	4	(0,1)	(0,1)	(0,1)	MATCH
31	S131	1	2	Split131(3,1)	2	4	(0,1)	(0,1)	(0,1)	MATCH
31	S131	1	2	Split131(3,2)	2	4	(0,1)	(1,2)	(1,2)	MATCH
31	S131	1	2	Split131(3,3)	2	4	(0,1)	(0,1)	(0,1)	MATCH
31	S131	1	2	Split131(3,4)	2	4	(0,1)	(0,1)	(0,1)	MATCH
31	S131	1	2	Split131(4,0)	2	4	(0,1)	(0,1)	(0,1)	MATCH
31	S131	1	2	Split131(4,1)	2	4	(0,1)	(0,1)	(0,1)	MATCH
31	S131	1	2	Split131(4,2)	2	4	(0,1)	(1,0)	(1,0)	MATCH
31	S131	1	2	Split131(4,3)	2	4	(0,1)	(0,1)	(0,1)	MATCH
31	S131	1	2	Split131(4,4)	2	4	(0,1)	(0,1)	(0,1)	MATCH
31	G	1	3	Gather	2	4	(0,1)	(0,1)	is_split=false	MATCH
31	S14	1	3	Split14(0)	2	4	(0,1)	(0,1)	fallback!=2	MATCH
31	S14	1	3	Split14(1)	2	4	(0,1)	(0,1)	fallback!=2	MATCH
31	S14	1	3	Split14(2)	2	4	(0,1)	(0,1)	fallback!=2	MATCH
31	S14	1	3	Split14(3)	2	4	(0,1)	(1,2)	(1,2)	MATCH
31	S14	1	3	Split14(4)	2	4	(0,1)	(0,1)	fallback!=2	MATCH
31	S131	1	3	Split131(0,0)	2	4	(0,1)	(0,1)	(0,1)	MATCH
31	S131	1	3	Split131(0,1)	2	4	(0,1)	(0,1)	(0,1)	MATCH
31	S131	1	3	Split131(0,2)	2	4	(0,1)	(0,1)	(0,1)	MATCH
31	S131	1	3	Split131(0,3)	2	4	(0,1)	(1,2)	(1,2)	MATCH
31	S131	1	3	Split131(0,4)	2	4	(0,1)	(0,1)	(0,1)	MATCH
31	S131	1	3	Split131(1,0)	2	4	(0,1)	(0,1)	(0,1)	MATCH
31	S131	1	3	Split131(1,1)	2	4	(0,1)	(0,1)	(0,1)	MATCH
31	S131	1	3	Split131(1,2)	2	4	(0,1)	(0,1)	(0,1)	MATCH
31	S131	1	3	Split131(1,3)	2	4	(0,1)	(1,2)	(1,2)	MATCH
31	S131	1	3	Split131(1,4)	2	4	(0,1)	(0,1)	(0,1)	MATCH
31	S131	1	3	Split131(2,0)	2	4	(0,1)	(0,1)	(0,1)	MATCH
31	S131	1	3	Split131(2,1)	2	4	(0,1)	(0,1)	(0,1)	MATCH
31	S131	1	3	Split131(2,2)	2	4	(0,1)	(0,1)	(0,1)	MATCH
31	S131	1	3	Split131(2,3)	2	4	(0,1)	(1,2)	(1,2)	MATCH
31	S131	1	3	Split131(2,4)	2	4	(0,1)	(0,1)	(0,1)	MATCH
31	S131	1	3	Split131(3,0)	2	4	(0,1)	(1,0)	(1,0)	MATCH
31	S131	1	3	Split131(3,1)	2	4	(0,1)	(1,0)	(1,0)	MATCH
31	S131	1	3	Split131(3,2)	2	4	(0,1)	(1,0)	(1,0)	MATCH
31	S131	1	3	Split131(3,3)	2	4	(0,1)	(1,0)	(1,0)	MATCH
31	S131	1	3	Split131(3,4)	2	4	(0,1)	(1,0)	(1,0)	MATCH
31	S131	1	3	Split131(4,0)	2	4	(0,1)	(0,1)	(0,1)	MATCH
31	S131	1	3	Split131(4,1)	2	4	(0,1)	(0,1)	(0,1)	MATCH
31	S131	1	3	Split131(4,2)	2	4	(0,1)	(0,1)	(0,1)	MATCH
31	S131	1	3	Split131(4,3)	2	4	(0,1)	(1,0)	(1,0)	MATCH
31	S131	1	3	Split131(4,4)	2	4	(0,1)	(0,1)	(0,1)	MATCH
31	G	1	4	Gather	2	4	(0,1)	(0,1)	is_split=false	MATCH
31	S14	1	4	Split14(0)	2	4	(0,1)	(0,1)	fallback!=2	MATCH
31	S14	1	4	Split14(1)	2	4	(0,1)	(0,1)	fallback!=2	MATCH
31	S14	1	4	Split14(2)	2	4	(0,1)	(0,1)	fallback!=2	MATCH
31	S14	1	4	Split14(3)	2	4	(0,1)	(0,1)	fallback!=2	MATCH
31	S14	1	4	Split14(4)	2	4	(0,1)	(1,2)	(1,2)	MATCH
31	S131	1	4	Split131(0,0)	2	4	(0,1)	(0,1)	(0,1)	MATCH
31	S131	1	4	Split131(0,1)	2	4	(0,1)	(0,1)	(0,1)	MATCH
31	S131	1	4	Split131(0,2)	2	4	(0,1)	(0,1)	(0,1)	MATCH
31	S131	1	4	Split131(0,3)	2	4	(0,1)	(0,1)	(0,1)	MATCH
31	S131	1	4	Split131(0,4)	2	4	(0,1)	(1,2)	(1,2)	MATCH
31	S131	1	4	Split131(1,0)	2	4	(0,1)	(0,1)	(0,1)	MATCH
31	S131	1	4	Split131(1,1)	2	4	(0,1)	(0,1)	(0,1)	MATCH
31	S131	1	4	Split131(1,2)	2	4	(0,1)	(0,1)	(0,1)	MATCH
31	S131	1	4	Split131(1,3)	2	4	(0,1)	(0,1)	(0,1)	MATCH
31	S131	1	4	Split131(1,4)	2	4	(0,1)	(1,2)	(1,2)	MATCH
31	S131	1	4	Split131(2,0)	2	4	(0,1)	(0,1)	(0,1)	MATCH
31	S131	1	4	Split131(2,1)	2	4	(0,1)	(0,1)	(0,1)	MATCH
31	S131	1	4	Split131(2,2)	2	4	(0,1)	(0,1)	(0,1)	MATCH
31	S131	1	4	Split131(2,3)	2	4	(0,1)	(0,1)	(0,1)	MATCH
31	S131	1	4	Split131(2,4)	2	4	(0,1)	(1,2)	(1,2)	MATCH
31	S131	1	4	Split131(3,0)	2	4	(0,1)	(0,1)	(0,1)	MATCH
31	S131	1	4	Split131(3,1)	2	4	(0,1)	(0,1)	(0,1)	MATCH
31	S131	1	4	Split131(3,2)	2	4	(0,1)	(0,1)	(0,1)	MATCH
31	S131	1	4	Split131(3,3)	2	4	(0,1)	(0,1)	(0,1)	MATCH
31	S131	1	4	Split131(3,4)	2	4	(0,1)	(1,2)	(1,2)	MATCH
31	S131	1	4	Split131(4,0)	2	4	(0,1)	(1,0)	(1,0)	MATCH
31	S131	1	4	Split131(4,1)	2	4	(0,1)	(1,0)	(1,0)	MATCH
31	S131	1	4	Split131(4,2)	2	4	(0,1)	(1,0)	(1,0)	MATCH
31	S131	1	4	Split131(4,3)	2	4	(0,1)	(1,0)	(1,0)	MATCH
31	S131	1	4	Split131(4,4)	2	4	(0,1)	(1,0)	(1,0)	MATCH
31	G	1	0	Gather	2	5	(0,1)	(0,1)	is_split=false	MATCH
31	S14	1	0	Split14(0)	2	5	(0,1)	(1,2)	(1,2)	MATCH
31	S14	1	0	Split14(1)	2	5	(0,1)	(0,1)	fallback!=2	MATCH
31	S14	1	0	Split14(2)	2	5	(0,1)	(0,1)	fallback!=2	MATCH
31	S14	1	0	Split14(3)	2	5	(0,1)	(0,1)	fallback!=2	MATCH
31	S14	1	0	Split14(4)	2	5	(0,1)	(0,1)	fallback!=2	MATCH
31	S131	1	0	Split131(0,0)	2	5	(0,1)	(1,0)	(1,0)	MATCH
31	S131	1	0	Split131(0,1)	2	5	(0,1)	(1,0)	(1,0)	MATCH
31	S131	1	0	Split131(0,2)	2	5	(0,1)	(1,0)	(1,0)	MATCH
31	S131	1	0	Split131(0,3)	2	5	(0,1)	(1,0)	(1,0)	MATCH
31	S131	1	0	Split131(0,4)	2	5	(0,1)	(1,0)	(1,0)	MATCH
31	S131	1	0	Split131(1,0)	2	5	(0,1)	(1,2)	(1,2)	MATCH
31	S131	1	0	Split131(1,1)	2	5	(0,1)	(0,1)	(0,1)	MATCH
31	S131	1	0	Split131(1,2)	2	5	(0,1)	(0,1)	(0,1)	MATCH
31	S131	1	0	Split131(1,3)	2	5	(0,1)	(0,1)	(0,1)	MATCH
31	S131	1	0	Split131(1,4)	2	5	(0,1)	(0,1)	(0,1)	MATCH
31	S131	1	0	Split131(2,0)	2	5	(0,1)	(1,2)	(1,2)	MATCH
31	S131	1	0	Split131(2,1)	2	5	(0,1)	(0,1)	(0,1)	MATCH
31	S131	1	0	Split131(2,2)	2	5	(0,1)	(0,1)	(0,1)	MATCH
31	S131	1	0	Split131(2,3)	2	5	(0,1)	(0,1)	(0,1)	MATCH
31	S131	1	0	Split131(2,4)	2	5	(0,1)	(0,1)	(0,1)	MATCH
31	S131	1	0	Split131(3,0)	2	5	(0,1)	(1,2)	(1,2)	MATCH
31	S131	1	0	Split131(3,1)	2	5	(0,1)	(0,1)	(0,1)	MATCH
31	S131	1	0	Split131(3,2)	2	5	(0,1)	(0,1)	(0,1)	MATCH
31	S131	1	0	Split131(3,3)	2	5	(0,1)	(0,1)	(0,1)	MATCH
31	S131	1	0	Split131(3,4)	2	5	(0,1)	(0,1)	(0,1)	MATCH
31	S131	1	0	Split131(4,0)	2	5	(0,1)	(1,2)	(1,2)	MATCH
31	S131	1	0	Split131(4,1)	2	5	(0,1)	(0,1)	(0,1)	MATCH
31	S131	1	0	Split131(4,2)	2	5	(0,1)	(0,1)	(0,1)	MATCH
31	S131	1	0	Split131(4,3)	2	5	(0,1)	(0,1)	(0,1)	MATCH
31	S131	1	0	Split131(4,4)	2	5	(0,1)	(0,1)	(0,1)	MATCH
31	G	1	1	Gather	2	5	(0,1)	(0,1)	is_split=false	MATCH
31	S14	1	1	Split14(0)	2	5	(0,1)	(0,1)	fallback!=2	MATCH
31	S14	1	1	Split14(1)	2	5	(0,1)	(1,2)	(1,2)	MATCH
31	S14	1	1	Split14(2)	2	5	(0,1)	(0,1)	fallback!=2	MATCH
31	S14	1	1	Split14(3)	2	5	(0,1)	(0,1)	fallback!=2	MATCH
31	S14	1	1	Split14(4)	2	5	(0,1)	(0,1)	fallback!=2	MATCH
31	S131	1	1	Split131(0,0)	2	5	(0,1)	(0,1)	(0,1)	MATCH
31	S131	1	1	Split131(0,1)	2	5	(0,1)	(1,2)	(1,2)	MATCH
31	S131	1	1	Split131(0,2)	2	5	(0,1)	(0,1)	(0,1)	MATCH
31	S131	1	1	Split131(0,3)	2	5	(0,1)	(0,1)	(0,1)	MATCH
31	S131	1	1	Split131(0,4)	2	5	(0,1)	(0,1)	(0,1)	MATCH
31	S131	1	1	Split131(1,0)	2	5	(0,1)	(1,0)	(1,0)	MATCH
31	S131	1	1	Split131(1,1)	2	5	(0,1)	(1,0)	(1,0)	MATCH
31	S131	1	1	Split131(1,2)	2	5	(0,1)	(1,0)	(1,0)	MATCH
31	S131	1	1	Split131(1,3)	2	5	(0,1)	(1,0)	(1,0)	MATCH
31	S131	1	1	Split131(1,4)	2	5	(0,1)	(1,0)	(1,0)	MATCH
31	S131	1	1	Split131(2,0)	2	5	(0,1)	(0,1)	(0,1)	MATCH
31	S131	1	1	Split131(2,1)	2	5	(0,1)	(1,2)	(1,2)	MATCH
31	S131	1	1	Split131(2,2)	2	5	(0,1)	(0,1)	(0,1)	MATCH
31	S131	1	1	Split131(2,3)	2	5	(0,1)	(0,1)	(0,1)	MATCH
31	S131	1	1	Split131(2,4)	2	5	(0,1)	(0,1)	(0,1)	MATCH
31	S131	1	1	Split131(3,0)	2	5	(0,1)	(0,1)	(0,1)	MATCH
31	S131	1	1	Split131(3,1)	2	5	(0,1)	(1,2)	(1,2)	MATCH
31	S131	1	1	Split131(3,2)	2	5	(0,1)	(0,1)	(0,1)	MATCH
31	S131	1	1	Split131(3,3)	2	5	(0,1)	(0,1)	(0,1)	MATCH
31	S131	1	1	Split131(3,4)	2	5	(0,1)	(0,1)	(0,1)	MATCH
31	S131	1	1	Split131(4,0)	2	5	(0,1)	(0,1)	(0,1)	MATCH
31	S131	1	1	Split131(4,1)	2	5	(0,1)	(1,2)	(1,2)	MATCH
31	S131	1	1	Split131(4,2)	2	5	(0,1)	(0,1)	(0,1)	MATCH
31	S131	1	1	Split131(4,3)	2	5	(0,1)	(0,1)	(0,1)	MATCH
31	S131	1	1	Split131(4,4)	2	5	(0,1)	(0,1)	(0,1)	MATCH
31	G	1	2	Gather	2	5	(0,1)	(0,1)	is_split=false	MATCH
31	S14	1	2	Split14(0)	2	5	(0,1)	(0,1)	fallback!=2	MATCH
31	S14	1	2	Split14(1)	2	5	(0,1)	(0,1)	fallback!=2	MATCH
31	S14	1	2	Split14(2)	2	5	(0,1)	(1,2)	(1,2)	MATCH
31	S14	1	2	Split14(3)	2	5	(0,1)	(0,1)	fallback!=2	MATCH
31	S14	1	2	Split14(4)	2	5	(0,1)	(0,1)	fallback!=2	MATCH
31	S131	1	2	Split131(0,0)	2	5	(0,1)	(0,1)	(0,1)	MATCH
31	S131	1	2	Split131(0,1)	2	5	(0,1)	(0,1)	(0,1)	MATCH
31	S131	1	2	Split131(0,2)	2	5	(0,1)	(1,2)	(1,2)	MATCH
31	S131	1	2	Split131(0,3)	2	5	(0,1)	(0,1)	(0,1)	MATCH
31	S131	1	2	Split131(0,4)	2	5	(0,1)	(0,1)	(0,1)	MATCH
31	S131	1	2	Split131(1,0)	2	5	(0,1)	(0,1)	(0,1)	MATCH
31	S131	1	2	Split131(1,1)	2	5	(0,1)	(0,1)	(0,1)	MATCH
31	S131	1	2	Split131(1,2)	2	5	(0,1)	(1,2)	(1,2)	MATCH
31	S131	1	2	Split131(1,3)	2	5	(0,1)	(0,1)	(0,1)	MATCH
31	S131	1	2	Split131(1,4)	2	5	(0,1)	(0,1)	(0,1)	MATCH
31	S131	1	2	Split131(2,0)	2	5	(0,1)	(1,0)	(1,0)	MATCH
31	S131	1	2	Split131(2,1)	2	5	(0,1)	(1,0)	(1,0)	MATCH
31	S131	1	2	Split131(2,2)	2	5	(0,1)	(1,0)	(1,0)	MATCH
31	S131	1	2	Split131(2,3)	2	5	(0,1)	(1,0)	(1,0)	MATCH
31	S131	1	2	Split131(2,4)	2	5	(0,1)	(1,0)	(1,0)	MATCH
31	S131	1	2	Split131(3,0)	2	5	(0,1)	(0,1)	(0,1)	MATCH
31	S131	1	2	Split131(3,1)	2	5	(0,1)	(0,1)	(0,1)	MATCH
31	S131	1	2	Split131(3,2)	2	5	(0,1)	(1,2)	(1,2)	MATCH
31	S131	1	2	Split131(3,3)	2	5	(0,1)	(0,1)	(0,1)	MATCH
31	S131	1	2	Split131(3,4)	2	5	(0,1)	(0,1)	(0,1)	MATCH
31	S131	1	2	Split131(4,0)	2	5	(0,1)	(0,1)	(0,1)	MATCH
31	S131	1	2	Split131(4,1)	2	5	(0,1)	(0,1)	(0,1)	MATCH
31	S131	1	2	Split131(4,2)	2	5	(0,1)	(1,2)	(1,2)	MATCH
31	S131	1	2	Split131(4,3)	2	5	(0,1)	(0,1)	(0,1)	MATCH
31	S131	1	2	Split131(4,4)	2	5	(0,1)	(0,1)	(0,1)	MATCH
31	G	1	3	Gather	2	5	(0,1)	(0,1)	is_split=false	MATCH
31	S14	1	3	Split14(0)	2	5	(0,1)	(0,1)	fallback!=2	MATCH
31	S14	1	3	Split14(1)	2	5	(0,1)	(0,1)	fallback!=2	MATCH
31	S14	1	3	Split14(2)	2	5	(0,1)	(0,1)	fallback!=2	MATCH
31	S14	1	3	Split14(3)	2	5	(0,1)	(1,2)	(1,2)	MATCH
31	S14	1	3	Split14(4)	2	5	(0,1)	(0,1)	fallback!=2	MATCH
31	S131	1	3	Split131(0,0)	2	5	(0,1)	(0,1)	(0,1)	MATCH
31	S131	1	3	Split131(0,1)	2	5	(0,1)	(0,1)	(0,1)	MATCH
31	S131	1	3	Split131(0,2)	2	5	(0,1)	(0,1)	(0,1)	MATCH
31	S131	1	3	Split131(0,3)	2	5	(0,1)	(1,2)	(1,2)	MATCH
31	S131	1	3	Split131(0,4)	2	5	(0,1)	(0,1)	(0,1)	MATCH
31	S131	1	3	Split131(1,0)	2	5	(0,1)	(0,1)	(0,1)	MATCH
31	S131	1	3	Split131(1,1)	2	5	(0,1)	(0,1)	(0,1)	MATCH
31	S131	1	3	Split131(1,2)	2	5	(0,1)	(0,1)	(0,1)	MATCH
31	S131	1	3	Split131(1,3)	2	5	(0,1)	(1,2)	(1,2)	MATCH
31	S131	1	3	Split131(1,4)	2	5	(0,1)	(0,1)	(0,1)	MATCH
31	S131	1	3	Split131(2,0)	2	5	(0,1)	(0,1)	(0,1)	MATCH
31	S131	1	3	Split131(2,1)	2	5	(0,1)	(0,1)	(0,1)	MATCH
31	S131	1	3	Split131(2,2)	2	5	(0,1)	(0,1)	(0,1)	MATCH
31	S131	1	3	Split131(2,3)	2	5	(0,1)	(1,2)	(1,2)	MATCH
31	S131	1	3	Split131(2,4)	2	5	(0,1)	(0,1)	(0,1)	MATCH
31	S131	1	3	Split131(3,0)	2	5	(0,1)	(1,0)	(1,0)	MATCH
31	S131	1	3	Split131(3,1)	2	5	(0,1)	(1,0)	(1,0)	MATCH
31	S131	1	3	Split131(3,2)	2	5	(0,1)	(1,0)	(1,0)	MATCH
31	S131	1	3	Split131(3,3)	2	5	(0,1)	(1,0)	(1,0)	MATCH
31	S131	1	3	Split131(3,4)	2	5	(0,1)	(1,0)	(1,0)	MATCH
31	S131	1	3	Split131(4,0)	2	5	(0,1)	(0,1)	(0,1)	MATCH
31	S131	1	3	Split131(4,1)	2	5	(0,1)	(0,1)	(0,1)	MATCH
31	S131	1	3	Split131(4,2)	2	5	(0,1)	(0,1)	(0,1)	MATCH
31	S131	1	3	Split131(4,3)	2	5	(0,1)	(1,2)	(1,2)	MATCH
31	S131	1	3	Split131(4,4)	2	5	(0,1)	(0,1)	(0,1)	MATCH
31	G	1	4	Gather	2	5	(0,1)	(0,1)	is_split=false	MATCH
31	S14	1	4	Split14(0)	2	5	(0,1)	(0,1)	fallback!=2	MATCH
31	S14	1	4	Split14(1)	2	5	(0,1)	(0,1)	fallback!=2	MATCH
31	S14	1	4	Split14(2)	2	5	(0,1)	(0,1)	fallback!=2	MATCH
31	S14	1	4	Split14(3)	2	5	(0,1)	(0,1)	fallback!=2	MATCH
31	S14	1	4	Split14(4)	2	5	(0,1)	(1,2)	(1,2)	MATCH
31	S131	1	4	Split131(0,0)	2	5	(0,1)	(0,1)	(0,1)	MATCH
31	S131	1	4	Split131(0,1)	2	5	(0,1)	(0,1)	(0,1)	MATCH
31	S131	1	4	Split131(0,2)	2	5	(0,1)	(0,1)	(0,1)	MATCH
31	S131	1	4	Split131(0,3)	2	5	(0,1)	(0,1)	(0,1)	MATCH
31	S131	1	4	Split131(0,4)	2	5	(0,1)	(1,2)	(1,2)	MATCH
31	S131	1	4	Split131(1,0)	2	5	(0,1)	(0,1)	(0,1)	MATCH
31	S131	1	4	Split131(1,1)	2	5	(0,1)	(0,1)	(0,1)	MATCH
31	S131	1	4	Split131(1,2)	2	5	(0,1)	(0,1)	(0,1)	MATCH
31	S131	1	4	Split131(1,3)	2	5	(0,1)	(0,1)	(0,1)	MATCH
31	S131	1	4	Split131(1,4)	2	5	(0,1)	(1,2)	(1,2)	MATCH
31	S131	1	4	Split131(2,0)	2	5	(0,1)	(0,1)	(0,1)	MATCH
31	S131	1	4	Split131(2,1)	2	5	(0,1)	(0,1)	(0,1)	MATCH
31	S131	1	4	Split131(2,2)	2	5	(0,1)	(0,1)	(0,1)	MATCH
31	S131	1	4	Split131(2,3)	2	5	(0,1)	(0,1)	(0,1)	MATCH
31	S131	1	4	Split131(2,4)	2	5	(0,1)	(1,2)	(1,2)	MATCH
31	S131	1	4	Split131(3,0)	2	5	(0,1)	(0,1)	(0,1)	MATCH
31	S131	1	4	Split131(3,1)	2	5	(0,1)	(0,1)	(0,1)	MATCH
31	S131	1	4	Split131(3,2)	2	5	(0,1)	(0,1)	(0,1)	MATCH
31	S131	1	4	Split131(3,3)	2	5	(0,1)	(0,1)	(0,1)	MATCH
31	S131	1	4	Split131(3,4)	2	5	(0,1)	(1,2)	(1,2)	MATCH
31	S131	1	4	Split131(4,0)	2	5	(0,1)	(1,0)	(1,0)	MATCH
31	S131	1	4	Split131(4,1)	2	5	(0,1)	(1,0)	(1,0)	MATCH
31	S131	1	4	Split131(4,2)	2	5	(0,1)	(1,0)	(1,0)	MATCH
31	S131	1	4	Split131(4,3)	2	5	(0,1)	(1,0)	(1,0)	MATCH
31	S131	1	4	Split131(4,4)	2	5	(0,1)	(1,0)	(1,0)	MATCH
31	G	0	0	Gather	2	0	(0,1)	(0,1)	is_split=false	MATCH
31	S14	0	0	Split14(0)	2	0	(0,1)	(1,2)	(1,2)	MATCH
31	S14	0	0	Split14(1)	2	0	(0,1)	(0,1)	fallback!=2	MATCH
31	S14	0	0	Split14(2)	2	0	(0,1)	(0,1)	fallback!=2	MATCH
31	S14	0	0	Split14(3)	2	0	(0,1)	(0,1)	fallback!=2	MATCH
31	S14	0	0	Split14(4)	2	0	(0,1)	(0,1)	fallback!=2	MATCH
31	S131	0	0	Split131(0,0)	2	0	(0,1)	(1,0)	(1,0)	MATCH
31	S131	0	0	Split131(0,1)	2	0	(0,1)	(1,0)	(1,0)	MATCH
31	S131	0	0	Split131(0,2)	2	0	(0,1)	(1,0)	(1,0)	MATCH
31	S131	0	0	Split131(0,3)	2	0	(0,1)	(1,0)	(1,0)	MATCH
31	S131	0	0	Split131(0,4)	2	0	(0,1)	(1,0)	(1,0)	MATCH
31	S131	0	0	Split131(1,0)	2	0	(0,1)	(1,2)	(1,2)	MATCH
31	S131	0	0	Split131(1,1)	2	0	(0,1)	(0,1)	(0,1)	MATCH
31	S131	0	0	Split131(1,2)	2	0	(0,1)	(0,1)	(0,1)	MATCH
31	S131	0	0	Split131(1,3)	2	0	(0,1)	(0,1)	(0,1)	MATCH
31	S131	0	0	Split131(1,4)	2	0	(0,1)	(0,1)	(0,1)	MATCH
31	S131	0	0	Split131(2,0)	2	0	(0,1)	(1,2)	(1,2)	MATCH
31	S131	0	0	Split131(2,1)	2	0	(0,1)	(0,1)	(0,1)	MATCH
31	S131	0	0	Split131(2,2)	2	0	(0,1)	(0,1)	(0,1)	MATCH
31	S131	0	0	Split131(2,3)	2	0	(0,1)	(0,1)	(0,1)	MATCH
31	S131	0	0	Split131(2,4)	2	0	(0,1)	(0,1)	(0,1)	MATCH
31	S131	0	0	Split131(3,0)	2	0	(0,1)	(1,2)	(1,2)	MATCH
31	S131	0	0	Split131(3,1)	2	0	(0,1)	(0,1)	(0,1)	MATCH
31	S131	0	0	Split131(3,2)	2	0	(0,1)	(0,1)	(0,1)	MATCH
31	S131	0	0	Split131(3,3)	2	0	(0,1)	(0,1)	(0,1)	MATCH
31	S131	0	0	Split131(3,4)	2	0	(0,1)	(0,1)	(0,1)	MATCH
31	S131	0	0	Split131(4,0)	2	0	(0,1)	(1,2)	(1,2)	MATCH
31	S131	0	0	Split131(4,1)	2	0	(0,1)	(0,1)	(0,1)	MATCH
31	S131	0	0	Split131(4,2)	2	0	(0,1)	(0,1)	(0,1)	MATCH
31	S131	0	0	Split131(4,3)	2	0	(0,1)	(0,1)	(0,1)	MATCH
31	S131	0	0	Split131(4,4)	2	0	(0,1)	(0,1)	(0,1)	MATCH
31	G	0	1	Gather	2	0	(0,1)	(0,1)	is_split=false	MATCH
31	S14	0	1	Split14(0)	2	0	(0,1)	(0,1)	fallback!=2	MATCH
31	S14	0	1	Split14(1)	2	0	(0,1)	(1,2)	(1,2)	MATCH
31	S14	0	1	Split14(2)	2	0	(0,1)	(0,1)	fallback!=2	MATCH
31	S14	0	1	Split14(3)	2	0	(0,1)	(0,1)	fallback!=2	MATCH
31	S14	0	1	Split14(4)	2	0	(0,1)	(0,1)	fallback!=2	MATCH
31	S131	0	1	Split131(0,0)	2	0	(0,1)	(0,1)	(0,1)	MATCH
31	S131	0	1	Split131(0,1)	2	0	(0,1)	(1,0)	(1,0)	MATCH
31	S131	0	1	Split131(0,2)	2	0	(0,1)	(0,1)	(0,1)	MATCH
31	S131	0	1	Split131(0,3)	2	0	(0,1)	(0,1)	(0,1)	MATCH
31	S131	0	1	Split131(0,4)	2	0	(0,1)	(0,1)	(0,1)	MATCH
31	S131	0	1	Split131(1,0)	2	0	(0,1)	(1,0)	(1,0)	MATCH
31	S131	0	1	Split131(1,1)	2	0	(0,1)	(1,0)	(1,0)	MATCH
31	S131	0	1	Split131(1,2)	2	0	(0,1)	(1,0)	(1,0)	MATCH
31	S131	0	1	Split131(1,3)	2	0	(0,1)	(1,0)	(1,0)	MATCH
31	S131	0	1	Split131(1,4)	2	0	(0,1)	(1,0)	(1,0)	MATCH
31	S131	0	1	Split131(2,0)	2	0	(0,1)	(0,1)	(0,1)	MATCH
31	S131	0	1	Split131(2,1)	2	0	(0,1)	(1,2)	(1,2)	MATCH
31	S131	0	1	Split131(2,2)	2	0	(0,1)	(0,1)	(0,1)	MATCH
31	S131	0	1	Split131(2,3)	2	0	(0,1)	(0,1)	(0,1)	MATCH
31	S131	0	1	Split131(2,4)	2	0	(0,1)	(0,1)	(0,1)	MATCH
31	S131	0	1	Split131(3,0)	2	0	(0,1)	(0,1)	(0,1)	MATCH
31	S131	0	1	Split131(3,1)	2	0	(0,1)	(1,2)	(1,2)	MATCH
31	S131	0	1	Split131(3,2)	2	0	(0,1)	(0,1)	(0,1)	MATCH
31	S131	0	1	Split131(3,3)	2	0	(0,1)	(0,1)	(0,1)	MATCH
31	S131	0	1	Split131(3,4)	2	0	(0,1)	(0,1)	(0,1)	MATCH
31	S131	0	1	Split131(4,0)	2	0	(0,1)	(0,1)	(0,1)	MATCH
31	S131	0	1	Split131(4,1)	2	0	(0,1)	(1,2)	(1,2)	MATCH
31	S131	0	1	Split131(4,2)	2	0	(0,1)	(0,1)	(0,1)	MATCH
31	S131	0	1	Split131(4,3)	2	0	(0,1)	(0,1)	(0,1)	MATCH
31	S131	0	1	Split131(4,4)	2	0	(0,1)	(0,1)	(0,1)	MATCH
31	G	0	2	Gather	2	0	(0,1)	(0,1)	is_split=false	MATCH
31	S14	0	2	Split14(0)	2	0	(0,1)	(0,1)	fallback!=2	MATCH
31	S14	0	2	Split14(1)	2	0	(0,1)	(0,1)	fallback!=2	MATCH
31	S14	0	2	Split14(2)	2	0	(0,1)	(1,2)	(1,2)	MATCH
31	S14	0	2	Split14(3)	2	0	(0,1)	(0,1)	fallback!=2	MATCH
31	S14	0	2	Split14(4)	2	0	(0,1)	(0,1)	fallback!=2	MATCH
31	S131	0	2	Split131(0,0)	2	0	(0,1)	(0,1)	(0,1)	MATCH
31	S131	0	2	Split131(0,1)	2	0	(0,1)	(0,1)	(0,1)	MATCH
31	S131	0	2	Split131(0,2)	2	0	(0,1)	(1,0)	(1,0)	MATCH
31	S131	0	2	Split131(0,3)	2	0	(0,1)	(0,1)	(0,1)	MATCH
31	S131	0	2	Split131(0,4)	2	0	(0,1)	(0,1)	(0,1)	MATCH
31	S131	0	2	Split131(1,0)	2	0	(0,1)	(0,1)	(0,1)	MATCH
31	S131	0	2	Split131(1,1)	2	0	(0,1)	(0,1)	(0,1)	MATCH
31	S131	0	2	Split131(1,2)	2	0	(0,1)	(1,2)	(1,2)	MATCH
31	S131	0	2	Split131(1,3)	2	0	(0,1)	(0,1)	(0,1)	MATCH
31	S131	0	2	Split131(1,4)	2	0	(0,1)	(0,1)	(0,1)	MATCH
31	S131	0	2	Split131(2,0)	2	0	(0,1)	(1,0)	(1,0)	MATCH
31	S131	0	2	Split131(2,1)	2	0	(0,1)	(1,0)	(1,0)	MATCH
31	S131	0	2	Split131(2,2)	2	0	(0,1)	(1,0)	(1,0)	MATCH
31	S131	0	2	Split131(2,3)	2	0	(0,1)	(1,0)	(1,0)	MATCH
31	S131	0	2	Split131(2,4)	2	0	(0,1)	(1,0)	(1,0)	MATCH
31	S131	0	2	Split131(3,0)	2	0	(0,1)	(0,1)	(0,1)	MATCH
31	S131	0	2	Split131(3,1)	2	0	(0,1)	(0,1)	(0,1)	MATCH
31	S131	0	2	Split131(3,2)	2	0	(0,1)	(1,2)	(1,2)	MATCH
31	S131	0	2	Split131(3,3)	2	0	(0,1)	(0,1)	(0,1)	MATCH
31	S131	0	2	Split131(3,4)	2	0	(0,1)	(0,1)	(0,1)	MATCH
31	S131	0	2	Split131(4,0)	2	0	(0,1)	(0,1)	(0,1)	MATCH
31	S131	0	2	Split131(4,1)	2	0	(0,1)	(0,1)	(0,1)	MATCH
31	S131	0	2	Split131(4,2)	2	0	(0,1)	(1,2)	(1,2)	MATCH
31	S131	0	2	Split131(4,3)	2	0	(0,1)	(0,1)	(0,1)	MATCH
31	S131	0	2	Split131(4,4)	2	0	(0,1)	(0,1)	(0,1)	MATCH
31	G	0	3	Gather	2	0	(0,1)	(0,1)	is_split=false	MATCH
31	S14	0	3	Split14(0)	2	0	(0,1)	(0,1)	fallback!=2	MATCH
31	S14	0	3	Split14(1)	2	0	(0,1)	(0,1)	fallback!=2	MATCH
31	S14	0	3	Split14(2)	2	0	(0,1)	(0,1)	fallback!=2	MATCH
31	S14	0	3	Split14(3)	2	0	(0,1)	(1,2)	(1,2)	MATCH
31	S14	0	3	Split14(4)	2	0	(0,1)	(0,1)	fallback!=2	MATCH
31	S131	0	3	Split131(0,0)	2	0	(0,1)	(0,1)	(0,1)	MATCH
31	S131	0	3	Split131(0,1)	2	0	(0,1)	(0,1)	(0,1)	MATCH
31	S131	0	3	Split131(0,2)	2	0	(0,1)	(0,1)	(0,1)	MATCH
31	S131	0	3	Split131(0,3)	2	0	(0,1)	(1,0)	(1,0)	MATCH
31	S131	0	3	Split131(0,4)	2	0	(0,1)	(0,1)	(0,1)	MATCH
31	S131	0	3	Split131(1,0)	2	0	(0,1)	(0,1)	(0,1)	MATCH
31	S131	0	3	Split131(1,1)	2	0	(0,1)	(0,1)	(0,1)	MATCH
31	S131	0	3	Split131(1,2)	2	0	(0,1)	(0,1)	(0,1)	MATCH
31	S131	0	3	Split131(1,3)	2	0	(0,1)	(1,2)	(1,2)	MATCH
31	S131	0	3	Split131(1,4)	2	0	(0,1)	(0,1)	(0,1)	MATCH
31	S131	0	3	Split131(2,0)	2	0	(0,1)	(0,1)	(0,1)	MATCH
31	S131	0	3	Split131(2,1)	2	0	(0,1)	(0,1)	(0,1)	MATCH
31	S131	0	3	Split131(2,2)	2	0	(0,1)	(0,1)	(0,1)	MATCH
31	S131	0	3	Split131(2,3)	2	0	(0,1)	(1,2)	(1,2)	MATCH
31	S131	0	3	Split131(2,4)	2	0	(0,1)	(0,1)	(0,1)	MATCH
31	S131	0	3	Split131(3,0)	2	0	(0,1)	(1,0)	(1,0)	MATCH
31	S131	0	3	Split131(3,1)	2	0	(0,1)	(1,0)	(1,0)	MATCH
31	S131	0	3	Split131(3,2)	2	0	(0,1)	(1,0)	(1,0)	MATCH
31	S131	0	3	Split131(3,3)	2	0	(0,1)	(1,0)	(1,0)	MATCH
31	S131	0	3	Split131(3,4)	2	0	(0,1)	(1,0)	(1,0)	MATCH
31	S131	0	3	Split131(4,0)	2	0	(0,1)	(0,1)	(0,1)	MATCH
31	S131	0	3	Split131(4,1)	2	0	(0,1)	(0,1)	(0,1)	MATCH
31	S131	0	3	Split131(4,2)	2	0	(0,1)	(0,1)	(0,1)	MATCH
31	S131	0	3	Split131(4,3)	2	0	(0,1)	(1,2)	(1,2)	MATCH
31	S131	0	3	Split131(4,4)	2	0	(0,1)	(0,1)	(0,1)	MATCH
31	G	0	4	Gather	2	0	(0,1)	(0,1)	is_split=false	MATCH
31	S14	0	4	Split14(0)	2	0	(0,1)	(0,1)	fallback!=2	MATCH
31	S14	0	4	Split14(1)	2	0	(0,1)	(0,1)	fallback!=2	MATCH
31	S14	0	4	Split14(2)	2	0	(0,1)	(0,1)	fallback!=2	MATCH
31	S14	0	4	Split14(3)	2	0	(0,1)	(0,1)	fallback!=2	MATCH
31	S14	0	4	Split14(4)	2	0	(0,1)	(1,2)	(1,2)	MATCH
31	S131	0	4	Split131(0,0)	2	0	(0,1)	(0,1)	(0,1)	MATCH
31	S131	0	4	Split131(0,1)	2	0	(0,1)	(0,1)	(0,1)	MATCH
31	S131	0	4	Split131(0,2)	2	0	(0,1)	(0,1)	(0,1)	MATCH
31	S131	0	4	Split131(0,3)	2	0	(0,1)	(0,1)	(0,1)	MATCH
31	S131	0	4	Split131(0,4)	2	0	(0,1)	(1,0)	(1,0)	MATCH
31	S131	0	4	Split131(1,0)	2	0	(0,1)	(0,1)	(0,1)	MATCH
31	S131	0	4	Split131(1,1)	2	0	(0,1)	(0,1)	(0,1)	MATCH
31	S131	0	4	Split131(1,2)	2	0	(0,1)	(0,1)	(0,1)	MATCH
31	S131	0	4	Split131(1,3)	2	0	(0,1)	(0,1)	(0,1)	MATCH
31	S131	0	4	Split131(1,4)	2	0	(0,1)	(1,2)	(1,2)	MATCH
31	S131	0	4	Split131(2,0)	2	0	(0,1)	(0,1)	(0,1)	MATCH
31	S131	0	4	Split131(2,1)	2	0	(0,1)	(0,1)	(0,1)	MATCH
31	S131	0	4	Split131(2,2)	2	0	(0,1)	(0,1)	(0,1)	MATCH
31	S131	0	4	Split131(2,3)	2	0	(0,1)	(0,1)	(0,1)	MATCH
31	S131	0	4	Split131(2,4)	2	0	(0,1)	(1,2)	(1,2)	MATCH
31	S131	0	4	Split131(3,0)	2	0	(0,1)	(0,1)	(0,1)	MATCH
31	S131	0	4	Split131(3,1)	2	0	(0,1)	(0,1)	(0,1)	MATCH
31	S131	0	4	Split131(3,2)	2	0	(0,1)	(0,1)	(0,1)	MATCH
31	S131	0	4	Split131(3,3)	2	0	(0,1)	(0,1)	(0,1)	MATCH
31	S131	0	4	Split131(3,4)	2	0	(0,1)	(1,2)	(1,2)	MATCH
31	S131	0	4	Split131(4,0)	2	0	(0,1)	(1,0)	(1,0)	MATCH
31	S131	0	4	Split131(4,1)	2	0	(0,1)	(1,0)	(1,0)	MATCH
31	S131	0	4	Split131(4,2)	2	0	(0,1)	(1,0)	(1,0)	MATCH
31	S131	0	4	Split131(4,3)	2	0	(0,1)	(1,0)	(1,0)	MATCH
31	S131	0	4	Split131(4,4)	2	0	(0,1)	(1,0)	(1,0)	MATCH
31	G	0	0	Gather	2	1	(0,1)	(0,1)	is_split=false	MATCH
31	S14	0	0	Split14(0)	2	1	(0,1)	(1,2)	(1,2)	MATCH
31	S14	0	0	Split14(1)	2	1	(0,1)	(0,1)	fallback!=2	MATCH
31	S14	0	0	Split14(2)	2	1	(0,1)	(0,1)	fallback!=2	MATCH
31	S14	0	0	Split14(3)	2	1	(0,1)	(0,1)	fallback!=2	MATCH
31	S14	0	0	Split14(4)	2	1	(0,1)	(0,1)	fallback!=2	MATCH
31	S131	0	0	Split131(0,0)	2	1	(0,1)	(1,0)	(1,0)	MATCH
31	S131	0	0	Split131(0,1)	2	1	(0,1)	(1,0)	(1,0)	MATCH
31	S131	0	0	Split131(0,2)	2	1	(0,1)	(1,0)	(1,0)	MATCH
31	S131	0	0	Split131(0,3)	2	1	(0,1)	(1,0)	(1,0)	MATCH
31	S131	0	0	Split131(0,4)	2	1	(0,1)	(1,0)	(1,0)	MATCH
31	S131	0	0	Split131(1,0)	2	1	(0,1)	(1,0)	(1,0)	MATCH
31	S131	0	0	Split131(1,1)	2	1	(0,1)	(0,1)	(0,1)	MATCH
31	S131	0	0	Split131(1,2)	2	1	(0,1)	(0,1)	(0,1)	MATCH
31	S131	0	0	Split131(1,3)	2	1	(0,1)	(0,1)	(0,1)	MATCH
31	S131	0	0	Split131(1,4)	2	1	(0,1)	(0,1)	(0,1)	MATCH
31	S131	0	0	Split131(2,0)	2	1	(0,1)	(1,2)	(1,2)	MATCH
31	S131	0	0	Split131(2,1)	2	1	(0,1)	(0,1)	(0,1)	MATCH
31	S131	0	0	Split131(2,2)	2	1	(0,1)	(0,1)	(0,1)	MATCH
31	S131	0	0	Split131(2,3)	2	1	(0,1)	(0,1)	(0,1)	MATCH
31	S131	0	0	Split131(2,4)	2	1	(0,1)	(0,1)	(0,1)	MATCH
31	S131	0	0	Split131(3,0)	2	1	(0,1)	(1,2)	(1,2)	MATCH
31	S131	0	0	Split131(3,1)	2	1	(0,1)	(0,1)	(0,1)	MATCH
31	S131	0	0	Split131(3,2)	2	1	(0,1)	(0,1)	(0,1)	MATCH
31	S131	0	0	Split131(3,3)	2	1	(0,1)	(0,1)	(0,1)	MATCH
31	S131	0	0	Split131(3,4)	2	1	(0,1)	(0,1)	(0,1)	MATCH
31	S131	0	0	Split131(4,0)	2	1	(0,1)	(1,2)	(1,2)	MATCH
31	S131	0	0	Split131(4,1)	2	1	(0,1)	(0,1)	(0,1)	MATCH
31	S131	0	0	Split131(4,2)	2	1	(0,1)	(0,1)	(0,1)	MATCH
31	S131	0	0	Split131(4,3)	2	1	(0,1)	(0,1)	(0,1)	MATCH
31	S131	0	0	Split131(4,4)	2	1	(0,1)	(0,1)	(0,1)	MATCH
31	G	0	1	Gather	2	1	(0,1)	(0,1)	is_split=false	MATCH
31	S14	0	1	Split14(0)	2	1	(0,1)	(0,1)	fallback!=2	MATCH
31	S14	0	1	Split14(1)	2	1	(0,1)	(1,2)	(1,2)	MATCH
31	S14	0	1	Split14(2)	2	1	(0,1)	(0,1)	fallback!=2	MATCH
31	S14	0	1	Split14(3)	2	1	(0,1)	(0,1)	fallback!=2	MATCH
31	S14	0	1	Split14(4)	2	1	(0,1)	(0,1)	fallback!=2	MATCH
31	S131	0	1	Split131(0,0)	2	1	(0,1)	(0,1)	(0,1)	MATCH
31	S131	0	1	Split131(0,1)	2	1	(0,1)	(1,2)	(1,2)	MATCH
31	S131	0	1	Split131(0,2)	2	1	(0,1)	(0,1)	(0,1)	MATCH
31	S131	0	1	Split131(0,3)	2	1	(0,1)	(0,1)	(0,1)	MATCH
31	S131	0	1	Split131(0,4)	2	1	(0,1)	(0,1)	(0,1)	MATCH
31	S131	0	1	Split131(1,0)	2	1	(0,1)	(1,0)	(1,0)	MATCH
31	S131	0	1	Split131(1,1)	2	1	(0,1)	(1,0)	(1,0)	MATCH
31	S131	0	1	Split131(1,2)	2	1	(0,1)	(1,0)	(1,0)	MATCH
31	S131	0	1	Split131(1,3)	2	1	(0,1)	(1,0)	(1,0)	MATCH
31	S131	0	1	Split131(1,4)	2	1	(0,1)	(1,0)	(1,0)	MATCH
31	S131	0	1	Split131(2,0)	2	1	(0,1)	(0,1)	(0,1)	MATCH
31	S131	0	1	Split131(2,1)	2	1	(0,1)	(1,2)	(1,2)	MATCH
31	S131	0	1	Split131(2,2)	2	1	(0,1)	(0,1)	(0,1)	MATCH
31	S131	0	1	Split131(2,3)	2	1	(0,1)	(0,1)	(0,1)	MATCH
31	S131	0	1	Split131(2,4)	2	1	(0,1)	(0,1)	(0,1)	MATCH
31	S131	0	1	Split131(3,0)	2	1	(0,1)	(0,1)	(0,1)	MATCH
31	S131	0	1	Split131(3,1)	2	1	(0,1)	(1,2)	(1,2)	MATCH
31	S131	0	1	Split131(3,2)	2	1	(0,1)	(0,1)	(0,1)	MATCH
31	S131	0	1	Split131(3,3)	2	1	(0,1)	(0,1)	(0,1)	MATCH
31	S131	0	1	Split131(3,4)	2	1	(0,1)	(0,1)	(0,1)	MATCH
31	S131	0	1	Split131(4,0)	2	1	(0,1)	(0,1)	(0,1)	MATCH
31	S131	0	1	Split131(4,1)	2	1	(0,1)	(1,2)	(1,2)	MATCH
31	S131	0	1	Split131(4,2)	2	1	(0,1)	(0,1)	(0,1)	MATCH
31	S131	0	1	Split131(4,3)	2	1	(0,1)	(0,1)	(0,1)	MATCH
31	S131	0	1	Split131(4,4)	2	1	(0,1)	(0,1)	(0,1)	MATCH
31	G	0	2	Gather	2	1	(0,1)	(0,1)	is_split=false	MATCH
31	S14	0	2	Split14(0)	2	1	(0,1)	(0,1)	fallback!=2	MATCH
31	S14	0	2	Split14(1)	2	1	(0,1)	(0,1)	fallback!=2	MATCH
31	S14	0	2	Split14(2)	2	1	(0,1)	(1,2)	(1,2)	MATCH
31	S14	0	2	Split14(3)	2	1	(0,1)	(0,1)	fallback!=2	MATCH
31	S14	0	2	Split14(4)	2	1	(0,1)	(0,1)	fallback!=2	MATCH
31	S131	0	2	Split131(0,0)	2	1	(0,1)	(0,1)	(0,1)	MATCH
31	S131	0	2	Split131(0,1)	2	1	(0,1)	(0,1)	(0,1)	MATCH
31	S131	0	2	Split131(0,2)	2	1	(0,1)	(1,2)	(1,2)	MATCH
31	S131	0	2	Split131(0,3)	2	1	(0,1)	(0,1)	(0,1)	MATCH
31	S131	0	2	Split131(0,4)	2	1	(0,1)	(0,1)	(0,1)	MATCH
31	S131	0	2	Split131(1,0)	2	1	(0,1)	(0,1)	(0,1)	MATCH
31	S131	0	2	Split131(1,1)	2	1	(0,1)	(0,1)	(0,1)	MATCH
31	S131	0	2	Split131(1,2)	2	1	(0,1)	(1,0)	(1,0)	MATCH
31	S131	0	2	Split131(1,3)	2	1	(0,1)	(0,1)	(0,1)	MATCH
31	S131	0	2	Split131(1,4)	2	1	(0,1)	(0,1)	(0,1)	MATCH
31	S131	0	2	Split131(2,0)	2	1	(0,1)	(1,0)	(1,0)	MATCH
31	S131	0	2	Split131(2,1)	2	1	(0,1)	(1,0)	(1,0)	MATCH
31	S131	0	2	Split131(2,2)	2	1	(0,1)	(1,0)	(1,0)	MATCH
31	S131	0	2	Split131(2,3)	2	1	(0,1)	(1,0)	(1,0)	MATCH
31	S131	0	2	Split131(2,4)	2	1	(0,1)	(1,0)	(1,0)	MATCH
31	S131	0	2	Split131(3,0)	2	1	(0,1)	(0,1)	(0,1)	MATCH
31	S131	0	2	Split131(3,1)	2	1	(0,1)	(0,1)	(0,1)	MATCH
31	S131	0	2	Split131(3,2)	2	1	(0,1)	(1,2)	(1,2)	MATCH
31	S131	0	2	Split131(3,3)	2	1	(0,1)	(0,1)	(0,1)	MATCH
31	S131	0	2	Split131(3,4)	2	1	(0,1)	(0,1)	(0,1)	MATCH
31	S131	0	2	Split131(4,0)	2	1	(0,1)	(0,1)	(0,1)	MATCH
31	S131	0	2	Split131(4,1)	2	1	(0,1)	(0,1)	(0,1)	MATCH
31	S131	0	2	Split131(4,2)	2	1	(0,1)	(1,2)	(1,2)	MATCH
31	S131	0	2	Split131(4,3)	2	1	(0,1)	(0,1)	(0,1)	MATCH
31	S131	0	2	Split131(4,4)	2	1	(0,1)	(0,1)	(0,1)	MATCH
31	G	0	3	Gather	2	1	(0,1)	(0,1)	is_split=false	MATCH
31	S14	0	3	Split14(0)	2	1	(0,1)	(0,1)	fallback!=2	MATCH
31	S14	0	3	Split14(1)	2	1	(0,1)	(0,1)	fallback!=2	MATCH
31	S14	0	3	Split14(2)	2	1	(0,1)	(0,1)	fallback!=2	MATCH
31	S14	0	3	Split14(3)	2	1	(0,1)	(1,2)	(1,2)	MATCH
31	S14	0	3	Split14(4)	2	1	(0,1)	(0,1)	fallback!=2	MATCH
31	S131	0	3	Split131(0,0)	2	1	(0,1)	(0,1)	(0,1)	MATCH
31	S131	0	3	Split131(0,1)	2	1	(0,1)	(0,1)	(0,1)	MATCH
31	S131	0	3	Split131(0,2)	2	1	(0,1)	(0,1)	(0,1)	MATCH
31	S131	0	3	Split131(0,3)	2	1	(0,1)	(1,2)	(1,2)	MATCH
31	S131	0	3	Split131(0,4)	2	1	(0,1)	(0,1)	(0,1)	MATCH
31	S131	0	3	Split131(1,0)	2	1	(0,1)	(0,1)	(0,1)	MATCH
31	S131	0	3	Split131(1,1)	2	1	(0,1)	(0,1)	(0,1)	MATCH
31	S131	0	3	Split131(1,2)	2	1	(0,1)	(0,1)	(0,1)	MATCH
31	S131	0	3	Split131(1,3)	2	1	(0,1)	(1,0)	(1,0)	MATCH
31	S131	0	3	Split131(1,4)	2	1	(0,1)	(0,1)	(0,1)	MATCH
31	S131	0	3	Split131(2,0)	2	1	(0,1)	(0,1)	(0,1)	MATCH
31	S131	0	3	Split131(2,1)	2	1	(0,1)	(0,1)	(0,1)	MATCH
31	S131	0	3	Split131(2,2)	2	1	(0,1)	(0,1)	(0,1)	MATCH
31	S131	0	3	Split131(2,3)	2	1	(0,1)	(1,2)	(1,2)	MATCH
31	S131	0	3	Split131(2,4)	2	1	(0,1)	(0,1)	(0,1)	MATCH
31	S131	0	3	Split131(3,0)	2	1	(0,1)	(1,0)	(1,0)	MATCH
31	S131	0	3	Split131(3,1)	2	1	(0,1)	(1,0)	(1,0)	MATCH
31	S131	0	3	Split131(3,2)	2	1	(0,1)	(1,0)	(1,0)	MATCH
31	S131	0	3	Split131(3,3)	2	1	(0,1)	(1,0)	(1,0)	MATCH
31	S131	0	3	Split131(3,4)	2	1	(0,1)	(1,0)	(1,0)	MATCH
31	S131	0	3	Split131(4,0)	2	1	(0,1)	(0,1)	(0,1)	MATCH
31	S131	0	3	Split131(4,1)	2	1	(0,1)	(0,1)	(0,1)	MATCH
31	S131	0	3	Split131(4,2)	2	1	(0,1)	(0,1)	(0,1)	MATCH
31	S131	0	3	Split131(4,3)	2	1	(0,1)	(1,2)	(1,2)	MATCH
31	S131	0	3	Split131(4,4)	2	1	(0,1)	(0,1)	(0,1)	MATCH
31	G	0	4	Gather	2	1	(0,1)	(0,1)	is_split=false	MATCH
31	S14	0	4	Split14(0)	2	1	(0,1)	(0,1)	fallback!=2	MATCH
31	S14	0	4	Split14(1)	2	1	(0,1)	(0,1)	fallback!=2	MATCH
31	S14	0	4	Split14(2)	2	1	(0,1)	(0,1)	fallback!=2	MATCH
31	S14	0	4	Split14(3)	2	1	(0,1)	(0,1)	fallback!=2	MATCH
31	S14	0	4	Split14(4)	2	1	(0,1)	(1,2)	(1,2)	MATCH
31	S131	0	4	Split131(0,0)	2	1	(0,1)	(0,1)	(0,1)	MATCH
31	S131	0	4	Split131(0,1)	2	1	(0,1)	(0,1)	(0,1)	MATCH
31	S131	0	4	Split131(0,2)	2	1	(0,1)	(0,1)	(0,1)	MATCH
31	S131	0	4	Split131(0,3)	2	1	(0,1)	(0,1)	(0,1)	MATCH
31	S131	0	4	Split131(0,4)	2	1	(0,1)	(1,2)	(1,2)	MATCH
31	S131	0	4	Split131(1,0)	2	1	(0,1)	(0,1)	(0,1)	MATCH
31	S131	0	4	Split131(1,1)	2	1	(0,1)	(0,1)	(0,1)	MATCH
31	S131	0	4	Split131(1,2)	2	1	(0,1)	(0,1)	(0,1)	MATCH
31	S131	0	4	Split131(1,3)	2	1	(0,1)	(0,1)	(0,1)	MATCH
31	S131	0	4	Split131(1,4)	2	1	(0,1)	(1,0)	(1,0)	MATCH
31	S131	0	4	Split131(2,0)	2	1	(0,1)	(0,1)	(0,1)	MATCH
31	S131	0	4	Split131(2,1)	2	1	(0,1)	(0,1)	(0,1)	MATCH
31	S131	0	4	Split131(2,2)	2	1	(0,1)	(0,1)	(0,1)	MATCH
31	S131	0	4	Split131(2,3)	2	1	(0,1)	(0,1)	(0,1)	MATCH
31	S131	0	4	Split131(2,4)	2	1	(0,1)	(1,2)	(1,2)	MATCH
31	S131	0	4	Split131(3,0)	2	1	(0,1)	(0,1)	(0,1)	MATCH
31	S131	0	4	Split131(3,1)	2	1	(0,1)	(0,1)	(0,1)	MATCH
31	S131	0	4	Split131(3,2)	2	1	(0,1)	(0,1)	(0,1)	MATCH
31	S131	0	4	Split131(3,3)	2	1	(0,1)	(0,1)	(0,1)	MATCH
31	S131	0	4	Split131(3,4)	2	1	(0,1)	(1,2)	(1,2)	MATCH
31	S131	0	4	Split131(4,0)	2	1	(0,1)	(1,0)	(1,0)	MATCH
31	S131	0	4	Split131(4,1)	2	1	(0,1)	(1,0)	(1,0)	MATCH
31	S131	0	4	Split131(4,2)	2	1	(0,1)	(1,0)	(1,0)	MATCH
31	S131	0	4	Split131(4,3)	2	1	(0,1)	(1,0)	(1,0)	MATCH
31	S131	0	4	Split131(4,4)	2	1	(0,1)	(1,0)	(1,0)	MATCH
31	G	0	0	Gather	2	2	(0,1)	(0,1)	is_split=false	MATCH
31	S14	0	0	Split14(0)	2	2	(0,1)	(1,2)	(1,2)	MATCH
31	S14	0	0	Split14(1)	2	2	(0,1)	(0,1)	fallback!=2	MATCH
31	S14	0	0	Split14(2)	2	2	(0,1)	(0,1)	fallback!=2	MATCH
31	S14	0	0	Split14(3)	2	2	(0,1)	(0,1)	fallback!=2	MATCH
31	S14	0	0	Split14(4)	2	2	(0,1)	(0,1)	fallback!=2	MATCH
31	S131	0	0	Split131(0,0)	2	2	(0,1)	(1,0)	(1,0)	MATCH
31	S131	0	0	Split131(0,1)	2	2	(0,1)	(1,0)	(1,0)	MATCH
31	S131	0	0	Split131(0,2)	2	2	(0,1)	(1,0)	(1,0)	MATCH
31	S131	0	0	Split131(0,3)	2	2	(0,1)	(1,0)	(1,0)	MATCH
31	S131	0	0	Split131(0,4)	2	2	(0,1)	(1,0)	(1,0)	MATCH
31	S131	0	0	Split131(1,0)	2	2	(0,1)	(1,2)	(1,2)	MATCH
31	S131	0	0	Split131(1,1)	2	2	(0,1)	(0,1)	(0,1)	MATCH
31	S131	0	0	Split131(1,2)	2	2	(0,1)	(0,1)	(0,1)	MATCH
31	S131	0	0	Split131(1,3)	2	2	(0,1)	(0,1)	(0,1)	MATCH
31	S131	0	0	Split131(1,4)	2	2	(0,1)	(0,1)	(0,1)	MATCH
31	S131	0	0	Split131(2,0)	2	2	(0,1)	(1,0)	(1,0)	MATCH
31	S131	0	0	Split131(2,1)	2	2	(0,1)	(0,1)	(0,1)	MATCH
31	S131	0	0	Split131(2,2)	2	2	(0,1)	(0,1)	(0,1)	MATCH
31	S131	0	0	Split131(2,3)	2	2	(0,1)	(0,1)	(0,1)	MATCH
31	S131	0	0	Split131(2,4)	2	2	(0,1)	(0,1)	(0,1)	MATCH
31	S131	0	0	Split131(3,0)	2	2	(0,1)	(1,2)	(1,2)	MATCH
31	S131	0	0	Split131(3,1)	2	2	(0,1)	(0,1)	(0,1)	MATCH
31	S131	0	0	Split131(3,2)	2	2	(0,1)	(0,1)	(0,1)	MATCH
31	S131	0	0	Split131(3,3)	2	2	(0,1)	(0,1)	(0,1)	MATCH
31	S131	0	0	Split131(3,4)	2	2	(0,1)	(0,1)	(0,1)	MATCH
31	S131	0	0	Split131(4,0)	2	2	(0,1)	(1,2)	(1,2)	MATCH
31	S131	0	0	Split131(4,1)	2	2	(0,1)	(0,1)	(0,1)	MATCH
31	S131	0	0	Split131(4,2)	2	2	(0,1)	(0,1)	(0,1)	MATCH
31	S131	0	0	Split131(4,3)	2	2	(0,1)	(0,1)	(0,1)	MATCH
31	S131	0	0	Split131(4,4)	2	2	(0,1)	(0,1)	(0,1)	MATCH
31	G	0	1	Gather	2	2	(0,1)	(0,1)	is_split=false	MATCH
31	S14	0	1	Split14(0)	2	2	(0,1)	(0,1)	fallback!=2	MATCH
31	S14	0	1	Split14(1)	2	2	(0,1)	(1,2)	(1,2)	MATCH
31	S14	0	1	Split14(2)	2	2	(0,1)	(0,1)	fallback!=2	MATCH
31	S14	0	1	Split14(3)	2	2	(0,1)	(0,1)	fallback!=2	MATCH
31	S14	0	1	Split14(4)	2	2	(0,1)	(0,1)	fallback!=2	MATCH
31	S131	0	1	Split131(0,0)	2	2	(0,1)	(0,1)	(0,1)	MATCH
31	S131	0	1	Split131(0,1)	2	2	(0,1)	(1,2)	(1,2)	MATCH
31	S131	0	1	Split131(0,2)	2	2	(0,1)	(0,1)	(0,1)	MATCH
31	S131	0	1	Split131(0,3)	2	2	(0,1)	(0,1)	(0,1)	MATCH
31	S131	0	1	Split131(0,4)	2	2	(0,1)	(0,1)	(0,1)	MATCH
31	S131	0	1	Split131(1,0)	2	2	(0,1)	(1,0)	(1,0)	MATCH
31	S131	0	1	Split131(1,1)	2	2	(0,1)	(1,0)	(1,0)	MATCH
31	S131	0	1	Split131(1,2)	2	2	(0,1)	(1,0)	(1,0)	MATCH
31	S131	0	1	Split131(1,3)	2	2	(0,1)	(1,0)	(1,0)	MATCH
31	S131	0	1	Split131(1,4)	2	2	(0,1)	(1,0)	(1,0)	MATCH
31	S131	0	1	Split131(2,0)	2	2	(0,1)	(0,1)	(0,1)	MATCH
31	S131	0	1	Split131(2,1)	2	2	(0,1)	(1,0)	(1,0)	MATCH
31	S131	0	1	Split131(2,2)	2	2	(0,1)	(0,1)	(0,1)	MATCH
31	S131	0	1	Split131(2,3)	2	2	(0,1)	(0,1)	(0,1)	MATCH
31	S131	0	1	Split131(2,4)	2	2	(0,1)	(0,1)	(0,1)	MATCH
31	S131	0	1	Split131(3,0)	2	2	(0,1)	(0,1)	(0,1)	MATCH
31	S131	0	1	Split131(3,1)	2	2	(0,1)	(1,2)	(1,2)	MATCH
31	S131	0	1	Split131(3,2)	2	2	(0,1)	(0,1)	(0,1)	MATCH
31	S131	0	1	Split131(3,3)	2	2	(0,1)	(0,1)	(0,1)	MATCH
31	S131	0	1	Split131(3,4)	2	2	(0,1)	(0,1)	(0,1)	MATCH
31	S131	0	1	Split131(4,0)	2	2	(0,1)	(0,1)	(0,1)	MATCH
31	S131	0	1	Split131(4,1)	2	2	(0,1)	(1,2)	(1,2)	MATCH
31	S131	0	1	Split131(4,2)	2	2	(0,1)	(0,1)	(0,1)	MATCH
31	S131	0	1	Split131(4,3)	2	2	(0,1)	(0,1)	(0,1)	MATCH
31	S131	0	1	Split131(4,4)	2	2	(0,1)	(0,1)	(0,1)	MATCH
31	G	0	2	Gather	2	2	(0,1)	(0,1)	is_split=false	MATCH
31	S14	0	2	Split14(0)	2	2	(0,1)	(0,1)	fallback!=2	MATCH
31	S14	0	2	Split14(1)	2	2	(0,1)	(0,1)	fallback!=2	MATCH
31	S14	0	2	Split14(2)	2	2	(0,1)	(1,2)	(1,2)	MATCH
31	S14	0	2	Split14(3)	2	2	(0,1)	(0,1)	fallback!=2	MATCH
31	S14	0	2	Split14(4)	2	2	(0,1)	(0,1)	fallback!=2	MATCH
31	S131	0	2	Split131(0,0)	2	2	(0,1)	(0,1)	(0,1)	MATCH
31	S131	0	2	Split131(0,1)	2	2	(0,1)	(0,1)	(0,1)	MATCH
31	S131	0	2	Split131(0,2)	2	2	(0,1)	(1,2)	(1,2)	MATCH
31	S131	0	2	Split131(0,3)	2	2	(0,1)	(0,1)	(0,1)	MATCH
31	S131	0	2	Split131(0,4)	2	2	(0,1)	(0,1)	(0,1)	MATCH
31	S131	0	2	Split131(1,0)	2	2	(0,1)	(0,1)	(0,1)	MATCH
31	S131	0	2	Split131(1,1)	2	2	(0,1)	(0,1)	(0,1)	MATCH
31	S131	0	2	Split131(1,2)	2	2	(0,1)	(1,2)	(1,2)	MATCH
31	S131	0	2	Split131(1,3)	2	2	(0,1)	(0,1)	(0,1)	MATCH
31	S131	0	2	Split131(1,4)	2	2	(0,1)	(0,1)	(0,1)	MATCH
31	S131	0	2	Split131(2,0)	2	2	(0,1)	(1,0)	(1,0)	MATCH
31	S131	0	2	Split131(2,1)	2	2	(0,1)	(1,0)	(1,0)	MATCH
31	S131	0	2	Split131(2,2)	2	2	(0,1)	(1,0)	(1,0)	MATCH
31	S131	0	2	Split131(2,3)	2	2	(0,1)	(1,0)	(1,0)	MATCH
31	S131	0	2	Split131(2,4)	2	2	(0,1)	(1,0)	(1,0)	MATCH
31	S131	0	2	Split131(3,0)	2	2	(0,1)	(0,1)	(0,1)	MATCH
31	S131	0	2	Split131(3,1)	2	2	(0,1)	(0,1)	(0,1)	MATCH
31	S131	0	2	Split131(3,2)	2	2	(0,1)	(1,2)	(1,2)	MATCH
31	S131	0	2	Split131(3,3)	2	2	(0,1)	(0,1)	(0,1)	MATCH
31	S131	0	2	Split131(3,4)	2	2	(0,1)	(0,1)	(0,1)	MATCH
31	S131	0	2	Split131(4,0)	2	2	(0,1)	(0,1)	(0,1)	MATCH
31	S131	0	2	Split131(4,1)	2	2	(0,1)	(0,1)	(0,1)	MATCH
31	S131	0	2	Split131(4,2)	2	2	(0,1)	(1,2)	(1,2)	MATCH
31	S131	0	2	Split131(4,3)	2	2	(0,1)	(0,1)	(0,1)	MATCH
31	S131	0	2	Split131(4,4)	2	2	(0,1)	(0,1)	(0,1)	MATCH
31	G	0	3	Gather	2	2	(0,1)	(0,1)	is_split=false	MATCH
31	S14	0	3	Split14(0)	2	2	(0,1)	(0,1)	fallback!=2	MATCH
31	S14	0	3	Split14(1)	2	2	(0,1)	(0,1)	fallback!=2	MATCH
31	S14	0	3	Split14(2)	2	2	(0,1)	(0,1)	fallback!=2	MATCH
31	S14	0	3	Split14(3)	2	2	(0,1)	(1,2)	(1,2)	MATCH
31	S14	0	3	Split14(4)	2	2	(0,1)	(0,1)	fallback!=2	MATCH
31	S131	0	3	Split131(0,0)	2	2	(0,1)	(0,1)	(0,1)	MATCH
31	S131	0	3	Split131(0,1)	2	2	(0,1)	(0,1)	(0,1)	MATCH
31	S131	0	3	Split131(0,2)	2	2	(0,1)	(0,1)	(0,1)	MATCH
31	S131	0	3	Split131(0,3)	2	2	(0,1)	(1,2)	(1,2)	MATCH
31	S131	0	3	Split131(0,4)	2	2	(0,1)	(0,1)	(0,1)	MATCH
31	S131	0	3	Split131(1,0)	2	2	(0,1)	(0,1)	(0,1)	MATCH
31	S131	0	3	Split131(1,1)	2	2	(0,1)	(0,1)	(0,1)	MATCH
31	S131	0	3	Split131(1,2)	2	2	(0,1)	(0,1)	(0,1)	MATCH
31	S131	0	3	Split131(1,3)	2	2	(0,1)	(1,2)	(1,2)	MATCH
31	S131	0	3	Split131(1,4)	2	2	(0,1)	(0,1)	(0,1)	MATCH
31	S131	0	3	Split131(2,0)	2	2	(0,1)	(0,1)	(0,1)	MATCH
31	S131	0	3	Split131(2,1)	2	2	(0,1)	(0,1)	(0,1)	MATCH
31	S131	0	3	Split131(2,2)	2	2	(0,1)	(0,1)	(0,1)	MATCH
31	S131	0	3	Split131(2,3)	2	2	(0,1)	(1,0)	(1,0)	MATCH
31	S131	0	3	Split131(2,4)	2	2	(0,1)	(0,1)	(0,1)	MATCH
31	S131	0	3	Split131(3,0)	2	2	(0,1)	(1,0)	(1,0)	MATCH
31	S131	0	3	Split131(3,1)	2	2	(0,1)	(1,0)	(1,0)	MATCH
31	S131	0	3	Split131(3,2)	2	2	(0,1)	(1,0)	(1,0)	MATCH
31	S131	0	3	Split131(3,3)	2	2	(0,1)	(1,0)	(1,0)	MATCH
31	S131	0	3	Split131(3,4)	2	2	(0,1)	(1,0)	(1,0)	MATCH
31	S131	0	3	Split131(4,0)	2	2	(0,1)	(0,1)	(0,1)	MATCH
31	S131	0	3	Split131(4,1)	2	2	(0,1)	(0,1)	(0,1)	MATCH
31	S131	0	3	Split131(4,2)	2	2	(0,1)	(0,1)	(0,1)	MATCH
31	S131	0	3	Split131(4,3)	2	2	(0,1)	(1,2)	(1,2)	MATCH
31	S131	0	3	Split131(4,4)	2	2	(0,1)	(0,1)	(0,1)	MATCH
31	G	0	4	Gather	2	2	(0,1)	(0,1)	is_split=false	MATCH
31	S14	0	4	Split14(0)	2	2	(0,1)	(0,1)	fallback!=2	MATCH
31	S14	0	4	Split14(1)	2	2	(0,1)	(0,1)	fallback!=2	MATCH
31	S14	0	4	Split14(2)	2	2	(0,1)	(0,1)	fallback!=2	MATCH
31	S14	0	4	Split14(3)	2	2	(0,1)	(0,1)	fallback!=2	MATCH
31	S14	0	4	Split14(4)	2	2	(0,1)	(1,2)	(1,2)	MATCH
31	S131	0	4	Split131(0,0)	2	2	(0,1)	(0,1)	(0,1)	MATCH
31	S131	0	4	Split131(0,1)	2	2	(0,1)	(0,1)	(0,1)	MATCH
31	S131	0	4	Split131(0,2)	2	2	(0,1)	(0,1)	(0,1)	MATCH
31	S131	0	4	Split131(0,3)	2	2	(0,1)	(0,1)	(0,1)	MATCH
31	S131	0	4	Split131(0,4)	2	2	(0,1)	(1,2)	(1,2)	MATCH
31	S131	0	4	Split131(1,0)	2	2	(0,1)	(0,1)	(0,1)	MATCH
31	S131	0	4	Split131(1,1)	2	2	(0,1)	(0,1)	(0,1)	MATCH
31	S131	0	4	Split131(1,2)	2	2	(0,1)	(0,1)	(0,1)	MATCH
31	S131	0	4	Split131(1,3)	2	2	(0,1)	(0,1)	(0,1)	MATCH
31	S131	0	4	Split131(1,4)	2	2	(0,1)	(1,2)	(1,2)	MATCH
31	S131	0	4	Split131(2,0)	2	2	(0,1)	(0,1)	(0,1)	MATCH
31	S131	0	4	Split131(2,1)	2	2	(0,1)	(0,1)	(0,1)	MATCH
31	S131	0	4	Split131(2,2)	2	2	(0,1)	(0,1)	(0,1)	MATCH
31	S131	0	4	Split131(2,3)	2	2	(0,1)	(0,1)	(0,1)	MATCH
31	S131	0	4	Split131(2,4)	2	2	(0,1)	(1,0)	(1,0)	MATCH
31	S131	0	4	Split131(3,0)	2	2	(0,1)	(0,1)	(0,1)	MATCH
31	S131	0	4	Split131(3,1)	2	2	(0,1)	(0,1)	(0,1)	MATCH
31	S131	0	4	Split131(3,2)	2	2	(0,1)	(0,1)	(0,1)	MATCH
31	S131	0	4	Split131(3,3)	2	2	(0,1)	(0,1)	(0,1)	MATCH
31	S131	0	4	Split131(3,4)	2	2	(0,1)	(1,2)	(1,2)	MATCH
31	S131	0	4	Split131(4,0)	2	2	(0,1)	(1,0)	(1,0)	MATCH
31	S131	0	4	Split131(4,1)	2	2	(0,1)	(1,0)	(1,0)	MATCH
31	S131	0	4	Split131(4,2)	2	2	(0,1)	(1,0)	(1,0)	MATCH
31	S131	0	4	Split131(4,3)	2	2	(0,1)	(1,0)	(1,0)	MATCH
31	S131	0	4	Split131(4,4)	2	2	(0,1)	(1,0)	(1,0)	MATCH
31	G	0	0	Gather	2	3	(0,1)	(0,1)	is_split=false	MATCH
31	S14	0	0	Split14(0)	2	3	(0,1)	(1,2)	(1,2)	MATCH
31	S14	0	0	Split14(1)	2	3	(0,1)	(0,1)	fallback!=2	MATCH
31	S14	0	0	Split14(2)	2	3	(0,1)	(0,1)	fallback!=2	MATCH
31	S14	0	0	Split14(3)	2	3	(0,1)	(0,1)	fallback!=2	MATCH
31	S14	0	0	Split14(4)	2	3	(0,1)	(0,1)	fallback!=2	MATCH
31	S131	0	0	Split131(0,0)	2	3	(0,1)	(1,0)	(1,0)	MATCH
31	S131	0	0	Split131(0,1)	2	3	(0,1)	(1,0)	(1,0)	MATCH
31	S131	0	0	Split131(0,2)	2	3	(0,1)	(1,0)	(1,0)	MATCH
31	S131	0	0	Split131(0,3)	2	3	(0,1)	(1,0)	(1,0)	MATCH
31	S131	0	0	Split131(0,4)	2	3	(0,1)	(1,0)	(1,0)	MATCH
31	S131	0	0	Split131(1,0)	2	3	(0,1)	(1,2)	(1,2)	MATCH
31	S131	0	0	Split131(1,1)	2	3	(0,1)	(0,1)	(0,1)	MATCH
31	S131	0	0	Split131(1,2)	2	3	(0,1)	(0,1)	(0,1)	MATCH
31	S131	0	0	Split131(1,3)	2	3	(0,1)	(0,1)	(0,1)	MATCH
31	S131	0	0	Split131(1,4)	2	3	(0,1)	(0,1)	(0,1)	MATCH
31	S131	0	0	Split131(2,0)	2	3	(0,1)	(1,2)	(1,2)	MATCH
31	S131	0	0	Split131(2,1)	2	3	(0,1)	(0,1)	(0,1)	MATCH
31	S131	0	0	Split131(2,2)	2	3	(0,1)	(0,1)	(0,1)	MATCH
31	S131	0	0	Split131(2,3)	2	3	(0,1)	(0,1)	(0,1)	MATCH
31	S131	0	0	Split131(2,4)	2	3	(0,1)	(0,1)	(0,1)	MATCH
31	S131	0	0	Split131(3,0)	2	3	(0,1)	(1,0)	(1,0)	MATCH
31	S131	0	0	Split131(3,1)	2	3	(0,1)	(0,1)	(0,1)	MATCH
31	S131	0	0	Split131(3,2)	2	3	(0,1)	(0,1)	(0,1)	MATCH
31	S131	0	0	Split131(3,3)	2	3	(0,1)	(0,1)	(0,1)	MATCH
31	S131	0	0	Split131(3,4)	2	3	(0,1)	(0,1)	(0,1)	MATCH
31	S131	0	0	Split131(4,0)	2	3	(0,1)	(1,2)	(1,2)	MATCH
31	S131	0	0	Split131(4,1)	2	3	(0,1)	(0,1)	(0,1)	MATCH
31	S131	0	0	Split131(4,2)	2	3	(0,1)	(0,1)	(0,1)	MATCH
31	S131	0	0	Split131(4,3)	2	3	(0,1)	(0,1)	(0,1)	MATCH
31	S131	0	0	Split131(4,4)	2	3	(0,1)	(0,1)	(0,1)	MATCH
31	G	0	1	Gather	2	3	(0,1)	(0,1)	is_split=false	MATCH
31	S14	0	1	Split14(0)	2	3	(0,1)	(0,1)	fallback!=2	MATCH
31	S14	0	1	Split14(1)	2	3	(0,1)	(1,2)	(1,2)	MATCH
31	S14	0	1	Split14(2)	2	3	(0,1)	(0,1)	fallback!=2	MATCH
31	S14	0	1	Split14(3)	2	3	(0,1)	(0,1)	fallback!=2	MATCH
31	S14	0	1	Split14(4)	2	3	(0,1)	(0,1)	fallback!=2	MATCH
31	S131	0	1	Split131(0,0)	2	3	(0,1)	(0,1)	(0,1)	MATCH
31	S131	0	1	Split131(0,1)	2	3	(0,1)	(1,2)	(1,2)	MATCH
31	S131	0	1	Split131(0,2)	2	3	(0,1)	(0,1)	(0,1)	MATCH
31	S131	0	1	Split131(0,3)	2	3	(0,1)	(0,1)	(0,1)	MATCH
31	S131	0	1	Split131(0,4)	2	3	(0,1)	(0,1)	(0,1)	MATCH
31	S131	0	1	Split131(1,0)	2	3	(0,1)	(1,0)	(1,0)	MATCH
31	S131	0	1	Split131(1,1)	2	3	(0,1)	(1,0)	(1,0)	MATCH
31	S131	0	1	Split131(1,2)	2	3	(0,1)	(1,0)	(1,0)	MATCH
31	S131	0	1	Split131(1,3)	2	3	(0,1)	(1,0)	(1,0)	MATCH
31	S131	0	1	Split131(1,4)	2	3	(0,1)	(1,0)	(1,0)	MATCH
31	S131	0	1	Split131(2,0)	2	3	(0,1)	(0,1)	(0,1)	MATCH
31	S131	0	1	Split131(2,1)	2	3	(0,1)	(1,2)	(1,2)	MATCH
31	S131	0	1	Split131(2,2)	2	3	(0,1)	(0,1)	(0,1)	MATCH
31	S131	0	1	Split131(2,3)	2	3	(0,1)	(0,1)	(0,1)	MATCH
31	S131	0	1	Split131(2,4)	2	3	(0,1)	(0,1)	(0,1)	MATCH
31	S131	0	1	Split131(3,0)	2	3	(0,1)	(0,1)	(0,1)	MATCH
31	S131	0	1	Split131(3,1)	2	3	(0,1)	(1,0)	(1,0)	MATCH
31	S131	0	1	Split131(3,2)	2	3	(0,1)	(0,1)	(0,1)	MATCH
31	S131	0	1	Split131(3,3)	2	3	(0,1)	(0,1)	(0,1)	MATCH
31	S131	0	1	Split131(3,4)	2	3	(0,1)	(0,1)	(0,1)	MATCH
31	S131	0	1	Split131(4,0)	2	3	(0,1)	(0,1)	(0,1)	MATCH
31	S131	0	1	Split131(4,1)	2	3	(0,1)	(1,2)	(1,2)	MATCH
31	S131	0	1	Split131(4,2)	2	3	(0,1)	(0,1)	(0,1)	MATCH
31	S131	0	1	Split131(4,3)	2	3	(0,1)	(0,1)	(0,1)	MATCH
31	S131	0	1	Split131(4,4)	2	3	(0,1)	(0,1)	(0,1)	MATCH
31	G	0	2	Gather	2	3	(0,1)	(0,1)	is_split=false	MATCH
31	S14	0	2	Split14(0)	2	3	(0,1)	(0,1)	fallback!=2	MATCH
31	S14	0	2	Split14(1)	2	3	(0,1)	(0,1)	fallback!=2	MATCH
31	S14	0	2	Split14(2)	2	3	(0,1)	(1,2)	(1,2)	MATCH
31	S14	0	2	Split14(3)	2	3	(0,1)	(0,1)	fallback!=2	MATCH
31	S14	0	2	Split14(4)	2	3	(0,1)	(0,1)	fallback!=2	MATCH
31	S131	0	2	Split131(0,0)	2	3	(0,1)	(0,1)	(0,1)	MATCH
31	S131	0	2	Split131(0,1)	2	3	(0,1)	(0,1)	(0,1)	MATCH
31	S131	0	2	Split131(0,2)	2	3	(0,1)	(1,2)	(1,2)	MATCH
31	S131	0	2	Split131(0,3)	2	3	(0,1)	(0,1)	(0,1)	MATCH
31	S131	0	2	Split131(0,4)	2	3	(0,1)	(0,1)	(0,1)	MATCH
31	S131	0	2	Split131(1,0)	2	3	(0,1)	(0,1)	(0,1)	MATCH
31	S131	0	2	Split131(1,1)	2	3	(0,1)	(0,1)	(0,1)	MATCH
31	S131	0	2	Split131(1,2)	2	3	(0,1)	(1,2)	(1,2)	MATCH
31	S131	0	2	Split131(1,3)	2	3	(0,1)	(0,1)	(0,1)	MATCH
31	S131	0	2	Split131(1,4)	2	3	(0,1)	(0,1)	(0,1)	MATCH
31	S131	0	2	Split131(2,0)	2	3	(0,1)	(1,0)	(1,0)	MATCH
31	S131	0	2	Split131(2,1)	2	3	(0,1)	(1,0)	(1,0)	MATCH
31	S131	0	2	Split131(2,2)	2	3	(0,1)	(1,0)	(1,0)	MATCH
31	S131	0	2	Split131(2,3)	2	3	(0,1)	(1,0)	(1,0)	MATCH
31	S131	0	2	Split131(2,4)	2	3	(0,1)	(1,0)	(1,0)	MATCH
31	S131	0	2	Split131(3,0)	2	3	(0,1)	(0,1)	(0,1)	MATCH
31	S131	0	2	Split131(3,1)	2	3	(0,1)	(0,1)	(0,1)	MATCH
31	S131	0	2	Split131(3,2)	2	3	(0,1)	(1,0)	(1,0)	MATCH
31	S131	0	2	Split131(3,3)	2	3	(0,1)	(0,1)	(0,1)	MATCH
31	S131	0	2	Split131(3,4)	2	3	(0,1)	(0,1)	(0,1)	MATCH
31	S131	0	2	Split131(4,0)	2	3	(0,1)	(0,1)	(0,1)	MATCH
31	S131	0	2	Split131(4,1)	2	3	(0,1)	(0,1)	(0,1)	MATCH
31	S131	0	2	Split131(4,2)	2	3	(0,1)	(1,2)	(1,2)	MATCH
31	S131	0	2	Split131(4,3)	2	3	(0,1)	(0,1)	(0,1)	MATCH
31	S131	0	2	Split131(4,4)	2	3	(0,1)	(0,1)	(0,1)	MATCH
31	G	0	3	Gather	2	3	(0,1)	(0,1)	is_split=false	MATCH
31	S14	0	3	Split14(0)	2	3	(0,1)	(0,1)	fallback!=2	MATCH
31	S14	0	3	Split14(1)	2	3	(0,1)	(0,1)	fallback!=2	MATCH
31	S14	0	3	Split14(2)	2	3	(0,1)	(0,1)	fallback!=2	MATCH
31	S14	0	3	Split14(3)	2	3	(0,1)	(1,2)	(1,2)	MATCH
31	S14	0	3	Split14(4)	2	3	(0,1)	(0,1)	fallback!=2	MATCH
31	S131	0	3	Split131(0,0)	2	3	(0,1)	(0,1)	(0,1)	MATCH
31	S131	0	3	Split131(0,1)	2	3	(0,1)	(0,1)	(0,1)	MATCH
31	S131	0	3	Split131(0,2)	2	3	(0,1)	(0,1)	(0,1)	MATCH
31	S131	0	3	Split131(0,3)	2	3	(0,1)	(1,2)	(1,2)	MATCH
31	S131	0	3	Split131(0,4)	2	3	(0,1)	(0,1)	(0,1)	MATCH
31	S131	0	3	Split131(1,0)	2	3	(0,1)	(0,1)	(0,1)	MATCH
31	S131	0	3	Split131(1,1)	2	3	(0,1)	(0,1)	(0,1)	MATCH
31	S131	0	3	Split131(1,2)	2	3	(0,1)	(0,1)	(0,1)	MATCH
31	S131	0	3	Split131(1,3)	2	3	(0,1)	(1,2)	(1,2)	MATCH
31	S131	0	3	Split131(1,4)	2	3	(0,1)	(0,1)	(0,1)	MATCH
31	S131	0	3	Split131(2,0)	2	3	(0,1)	(0,1)	(0,1)	MATCH
31	S131	0	3	Split131(2,1)	2	3	(0,1)	(0,1)	(0,1)	MATCH
31	S131	0	3	Split131(2,2)	2	3	(0,1)	(0,1)	(0,1)	MATCH
31	S131	0	3	Split131(2,3)	2	3	(0,1)	(1,2)	(1,2)	MATCH
31	S131	0	3	Split131(2,4)	2	3	(0,1)	(0,1)	(0,1)	MATCH
31	S131	0	3	Split131(3,0)	2	3	(0,1)	(1,0)	(1,0)	MATCH
31	S131	0	3	Split131(3,1)	2	3	(0,1)	(1,0)	(1,0)	MATCH
31	S131	0	3	Split131(3,2)	2	3	(0,1)	(1,0)	(1,0)	MATCH
31	S131	0	3	Split131(3,3)	2	3	(0,1)	(1,0)	(1,0)	MATCH
31	S131	0	3	Split131(3,4)	2	3	(0,1)	(1,0)	(1,0)	MATCH
31	S131	0	3	Split131(4,0)	2	3	(0,1)	(0,1)	(0,1)	MATCH
31	S131	0	3	Split131(4,1)	2	3	(0,1)	(0,1)	(0,1)	MATCH
31	S131	0	3	Split131(4,2)	2	3	(0,1)	(0,1)	(0,1)	MATCH
31	S131	0	3	Split131(4,3)	2	3	(0,1)	(1,2)	(1,2)	MATCH
31	S131	0	3	Split131(4,4)	2	3	(0,1)	(0,1)	(0,1)	MATCH
31	G	0	4	Gather	2	3	(0,1)	(0,1)	is_split=false	MATCH
31	S14	0	4	Split14(0)	2	3	(0,1)	(0,1)	fallback!=2	MATCH
31	S14	0	4	Split14(1)	2	3	(0,1)	(0,1)	fallback!=2	MATCH
31	S14	0	4	Split14(2)	2	3	(0,1)	(0,1)	fallback!=2	MATCH
31	S14	0	4	Split14(3)	2	3	(0,1)	(0,1)	fallback!=2	MATCH
31	S14	0	4	Split14(4)	2	3	(0,1)	(1,2)	(1,2)	MATCH
31	S131	0	4	Split131(0,0)	2	3	(0,1)	(0,1)	(0,1)	MATCH
31	S131	0	4	Split131(0,1)	2	3	(0,1)	(0,1)	(0,1)	MATCH
31	S131	0	4	Split131(0,2)	2	3	(0,1)	(0,1)	(0,1)	MATCH
31	S131	0	4	Split131(0,3)	2	3	(0,1)	(0,1)	(0,1)	MATCH
31	S131	0	4	Split131(0,4)	2	3	(0,1)	(1,2)	(1,2)	MATCH
31	S131	0	4	Split131(1,0)	2	3	(0,1)	(0,1)	(0,1)	MATCH
31	S131	0	4	Split131(1,1)	2	3	(0,1)	(0,1)	(0,1)	MATCH
31	S131	0	4	Split131(1,2)	2	3	(0,1)	(0,1)	(0,1)	MATCH
31	S131	0	4	Split131(1,3)	2	3	(0,1)	(0,1)	(0,1)	MATCH
31	S131	0	4	Split131(1,4)	2	3	(0,1)	(1,2)	(1,2)	MATCH
31	S131	0	4	Split131(2,0)	2	3	(0,1)	(0,1)	(0,1)	MATCH
31	S131	0	4	Split131(2,1)	2	3	(0,1)	(0,1)	(0,1)	MATCH
31	S131	0	4	Split131(2,2)	2	3	(0,1)	(0,1)	(0,1)	MATCH
31	S131	0	4	Split131(2,3)	2	3	(0,1)	(0,1)	(0,1)	MATCH
31	S131	0	4	Split131(2,4)	2	3	(0,1)	(1,2)	(1,2)	MATCH
31	S131	0	4	Split131(3,0)	2	3	(0,1)	(0,1)	(0,1)	MATCH
31	S131	0	4	Split131(3,1)	2	3	(0,1)	(0,1)	(0,1)	MATCH
31	S131	0	4	Split131(3,2)	2	3	(0,1)	(0,1)	(0,1)	MATCH
31	S131	0	4	Split131(3,3)	2	3	(0,1)	(0,1)	(0,1)	MATCH
31	S131	0	4	Split131(3,4)	2	3	(0,1)	(1,0)	(1,0)	MATCH
31	S131	0	4	Split131(4,0)	2	3	(0,1)	(1,0)	(1,0)	MATCH
31	S131	0	4	Split131(4,1)	2	3	(0,1)	(1,0)	(1,0)	MATCH
31	S131	0	4	Split131(4,2)	2	3	(0,1)	(1,0)	(1,0)	MATCH
31	S131	0	4	Split131(4,3)	2	3	(0,1)	(1,0)	(1,0)	MATCH
31	S131	0	4	Split131(4,4)	2	3	(0,1)	(1,0)	(1,0)	MATCH
31	G	0	0	Gather	2	4	(0,1)	(0,1)	is_split=false	MATCH
31	S14	0	0	Split14(0)	2	4	(0,1)	(1,2)	(1,2)	MATCH
31	S14	0	0	Split14(1)	2	4	(0,1)	(0,1)	fallback!=2	MATCH
31	S14	0	0	Split14(2)	2	4	(0,1)	(0,1)	fallback!=2	MATCH
31	S14	0	0	Split14(3)	2	4	(0,1)	(0,1)	fallback!=2	MATCH
31	S14	0	0	Split14(4)	2	4	(0,1)	(0,1)	fallback!=2	MATCH
31	S131	0	0	Split131(0,0)	2	4	(0,1)	(1,0)	(1,0)	MATCH
31	S131	0	0	Split131(0,1)	2	4	(0,1)	(1,0)	(1,0)	MATCH
31	S131	0	0	Split131(0,2)	2	4	(0,1)	(1,0)	(1,0)	MATCH
31	S131	0	0	Split131(0,3)	2	4	(0,1)	(1,0)	(1,0)	MATCH
31	S131	0	0	Split131(0,4)	2	4	(0,1)	(1,0)	(1,0)	MATCH
31	S131	0	0	Split131(1,0)	2	4	(0,1)	(1,2)	(1,2)	MATCH
31	S131	0	0	Split131(1,1)	2	4	(0,1)	(0,1)	(0,1)	MATCH
31	S131	0	0	Split131(1,2)	2	4	(0,1)	(0,1)	(0,1)	MATCH
31	S131	0	0	Split131(1,3)	2	4	(0,1)	(0,1)	(0,1)	MATCH
31	S131	0	0	Split131(1,4)	2	4	(0,1)	(0,1)	(0,1)	MATCH
31	S131	0	0	Split131(2,0)	2	4	(0,1)	(1,2)	(1,2)	MATCH
31	S131	0	0	Split131(2,1)	2	4	(0,1)	(0,1)	(0,1)	MATCH
31	S131	0	0	Split131(2,2)	2	4	(0,1)	(0,1)	(0,1)	MATCH
31	S131	0	0	Split131(2,3)	2	4	(0,1)	(0,1)	(0,1)	MATCH
31	S131	0	0	Split131(2,4)	2	4	(0,1)	(0,1)	(0,1)	MATCH
31	S131	0	0	Split131(3,0)	2	4	(0,1)	(1,2)	(1,2)	MATCH
31	S131	0	0	Split131(3,1)	2	4	(0,1)	(0,1)	(0,1)	MATCH
31	S131	0	0	Split131(3,2)	2	4	(0,1)	(0,1)	(0,1)	MATCH
31	S131	0	0	Split131(3,3)	2	4	(0,1)	(0,1)	(0,1)	MATCH
31	S131	0	0	Split131(3,4)	2	4	(0,1)	(0,1)	(0,1)	MATCH
31	S131	0	0	Split131(4,0)	2	4	(0,1)	(1,0)	(1,0)	MATCH
31	S131	0	0	Split131(4,1)	2	4	(0,1)	(0,1)	(0,1)	MATCH
31	S131	0	0	Split131(4,2)	2	4	(0,1)	(0,1)	(0,1)	MATCH
31	S131	0	0	Split131(4,3)	2	4	(0,1)	(0,1)	(0,1)	MATCH
31	S131	0	0	Split131(4,4)	2	4	(0,1)	(0,1)	(0,1)	MATCH
31	G	0	1	Gather	2	4	(0,1)	(0,1)	is_split=false	MATCH
31	S14	0	1	Split14(0)	2	4	(0,1)	(0,1)	fallback!=2	MATCH
31	S14	0	1	Split14(1)	2	4	(0,1)	(1,2)	(1,2)	MATCH
31	S14	0	1	Split14(2)	2	4	(0,1)	(0,1)	fallback!=2	MATCH
31	S14	0	1	Split14(3)	2	4	(0,1)	(0,1)	fallback!=2	MATCH
31	S14	0	1	Split14(4)	2	4	(0,1)	(0,1)	fallback!=2	MATCH
31	S131	0	1	Split131(0,0)	2	4	(0,1)	(0,1)	(0,1)	MATCH
31	S131	0	1	Split131(0,1)	2	4	(0,1)	(1,2)	(1,2)	MATCH
31	S131	0	1	Split131(0,2)	2	4	(0,1)	(0,1)	(0,1)	MATCH
31	S131	0	1	Split131(0,3)	2	4	(0,1)	(0,1)	(0,1)	MATCH
31	S131	0	1	Split131(0,4)	2	4	(0,1)	(0,1)	(0,1)	MATCH
31	S131	0	1	Split131(1,0)	2	4	(0,1)	(1,0)	(1,0)	MATCH
31	S131	0	1	Split131(1,1)	2	4	(0,1)	(1,0)	(1,0)	MATCH
31	S131	0	1	Split131(1,2)	2	4	(0,1)	(1,0)	(1,0)	MATCH
31	S131	0	1	Split131(1,3)	2	4	(0,1)	(1,0)	(1,0)	MATCH
31	S131	0	1	Split131(1,4)	2	4	(0,1)	(1,0)	(1,0)	MATCH
31	S131	0	1	Split131(2,0)	2	4	(0,1)	(0,1)	(0,1)	MATCH
31	S131	0	1	Split131(2,1)	2	4	(0,1)	(1,2)	(1,2)	MATCH
31	S131	0	1	Split131(2,2)	2	4	(0,1)	(0,1)	(0,1)	MATCH
31	S131	0	1	Split131(2,3)	2	4	(0,1)	(0,1)	(0,1)	MATCH
31	S131	0	1	Split131(2,4)	2	4	(0,1)	(0,1)	(0,1)	MATCH
31	S131	0	1	Split131(3,0)	2	4	(0,1)	(0,1)	(0,1)	MATCH
31	S131	0	1	Split131(3,1)	2	4	(0,1)	(1,2)	(1,2)	MATCH
31	S131	0	1	Split131(3,2)	2	4	(0,1)	(0,1)	(0,1)	MATCH
31	S131	0	1	Split131(3,3)	2	4	(0,1)	(0,1)	(0,1)	MATCH
31	S131	0	1	Split131(3,4)	2	4	(0,1)	(0,1)	(0,1)	MATCH
31	S131	0	1	Split131(4,0)	2	4	(0,1)	(0,1)	(0,1)	MATCH
31	S131	0	1	Split131(4,1)	2	4	(0,1)	(1,0)	(1,0)	MATCH
31	S131	0	1	Split131(4,2)	2	4	(0,1)	(0,1)	(0,1)	MATCH
31	S131	0	1	Split131(4,3)	2	4	(0,1)	(0,1)	(0,1)	MATCH
31	S131	0	1	Split131(4,4)	2	4	(0,1)	(0,1)	(0,1)	MATCH
31	G	0	2	Gather	2	4	(0,1)	(0,1)	is_split=false	MATCH
31	S14	0	2	Split14(0)	2	4	(0,1)	(0,1)	fallback!=2	MATCH
31	S14	0	2	Split14(1)	2	4	(0,1)	(0,1)	fallback!=2	MATCH
31	S14	0	2	Split14(2)	2	4	(0,1)	(1,2)	(1,2)	MATCH
31	S14	0	2	Split14(3)	2	4	(0,1)	(0,1)	fallback!=2	MATCH
31	S14	0	2	Split14(4)	2	4	(0,1)	(0,1)	fallback!=2	MATCH
31	S131	0	2	Split131(0,0)	2	4	(0,1)	(0,1)	(0,1)	MATCH
31	S131	0	2	Split131(0,1)	2	4	(0,1)	(0,1)	(0,1)	MATCH
31	S131	0	2	Split131(0,2)	2	4	(0,1)	(1,2)	(1,2)	MATCH
31	S131	0	2	Split131(0,3)	2	4	(0,1)	(0,1)	(0,1)	MATCH
31	S131	0	2	Split131(0,4)	2	4	(0,1)	(0,1)	(0,1)	MATCH
31	S131	0	2	Split131(1,0)	2	4	(0,1)	(0,1)	(0,1)	MATCH
31	S131	0	2	Split131(1,1)	2	4	(0,1)	(0,1)	(0,1)	MATCH
31	S131	0	2	Split131(1,2)	2	4	(0,1)	(1,2)	(1,2)	MATCH
31	S131	0	2	Split131(1,3)	2	4	(0,1)	(0,1)	(0,1)	MATCH
31	S131	0	2	Split131(1,4)	2	4	(0,1)	(0,1)	(0,1)	MATCH
31	S131	0	2	Split131(2,0)	2	4	(0,1)	(1,0)	(1,0)	MATCH
31	S131	0	2	Split131(2,1)	2	4	(0,1)	(1,0)	(1,0)	MATCH
31	S131	0	2	Split131(2,2)	2	4	(0,1)	(1,0)	(1,0)	MATCH
31	S131	0	2	Split131(2,3)	2	4	(0,1)	(1,0)	(1,0)	MATCH
31	S131	0	2	Split131(2,4)	2	4	(0,1)	(1,0)	(1,0)	MATCH
31	S131	0	2	Split131(3,0)	2	4	(0,1)	(0,1)	(0,1)	MATCH
31	S131	0	2	Split131(3,1)	2	4	(0,1)	(0,1)	(0,1)	MATCH
31	S131	0	2	Split131(3,2)	2	4	(0,1)	(1,2)	(1,2)	MATCH
31	S131	0	2	Split131(3,3)	2	4	(0,1)	(0,1)	(0,1)	MATCH
31	S131	0	2	Split131(3,4)	2	4	(0,1)	(0,1)	(0,1)	MATCH
31	S131	0	2	Split131(4,0)	2	4	(0,1)	(0,1)	(0,1)	MATCH
31	S131	0	2	Split131(4,1)	2	4	(0,1)	(0,1)	(0,1)	MATCH
31	S131	0	2	Split131(4,2)	2	4	(0,1)	(1,0)	(1,0)	MATCH
31	S131	0	2	Split131(4,3)	2	4	(0,1)	(0,1)	(0,1)	MATCH
31	S131	0	2	Split131(4,4)	2	4	(0,1)	(0,1)	(0,1)	MATCH
31	G	0	3	Gather	2	4	(0,1)	(0,1)	is_split=false	MATCH
31	S14	0	3	Split14(0)	2	4	(0,1)	(0,1)	fallback!=2	MATCH
31	S14	0	3	Split14(1)	2	4	(0,1)	(0,1)	fallback!=2	MATCH
31	S14	0	3	Split14(2)	2	4	(0,1)	(0,1)	fallback!=2	MATCH
31	S14	0	3	Split14(3)	2	4	(0,1)	(1,2)	(1,2)	MATCH
31	S14	0	3	Split14(4)	2	4	(0,1)	(0,1)	fallback!=2	MATCH
31	S131	0	3	Split131(0,0)	2	4	(0,1)	(0,1)	(0,1)	MATCH
31	S131	0	3	Split131(0,1)	2	4	(0,1)	(0,1)	(0,1)	MATCH
31	S131	0	3	Split131(0,2)	2	4	(0,1)	(0,1)	(0,1)	MATCH
31	S131	0	3	Split131(0,3)	2	4	(0,1)	(1,2)	(1,2)	MATCH
31	S131	0	3	Split131(0,4)	2	4	(0,1)	(0,1)	(0,1)	MATCH
31	S131	0	3	Split131(1,0)	2	4	(0,1)	(0,1)	(0,1)	MATCH
31	S131	0	3	Split131(1,1)	2	4	(0,1)	(0,1)	(0,1)	MATCH
31	S131	0	3	Split131(1,2)	2	4	(0,1)	(0,1)	(0,1)	MATCH
31	S131	0	3	Split131(1,3)	2	4	(0,1)	(1,2)	(1,2)	MATCH
31	S131	0	3	Split131(1,4)	2	4	(0,1)	(0,1)	(0,1)	MATCH
31	S131	0	3	Split131(2,0)	2	4	(0,1)	(0,1)	(0,1)	MATCH
31	S131	0	3	Split131(2,1)	2	4	(0,1)	(0,1)	(0,1)	MATCH
31	S131	0	3	Split131(2,2)	2	4	(0,1)	(0,1)	(0,1)	MATCH
31	S131	0	3	Split131(2,3)	2	4	(0,1)	(1,2)	(1,2)	MATCH
31	S131	0	3	Split131(2,4)	2	4	(0,1)	(0,1)	(0,1)	MATCH
31	S131	0	3	Split131(3,0)	2	4	(0,1)	(1,0)	(1,0)	MATCH
31	S131	0	3	Split131(3,1)	2	4	(0,1)	(1,0)	(1,0)	MATCH
31	S131	0	3	Split131(3,2)	2	4	(0,1)	(1,0)	(1,0)	MATCH
31	S131	0	3	Split131(3,3)	2	4	(0,1)	(1,0)	(1,0)	MATCH
31	S131	0	3	Split131(3,4)	2	4	(0,1)	(1,0)	(1,0)	MATCH
31	S131	0	3	Split131(4,0)	2	4	(0,1)	(0,1)	(0,1)	MATCH
31	S131	0	3	Split131(4,1)	2	4	(0,1)	(0,1)	(0,1)	MATCH
31	S131	0	3	Split131(4,2)	2	4	(0,1)	(0,1)	(0,1)	MATCH
31	S131	0	3	Split131(4,3)	2	4	(0,1)	(1,0)	(1,0)	MATCH
31	S131	0	3	Split131(4,4)	2	4	(0,1)	(0,1)	(0,1)	MATCH
31	G	0	4	Gather	2	4	(0,1)	(0,1)	is_split=false	MATCH
31	S14	0	4	Split14(0)	2	4	(0,1)	(0,1)	fallback!=2	MATCH
31	S14	0	4	Split14(1)	2	4	(0,1)	(0,1)	fallback!=2	MATCH
31	S14	0	4	Split14(2)	2	4	(0,1)	(0,1)	fallback!=2	MATCH
31	S14	0	4	Split14(3)	2	4	(0,1)	(0,1)	fallback!=2	MATCH
31	S14	0	4	Split14(4)	2	4	(0,1)	(1,2)	(1,2)	MATCH
31	S131	0	4	Split131(0,0)	2	4	(0,1)	(0,1)	(0,1)	MATCH
31	S131	0	4	Split131(0,1)	2	4	(0,1)	(0,1)	(0,1)	MATCH
31	S131	0	4	Split131(0,2)	2	4	(0,1)	(0,1)	(0,1)	MATCH
31	S131	0	4	Split131(0,3)	2	4	(0,1)	(0,1)	(0,1)	MATCH
31	S131	0	4	Split131(0,4)	2	4	(0,1)	(1,2)	(1,2)	MATCH
31	S131	0	4	Split131(1,0)	2	4	(0,1)	(0,1)	(0,1)	MATCH
31	S131	0	4	Split131(1,1)	2	4	(0,1)	(0,1)	(0,1)	MATCH
31	S131	0	4	Split131(1,2)	2	4	(0,1)	(0,1)	(0,1)	MATCH
31	S131	0	4	Split131(1,3)	2	4	(0,1)	(0,1)	(0,1)	MATCH
31	S131	0	4	Split131(1,4)	2	4	(0,1)	(1,2)	(1,2)	MATCH
31	S131	0	4	Split131(2,0)	2	4	(0,1)	(0,1)	(0,1)	MATCH
31	S131	0	4	Split131(2,1)	2	4	(0,1)	(0,1)	(0,1)	MATCH
31	S131	0	4	Split131(2,2)	2	4	(0,1)	(0,1)	(0,1)	MATCH
31	S131	0	4	Split131(2,3)	2	4	(0,1)	(0,1)	(0,1)	MATCH
31	S131	0	4	Split131(2,4)	2	4	(0,1)	(1,2)	(1,2)	MATCH
31	S131	0	4	Split131(3,0)	2	4	(0,1)	(0,1)	(0,1)	MATCH
31	S131	0	4	Split131(3,1)	2	4	(0,1)	(0,1)	(0,1)	MATCH
31	S131	0	4	Split131(3,2)	2	4	(0,1)	(0,1)	(0,1)	MATCH
31	S131	0	4	Split131(3,3)	2	4	(0,1)	(0,1)	(0,1)	MATCH
31	S131	0	4	Split131(3,4)	2	4	(0,1)	(1,2)	(1,2)	MATCH
31	S131	0	4	Split131(4,0)	2	4	(0,1)	(1,0)	(1,0)	MATCH
31	S131	0	4	Split131(4,1)	2	4	(0,1)	(1,0)	(1,0)	MATCH
31	S131	0	4	Split131(4,2)	2	4	(0,1)	(1,0)	(1,0)	MATCH
31	S131	0	4	Split131(4,3)	2	4	(0,1)	(1,0)	(1,0)	MATCH
31	S131	0	4	Split131(4,4)	2	4	(0,1)	(1,0)	(1,0)	MATCH
31	G	0	0	Gather	2	5	(0,1)	(0,1)	is_split=false	MATCH
31	S14	0	0	Split14(0)	2	5	(0,1)	(1,2)	(1,2)	MATCH
31	S14	0	0	Split14(1)	2	5	(0,1)	(0,1)	fallback!=2	MATCH
31	S14	0	0	Split14(2)	2	5	(0,1)	(0,1)	fallback!=2	MATCH
31	S14	0	0	Split14(3)	2	5	(0,1)	(0,1)	fallback!=2	MATCH
31	S14	0	0	Split14(4)	2	5	(0,1)	(0,1)	fallback!=2	MATCH
31	S131	0	0	Split131(0,0)	2	5	(0,1)	(1,0)	(1,0)	MATCH
31	S131	0	0	Split131(0,1)	2	5	(0,1)	(1,0)	(1,0)	MATCH
31	S131	0	0	Split131(0,2)	2	5	(0,1)	(1,0)	(1,0)	MATCH
31	S131	0	0	Split131(0,3)	2	5	(0,1)	(1,0)	(1,0)	MATCH
31	S131	0	0	Split131(0,4)	2	5	(0,1)	(1,0)	(1,0)	MATCH
31	S131	0	0	Split131(1,0)	2	5	(0,1)	(1,2)	(1,2)	MATCH
31	S131	0	0	Split131(1,1)	2	5	(0,1)	(0,1)	(0,1)	MATCH
31	S131	0	0	Split131(1,2)	2	5	(0,1)	(0,1)	(0,1)	MATCH
31	S131	0	0	Split131(1,3)	2	5	(0,1)	(0,1)	(0,1)	MATCH
31	S131	0	0	Split131(1,4)	2	5	(0,1)	(0,1)	(0,1)	MATCH
31	S131	0	0	Split131(2,0)	2	5	(0,1)	(1,2)	(1,2)	MATCH
31	S131	0	0	Split131(2,1)	2	5	(0,1)	(0,1)	(0,1)	MATCH
31	S131	0	0	Split131(2,2)	2	5	(0,1)	(0,1)	(0,1)	MATCH
31	S131	0	0	Split131(2,3)	2	5	(0,1)	(0,1)	(0,1)	MATCH
31	S131	0	0	Split131(2,4)	2	5	(0,1)	(0,1)	(0,1)	MATCH
31	S131	0	0	Split131(3,0)	2	5	(0,1)	(1,2)	(1,2)	MATCH
31	S131	0	0	Split131(3,1)	2	5	(0,1)	(0,1)	(0,1)	MATCH
31	S131	0	0	Split131(3,2)	2	5	(0,1)	(0,1)	(0,1)	MATCH
31	S131	0	0	Split131(3,3)	2	5	(0,1)	(0,1)	(0,1)	MATCH
31	S131	0	0	Split131(3,4)	2	5	(0,1)	(0,1)	(0,1)	MATCH
31	S131	0	0	Split131(4,0)	2	5	(0,1)	(1,2)	(1,2)	MATCH
31	S131	0	0	Split131(4,1)	2	5	(0,1)	(0,1)	(0,1)	MATCH
31	S131	0	0	Split131(4,2)	2	5	(0,1)	(0,1)	(0,1)	MATCH
31	S131	0	0	Split131(4,3)	2	5	(0,1)	(0,1)	(0,1)	MATCH
31	S131	0	0	Split131(4,4)	2	5	(0,1)	(0,1)	(0,1)	MATCH
31	G	0	1	Gather	2	5	(0,1)	(0,1)	is_split=false	MATCH
31	S14	0	1	Split14(0)	2	5	(0,1)	(0,1)	fallback!=2	MATCH
31	S14	0	1	Split14(1)	2	5	(0,1)	(1,2)	(1,2)	MATCH
31	S14	0	1	Split14(2)	2	5	(0,1)	(0,1)	fallback!=2	MATCH
31	S14	0	1	Split14(3)	2	5	(0,1)	(0,1)	fallback!=2	MATCH
31	S14	0	1	Split14(4)	2	5	(0,1)	(0,1)	fallback!=2	MATCH
31	S131	0	1	Split131(0,0)	2	5	(0,1)	(0,1)	(0,1)	MATCH
31	S131	0	1	Split131(0,1)	2	5	(0,1)	(1,2)	(1,2)	MATCH
31	S131	0	1	Split131(0,2)	2	5	(0,1)	(0,1)	(0,1)	MATCH
31	S131	0	1	Split131(0,3)	2	5	(0,1)	(0,1)	(0,1)	MATCH
31	S131	0	1	Split131(0,4)	2	5	(0,1)	(0,1)	(0,1)	MATCH
31	S131	0	1	Split131(1,0)	2	5	(0,1)	(1,0)	(1,0)	MATCH
31	S131	0	1	Split131(1,1)	2	5	(0,1)	(1,0)	(1,0)	MATCH
31	S131	0	1	Split131(1,2)	2	5	(0,1)	(1,0)	(1,0)	MATCH
31	S131	0	1	Split131(1,3)	2	5	(0,1)	(1,0)	(1,0)	MATCH
31	S131	0	1	Split131(1,4)	2	5	(0,1)	(1,0)	(1,0)	MATCH
31	S131	0	1	Split131(2,0)	2	5	(0,1)	(0,1)	(0,1)	MATCH
31	S131	0	1	Split131(2,1)	2	5	(0,1)	(1,2)	(1,2)	MATCH
31	S131	0	1	Split131(2,2)	2	5	(0,1)	(0,1)	(0,1)	MATCH
31	S131	0	1	Split131(2,3)	2	5	(0,1)	(0,1)	(0,1)	MATCH
31	S131	0	1	Split131(2,4)	2	5	(0,1)	(0,1)	(0,1)	MATCH
31	S131	0	1	Split131(3,0)	2	5	(0,1)	(0,1)	(0,1)	MATCH
31	S131	0	1	Split131(3,1)	2	5	(0,1)	(1,2)	(1,2)	MATCH
31	S131	0	1	Split131(3,2)	2	5	(0,1)	(0,1)	(0,1)	MATCH
31	S131	0	1	Split131(3,3)	2	5	(0,1)	(0,1)	(0,1)	MATCH
31	S131	0	1	Split131(3,4)	2	5	(0,1)	(0,1)	(0,1)	MATCH
31	S131	0	1	Split131(4,0)	2	5	(0,1)	(0,1)	(0,1)	MATCH
31	S131	0	1	Split131(4,1)	2	5	(0,1)	(1,2)	(1,2)	MATCH
31	S131	0	1	Split131(4,2)	2	5	(0,1)	(0,1)	(0,1)	MATCH
31	S131	0	1	Split131(4,3)	2	5	(0,1)	(0,1)	(0,1)	MATCH
31	S131	0	1	Split131(4,4)	2	5	(0,1)	(0,1)	(0,1)	MATCH
31	G	0	2	Gather	2	5	(0,1)	(0,1)	is_split=false	MATCH
31	S14	0	2	Split14(0)	2	5	(0,1)	(0,1)	fallback!=2	MATCH
31	S14	0	2	Split14(1)	2	5	(0,1)	(0,1)	fallback!=2	MATCH
31	S14	0	2	Split14(2)	2	5	(0,1)	(1,2)	(1,2)	MATCH
31	S14	0	2	Split14(3)	2	5	(0,1)	(0,1)	fallback!=2	MATCH
31	S14	0	2	Split14(4)	2	5	(0,1)	(0,1)	fallback!=2	MATCH
31	S131	0	2	Split131(0,0)	2	5	(0,1)	(0,1)	(0,1)	MATCH
31	S131	0	2	Split131(0,1)	2	5	(0,1)	(0,1)	(0,1)	MATCH
31	S131	0	2	Split131(0,2)	2	5	(0,1)	(1,2)	(1,2)	MATCH
31	S131	0	2	Split131(0,3)	2	5	(0,1)	(0,1)	(0,1)	MATCH
31	S131	0	2	Split131(0,4)	2	5	(0,1)	(0,1)	(0,1)	MATCH
31	S131	0	2	Split131(1,0)	2	5	(0,1)	(0,1)	(0,1)	MATCH
31	S131	0	2	Split131(1,1)	2	5	(0,1)	(0,1)	(0,1)	MATCH
31	S131	0	2	Split131(1,2)	2	5	(0,1)	(1,2)	(1,2)	MATCH
31	S131	0	2	Split131(1,3)	2	5	(0,1)	(0,1)	(0,1)	MATCH
31	S131	0	2	Split131(1,4)	2	5	(0,1)	(0,1)	(0,1)	MATCH
31	S131	0	2	Split131(2,0)	2	5	(0,1)	(1,0)	(1,0)	MATCH
31	S131	0	2	Split131(2,1)	2	5	(0,1)	(1,0)	(1,0)	MATCH
31	S131	0	2	Split131(2,2)	2	5	(0,1)	(1,0)	(1,0)	MATCH
31	S131	0	2	Split131(2,3)	2	5	(0,1)	(1,0)	(1,0)	MATCH
31	S131	0	2	Split131(2,4)	2	5	(0,1)	(1,0)	(1,0)	MATCH
31	S131	0	2	Split131(3,0)	2	5	(0,1)	(0,1)	(0,1)	MATCH
31	S131	0	2	Split131(3,1)	2	5	(0,1)	(0,1)	(0,1)	MATCH
31	S131	0	2	Split131(3,2)	2	5	(0,1)	(1,2)	(1,2)	MATCH
31	S131	0	2	Split131(3,3)	2	5	(0,1)	(0,1)	(0,1)	MATCH
31	S131	0	2	Split131(3,4)	2	5	(0,1)	(0,1)	(0,1)	MATCH
31	S131	0	2	Split131(4,0)	2	5	(0,1)	(0,1)	(0,1)	MATCH
31	S131	0	2	Split131(4,1)	2	5	(0,1)	(0,1)	(0,1)	MATCH
31	S131	0	2	Split131(4,2)	2	5	(0,1)	(1,2)	(1,2)	MATCH
31	S131	0	2	Split131(4,3)	2	5	(0,1)	(0,1)	(0,1)	MATCH
31	S131	0	2	Split131(4,4)	2	5	(0,1)	(0,1)	(0,1)	MATCH
31	G	0	3	Gather	2	5	(0,1)	(0,1)	is_split=false	MATCH
31	S14	0	3	Split14(0)	2	5	(0,1)	(0,1)	fallback!=2	MATCH
31	S14	0	3	Split14(1)	2	5	(0,1)	(0,1)	fallback!=2	MATCH
31	S14	0	3	Split14(2)	2	5	(0,1)	(0,1)	fallback!=2	MATCH
31	S14	0	3	Split14(3)	2	5	(0,1)	(1,2)	(1,2)	MATCH
31	S14	0	3	Split14(4)	2	5	(0,1)	(0,1)	fallback!=2	MATCH
31	S131	0	3	Split131(0,0)	2	5	(0,1)	(0,1)	(0,1)	MATCH
31	S131	0	3	Split131(0,1)	2	5	(0,1)	(0,1)	(0,1)	MATCH
31	S131	0	3	Split131(0,2)	2	5	(0,1)	(0,1)	(0,1)	MATCH
31	S131	0	3	Split131(0,3)	2	5	(0,1)	(1,2)	(1,2)	MATCH
31	S131	0	3	Split131(0,4)	2	5	(0,1)	(0,1)	(0,1)	MATCH
31	S131	0	3	Split131(1,0)	2	5	(0,1)	(0,1)	(0,1)	MATCH
31	S131	0	3	Split131(1,1)	2	5	(0,1)	(0,1)	(0,1)	MATCH
31	S131	0	3	Split131(1,2)	2	5	(0,1)	(0,1)	(0,1)	MATCH
31	S131	0	3	Split131(1,3)	2	5	(0,1)	(1,2)	(1,2)	MATCH
31	S131	0	3	Split131(1,4)	2	5	(0,1)	(0,1)	(0,1)	MATCH
31	S131	0	3	Split131(2,0)	2	5	(0,1)	(0,1)	(0,1)	MATCH
31	S131	0	3	Split131(2,1)	2	5	(0,1)	(0,1)	(0,1)	MATCH
31	S131	0	3	Split131(2,2)	2	5	(0,1)	(0,1)	(0,1)	MATCH
31	S131	0	3	Split131(2,3)	2	5	(0,1)	(1,2)	(1,2)	MATCH
31	S131	0	3	Split131(2,4)	2	5	(0,1)	(0,1)	(0,1)	MATCH
31	S131	0	3	Split131(3,0)	2	5	(0,1)	(1,0)	(1,0)	MATCH
31	S131	0	3	Split131(3,1)	2	5	(0,1)	(1,0)	(1,0)	MATCH
31	S131	0	3	Split131(3,2)	2	5	(0,1)	(1,0)	(1,0)	MATCH
31	S131	0	3	Split131(3,3)	2	5	(0,1)	(1,0)	(1,0)	MATCH
31	S131	0	3	Split131(3,4)	2	5	(0,1)	(1,0)	(1,0)	MATCH
31	S131	0	3	Split131(4,0)	2	5	(0,1)	(0,1)	(0,1)	MATCH
31	S131	0	3	Split131(4,1)	2	5	(0,1)	(0,1)	(0,1)	MATCH
31	S131	0	3	Split131(4,2)	2	5	(0,1)	(0,1)	(0,1)	MATCH
31	S131	0	3	Split131(4,3)	2	5	(0,1)	(1,2)	(1,2)	MATCH
31	S131	0	3	Split131(4,4)	2	5	(0,1)	(0,1)	(0,1)	MATCH
31	G	0	4	Gather	2	5	(0,1)	(0,1)	is_split=false	MATCH
31	S14	0	4	Split14(0)	2	5	(0,1)	(0,1)	fallback!=2	MATCH
31	S14	0	4	Split14(1)	2	5	(0,1)	(0,1)	fallback!=2	MATCH
31	S14	0	4	Split14(2)	2	5	(0,1)	(0,1)	fallback!=2	MATCH
31	S14	0	4	Split14(3)	2	5	(0,1)	(0,1)	fallback!=2	MATCH
31	S14	0	4	Split14(4)	2	5	(0,1)	(1,2)	(1,2)	MATCH
31	S131	0	4	Split131(0,0)	2	5	(0,1)	(0,1)	(0,1)	MATCH
31	S131	0	4	Split131(0,1)	2	5	(0,1)	(0,1)	(0,1)	MATCH
31	S131	0	4	Split131(0,2)	2	5	(0,1)	(0,1)	(0,1)	MATCH
31	S131	0	4	Split131(0,3)	2	5	(0,1)	(0,1)	(0,1)	MATCH
31	S131	0	4	Split131(0,4)	2	5	(0,1)	(1,2)	(1,2)	MATCH
31	S131	0	4	Split131(1,0)	2	5	(0,1)	(0,1)	(0,1)	MATCH
31	S131	0	4	Split131(1,1)	2	5	(0,1)	(0,1)	(0,1)	MATCH
31	S131	0	4	Split131(1,2)	2	5	(0,1)	(0,1)	(0,1)	MATCH
31	S131	0	4	Split131(1,3)	2	5	(0,1)	(0,1)	(0,1)	MATCH
31	S131	0	4	Split131(1,4)	2	5	(0,1)	(1,2)	(1,2)	MATCH
31	S131	0	4	Split131(2,0)	2	5	(0,1)	(0,1)	(0,1)	MATCH
31	S131	0	4	Split131(2,1)	2	5	(0,1)	(0,1)	(0,1)	MATCH
31	S131	0	4	Split131(2,2)	2	5	(0,1)	(0,1)	(0,1)	MATCH
31	S131	0	4	Split131(2,3)	2	5	(0,1)	(0,1)	(0,1)	MATCH
31	S131	0	4	Split131(2,4)	2	5	(0,1)	(1,2)	(1,2)	MATCH
31	S131	0	4	Split131(3,0)	2	5	(0,1)	(0,1)	(0,1)	MATCH
31	S131	0	4	Split131(3,1)	2	5	(0,1)	(0,1)	(0,1)	MATCH
31	S131	0	4	Split131(3,2)	2	5	(0,1)	(0,1)	(0,1)	MATCH
31	S131	0	4	Split131(3,3)	2	5	(0,1)	(0,1)	(0,1)	MATCH
31	S131	0	4	Split131(3,4)	2	5	(0,1)	(1,2)	(1,2)	MATCH
31	S131	0	4	Split131(4,0)	2	5	(0,1)	(1,0)	(1,0)	MATCH
31	S131	0	4	Split131(4,1)	2	5	(0,1)	(1,0)	(1,0)	MATCH
31	S131	0	4	Split131(4,2)	2	5	(0,1)	(1,0)	(1,0)	MATCH
31	S131	0	4	Split131(4,3)	2	5	(0,1)	(1,0)	(1,0)	MATCH
31	S131	0	4	Split131(4,4)	2	5	(0,1)	(1,0)	(1,0)	MATCH
31	G	1	0	Gather	2	0	(0,1)	(0,1)	is_split=false	MATCH
31	S14	1	0	Split14(0)	2	0	(0,1)	(1,2)	(1,2)	MATCH
31	S14	1	0	Split14(1)	2	0	(0,1)	(0,1)	fallback!=2	MATCH
31	S14	1	0	Split14(2)	2	0	(0,1)	(0,1)	fallback!=2	MATCH
31	S14	1	0	Split14(3)	2	0	(0,1)	(0,1)	fallback!=2	MATCH
31	S14	1	0	Split14(4)	2	0	(0,1)	(0,1)	fallback!=2	MATCH
31	S131	1	0	Split131(0,0)	2	0	(0,1)	(1,0)	(1,0)	MATCH
31	S131	1	0	Split131(0,1)	2	0	(0,1)	(1,0)	(1,0)	MATCH
31	S131	1	0	Split131(0,2)	2	0	(0,1)	(1,0)	(1,0)	MATCH
31	S131	1	0	Split131(0,3)	2	0	(0,1)	(1,0)	(1,0)	MATCH
31	S131	1	0	Split131(0,4)	2	0	(0,1)	(1,0)	(1,0)	MATCH
31	S131	1	0	Split131(1,0)	2	0	(0,1)	(1,2)	(1,2)	MATCH
31	S131	1	0	Split131(1,1)	2	0	(0,1)	(0,1)	(0,1)	MATCH
31	S131	1	0	Split131(1,2)	2	0	(0,1)	(0,1)	(0,1)	MATCH
31	S131	1	0	Split131(1,3)	2	0	(0,1)	(0,1)	(0,1)	MATCH
31	S131	1	0	Split131(1,4)	2	0	(0,1)	(0,1)	(0,1)	MATCH
31	S131	1	0	Split131(2,0)	2	0	(0,1)	(1,2)	(1,2)	MATCH
31	S131	1	0	Split131(2,1)	2	0	(0,1)	(0,1)	(0,1)	MATCH
31	S131	1	0	Split131(2,2)	2	0	(0,1)	(0,1)	(0,1)	MATCH
31	S131	1	0	Split131(2,3)	2	0	(0,1)	(0,1)	(0,1)	MATCH
31	S131	1	0	Split131(2,4)	2	0	(0,1)	(0,1)	(0,1)	MATCH
31	S131	1	0	Split131(3,0)	2	0	(0,1)	(1,2)	(1,2)	MATCH
31	S131	1	0	Split131(3,1)	2	0	(0,1)	(0,1)	(0,1)	MATCH
31	S131	1	0	Split131(3,2)	2	0	(0,1)	(0,1)	(0,1)	MATCH
31	S131	1	0	Split131(3,3)	2	0	(0,1)	(0,1)	(0,1)	MATCH
31	S131	1	0	Split131(3,4)	2	0	(0,1)	(0,1)	(0,1)	MATCH
31	S131	1	0	Split131(4,0)	2	0	(0,1)	(1,2)	(1,2)	MATCH
31	S131	1	0	Split131(4,1)	2	0	(0,1)	(0,1)	(0,1)	MATCH
31	S131	1	0	Split131(4,2)	2	0	(0,1)	(0,1)	(0,1)	MATCH
31	S131	1	0	Split131(4,3)	2	0	(0,1)	(0,1)	(0,1)	MATCH
31	S131	1	0	Split131(4,4)	2	0	(0,1)	(0,1)	(0,1)	MATCH
31	G	1	1	Gather	2	0	(0,1)	(0,1)	is_split=false	MATCH
31	S14	1	1	Split14(0)	2	0	(0,1)	(0,1)	fallback!=2	MATCH
31	S14	1	1	Split14(1)	2	0	(0,1)	(1,2)	(1,2)	MATCH
31	S14	1	1	Split14(2)	2	0	(0,1)	(0,1)	fallback!=2	MATCH
31	S14	1	1	Split14(3)	2	0	(0,1)	(0,1)	fallback!=2	MATCH
31	S14	1	1	Split14(4)	2	0	(0,1)	(0,1)	fallback!=2	MATCH
31	S131	1	1	Split131(0,0)	2	0	(0,1)	(0,1)	(0,1)	MATCH
31	S131	1	1	Split131(0,1)	2	0	(0,1)	(1,0)	(1,0)	MATCH
31	S131	1	1	Split131(0,2)	2	0	(0,1)	(0,1)	(0,1)	MATCH
31	S131	1	1	Split131(0,3)	2	0	(0,1)	(0,1)	(0,1)	MATCH
31	S131	1	1	Split131(0,4)	2	0	(0,1)	(0,1)	(0,1)	MATCH
31	S131	1	1	Split131(1,0)	2	0	(0,1)	(1,0)	(1,0)	MATCH
31	S131	1	1	Split131(1,1)	2	0	(0,1)	(1,0)	(1,0)	MATCH
31	S131	1	1	Split131(1,2)	2	0	(0,1)	(1,0)	(1,0)	MATCH
31	S131	1	1	Split131(1,3)	2	0	(0,1)	(1,0)	(1,0)	MATCH
31	S131	1	1	Split131(1,4)	2	0	(0,1)	(1,0)	(1,0)	MATCH
31	S131	1	1	Split131(2,0)	2	0	(0,1)	(0,1)	(0,1)	MATCH
31	S131	1	1	Split131(2,1)	2	0	(0,1)	(1,2)	(1,2)	MATCH
31	S131	1	1	Split131(2,2)	2	0	(0,1)	(0,1)	(0,1)	MATCH
31	S131	1	1	Split131(2,3)	2	0	(0,1)	(0,1)	(0,1)	MATCH
31	S131	1	1	Split131(2,4)	2	0	(0,1)	(0,1)	(0,1)	MATCH
31	S131	1	1	Split131(3,0)	2	0	(0,1)	(0,1)	(0,1)	MATCH
31	S131	1	1	Split131(3,1)	2	0	(0,1)	(1,2)	(1,2)	MATCH
31	S131	1	1	Split131(3,2)	2	0	(0,1)	(0,1)	(0,1)	MATCH
31	S131	1	1	Split131(3,3)	2	0	(0,1)	(0,1)	(0,1)	MATCH
31	S131	1	1	Split131(3,4)	2	0	(0,1)	(0,1)	(0,1)	MATCH
31	S131	1	1	Split131(4,0)	2	0	(0,1)	(0,1)	(0,1)	MATCH
31	S131	1	1	Split131(4,1)	2	0	(0,1)	(1,2)	(1,2)	MATCH
31	S131	1	1	Split131(4,2)	2	0	(0,1)	(0,1)	(0,1)	MATCH
31	S131	1	1	Split131(4,3)	2	0	(0,1)	(0,1)	(0,1)	MATCH
31	S131	1	1	Split131(4,4)	2	0	(0,1)	(0,1)	(0,1)	MATCH
31	G	1	2	Gather	2	0	(0,1)	(0,1)	is_split=false	MATCH
31	S14	1	2	Split14(0)	2	0	(0,1)	(0,1)	fallback!=2	MATCH
31	S14	1	2	Split14(1)	2	0	(0,1)	(0,1)	fallback!=2	MATCH
31	S14	1	2	Split14(2)	2	0	(0,1)	(1,2)	(1,2)	MATCH
31	S14	1	2	Split14(3)	2	0	(0,1)	(0,1)	fallback!=2	MATCH
31	S14	1	2	Split14(4)	2	0	(0,1)	(0,1)	fallback!=2	MATCH
31	S131	1	2	Split131(0,0)	2	0	(0,1)	(0,1)	(0,1)	MATCH
31	S131	1	2	Split131(0,1)	2	0	(0,1)	(0,1)	(0,1)	MATCH
31	S131	1	2	Split131(0,2)	2	0	(0,1)	(1,0)	(1,0)	MATCH
31	S131	1	2	Split131(0,3)	2	0	(0,1)	(0,1)	(0,1)	MATCH
31	S131	1	2	Split131(0,4)	2	0	(0,1)	(0,1)	(0,1)	MATCH
31	S131	1	2	Split131(1,0)	2	0	(0,1)	(0,1)	(0,1)	MATCH
31	S131	1	2	Split131(1,1)	2	0	(0,1)	(0,1)	(0,1)	MATCH
31	S131	1	2	Split131(1,2)	2	0	(0,1)	(1,2)	(1,2)	MATCH
31	S131	1	2	Split131(1,3)	2	0	(0,1)	(0,1)	(0,1)	MATCH
31	S131	1	2	Split131(1,4)	2	0	(0,1)	(0,1)	(0,1)	MATCH
31	S131	1	2	Split131(2,0)	2	0	(0,1)	(1,0)	(1,0)	MATCH
31	S131	1	2	Split131(2,1)	2	0	(0,1)	(1,0)	(1,0)	MATCH
31	S131	1	2	Split131(2,2)	2	0	(0,1)	(1,0)	(1,0)	MATCH
31	S131	1	2	Split131(2,3)	2	0	(0,1)	(1,0)	(1,0)	MATCH
31	S131	1	2	Split131(2,4)	2	0	(0,1)	(1,0)	(1,0)	MATCH
31	S131	1	2	Split131(3,0)	2	0	(0,1)	(0,1)	(0,1)	MATCH
31	S131	1	2	Split131(3,1)	2	0	(0,1)	(0,1)	(0,1)	MATCH
31	S131	1	2	Split131(3,2)	2	0	(0,1)	(1,2)	(1,2)	MATCH
31	S131	1	2	Split131(3,3)	2	0	(0,1)	(0,1)	(0,1)	MATCH
31	S131	1	2	Split131(3,4)	2	0	(0,1)	(0,1)	(0,1)	MATCH
31	S131	1	2	Split131(4,0)	2	0	(0,1)	(0,1)	(0,1)	MATCH
31	S131	1	2	Split131(4,1)	2	0	(0,1)	(0,1)	(0,1)	MATCH
31	S131	1	2	Split131(4,2)	2	0	(0,1)	(1,2)	(1,2)	MATCH
31	S131	1	2	Split131(4,3)	2	0	(0,1)	(0,1)	(0,1)	MATCH
31	S131	1	2	Split131(4,4)	2	0	(0,1)	(0,1)	(0,1)	MATCH
31	G	1	3	Gather	2	0	(0,1)	(0,1)	is_split=false	MATCH
31	S14	1	3	Split14(0)	2	0	(0,1)	(0,1)	fallback!=2	MATCH
31	S14	1	3	Split14(1)	2	0	(0,1)	(0,1)	fallback!=2	MATCH
31	S14	1	3	Split14(2)	2	0	(0,1)	(0,1)	fallback!=2	MATCH
31	S14	1	3	Split14(3)	2	0	(0,1)	(1,2)	(1,2)	MATCH
31	S14	1	3	Split14(4)	2	0	(0,1)	(0,1)	fallback!=2	MATCH
31	S131	1	3	Split131(0,0)	2	0	(0,1)	(0,1)	(0,1)	MATCH
31	S131	1	3	Split131(0,1)	2	0	(0,1)	(0,1)	(0,1)	MATCH
31	S131	1	3	Split131(0,2)	2	0	(0,1)	(0,1)	(0,1)	MATCH
31	S131	1	3	Split131(0,3)	2	0	(0,1)	(1,0)	(1,0)	MATCH
31	S131	1	3	Split131(0,4)	2	0	(0,1)	(0,1)	(0,1)	MATCH
31	S131	1	3	Split131(1,0)	2	0	(0,1)	(0,1)	(0,1)	MATCH
31	S131	1	3	Split131(1,1)	2	0	(0,1)	(0,1)	(0,1)	MATCH
31	S131	1	3	Split131(1,2)	2	0	(0,1)	(0,1)	(0,1)	MATCH
31	S131	1	3	Split131(1,3)	2	0	(0,1)	(1,2)	(1,2)	MATCH
31	S131	1	3	Split131(1,4)	2	0	(0,1)	(0,1)	(0,1)	MATCH
31	S131	1	3	Split131(2,0)	2	0	(0,1)	(0,1)	(0,1)	MATCH
31	S131	1	3	Split131(2,1)	2	0	(0,1)	(0,1)	(0,1)	MATCH
31	S131	1	3	Split131(2,2)	2	0	(0,1)	(0,1)	(0,1)	MATCH
31	S131	1	3	Split131(2,3)	2	0	(0,1)	(1,2)	(1,2)	MATCH
31	S131	1	3	Split131(2,4)	2	0	(0,1)	(0,1)	(0,1)	MATCH
31	S131	1	3	Split131(3,0)	2	0	(0,1)	(1,0)	(1,0)	MATCH
31	S131	1	3	Split131(3,1)	2	0	(0,1)	(1,0)	(1,0)	MATCH
31	S131	1	3	Split131(3,2)	2	0	(0,1)	(1,0)	(1,0)	MATCH
31	S131	1	3	Split131(3,3)	2	0	(0,1)	(1,0)	(1,0)	MATCH
31	S131	1	3	Split131(3,4)	2	0	(0,1)	(1,0)	(1,0)	MATCH
31	S131	1	3	Split131(4,0)	2	0	(0,1)	(0,1)	(0,1)	MATCH
31	S131	1	3	Split131(4,1)	2	0	(0,1)	(0,1)	(0,1)	MATCH
31	S131	1	3	Split131(4,2)	2	0	(0,1)	(0,1)	(0,1)	MATCH
31	S131	1	3	Split131(4,3)	2	0	(0,1)	(1,2)	(1,2)	MATCH
31	S131	1	3	Split131(4,4)	2	0	(0,1)	(0,1)	(0,1)	MATCH
31	G	1	4	Gather	2	0	(0,1)	(0,1)	is_split=false	MATCH
31	S14	1	4	Split14(0)	2	0	(0,1)	(0,1)	fallback!=2	MATCH
31	S14	1	4	Split14(1)	2	0	(0,1)	(0,1)	fallback!=2	MATCH
31	S14	1	4	Split14(2)	2	0	(0,1)	(0,1)	fallback!=2	MATCH
31	S14	1	4	Split14(3)	2	0	(0,1)	(0,1)	fallback!=2	MATCH
31	S14	1	4	Split14(4)	2	0	(0,1)	(1,2)	(1,2)	MATCH
31	S131	1	4	Split131(0,0)	2	0	(0,1)	(0,1)	(0,1)	MATCH
31	S131	1	4	Split131(0,1)	2	0	(0,1)	(0,1)	(0,1)	MATCH
31	S131	1	4	Split131(0,2)	2	0	(0,1)	(0,1)	(0,1)	MATCH
31	S131	1	4	Split131(0,3)	2	0	(0,1)	(0,1)	(0,1)	MATCH
31	S131	1	4	Split131(0,4)	2	0	(0,1)	(1,0)	(1,0)	MATCH
31	S131	1	4	Split131(1,0)	2	0	(0,1)	(0,1)	(0,1)	MATCH
31	S131	1	4	Split131(1,1)	2	0	(0,1)	(0,1)	(0,1)	MATCH
31	S131	1	4	Split131(1,2)	2	0	(0,1)	(0,1)	(0,1)	MATCH
31	S131	1	4	Split131(1,3)	2	0	(0,1)	(0,1)	(0,1)	MATCH
31	S131	1	4	Split131(1,4)	2	0	(0,1)	(1,2)	(1,2)	MATCH
31	S131	1	4	Split131(2,0)	2	0	(0,1)	(0,1)	(0,1)	MATCH
31	S131	1	4	Split131(2,1)	2	0	(0,1)	(0,1)	(0,1)	MATCH
31	S131	1	4	Split131(2,2)	2	0	(0,1)	(0,1)	(0,1)	MATCH
31	S131	1	4	Split131(2,3)	2	0	(0,1)	(0,1)	(0,1)	MATCH
31	S131	1	4	Split131(2,4)	2	0	(0,1)	(1,2)	(1,2)	MATCH
31	S131	1	4	Split131(3,0)	2	0	(0,1)	(0,1)	(0,1)	MATCH
31	S131	1	4	Split131(3,1)	2	0	(0,1)	(0,1)	(0,1)	MATCH
31	S131	1	4	Split131(3,2)	2	0	(0,1)	(0,1)	(0,1)	MATCH
31	S131	1	4	Split131(3,3)	2	0	(0,1)	(0,1)	(0,1)	MATCH
31	S131	1	4	Split131(3,4)	2	0	(0,1)	(1,2)	(1,2)	MATCH
31	S131	1	4	Split131(4,0)	2	0	(0,1)	(1,0)	(1,0)	MATCH
31	S131	1	4	Split131(4,1)	2	0	(0,1)	(1,0)	(1,0)	MATCH
31	S131	1	4	Split131(4,2)	2	0	(0,1)	(1,0)	(1,0)	MATCH
31	S131	1	4	Split131(4,3)	2	0	(0,1)	(1,0)	(1,0)	MATCH
31	S131	1	4	Split131(4,4)	2	0	(0,1)	(1,0)	(1,0)	MATCH
31	G	1	0	Gather	2	1	(0,1)	(0,1)	is_split=false	MATCH
31	S14	1	0	Split14(0)	2	1	(0,1)	(1,2)	(1,2)	MATCH
31	S14	1	0	Split14(1)	2	1	(0,1)	(0,1)	fallback!=2	MATCH
31	S14	1	0	Split14(2)	2	1	(0,1)	(0,1)	fallback!=2	MATCH
31	S14	1	0	Split14(3)	2	1	(0,1)	(0,1)	fallback!=2	MATCH
31	S14	1	0	Split14(4)	2	1	(0,1)	(0,1)	fallback!=2	MATCH
31	S131	1	0	Split131(0,0)	2	1	(0,1)	(1,0)	(1,0)	MATCH
31	S131	1	0	Split131(0,1)	2	1	(0,1)	(1,0)	(1,0)	MATCH
31	S131	1	0	Split131(0,2)	2	1	(0,1)	(1,0)	(1,0)	MATCH
31	S131	1	0	Split131(0,3)	2	1	(0,1)	(1,0)	(1,0)	MATCH
31	S131	1	0	Split131(0,4)	2	1	(0,1)	(1,0)	(1,0)	MATCH
31	S131	1	0	Split131(1,0)	2	1	(0,1)	(1,0)	(1,0)	MATCH
31	S131	1	0	Split131(1,1)	2	1	(0,1)	(0,1)	(0,1)	MATCH
31	S131	1	0	Split131(1,2)	2	1	(0,1)	(0,1)	(0,1)	MATCH
31	S131	1	0	Split131(1,3)	2	1	(0,1)	(0,1)	(0,1)	MATCH
31	S131	1	0	Split131(1,4)	2	1	(0,1)	(0,1)	(0,1)	MATCH
31	S131	1	0	Split131(2,0)	2	1	(0,1)	(1,2)	(1,2)	MATCH
31	S131	1	0	Split131(2,1)	2	1	(0,1)	(0,1)	(0,1)	MATCH
31	S131	1	0	Split131(2,2)	2	1	(0,1)	(0,1)	(0,1)	MATCH
31	S131	1	0	Split131(2,3)	2	1	(0,1)	(0,1)	(0,1)	MATCH
31	S131	1	0	Split131(2,4)	2	1	(0,1)	(0,1)	(0,1)	MATCH
31	S131	1	0	Split131(3,0)	2	1	(0,1)	(1,2)	(1,2)	MATCH
31	S131	1	0	Split131(3,1)	2	1	(0,1)	(0,1)	(0,1)	MATCH
31	S131	1	0	Split131(3,2)	2	1	(0,1)	(0,1)	(0,1)	MATCH
31	S131	1	0	Split131(3,3)	2	1	(0,1)	(0,1)	(0,1)	MATCH
31	S131	1	0	Split131(3,4)	2	1	(0,1)	(0,1)	(0,1)	MATCH
31	S131	1	0	Split131(4,0)	2	1	(0,1)	(1,2)	(1,2)	MATCH
31	S131	1	0	Split131(4,1)	2	1	(0,1)	(0,1)	(0,1)	MATCH
31	S131	1	0	Split131(4,2)	2	1	(0,1)	(0,1)	(0,1)	MATCH
31	S131	1	0	Split131(4,3)	2	1	(0,1)	(0,1)	(0,1)	MATCH
31	S131	1	0	Split131(4,4)	2	1	(0,1)	(0,1)	(0,1)	MATCH
31	G	1	1	Gather	2	1	(0,1)	(0,1)	is_split=false	MATCH
31	S14	1	1	Split14(0)	2	1	(0,1)	(0,1)	fallback!=2	MATCH
31	S14	1	1	Split14(1)	2	1	(0,1)	(1,2)	(1,2)	MATCH
31	S14	1	1	Split14(2)	2	1	(0,1)	(0,1)	fallback!=2	MATCH
31	S14	1	1	Split14(3)	2	1	(0,1)	(0,1)	fallback!=2	MATCH
31	S14	1	1	Split14(4)	2	1	(0,1)	(0,1)	fallback!=2	MATCH
31	S131	1	1	Split131(0,0)	2	1	(0,1)	(0,1)	(0,1)	MATCH
31	S131	1	1	Split131(0,1)	2	1	(0,1)	(1,2)	(1,2)	MATCH
31	S131	1	1	Split131(0,2)	2	1	(0,1)	(0,1)	(0,1)	MATCH
31	S131	1	1	Split131(0,3)	2	1	(0,1)	(0,1)	(0,1)	MATCH
31	S131	1	1	Split131(0,4)	2	1	(0,1)	(0,1)	(0,1)	MATCH
31	S131	1	1	Split131(1,0)	2	1	(0,1)	(1,0)	(1,0)	MATCH
31	S131	1	1	Split131(1,1)	2	1	(0,1)	(1,0)	(1,0)	MATCH
31	S131	1	1	Split131(1,2)	2	1	(0,1)	(1,0)	(1,0)	MATCH
31	S131	1	1	Split131(1,3)	2	1	(0,1)	(1,0)	(1,0)	MATCH
31	S131	1	1	Split131(1,4)	2	1	(0,1)	(1,0)	(1,0)	MATCH
31	S131	1	1	Split131(2,0)	2	1	(0,1)	(0,1)	(0,1)	MATCH
31	S131	1	1	Split131(2,1)	2	1	(0,1)	(1,2)	(1,2)	MATCH
31	S131	1	1	Split131(2,2)	2	1	(0,1)	(0,1)	(0,1)	MATCH
31	S131	1	1	Split131(2,3)	2	1	(0,1)	(0,1)	(0,1)	MATCH
31	S131	1	1	Split131(2,4)	2	1	(0,1)	(0,1)	(0,1)	MATCH
31	S131	1	1	Split131(3,0)	2	1	(0,1)	(0,1)	(0,1)	MATCH
31	S131	1	1	Split131(3,1)	2	1	(0,1)	(1,2)	(1,2)	MATCH
31	S131	1	1	Split131(3,2)	2	1	(0,1)	(0,1)	(0,1)	MATCH
31	S131	1	1	Split131(3,3)	2	1	(0,1)	(0,1)	(0,1)	MATCH
31	S131	1	1	Split131(3,4)	2	1	(0,1)	(0,1)	(0,1)	MATCH
31	S131	1	1	Split131(4,0)	2	1	(0,1)	(0,1)	(0,1)	MATCH
31	S131	1	1	Split131(4,1)	2	1	(0,1)	(1,2)	(1,2)	MATCH
31	S131	1	1	Split131(4,2)	2	1	(0,1)	(0,1)	(0,1)	MATCH
31	S131	1	1	Split131(4,3)	2	1	(0,1)	(0,1)	(0,1)	MATCH
31	S131	1	1	Split131(4,4)	2	1	(0,1)	(0,1)	(0,1)	MATCH
31	G	1	2	Gather	2	1	(0,1)	(0,1)	is_split=false	MATCH
31	S14	1	2	Split14(0)	2	1	(0,1)	(0,1)	fallback!=2	MATCH
31	S14	1	2	Split14(1)	2	1	(0,1)	(0,1)	fallback!=2	MATCH
31	S14	1	2	Split14(2)	2	1	(0,1)	(1,2)	(1,2)	MATCH
31	S14	1	2	Split14(3)	2	1	(0,1)	(0,1)	fallback!=2	MATCH
31	S14	1	2	Split14(4)	2	1	(0,1)	(0,1)	fallback!=2	MATCH
31	S131	1	2	Split131(0,0)	2	1	(0,1)	(0,1)	(0,1)	MATCH
31	S131	1	2	Split131(0,1)	2	1	(0,1)	(0,1)	(0,1)	MATCH
31	S131	1	2	Split131(0,2)	2	1	(0,1)	(1,2)	(1,2)	MATCH
31	S131	1	2	Split131(0,3)	2	1	(0,1)	(0,1)	(0,1)	MATCH
31	S131	1	2	Split131(0,4)	2	1	(0,1)	(0,1)	(0,1)	MATCH
31	S131	1	2	Split131(1,0)	2	1	(0,1)	(0,1)	(0,1)	MATCH
31	S131	1	2	Split131(1,1)	2	1	(0,1)	(0,1)	(0,1)	MATCH
31	S131	1	2	Split131(1,2)	2	1	(0,1)	(1,0)	(1,0)	MATCH
31	S131	1	2	Split131(1,3)	2	1	(0,1)	(0,1)	(0,1)	MATCH
31	S131	1	2	Split131(1,4)	2	1	(0,1)	(0,1)	(0,1)	MATCH
31	S131	1	2	Split131(2,0)	2	1	(0,1)	(1,0)	(1,0)	MATCH
31	S131	1	2	Split131(2,1)	2	1	(0,1)	(1,0)	(1,0)	MATCH
31	S131	1	2	Split131(2,2)	2	1	(0,1)	(1,0)	(1,0)	MATCH
31	S131	1	2	Split131(2,3)	2	1	(0,1)	(1,0)	(1,0)	MATCH
31	S131	1	2	Split131(2,4)	2	1	(0,1)	(1,0)	(1,0)	MATCH
31	S131	1	2	Split131(3,0)	2	1	(0,1)	(0,1)	(0,1)	MATCH
31	S131	1	2	Split131(3,1)	2	1	(0,1)	(0,1)	(0,1)	MATCH
31	S131	1	2	Split131(3,2)	2	1	(0,1)	(1,2)	(1,2)	MATCH
31	S131	1	2	Split131(3,3)	2	1	(0,1)	(0,1)	(0,1)	MATCH
31	S131	1	2	Split131(3,4)	2	1	(0,1)	(0,1)	(0,1)	MATCH
31	S131	1	2	Split131(4,0)	2	1	(0,1)	(0,1)	(0,1)	MATCH
31	S131	1	2	Split131(4,1)	2	1	(0,1)	(0,1)	(0,1)	MATCH
31	S131	1	2	Split131(4,2)	2	1	(0,1)	(1,2)	(1,2)	MATCH
31	S131	1	2	Split131(4,3)	2	1	(0,1)	(0,1)	(0,1)	MATCH
31	S131	1	2	Split131(4,4)	2	1	(0,1)	(0,1)	(0,1)	MATCH
31	G	1	3	Gather	2	1	(0,1)	(0,1)	is_split=false	MATCH
31	S14	1	3	Split14(0)	2	1	(0,1)	(0,1)	fallback!=2	MATCH
31	S14	1	3	Split14(1)	2	1	(0,1)	(0,1)	fallback!=2	MATCH
31	S14	1	3	Split14(2)	2	1	(0,1)	(0,1)	fallback!=2	MATCH
31	S14	1	3	Split14(3)	2	1	(0,1)	(1,2)	(1,2)	MATCH
31	S14	1	3	Split14(4)	2	1	(0,1)	(0,1)	fallback!=2	MATCH
31	S131	1	3	Split131(0,0)	2	1	(0,1)	(0,1)	(0,1)	MATCH
31	S131	1	3	Split131(0,1)	2	1	(0,1)	(0,1)	(0,1)	MATCH
31	S131	1	3	Split131(0,2)	2	1	(0,1)	(0,1)	(0,1)	MATCH
31	S131	1	3	Split131(0,3)	2	1	(0,1)	(1,2)	(1,2)	MATCH
31	S131	1	3	Split131(0,4)	2	1	(0,1)	(0,1)	(0,1)	MATCH
31	S131	1	3	Split131(1,0)	2	1	(0,1)	(0,1)	(0,1)	MATCH
31	S131	1	3	Split131(1,1)	2	1	(0,1)	(0,1)	(0,1)	MATCH
31	S131	1	3	Split131(1,2)	2	1	(0,1)	(0,1)	(0,1)	MATCH
31	S131	1	3	Split131(1,3)	2	1	(0,1)	(1,0)	(1,0)	MATCH
31	S131	1	3	Split131(1,4)	2	1	(0,1)	(0,1)	(0,1)	MATCH
31	S131	1	3	Split131(2,0)	2	1	(0,1)	(0,1)	(0,1)	MATCH
31	S131	1	3	Split131(2,1)	2	1	(0,1)	(0,1)	(0,1)	MATCH
31	S131	1	3	Split131(2,2)	2	1	(0,1)	(0,1)	(0,1)	MATCH
31	S131	1	3	Split131(2,3)	2	1	(0,1)	(1,2)	(1,2)	MATCH
31	S131	1	3	Split131(2,4)	2	1	(0,1)	(0,1)	(0,1)	MATCH
31	S131	1	3	Split131(3,0)	2	1	(0,1)	(1,0)	(1,0)	MATCH
31	S131	1	3	Split131(3,1)	2	1	(0,1)	(1,0)	(1,0)	MATCH
31	S131	1	3	Split131(3,2)	2	1	(0,1)	(1,0)	(1,0)	MATCH
31	S131	1	3	Split131(3,3)	2	1	(0,1)	(1,0)	(1,0)	MATCH
31	S131	1	3	Split131(3,4)	2	1	(0,1)	(1,0)	(1,0)	MATCH
31	S131	1	3	Split131(4,0)	2	1	(0,1)	(0,1)	(0,1)	MATCH
31	S131	1	3	Split131(4,1)	2	1	(0,1)	(0,1)	(0,1)	MATCH
31	S131	1	3	Split131(4,2)	2	1	(0,1)	(0,1)	(0,1)	MATCH
31	S131	1	3	Split131(4,3)	2	1	(0,1)	(1,2)	(1,2)	MATCH
31	S131	1	3	Split131(4,4)	2	1	(0,1)	(0,1)	(0,1)	MATCH
31	G	1	4	Gather	2	1	(0,1)	(0,1)	is_split=false	MATCH
31	S14	1	4	Split14(0)	2	1	(0,1)	(0,1)	fallback!=2	MATCH
31	S14	1	4	Split14(1)	2	1	(0,1)	(0,1)	fallback!=2	MATCH
31	S14	1	4	Split14(2)	2	1	(0,1)	(0,1)	fallback!=2	MATCH
31	S14	1	4	Split14(3)	2	1	(0,1)	(0,1)	fallback!=2	MATCH
31	S14	1	4	Split14(4)	2	1	(0,1)	(1,2)	(1,2)	MATCH
31	S131	1	4	Split131(0,0)	2	1	(0,1)	(0,1)	(0,1)	MATCH
31	S131	1	4	Split131(0,1)	2	1	(0,1)	(0,1)	(0,1)	MATCH
31	S131	1	4	Split131(0,2)	2	1	(0,1)	(0,1)	(0,1)	MATCH
31	S131	1	4	Split131(0,3)	2	1	(0,1)	(0,1)	(0,1)	MATCH
31	S131	1	4	Split131(0,4)	2	1	(0,1)	(1,2)	(1,2)	MATCH
31	S131	1	4	Split131(1,0)	2	1	(0,1)	(0,1)	(0,1)	MATCH
31	S131	1	4	Split131(1,1)	2	1	(0,1)	(0,1)	(0,1)	MATCH
31	S131	1	4	Split131(1,2)	2	1	(0,1)	(0,1)	(0,1)	MATCH
31	S131	1	4	Split131(1,3)	2	1	(0,1)	(0,1)	(0,1)	MATCH
31	S131	1	4	Split131(1,4)	2	1	(0,1)	(1,0)	(1,0)	MATCH
31	S131	1	4	Split131(2,0)	2	1	(0,1)	(0,1)	(0,1)	MATCH
31	S131	1	4	Split131(2,1)	2	1	(0,1)	(0,1)	(0,1)	MATCH
31	S131	1	4	Split131(2,2)	2	1	(0,1)	(0,1)	(0,1)	MATCH
31	S131	1	4	Split131(2,3)	2	1	(0,1)	(0,1)	(0,1)	MATCH
31	S131	1	4	Split131(2,4)	2	1	(0,1)	(1,2)	(1,2)	MATCH
31	S131	1	4	Split131(3,0)	2	1	(0,1)	(0,1)	(0,1)	MATCH
31	S131	1	4	Split131(3,1)	2	1	(0,1)	(0,1)	(0,1)	MATCH
31	S131	1	4	Split131(3,2)	2	1	(0,1)	(0,1)	(0,1)	MATCH
31	S131	1	4	Split131(3,3)	2	1	(0,1)	(0,1)	(0,1)	MATCH
31	S131	1	4	Split131(3,4)	2	1	(0,1)	(1,2)	(1,2)	MATCH
31	S131	1	4	Split131(4,0)	2	1	(0,1)	(1,0)	(1,0)	MATCH
31	S131	1	4	Split131(4,1)	2	1	(0,1)	(1,0)	(1,0)	MATCH
31	S131	1	4	Split131(4,2)	2	1	(0,1)	(1,0)	(1,0)	MATCH
31	S131	1	4	Split131(4,3)	2	1	(0,1)	(1,0)	(1,0)	MATCH
31	S131	1	4	Split131(4,4)	2	1	(0,1)	(1,0)	(1,0)	MATCH
31	G	1	0	Gather	2	2	(0,1)	(0,1)	is_split=false	MATCH
31	S14	1	0	Split14(0)	2	2	(0,1)	(1,2)	(1,2)	MATCH
31	S14	1	0	Split14(1)	2	2	(0,1)	(0,1)	fallback!=2	MATCH
31	S14	1	0	Split14(2)	2	2	(0,1)	(0,1)	fallback!=2	MATCH
31	S14	1	0	Split14(3)	2	2	(0,1)	(0,1)	fallback!=2	MATCH
31	S14	1	0	Split14(4)	2	2	(0,1)	(0,1)	fallback!=2	MATCH
31	S131	1	0	Split131(0,0)	2	2	(0,1)	(1,0)	(1,0)	MATCH
31	S131	1	0	Split131(0,1)	2	2	(0,1)	(1,0)	(1,0)	MATCH
31	S131	1	0	Split131(0,2)	2	2	(0,1)	(1,0)	(1,0)	MATCH
31	S131	1	0	Split131(0,3)	2	2	(0,1)	(1,0)	(1,0)	MATCH
31	S131	1	0	Split131(0,4)	2	2	(0,1)	(1,0)	(1,0)	MATCH
31	S131	1	0	Split131(1,0)	2	2	(0,1)	(1,2)	(1,2)	MATCH
31	S131	1	0	Split131(1,1)	2	2	(0,1)	(0,1)	(0,1)	MATCH
31	S131	1	0	Split131(1,2)	2	2	(0,1)	(0,1)	(0,1)	MATCH
31	S131	1	0	Split131(1,3)	2	2	(0,1)	(0,1)	(0,1)	MATCH
31	S131	1	0	Split131(1,4)	2	2	(0,1)	(0,1)	(0,1)	MATCH
31	S131	1	0	Split131(2,0)	2	2	(0,1)	(1,0)	(1,0)	MATCH
31	S131	1	0	Split131(2,1)	2	2	(0,1)	(0,1)	(0,1)	MATCH
31	S131	1	0	Split131(2,2)	2	2	(0,1)	(0,1)	(0,1)	MATCH
31	S131	1	0	Split131(2,3)	2	2	(0,1)	(0,1)	(0,1)	MATCH
31	S131	1	0	Split131(2,4)	2	2	(0,1)	(0,1)	(0,1)	MATCH
31	S131	1	0	Split131(3,0)	2	2	(0,1)	(1,2)	(1,2)	MATCH
31	S131	1	0	Split131(3,1)	2	2	(0,1)	(0,1)	(0,1)	MATCH
31	S131	1	0	Split131(3,2)	2	2	(0,1)	(0,1)	(0,1)	MATCH
31	S131	1	0	Split131(3,3)	2	2	(0,1)	(0,1)	(0,1)	MATCH
31	S131	1	0	Split131(3,4)	2	2	(0,1)	(0,1)	(0,1)	MATCH
31	S131	1	0	Split131(4,0)	2	2	(0,1)	(1,2)	(1,2)	MATCH
31	S131	1	0	Split131(4,1)	2	2	(0,1)	(0,1)	(0,1)	MATCH
31	S131	1	0	Split131(4,2)	2	2	(0,1)	(0,1)	(0,1)	MATCH
31	S131	1	0	Split131(4,3)	2	2	(0,1)	(0,1)	(0,1)	MATCH
31	S131	1	0	Split131(4,4)	2	2	(0,1)	(0,1)	(0,1)	MATCH
31	G	1	1	Gather	2	2	(0,1)	(0,1)	is_split=false	MATCH
31	S14	1	1	Split14(0)	2	2	(0,1)	(0,1)	fallback!=2	MATCH
31	S14	1	1	Split14(1)	2	2	(0,1)	(1,2)	(1,2)	MATCH
31	S14	1	1	Split14(2)	2	2	(0,1)	(0,1)	fallback!=2	MATCH
31	S14	1	1	Split14(3)	2	2	(0,1)	(0,1)	fallback!=2	MATCH
31	S14	1	1	Split14(4)	2	2	(0,1)	(0,1)	fallback!=2	MATCH
31	S131	1	1	Split131(0,0)	2	2	(0,1)	(0,1)	(0,1)	MATCH
31	S131	1	1	Split131(0,1)	2	2	(0,1)	(1,2)	(1,2)	MATCH
31	S131	1	1	Split131(0,2)	2	2	(0,1)	(0,1)	(0,1)	MATCH
31	S131	1	1	Split131(0,3)	2	2	(0,1)	(0,1)	(0,1)	MATCH
31	S131	1	1	Split131(0,4)	2	2	(0,1)	(0,1)	(0,1)	MATCH
31	S131	1	1	Split131(1,0)	2	2	(0,1)	(1,0)	(1,0)	MATCH
31	S131	1	1	Split131(1,1)	2	2	(0,1)	(1,0)	(1,0)	MATCH
31	S131	1	1	Split131(1,2)	2	2	(0,1)	(1,0)	(1,0)	MATCH
31	S131	1	1	Split131(1,3)	2	2	(0,1)	(1,0)	(1,0)	MATCH
31	S131	1	1	Split131(1,4)	2	2	(0,1)	(1,0)	(1,0)	MATCH
31	S131	1	1	Split131(2,0)	2	2	(0,1)	(0,1)	(0,1)	MATCH
31	S131	1	1	Split131(2,1)	2	2	(0,1)	(1,0)	(1,0)	MATCH
31	S131	1	1	Split131(2,2)	2	2	(0,1)	(0,1)	(0,1)	MATCH
31	S131	1	1	Split131(2,3)	2	2	(0,1)	(0,1)	(0,1)	MATCH
31	S131	1	1	Split131(2,4)	2	2	(0,1)	(0,1)	(0,1)	MATCH
31	S131	1	1	Split131(3,0)	2	2	(0,1)	(0,1)	(0,1)	MATCH
31	S131	1	1	Split131(3,1)	2	2	(0,1)	(1,2)	(1,2)	MATCH
31	S131	1	1	Split131(3,2)	2	2	(0,1)	(0,1)	(0,1)	MATCH
31	S131	1	1	Split131(3,3)	2	2	(0,1)	(0,1)	(0,1)	MATCH
31	S131	1	1	Split131(3,4)	2	2	(0,1)	(0,1)	(0,1)	MATCH
31	S131	1	1	Split131(4,0)	2	2	(0,1)	(0,1)	(0,1)	MATCH
31	S131	1	1	Split131(4,1)	2	2	(0,1)	(1,2)	(1,2)	MATCH
31	S131	1	1	Split131(4,2)	2	2	(0,1)	(0,1)	(0,1)	MATCH
31	S131	1	1	Split131(4,3)	2	2	(0,1)	(0,1)	(0,1)	MATCH
31	S131	1	1	Split131(4,4)	2	2	(0,1)	(0,1)	(0,1)	MATCH
31	G	1	2	Gather	2	2	(0,1)	(0,1)	is_split=false	MATCH
31	S14	1	2	Split14(0)	2	2	(0,1)	(0,1)	fallback!=2	MATCH
31	S14	1	2	Split14(1)	2	2	(0,1)	(0,1)	fallback!=2	MATCH
31	S14	1	2	Split14(2)	2	2	(0,1)	(1,2)	(1,2)	MATCH
31	S14	1	2	Split14(3)	2	2	(0,1)	(0,1)	fallback!=2	MATCH
31	S14	1	2	Split14(4)	2	2	(0,1)	(0,1)	fallback!=2	MATCH
31	S131	1	2	Split131(0,0)	2	2	(0,1)	(0,1)	(0,1)	MATCH
31	S131	1	2	Split131(0,1)	2	2	(0,1)	(0,1)	(0,1)	MATCH
31	S131	1	2	Split131(0,2)	2	2	(0,1)	(1,2)	(1,2)	MATCH
31	S131	1	2	Split131(0,3)	2	2	(0,1)	(0,1)	(0,1)	MATCH
31	S131	1	2	Split131(0,4)	2	2	(0,1)	(0,1)	(0,1)	MATCH
31	S131	1	2	Split131(1,0)	2	2	(0,1)	(0,1)	(0,1)	MATCH
31	S131	1	2	Split131(1,1)	2	2	(0,1)	(0,1)	(0,1)	MATCH
31	S131	1	2	Split131(1,2)	2	2	(0,1)	(1,2)	(1,2)	MATCH
31	S131	1	2	Split131(1,3)	2	2	(0,1)	(0,1)	(0,1)	MATCH
31	S131	1	2	Split131(1,4)	2	2	(0,1)	(0,1)	(0,1)	MATCH
31	S131	1	2	Split131(2,0)	2	2	(0,1)	(1,0)	(1,0)	MATCH
31	S131	1	2	Split131(2,1)	2	2	(0,1)	(1,0)	(1,0)	MATCH
31	S131	1	2	Split131(2,2)	2	2	(0,1)	(1,0)	(1,0)	MATCH
31	S131	1	2	Split131(2,3)	2	2	(0,1)	(1,0)	(1,0)	MATCH
31	S131	1	2	Split131(2,4)	2	2	(0,1)	(1,0)	(1,0)	MATCH
31	S131	1	2	Split131(3,0)	2	2	(0,1)	(0,1)	(0,1)	MATCH
31	S131	1	2	Split131(3,1)	2	2	(0,1)	(0,1)	(0,1)	MATCH
31	S131	1	2	Split131(3,2)	2	2	(0,1)	(1,2)	(1,2)	MATCH
31	S131	1	2	Split131(3,3)	2	2	(0,1)	(0,1)	(0,1)	MATCH
31	S131	1	2	Split131(3,4)	2	2	(0,1)	(0,1)	(0,1)	MATCH
31	S131	1	2	Split131(4,0)	2	2	(0,1)	(0,1)	(0,1)	MATCH
31	S131	1	2	Split131(4,1)	2	2	(0,1)	(0,1)	(0,1)	MATCH
31	S131	1	2	Split131(4,2)	2	2	(0,1)	(1,2)	(1,2)	MATCH
31	S131	1	2	Split131(4,3)	2	2	(0,1)	(0,1)	(0,1)	MATCH
31	S131	1	2	Split131(4,4)	2	2	(0,1)	(0,1)	(0,1)	MATCH
31	G	1	3	Gather	2	2	(0,1)	(0,1)	is_split=false	MATCH
31	S14	1	3	Split14(0)	2	2	(0,1)	(0,1)	fallback!=2	MATCH
31	S14	1	3	Split14(1)	2	2	(0,1)	(0,1)	fallback!=2	MATCH
31	S14	1	3	Split14(2)	2	2	(0,1)	(0,1)	fallback!=2	MATCH
31	S14	1	3	Split14(3)	2	2	(0,1)	(1,2)	(1,2)	MATCH
31	S14	1	3	Split14(4)	2	2	(0,1)	(0,1)	fallback!=2	MATCH
31	S131	1	3	Split131(0,0)	2	2	(0,1)	(0,1)	(0,1)	MATCH
31	S131	1	3	Split131(0,1)	2	2	(0,1)	(0,1)	(0,1)	MATCH
31	S131	1	3	Split131(0,2)	2	2	(0,1)	(0,1)	(0,1)	MATCH
31	S131	1	3	Split131(0,3)	2	2	(0,1)	(1,2)	(1,2)	MATCH
31	S131	1	3	Split131(0,4)	2	2	(0,1)	(0,1)	(0,1)	MATCH
31	S131	1	3	Split131(1,0)	2	2	(0,1)	(0,1)	(0,1)	MATCH
31	S131	1	3	Split131(1,1)	2	2	(0,1)	(0,1)	(0,1)	MATCH
31	S131	1	3	Split131(1,2)	2	2	(0,1)	(0,1)	(0,1)	MATCH
31	S131	1	3	Split131(1,3)	2	2	(0,1)	(1,2)	(1,2)	MATCH
31	S131	1	3	Split131(1,4)	2	2	(0,1)	(0,1)	(0,1)	MATCH
31	S131	1	3	Split131(2,0)	2	2	(0,1)	(0,1)	(0,1)	MATCH
31	S131	1	3	Split131(2,1)	2	2	(0,1)	(0,1)	(0,1)	MATCH
31	S131	1	3	Split131(2,2)	2	2	(0,1)	(0,1)	(0,1)	MATCH
31	S131	1	3	Split131(2,3)	2	2	(0,1)	(1,0)	(1,0)	MATCH
31	S131	1	3	Split131(2,4)	2	2	(0,1)	(0,1)	(0,1)	MATCH
31	S131	1	3	Split131(3,0)	2	2	(0,1)	(1,0)	(1,0)	MATCH
31	S131	1	3	Split131(3,1)	2	2	(0,1)	(1,0)	(1,0)	MATCH
31	S131	1	3	Split131(3,2)	2	2	(0,1)	(1,0)	(1,0)	MATCH
31	S131	1	3	Split131(3,3)	2	2	(0,1)	(1,0)	(1,0)	MATCH
31	S131	1	3	Split131(3,4)	2	2	(0,1)	(1,0)	(1,0)	MATCH
31	S131	1	3	Split131(4,0)	2	2	(0,1)	(0,1)	(0,1)	MATCH
31	S131	1	3	Split131(4,1)	2	2	(0,1)	(0,1)	(0,1)	MATCH
31	S131	1	3	Split131(4,2)	2	2	(0,1)	(0,1)	(0,1)	MATCH
31	S131	1	3	Split131(4,3)	2	2	(0,1)	(1,2)	(1,2)	MATCH
31	S131	1	3	Split131(4,4)	2	2	(0,1)	(0,1)	(0,1)	MATCH
31	G	1	4	Gather	2	2	(0,1)	(0,1)	is_split=false	MATCH
31	S14	1	4	Split14(0)	2	2	(0,1)	(0,1)	fallback!=2	MATCH
31	S14	1	4	Split14(1)	2	2	(0,1)	(0,1)	fallback!=2	MATCH
31	S14	1	4	Split14(2)	2	2	(0,1)	(0,1)	fallback!=2	MATCH
31	S14	1	4	Split14(3)	2	2	(0,1)	(0,1)	fallback!=2	MATCH
31	S14	1	4	Split14(4)	2	2	(0,1)	(1,2)	(1,2)	MATCH
31	S131	1	4	Split131(0,0)	2	2	(0,1)	(0,1)	(0,1)	MATCH
31	S131	1	4	Split131(0,1)	2	2	(0,1)	(0,1)	(0,1)	MATCH
31	S131	1	4	Split131(0,2)	2	2	(0,1)	(0,1)	(0,1)	MATCH
31	S131	1	4	Split131(0,3)	2	2	(0,1)	(0,1)	(0,1)	MATCH
31	S131	1	4	Split131(0,4)	2	2	(0,1)	(1,2)	(1,2)	MATCH
31	S131	1	4	Split131(1,0)	2	2	(0,1)	(0,1)	(0,1)	MATCH
31	S131	1	4	Split131(1,1)	2	2	(0,1)	(0,1)	(0,1)	MATCH
31	S131	1	4	Split131(1,2)	2	2	(0,1)	(0,1)	(0,1)	MATCH
31	S131	1	4	Split131(1,3)	2	2	(0,1)	(0,1)	(0,1)	MATCH
31	S131	1	4	Split131(1,4)	2	2	(0,1)	(1,2)	(1,2)	MATCH
31	S131	1	4	Split131(2,0)	2	2	(0,1)	(0,1)	(0,1)	MATCH
31	S131	1	4	Split131(2,1)	2	2	(0,1)	(0,1)	(0,1)	MATCH
31	S131	1	4	Split131(2,2)	2	2	(0,1)	(0,1)	(0,1)	MATCH
31	S131	1	4	Split131(2,3)	2	2	(0,1)	(0,1)	(0,1)	MATCH
31	S131	1	4	Split131(2,4)	2	2	(0,1)	(1,0)	(1,0)	MATCH
31	S131	1	4	Split131(3,0)	2	2	(0,1)	(0,1)	(0,1)	MATCH
31	S131	1	4	Split131(3,1)	2	2	(0,1)	(0,1)	(0,1)	MATCH
31	S131	1	4	Split131(3,2)	2	2	(0,1)	(0,1)	(0,1)	MATCH
31	S131	1	4	Split131(3,3)	2	2	(0,1)	(0,1)	(0,1)	MATCH
31	S131	1	4	Split131(3,4)	2	2	(0,1)	(1,2)	(1,2)	MATCH
31	S131	1	4	Split131(4,0)	2	2	(0,1)	(1,0)	(1,0)	MATCH
31	S131	1	4	Split131(4,1)	2	2	(0,1)	(1,0)	(1,0)	MATCH
31	S131	1	4	Split131(4,2)	2	2	(0,1)	(1,0)	(1,0)	MATCH
31	S131	1	4	Split131(4,3)	2	2	(0,1)	(1,0)	(1,0)	MATCH
31	S131	1	4	Split131(4,4)	2	2	(0,1)	(1,0)	(1,0)	MATCH
31	G	1	0	Gather	2	3	(0,1)	(0,1)	is_split=false	MATCH
31	S14	1	0	Split14(0)	2	3	(0,1)	(1,2)	(1,2)	MATCH
31	S14	1	0	Split14(1)	2	3	(0,1)	(0,1)	fallback!=2	MATCH
31	S14	1	0	Split14(2)	2	3	(0,1)	(0,1)	fallback!=2	MATCH
31	S14	1	0	Split14(3)	2	3	(0,1)	(0,1)	fallback!=2	MATCH
31	S14	1	0	Split14(4)	2	3	(0,1)	(0,1)	fallback!=2	MATCH
31	S131	1	0	Split131(0,0)	2	3	(0,1)	(1,0)	(1,0)	MATCH
31	S131	1	0	Split131(0,1)	2	3	(0,1)	(1,0)	(1,0)	MATCH
31	S131	1	0	Split131(0,2)	2	3	(0,1)	(1,0)	(1,0)	MATCH
31	S131	1	0	Split131(0,3)	2	3	(0,1)	(1,0)	(1,0)	MATCH
31	S131	1	0	Split131(0,4)	2	3	(0,1)	(1,0)	(1,0)	MATCH
31	S131	1	0	Split131(1,0)	2	3	(0,1)	(1,2)	(1,2)	MATCH
31	S131	1	0	Split131(1,1)	2	3	(0,1)	(0,1)	(0,1)	MATCH
31	S131	1	0	Split131(1,2)	2	3	(0,1)	(0,1)	(0,1)	MATCH
31	S131	1	0	Split131(1,3)	2	3	(0,1)	(0,1)	(0,1)	MATCH
31	S131	1	0	Split131(1,4)	2	3	(0,1)	(0,1)	(0,1)	MATCH
31	S131	1	0	Split131(2,0)	2	3	(0,1)	(1,2)	(1,2)	MATCH
31	S131	1	0	Split131(2,1)	2	3	(0,1)	(0,1)	(0,1)	MATCH
31	S131	1	0	Split131(2,2)	2	3	(0,1)	(0,1)	(0,1)	MATCH
31	S131	1	0	Split131(2,3)	2	3	(0,1)	(0,1)	(0,1)	MATCH
31	S131	1	0	Split131(2,4)	2	3	(0,1)	(0,1)	(0,1)	MATCH
31	S131	1	0	Split131(3,0)	2	3	(0,1)	(1,0)	(1,0)	MATCH
31	S131	1	0	Split131(3,1)	2	3	(0,1)	(0,1)	(0,1)	MATCH
31	S131	1	0	Split131(3,2)	2	3	(0,1)	(0,1)	(0,1)	MATCH
31	S131	1	0	Split131(3,3)	2	3	(0,1)	(0,1)	(0,1)	MATCH
31	S131	1	0	Split131(3,4)	2	3	(0,1)	(0,1)	(0,1)	MATCH
31	S131	1	0	Split131(4,0)	2	3	(0,1)	(1,2)	(1,2)	MATCH
31	S131	1	0	Split131(4,1)	2	3	(0,1)	(0,1)	(0,1)	MATCH
31	S131	1	0	Split131(4,2)	2	3	(0,1)	(0,1)	(0,1)	MATCH
31	S131	1	0	Split131(4,3)	2	3	(0,1)	(0,1)	(0,1)	MATCH
31	S131	1	0	Split131(4,4)	2	3	(0,1)	(0,1)	(0,1)	MATCH
31	G	1	1	Gather	2	3	(0,1)	(0,1)	is_split=false	MATCH
31	S14	1	1	Split14(0)	2	3	(0,1)	(0,1)	fallback!=2	MATCH
31	S14	1	1	Split14(1)	2	3	(0,1)	(1,2)	(1,2)	MATCH
31	S14	1	1	Split14(2)	2	3	(0,1)	(0,1)	fallback!=2	MATCH
31	S14	1	1	Split14(3)	2	3	(0,1)	(0,1)	fallback!=2	MATCH
31	S14	1	1	Split14(4)	2	3	(0,1)	(0,1)	fallback!=2	MATCH
31	S131	1	1	Split131(0,0)	2	3	(0,1)	(0,1)	(0,1)	MATCH
31	S131	1	1	Split131(0,1)	2	3	(0,1)	(1,2)	(1,2)	MATCH
31	S131	1	1	Split131(0,2)	2	3	(0,1)	(0,1)	(0,1)	MATCH
31	S131	1	1	Split131(0,3)	2	3	(0,1)	(0,1)	(0,1)	MATCH
31	S131	1	1	Split131(0,4)	2	3	(0,1)	(0,1)	(0,1)	MATCH
31	S131	1	1	Split131(1,0)	2	3	(0,1)	(1,0)	(1,0)	MATCH
31	S131	1	1	Split131(1,1)	2	3	(0,1)	(1,0)	(1,0)	MATCH
31	S131	1	1	Split131(1,2)	2	3	(0,1)	(1,0)	(1,0)	MATCH
31	S131	1	1	Split131(1,3)	2	3	(0,1)	(1,0)	(1,0)	MATCH
31	S131	1	1	Split131(1,4)	2	3	(0,1)	(1,0)	(1,0)	MATCH
31	S131	1	1	Split131(2,0)	2	3	(0,1)	(0,1)	(0,1)	MATCH
31	S131	1	1	Split131(2,1)	2	3	(0,1)	(1,2)	(1,2)	MATCH
31	S131	1	1	Split131(2,2)	2	3	(0,1)	(0,1)	(0,1)	MATCH
31	S131	1	1	Split131(2,3)	2	3	(0,1)	(0,1)	(0,1)	MATCH
31	S131	1	1	Split131(2,4)	2	3	(0,1)	(0,1)	(0,1)	MATCH
31	S131	1	1	Split131(3,0)	2	3	(0,1)	(0,1)	(0,1)	MATCH
31	S131	1	1	Split131(3,1)	2	3	(0,1)	(1,0)	(1,0)	MATCH
31	S131	1	1	Split131(3,2)	2	3	(0,1)	(0,1)	(0,1)	MATCH
31	S131	1	1	Split131(3,3)	2	3	(0,1)	(0,1)	(0,1)	MATCH
31	S131	1	1	Split131(3,4)	2	3	(0,1)	(0,1)	(0,1)	MATCH
31	S131	1	1	Split131(4,0)	2	3	(0,1)	(0,1)	(0,1)	MATCH
31	S131	1	1	Split131(4,1)	2	3	(0,1)	(1,2)	(1,2)	MATCH
31	S131	1	1	Split131(4,2)	2	3	(0,1)	(0,1)	(0,1)	MATCH
31	S131	1	1	Split131(4,3)	2	3	(0,1)	(0,1)	(0,1)	MATCH
31	S131	1	1	Split131(4,4)	2	3	(0,1)	(0,1)	(0,1)	MATCH
31	G	1	2	Gather	2	3	(0,1)	(0,1)	is_split=false	MATCH
31	S14	1	2	Split14(0)	2	3	(0,1)	(0,1)	fallback!=2	MATCH
31	S14	1	2	Split14(1)	2	3	(0,1)	(0,1)	fallback!=2	MATCH
31	S14	1	2	Split14(2)	2	3	(0,1)	(1,2)	(1,2)	MATCH
31	S14	1	2	Split14(3)	2	3	(0,1)	(0,1)	fallback!=2	MATCH
31	S14	1	2	Split14(4)	2	3	(0,1)	(0,1)	fallback!=2	MATCH
31	S131	1	2	Split131(0,0)	2	3	(0,1)	(0,1)	(0,1)	MATCH
31	S131	1	2	Split131(0,1)	2	3	(0,1)	(0,1)	(0,1)	MATCH
31	S131	1	2	Split131(0,2)	2	3	(0,1)	(1,2)	(1,2)	MATCH
31	S131	1	2	Split131(0,3)	2	3	(0,1)	(0,1)	(0,1)	MATCH
31	S131	1	2	Split131(0,4)	2	3	(0,1)	(0,1)	(0,1)	MATCH
31	S131	1	2	Split131(1,0)	2	3	(0,1)	(0,1)	(0,1)	MATCH
31	S131	1	2	Split131(1,1)	2	3	(0,1)	(0,1)	(0,1)	MATCH
31	S131	1	2	Split131(1,2)	2	3	(0,1)	(1,2)	(1,2)	MATCH
31	S131	1	2	Split131(1,3)	2	3	(0,1)	(0,1)	(0,1)	MATCH
31	S131	1	2	Split131(1,4)	2	3	(0,1)	(0,1)	(0,1)	MATCH
31	S131	1	2	Split131(2,0)	2	3	(0,1)	(1,0)	(1,0)	MATCH
31	S131	1	2	Split131(2,1)	2	3	(0,1)	(1,0)	(1,0)	MATCH
31	S131	1	2	Split131(2,2)	2	3	(0,1)	(1,0)	(1,0)	MATCH
31	S131	1	2	Split131(2,3)	2	3	(0,1)	(1,0)	(1,0)	MATCH
31	S131	1	2	Split131(2,4)	2	3	(0,1)	(1,0)	(1,0)	MATCH
31	S131	1	2	Split131(3,0)	2	3	(0,1)	(0,1)	(0,1)	MATCH
31	S131	1	2	Split131(3,1)	2	3	(0,1)	(0,1)	(0,1)	MATCH
31	S131	1	2	Split131(3,2)	2	3	(0,1)	(1,0)	(1,0)	MATCH
31	S131	1	2	Split131(3,3)	2	3	(0,1)	(0,1)	(0,1)	MATCH
31	S131	1	2	Split131(3,4)	2	3	(0,1)	(0,1)	(0,1)	MATCH
31	S131	1	2	Split131(4,0)	2	3	(0,1)	(0,1)	(0,1)	MATCH
31	S131	1	2	Split131(4,1)	2	3	(0,1)	(0,1)	(0,1)	MATCH
31	S131	1	2	Split131(4,2)	2	3	(0,1)	(1,2)	(1,2)	MATCH
31	S131	1	2	Split131(4,3)	2	3	(0,1)	(0,1)	(0,1)	MATCH
31	S131	1	2	Split131(4,4)	2	3	(0,1)	(0,1)	(0,1)	MATCH
31	G	1	3	Gather	2	3	(0,1)	(0,1)	is_split=false	MATCH
31	S14	1	3	Split14(0)	2	3	(0,1)	(0,1)	fallback!=2	MATCH
31	S14	1	3	Split14(1)	2	3	(0,1)	(0,1)	fallback!=2	MATCH
31	S14	1	3	Split14(2)	2	3	(0,1)	(0,1)	fallback!=2	MATCH
31	S14	1	3	Split14(3)	2	3	(0,1)	(1,2)	(1,2)	MATCH
31	S14	1	3	Split14(4)	2	3	(0,1)	(0,1)	fallback!=2	MATCH
31	S131	1	3	Split131(0,0)	2	3	(0,1)	(0,1)	(0,1)	MATCH
31	S131	1	3	Split131(0,1)	2	3	(0,1)	(0,1)	(0,1)	MATCH
31	S131	1	3	Split131(0,2)	2	3	(0,1)	(0,1)	(0,1)	MATCH
31	S131	1	3	Split131(0,3)	2	3	(0,1)	(1,2)	(1,2)	MATCH
31	S131	1	3	Split131(0,4)	2	3	(0,1)	(0,1)	(0,1)	MATCH
31	S131	1	3	Split131(1,0)	2	3	(0,1)	(0,1)	(0,1)	MATCH
31	S131	1	3	Split131(1,1)	2	3	(0,1)	(0,1)	(0,1)	MATCH
31	S131	1	3	Split131(1,2)	2	3	(0,1)	(0,1)	(0,1)	MATCH
31	S131	1	3	Split131(1,3)	2	3	(0,1)	(1,2)	(1,2)	MATCH
31	S131	1	3	Split131(1,4)	2	3	(0,1)	(0,1)	(0,1)	MATCH
31	S131	1	3	Split131(2,0)	2	3	(0,1)	(0,1)	(0,1)	MATCH
31	S131	1	3	Split131(2,1)	2	3	(0,1)	(0,1)	(0,1)	MATCH
31	S131	1	3	Split131(2,2)	2	3	(0,1)	(0,1)	(0,1)	MATCH
31	S131	1	3	Split131(2,3)	2	3	(0,1)	(1,2)	(1,2)	MATCH
31	S131	1	3	Split131(2,4)	2	3	(0,1)	(0,1)	(0,1)	MATCH
31	S131	1	3	Split131(3,0)	2	3	(0,1)	(1,0)	(1,0)	MATCH
31	S131	1	3	Split131(3,1)	2	3	(0,1)	(1,0)	(1,0)	MATCH
31	S131	1	3	Split131(3,2)	2	3	(0,1)	(1,0)	(1,0)	MATCH
31	S131	1	3	Split131(3,3)	2	3	(0,1)	(1,0)	(1,0)	MATCH
31	S131	1	3	Split131(3,4)	2	3	(0,1)	(1,0)	(1,0)	MATCH
31	S131	1	3	Split131(4,0)	2	3	(0,1)	(0,1)	(0,1)	MATCH
31	S131	1	3	Split131(4,1)	2	3	(0,1)	(0,1)	(0,1)	MATCH
31	S131	1	3	Split131(4,2)	2	3	(0,1)	(0,1)	(0,1)	MATCH
31	S131	1	3	Split131(4,3)	2	3	(0,1)	(1,2)	(1,2)	MATCH
31	S131	1	3	Split131(4,4)	2	3	(0,1)	(0,1)	(0,1)	MATCH
31	G	1	4	Gather	2	3	(0,1)	(0,1)	is_split=false	MATCH
31	S14	1	4	Split14(0)	2	3	(0,1)	(0,1)	fallback!=2	MATCH
31	S14	1	4	Split14(1)	2	3	(0,1)	(0,1)	fallback!=2	MATCH
31	S14	1	4	Split14(2)	2	3	(0,1)	(0,1)	fallback!=2	MATCH
31	S14	1	4	Split14(3)	2	3	(0,1)	(0,1)	fallback!=2	MATCH
31	S14	1	4	Split14(4)	2	3	(0,1)	(1,2)	(1,2)	MATCH
31	S131	1	4	Split131(0,0)	2	3	(0,1)	(0,1)	(0,1)	MATCH
31	S131	1	4	Split131(0,1)	2	3	(0,1)	(0,1)	(0,1)	MATCH
31	S131	1	4	Split131(0,2)	2	3	(0,1)	(0,1)	(0,1)	MATCH
31	S131	1	4	Split131(0,3)	2	3	(0,1)	(0,1)	(0,1)	MATCH
31	S131	1	4	Split131(0,4)	2	3	(0,1)	(1,2)	(1,2)	MATCH
31	S131	1	4	Split131(1,0)	2	3	(0,1)	(0,1)	(0,1)	MATCH
31	S131	1	4	Split131(1,1)	2	3	(0,1)	(0,1)	(0,1)	MATCH
31	S131	1	4	Split131(1,2)	2	3	(0,1)	(0,1)	(0,1)	MATCH
31	S131	1	4	Split131(1,3)	2	3	(0,1)	(0,1)	(0,1)	MATCH
31	S131	1	4	Split131(1,4)	2	3	(0,1)	(1,2)	(1,2)	MATCH
31	S131	1	4	Split131(2,0)	2	3	(0,1)	(0,1)	(0,1)	MATCH
31	S131	1	4	Split131(2,1)	2	3	(0,1)	(0,1)	(0,1)	MATCH
31	S131	1	4	Split131(2,2)	2	3	(0,1)	(0,1)	(0,1)	MATCH
31	S131	1	4	Split131(2,3)	2	3	(0,1)	(0,1)	(0,1)	MATCH
31	S131	1	4	Split131(2,4)	2	3	(0,1)	(1,2)	(1,2)	MATCH
31	S131	1	4	Split131(3,0)	2	3	(0,1)	(0,1)	(0,1)	MATCH
31	S131	1	4	Split131(3,1)	2	3	(0,1)	(0,1)	(0,1)	MATCH
31	S131	1	4	Split131(3,2)	2	3	(0,1)	(0,1)	(0,1)	MATCH
31	S131	1	4	Split131(3,3)	2	3	(0,1)	(0,1)	(0,1)	MATCH
31	S131	1	4	Split131(3,4)	2	3	(0,1)	(1,0)	(1,0)	MATCH
31	S131	1	4	Split131(4,0)	2	3	(0,1)	(1,0)	(1,0)	MATCH
31	S131	1	4	Split131(4,1)	2	3	(0,1)	(1,0)	(1,0)	MATCH
31	S131	1	4	Split131(4,2)	2	3	(0,1)	(1,0)	(1,0)	MATCH
31	S131	1	4	Split131(4,3)	2	3	(0,1)	(1,0)	(1,0)	MATCH
31	S131	1	4	Split131(4,4)	2	3	(0,1)	(1,0)	(1,0)	MATCH
31	G	1	0	Gather	2	4	(0,1)	(0,1)	is_split=false	MATCH
31	S14	1	0	Split14(0)	2	4	(0,1)	(1,2)	(1,2)	MATCH
31	S14	1	0	Split14(1)	2	4	(0,1)	(0,1)	fallback!=2	MATCH
31	S14	1	0	Split14(2)	2	4	(0,1)	(0,1)	fallback!=2	MATCH
31	S14	1	0	Split14(3)	2	4	(0,1)	(0,1)	fallback!=2	MATCH
31	S14	1	0	Split14(4)	2	4	(0,1)	(0,1)	fallback!=2	MATCH
31	S131	1	0	Split131(0,0)	2	4	(0,1)	(1,0)	(1,0)	MATCH
31	S131	1	0	Split131(0,1)	2	4	(0,1)	(1,0)	(1,0)	MATCH
31	S131	1	0	Split131(0,2)	2	4	(0,1)	(1,0)	(1,0)	MATCH
31	S131	1	0	Split131(0,3)	2	4	(0,1)	(1,0)	(1,0)	MATCH
31	S131	1	0	Split131(0,4)	2	4	(0,1)	(1,0)	(1,0)	MATCH
31	S131	1	0	Split131(1,0)	2	4	(0,1)	(1,2)	(1,2)	MATCH
31	S131	1	0	Split131(1,1)	2	4	(0,1)	(0,1)	(0,1)	MATCH
31	S131	1	0	Split131(1,2)	2	4	(0,1)	(0,1)	(0,1)	MATCH
31	S131	1	0	Split131(1,3)	2	4	(0,1)	(0,1)	(0,1)	MATCH
31	S131	1	0	Split131(1,4)	2	4	(0,1)	(0,1)	(0,1)	MATCH
31	S131	1	0	Split131(2,0)	2	4	(0,1)	(1,2)	(1,2)	MATCH
31	S131	1	0	Split131(2,1)	2	4	(0,1)	(0,1)	(0,1)	MATCH
31	S131	1	0	Split131(2,2)	2	4	(0,1)	(0,1)	(0,1)	MATCH
31	S131	1	0	Split131(2,3)	2	4	(0,1)	(0,1)	(0,1)	MATCH
31	S131	1	0	Split131(2,4)	2	4	(0,1)	(0,1)	(0,1)	MATCH
31	S131	1	0	Split131(3,0)	2	4	(0,1)	(1,2)	(1,2)	MATCH
31	S131	1	0	Split131(3,1)	2	4	(0,1)	(0,1)	(0,1)	MATCH
31	S131	1	0	Split131(3,2)	2	4	(0,1)	(0,1)	(0,1)	MATCH
31	S131	1	0	Split131(3,3)	2	4	(0,1)	(0,1)	(0,1)	MATCH
31	S131	1	0	Split131(3,4)	2	4	(0,1)	(0,1)	(0,1)	MATCH
31	S131	1	0	Split131(4,0)	2	4	(0,1)	(1,0)	(1,0)	MATCH
31	S131	1	0	Split131(4,1)	2	4	(0,1)	(0,1)	(0,1)	MATCH
31	S131	1	0	Split131(4,2)	2	4	(0,1)	(0,1)	(0,1)	MATCH
31	S131	1	0	Split131(4,3)	2	4	(0,1)	(0,1)	(0,1)	MATCH
31	S131	1	0	Split131(4,4)	2	4	(0,1)	(0,1)	(0,1)	MATCH
31	G	1	1	Gather	2	4	(0,1)	(0,1)	is_split=false	MATCH
31	S14	1	1	Split14(0)	2	4	(0,1)	(0,1)	fallback!=2	MATCH
31	S14	1	1	Split14(1)	2	4	(0,1)	(1,2)	(1,2)	MATCH
31	S14	1	1	Split14(2)	2	4	(0,1)	(0,1)	fallback!=2	MATCH
31	S14	1	1	Split14(3)	2	4	(0,1)	(0,1)	fallback!=2	MATCH
31	S14	1	1	Split14(4)	2	4	(0,1)	(0,1)	fallback!=2	MATCH
31	S131	1	1	Split131(0,0)	2	4	(0,1)	(0,1)	(0,1)	MATCH
31	S131	1	1	Split131(0,1)	2	4	(0,1)	(1,2)	(1,2)	MATCH
31	S131	1	1	Split131(0,2)	2	4	(0,1)	(0,1)	(0,1)	MATCH
31	S131	1	1	Split131(0,3)	2	4	(0,1)	(0,1)	(0,1)	MATCH
31	S131	1	1	Split131(0,4)	2	4	(0,1)	(0,1)	(0,1)	MATCH
31	S131	1	1	Split131(1,0)	2	4	(0,1)	(1,0)	(1,0)	MATCH
31	S131	1	1	Split131(1,1)	2	4	(0,1)	(1,0)	(1,0)	MATCH
31	S131	1	1	Split131(1,2)	2	4	(0,1)	(1,0)	(1,0)	MATCH
31	S131	1	1	Split131(1,3)	2	4	(0,1)	(1,0)	(1,0)	MATCH
31	S131	1	1	Split131(1,4)	2	4	(0,1)	(1,0)	(1,0)	MATCH
31	S131	1	1	Split131(2,0)	2	4	(0,1)	(0,1)	(0,1)	MATCH
31	S131	1	1	Split131(2,1)	2	4	(0,1)	(1,2)	(1,2)	MATCH
31	S131	1	1	Split131(2,2)	2	4	(0,1)	(0,1)	(0,1)	MATCH
31	S131	1	1	Split131(2,3)	2	4	(0,1)	(0,1)	(0,1)	MATCH
31	S131	1	1	Split131(2,4)	2	4	(0,1)	(0,1)	(0,1)	MATCH
31	S131	1	1	Split131(3,0)	2	4	(0,1)	(0,1)	(0,1)	MATCH
31	S131	1	1	Split131(3,1)	2	4	(0,1)	(1,2)	(1,2)	MATCH
31	S131	1	1	Split131(3,2)	2	4	(0,1)	(0,1)	(0,1)	MATCH
31	S131	1	1	Split131(3,3)	2	4	(0,1)	(0,1)	(0,1)	MATCH
31	S131	1	1	Split131(3,4)	2	4	(0,1)	(0,1)	(0,1)	MATCH
31	S131	1	1	Split131(4,0)	2	4	(0,1)	(0,1)	(0,1)	MATCH
31	S131	1	1	Split131(4,1)	2	4	(0,1)	(1,0)	(1,0)	MATCH
31	S131	1	1	Split131(4,2)	2	4	(0,1)	(0,1)	(0,1)	MATCH
31	S131	1	1	Split131(4,3)	2	4	(0,1)	(0,1)	(0,1)	MATCH
31	S131	1	1	Split131(4,4)	2	4	(0,1)	(0,1)	(0,1)	MATCH
31	G	1	2	Gather	2	4	(0,1)	(0,1)	is_split=false	MATCH
31	S14	1	2	Split14(0)	2	4	(0,1)	(0,1)	fallback!=2	MATCH
31	S14	1	2	Split14(1)	2	4	(0,1)	(0,1)	fallback!=2	MATCH
31	S14	1	2	Split14(2)	2	4	(0,1)	(1,2)	(1,2)	MATCH
31	S14	1	2	Split14(3)	2	4	(0,1)	(0,1)	fallback!=2	MATCH
31	S14	1	2	Split14(4)	2	4	(0,1)	(0,1)	fallback!=2	MATCH
31	S131	1	2	Split131(0,0)	2	4	(0,1)	(0,1)	(0,1)	MATCH
31	S131	1	2	Split131(0,1)	2	4	(0,1)	(0,1)	(0,1)	MATCH
31	S131	1	2	Split131(0,2)	2	4	(0,1)	(1,2)	(1,2)	MATCH
31	S131	1	2	Split131(0,3)	2	4	(0,1)	(0,1)	(0,1)	MATCH
31	S131	1	2	Split131(0,4)	2	4	(0,1)	(0,1)	(0,1)	MATCH
31	S131	1	2	Split131(1,0)	2	4	(0,1)	(0,1)	(0,1)	MATCH
31	S131	1	2	Split131(1,1)	2	4	(0,1)	(0,1)	(0,1)	MATCH
31	S131	1	2	Split131(1,2)	2	4	(0,1)	(1,2)	(1,2)	MATCH
31	S131	1	2	Split131(1,3)	2	4	(0,1)	(0,1)	(0,1)	MATCH
31	S131	1	2	Split131(1,4)	2	4	(0,1)	(0,1)	(0,1)	MATCH
31	S131	1	2	Split131(2,0)	2	4	(0,1)	(1,0)	(1,0)	MATCH
31	S131	1	2	Split131(2,1)	2	4	(0,1)	(1,0)	(1,0)	MATCH
31	S131	1	2	Split131(2,2)	2	4	(0,1)	(1,0)	(1,0)	MATCH
31	S131	1	2	Split131(2,3)	2	4	(0,1)	(1,0)	(1,0)	MATCH
31	S131	1	2	Split131(2,4)	2	4	(0,1)	(1,0)	(1,0)	MATCH
31	S131	1	2	Split131(3,0)	2	4	(0,1)	(0,1)	(0,1)	MATCH
31	S131	1	2	Split131(3,1)	2	4	(0,1)	(0,1)	(0,1)	MATCH
31	S131	1	2	Split131(3,2)	2	4	(0,1)	(1,2)	(1,2)	MATCH
31	S131	1	2	Split131(3,3)	2	4	(0,1)	(0,1)	(0,1)	MATCH
31	S131	1	2	Split131(3,4)	2	4	(0,1)	(0,1)	(0,1)	MATCH
31	S131	1	2	Split131(4,0)	2	4	(0,1)	(0,1)	(0,1)	MATCH
31	S131	1	2	Split131(4,1)	2	4	(0,1)	(0,1)	(0,1)	MATCH
31	S131	1	2	Split131(4,2)	2	4	(0,1)	(1,0)	(1,0)	MATCH
31	S131	1	2	Split131(4,3)	2	4	(0,1)	(0,1)	(0,1)	MATCH
31	S131	1	2	Split131(4,4)	2	4	(0,1)	(0,1)	(0,1)	MATCH
31	G	1	3	Gather	2	4	(0,1)	(0,1)	is_split=false	MATCH
31	S14	1	3	Split14(0)	2	4	(0,1)	(0,1)	fallback!=2	MATCH
31	S14	1	3	Split14(1)	2	4	(0,1)	(0,1)	fallback!=2	MATCH
31	S14	1	3	Split14(2)	2	4	(0,1)	(0,1)	fallback!=2	MATCH
31	S14	1	3	Split14(3)	2	4	(0,1)	(1,2)	(1,2)	MATCH
31	S14	1	3	Split14(4)	2	4	(0,1)	(0,1)	fallback!=2	MATCH
31	S131	1	3	Split131(0,0)	2	4	(0,1)	(0,1)	(0,1)	MATCH
31	S131	1	3	Split131(0,1)	2	4	(0,1)	(0,1)	(0,1)	MATCH
31	S131	1	3	Split131(0,2)	2	4	(0,1)	(0,1)	(0,1)	MATCH
31	S131	1	3	Split131(0,3)	2	4	(0,1)	(1,2)	(1,2)	MATCH
31	S131	1	3	Split131(0,4)	2	4	(0,1)	(0,1)	(0,1)	MATCH
31	S131	1	3	Split131(1,0)	2	4	(0,1)	(0,1)	(0,1)	MATCH
31	S131	1	3	Split131(1,1)	2	4	(0,1)	(0,1)	(0,1)	MATCH
31	S131	1	3	Split131(1,2)	2	4	(0,1)	(0,1)	(0,1)	MATCH
31	S131	1	3	Split131(1,3)	2	4	(0,1)	(1,2)	(1,2)	MATCH
31	S131	1	3	Split131(1,4)	2	4	(0,1)	(0,1)	(0,1)	MATCH
31	S131	1	3	Split131(2,0)	2	4	(0,1)	(0,1)	(0,1)	MATCH
31	S131	1	3	Split131(2,1)	2	4	(0,1)	(0,1)	(0,1)	MATCH
31	S131	1	3	Split131(2,2)	2	4	(0,1)	(0,1)	(0,1)	MATCH
31	S131	1	3	Split131(2,3)	2	4	(0,1)	(1,2)	(1,2)	MATCH
31	S131	1	3	Split131(2,4)	2	4	(0,1)	(0,1)	(0,1)	MATCH
31	S131	1	3	Split131(3,0)	2	4	(0,1)	(1,0)	(1,0)	MATCH
31	S131	1	3	Split131(3,1)	2	4	(0,1)	(1,0)	(1,0)	MATCH
31	S131	1	3	Split131(3,2)	2	4	(0,1)	(1,0)	(1,0)	MATCH
31	S131	1	3	Split131(3,3)	2	4	(0,1)	(1,0)	(1,0)	MATCH
31	S131	1	3	Split131(3,4)	2	4	(0,1)	(1,0)	(1,0)	MATCH
31	S131	1	3	Split131(4,0)	2	4	(0,1)	(0,1)	(0,1)	MATCH
31	S131	1	3	Split131(4,1)	2	4	(0,1)	(0,1)	(0,1)	MATCH
31	S131	1	3	Split131(4,2)	2	4	(0,1)	(0,1)	(0,1)	MATCH
31	S131	1	3	Split131(4,3)	2	4	(0,1)	(1,0)	(1,0)	MATCH
31	S131	1	3	Split131(4,4)	2	4	(0,1)	(0,1)	(0,1)	MATCH
31	G	1	4	Gather	2	4	(0,1)	(0,1)	is_split=false	MATCH
31	S14	1	4	Split14(0)	2	4	(0,1)	(0,1)	fallback!=2	MATCH
31	S14	1	4	Split14(1)	2	4	(0,1)	(0,1)	fallback!=2	MATCH
31	S14	1	4	Split14(2)	2	4	(0,1)	(0,1)	fallback!=2	MATCH
31	S14	1	4	Split14(3)	2	4	(0,1)	(0,1)	fallback!=2	MATCH
31	S14	1	4	Split14(4)	2	4	(0,1)	(1,2)	(1,2)	MATCH
31	S131	1	4	Split131(0,0)	2	4	(0,1)	(0,1)	(0,1)	MATCH
31	S131	1	4	Split131(0,1)	2	4	(0,1)	(0,1)	(0,1)	MATCH
31	S131	1	4	Split131(0,2)	2	4	(0,1)	(0,1)	(0,1)	MATCH
31	S131	1	4	Split131(0,3)	2	4	(0,1)	(0,1)	(0,1)	MATCH
31	S131	1	4	Split131(0,4)	2	4	(0,1)	(1,2)	(1,2)	MATCH
31	S131	1	4	Split131(1,0)	2	4	(0,1)	(0,1)	(0,1)	MATCH
31	S131	1	4	Split131(1,1)	2	4	(0,1)	(0,1)	(0,1)	MATCH
31	S131	1	4	Split131(1,2)	2	4	(0,1)	(0,1)	(0,1)	MATCH
31	S131	1	4	Split131(1,3)	2	4	(0,1)	(0,1)	(0,1)	MATCH
31	S131	1	4	Split131(1,4)	2	4	(0,1)	(1,2)	(1,2)	MATCH
31	S131	1	4	Split131(2,0)	2	4	(0,1)	(0,1)	(0,1)	MATCH
31	S131	1	4	Split131(2,1)	2	4	(0,1)	(0,1)	(0,1)	MATCH
31	S131	1	4	Split131(2,2)	2	4	(0,1)	(0,1)	(0,1)	MATCH
31	S131	1	4	Split131(2,3)	2	4	(0,1)	(0,1)	(0,1)	MATCH
31	S131	1	4	Split131(2,4)	2	4	(0,1)	(1,2)	(1,2)	MATCH
31	S131	1	4	Split131(3,0)	2	4	(0,1)	(0,1)	(0,1)	MATCH
31	S131	1	4	Split131(3,1)	2	4	(0,1)	(0,1)	(0,1)	MATCH
31	S131	1	4	Split131(3,2)	2	4	(0,1)	(0,1)	(0,1)	MATCH
31	S131	1	4	Split131(3,3)	2	4	(0,1)	(0,1)	(0,1)	MATCH
31	S131	1	4	Split131(3,4)	2	4	(0,1)	(1,2)	(1,2)	MATCH
31	S131	1	4	Split131(4,0)	2	4	(0,1)	(1,0)	(1,0)	MATCH
31	S131	1	4	Split131(4,1)	2	4	(0,1)	(1,0)	(1,0)	MATCH
31	S131	1	4	Split131(4,2)	2	4	(0,1)	(1,0)	(1,0)	MATCH
31	S131	1	4	Split131(4,3)	2	4	(0,1)	(1,0)	(1,0)	MATCH
31	S131	1	4	Split131(4,4)	2	4	(0,1)	(1,0)	(1,0)	MATCH
31	G	1	0	Gather	2	5	(0,1)	(0,1)	is_split=false	MATCH
31	S14	1	0	Split14(0)	2	5	(0,1)	(1,2)	(1,2)	MATCH
31	S14	1	0	Split14(1)	2	5	(0,1)	(0,1)	fallback!=2	MATCH
31	S14	1	0	Split14(2)	2	5	(0,1)	(0,1)	fallback!=2	MATCH
31	S14	1	0	Split14(3)	2	5	(0,1)	(0,1)	fallback!=2	MATCH
31	S14	1	0	Split14(4)	2	5	(0,1)	(0,1)	fallback!=2	MATCH
31	S131	1	0	Split131(0,0)	2	5	(0,1)	(1,0)	(1,0)	MATCH
31	S131	1	0	Split131(0,1)	2	5	(0,1)	(1,0)	(1,0)	MATCH
31	S131	1	0	Split131(0,2)	2	5	(0,1)	(1,0)	(1,0)	MATCH
31	S131	1	0	Split131(0,3)	2	5	(0,1)	(1,0)	(1,0)	MATCH
31	S131	1	0	Split131(0,4)	2	5	(0,1)	(1,0)	(1,0)	MATCH
31	S131	1	0	Split131(1,0)	2	5	(0,1)	(1,2)	(1,2)	MATCH
31	S131	1	0	Split131(1,1)	2	5	(0,1)	(0,1)	(0,1)	MATCH
31	S131	1	0	Split131(1,2)	2	5	(0,1)	(0,1)	(0,1)	MATCH
31	S131	1	0	Split131(1,3)	2	5	(0,1)	(0,1)	(0,1)	MATCH
31	S131	1	0	Split131(1,4)	2	5	(0,1)	(0,1)	(0,1)	MATCH
31	S131	1	0	Split131(2,0)	2	5	(0,1)	(1,2)	(1,2)	MATCH
31	S131	1	0	Split131(2,1)	2	5	(0,1)	(0,1)	(0,1)	MATCH
31	S131	1	0	Split131(2,2)	2	5	(0,1)	(0,1)	(0,1)	MATCH
31	S131	1	0	Split131(2,3)	2	5	(0,1)	(0,1)	(0,1)	MATCH
31	S131	1	0	Split131(2,4)	2	5	(0,1)	(0,1)	(0,1)	MATCH
31	S131	1	0	Split131(3,0)	2	5	(0,1)	(1,2)	(1,2)	MATCH
31	S131	1	0	Split131(3,1)	2	5	(0,1)	(0,1)	(0,1)	MATCH
31	S131	1	0	Split131(3,2)	2	5	(0,1)	(0,1)	(0,1)	MATCH
31	S131	1	0	Split131(3,3)	2	5	(0,1)	(0,1)	(0,1)	MATCH
31	S131	1	0	Split131(3,4)	2	5	(0,1)	(0,1)	(0,1)	MATCH
31	S131	1	0	Split131(4,0)	2	5	(0,1)	(1,2)	(1,2)	MATCH
31	S131	1	0	Split131(4,1)	2	5	(0,1)	(0,1)	(0,1)	MATCH
31	S131	1	0	Split131(4,2)	2	5	(0,1)	(0,1)	(0,1)	MATCH
31	S131	1	0	Split131(4,3)	2	5	(0,1)	(0,1)	(0,1)	MATCH
31	S131	1	0	Split131(4,4)	2	5	(0,1)	(0,1)	(0,1)	MATCH
31	G	1	1	Gather	2	5	(0,1)	(0,1)	is_split=false	MATCH
31	S14	1	1	Split14(0)	2	5	(0,1)	(0,1)	fallback!=2	MATCH
31	S14	1	1	Split14(1)	2	5	(0,1)	(1,2)	(1,2)	MATCH
31	S14	1	1	Split14(2)	2	5	(0,1)	(0,1)	fallback!=2	MATCH
31	S14	1	1	Split14(3)	2	5	(0,1)	(0,1)	fallback!=2	MATCH
31	S14	1	1	Split14(4)	2	5	(0,1)	(0,1)	fallback!=2	MATCH
31	S131	1	1	Split131(0,0)	2	5	(0,1)	(0,1)	(0,1)	MATCH
31	S131	1	1	Split131(0,1)	2	5	(0,1)	(1,2)	(1,2)	MATCH
31	S131	1	1	Split131(0,2)	2	5	(0,1)	(0,1)	(0,1)	MATCH
31	S131	1	1	Split131(0,3)	2	5	(0,1)	(0,1)	(0,1)	MATCH
31	S131	1	1	Split131(0,4)	2	5	(0,1)	(0,1)	(0,1)	MATCH
31	S131	1	1	Split131(1,0)	2	5	(0,1)	(1,0)	(1,0)	MATCH
31	S131	1	1	Split131(1,1)	2	5	(0,1)	(1,0)	(1,0)	MATCH
31	S131	1	1	Split131(1,2)	2	5	(0,1)	(1,0)	(1,0)	MATCH
31	S131	1	1	Split131(1,3)	2	5	(0,1)	(1,0)	(1,0)	MATCH
31	S131	1	1	Split131(1,4)	2	5	(0,1)	(1,0)	(1,0)	MATCH
31	S131	1	1	Split131(2,0)	2	5	(0,1)	(0,1)	(0,1)	MATCH
31	S131	1	1	Split131(2,1)	2	5	(0,1)	(1,2)	(1,2)	MATCH
31	S131	1	1	Split131(2,2)	2	5	(0,1)	(0,1)	(0,1)	MATCH
31	S131	1	1	Split131(2,3)	2	5	(0,1)	(0,1)	(0,1)	MATCH
31	S131	1	1	Split131(2,4)	2	5	(0,1)	(0,1)	(0,1)	MATCH
31	S131	1	1	Split131(3,0)	2	5	(0,1)	(0,1)	(0,1)	MATCH
31	S131	1	1	Split131(3,1)	2	5	(0,1)	(1,2)	(1,2)	MATCH
31	S131	1	1	Split131(3,2)	2	5	(0,1)	(0,1)	(0,1)	MATCH
31	S131	1	1	Split131(3,3)	2	5	(0,1)	(0,1)	(0,1)	MATCH
31	S131	1	1	Split131(3,4)	2	5	(0,1)	(0,1)	(0,1)	MATCH
31	S131	1	1	Split131(4,0)	2	5	(0,1)	(0,1)	(0,1)	MATCH
31	S131	1	1	Split131(4,1)	2	5	(0,1)	(1,2)	(1,2)	MATCH
31	S131	1	1	Split131(4,2)	2	5	(0,1)	(0,1)	(0,1)	MATCH
31	S131	1	1	Split131(4,3)	2	5	(0,1)	(0,1)	(0,1)	MATCH
31	S131	1	1	Split131(4,4)	2	5	(0,1)	(0,1)	(0,1)	MATCH
31	G	1	2	Gather	2	5	(0,1)	(0,1)	is_split=false	MATCH
31	S14	1	2	Split14(0)	2	5	(0,1)	(0,1)	fallback!=2	MATCH
31	S14	1	2	Split14(1)	2	5	(0,1)	(0,1)	fallback!=2	MATCH
31	S14	1	2	Split14(2)	2	5	(0,1)	(1,2)	(1,2)	MATCH
31	S14	1	2	Split14(3)	2	5	(0,1)	(0,1)	fallback!=2	MATCH
31	S14	1	2	Split14(4)	2	5	(0,1)	(0,1)	fallback!=2	MATCH
31	S131	1	2	Split131(0,0)	2	5	(0,1)	(0,1)	(0,1)	MATCH
31	S131	1	2	Split131(0,1)	2	5	(0,1)	(0,1)	(0,1)	MATCH
31	S131	1	2	Split131(0,2)	2	5	(0,1)	(1,2)	(1,2)	MATCH
31	S131	1	2	Split131(0,3)	2	5	(0,1)	(0,1)	(0,1)	MATCH
31	S131	1	2	Split131(0,4)	2	5	(0,1)	(0,1)	(0,1)	MATCH
31	S131	1	2	Split131(1,0)	2	5	(0,1)	(0,1)	(0,1)	MATCH
31	S131	1	2	Split131(1,1)	2	5	(0,1)	(0,1)	(0,1)	MATCH
31	S131	1	2	Split131(1,2)	2	5	(0,1)	(1,2)	(1,2)	MATCH
31	S131	1	2	Split131(1,3)	2	5	(0,1)	(0,1)	(0,1)	MATCH
31	S131	1	2	Split131(1,4)	2	5	(0,1)	(0,1)	(0,1)	MATCH
31	S131	1	2	Split131(2,0)	2	5	(0,1)	(1,0)	(1,0)	MATCH
31	S131	1	2	Split131(2,1)	2	5	(0,1)	(1,0)	(1,0)	MATCH
31	S131	1	2	Split131(2,2)	2	5	(0,1)	(1,0)	(1,0)	MATCH
31	S131	1	2	Split131(2,3)	2	5	(0,1)	(1,0)	(1,0)	MATCH
31	S131	1	2	Split131(2,4)	2	5	(0,1)	(1,0)	(1,0)	MATCH
31	S131	1	2	Split131(3,0)	2	5	(0,1)	(0,1)	(0,1)	MATCH
31	S131	1	2	Split131(3,1)	2	5	(0,1)	(0,1)	(0,1)	MATCH
31	S131	1	2	Split131(3,2)	2	5	(0,1)	(1,2)	(1,2)	MATCH
31	S131	1	2	Split131(3,3)	2	5	(0,1)	(0,1)	(0,1)	MATCH
31	S131	1	2	Split131(3,4)	2	5	(0,1)	(0,1)	(0,1)	MATCH
31	S131	1	2	Split131(4,0)	2	5	(0,1)	(0,1)	(0,1)	MATCH
31	S131	1	2	Split131(4,1)	2	5	(0,1)	(0,1)	(0,1)	MATCH
31	S131	1	2	Split131(4,2)	2	5	(0,1)	(1,2)	(1,2)	MATCH
31	S131	1	2	Split131(4,3)	2	5	(0,1)	(0,1)	(0,1)	MATCH
31	S131	1	2	Split131(4,4)	2	5	(0,1)	(0,1)	(0,1)	MATCH
31	G	1	3	Gather	2	5	(0,1)	(0,1)	is_split=false	MATCH
31	S14	1	3	Split14(0)	2	5	(0,1)	(0,1)	fallback!=2	MATCH
31	S14	1	3	Split14(1)	2	5	(0,1)	(0,1)	fallback!=2	MATCH
31	S14	1	3	Split14(2)	2	5	(0,1)	(0,1)	fallback!=2	MATCH
31	S14	1	3	Split14(3)	2	5	(0,1)	(1,2)	(1,2)	MATCH
31	S14	1	3	Split14(4)	2	5	(0,1)	(0,1)	fallback!=2	MATCH
31	S131	1	3	Split131(0,0)	2	5	(0,1)	(0,1)	(0,1)	MATCH
31	S131	1	3	Split131(0,1)	2	5	(0,1)	(0,1)	(0,1)	MATCH
31	S131	1	3	Split131(0,2)	2	5	(0,1)	(0,1)	(0,1)	MATCH
31	S131	1	3	Split131(0,3)	2	5	(0,1)	(1,2)	(1,2)	MATCH
31	S131	1	3	Split131(0,4)	2	5	(0,1)	(0,1)	(0,1)	MATCH
31	S131	1	3	Split131(1,0)	2	5	(0,1)	(0,1)	(0,1)	MATCH
31	S131	1	3	Split131(1,1)	2	5	(0,1)	(0,1)	(0,1)	MATCH
31	S131	1	3	Split131(1,2)	2	5	(0,1)	(0,1)	(0,1)	MATCH
31	S131	1	3	Split131(1,3)	2	5	(0,1)	(1,2)	(1,2)	MATCH
31	S131	1	3	Split131(1,4)	2	5	(0,1)	(0,1)	(0,1)	MATCH
31	S131	1	3	Split131(2,0)	2	5	(0,1)	(0,1)	(0,1)	MATCH
31	S131	1	3	Split131(2,1)	2	5	(0,1)	(0,1)	(0,1)	MATCH
31	S131	1	3	Split131(2,2)	2	5	(0,1)	(0,1)	(0,1)	MATCH
31	S131	1	3	Split131(2,3)	2	5	(0,1)	(1,2)	(1,2)	MATCH
31	S131	1	3	Split131(2,4)	2	5	(0,1)	(0,1)	(0,1)	MATCH
31	S131	1	3	Split131(3,0)	2	5	(0,1)	(1,0)	(1,0)	MATCH
31	S131	1	3	Split131(3,1)	2	5	(0,1)	(1,0)	(1,0)	MATCH
31	S131	1	3	Split131(3,2)	2	5	(0,1)	(1,0)	(1,0)	MATCH
31	S131	1	3	Split131(3,3)	2	5	(0,1)	(1,0)	(1,0)	MATCH
31	S131	1	3	Split131(3,4)	2	5	(0,1)	(1,0)	(1,0)	MATCH
31	S131	1	3	Split131(4,0)	2	5	(0,1)	(0,1)	(0,1)	MATCH
31	S131	1	3	Split131(4,1)	2	5	(0,1)	(0,1)	(0,1)	MATCH
31	S131	1	3	Split131(4,2)	2	5	(0,1)	(0,1)	(0,1)	MATCH
31	S131	1	3	Split131(4,3)	2	5	(0,1)	(1,2)	(1,2)	MATCH
31	S131	1	3	Split131(4,4)	2	5	(0,1)	(0,1)	(0,1)	MATCH
31	G	1	4	Gather	2	5	(0,1)	(0,1)	is_split=false	MATCH
31	S14	1	4	Split14(0)	2	5	(0,1)	(0,1)	fallback!=2	MATCH
31	S14	1	4	Split14(1)	2	5	(0,1)	(0,1)	fallback!=2	MATCH
31	S14	1	4	Split14(2)	2	5	(0,1)	(0,1)	fallback!=2	MATCH
31	S14	1	4	Split14(3)	2	5	(0,1)	(0,1)	fallback!=2	MATCH
31	S14	1	4	Split14(4)	2	5	(0,1)	(1,2)	(1,2)	MATCH
31	S131	1	4	Split131(0,0)	2	5	(0,1)	(0,1)	(0,1)	MATCH
31	S131	1	4	Split131(0,1)	2	5	(0,1)	(0,1)	(0,1)	MATCH
31	S131	1	4	Split131(0,2)	2	5	(0,1)	(0,1)	(0,1)	MATCH
31	S131	1	4	Split131(0,3)	2	5	(0,1)	(0,1)	(0,1)	MATCH
31	S131	1	4	Split131(0,4)	2	5	(0,1)	(1,2)	(1,2)	MATCH
31	S131	1	4	Split131(1,0)	2	5	(0,1)	(0,1)	(0,1)	MATCH
31	S131	1	4	Split131(1,1)	2	5	(0,1)	(0,1)	(0,1)	MATCH
31	S131	1	4	Split131(1,2)	2	5	(0,1)	(0,1)	(0,1)	MATCH
31	S131	1	4	Split131(1,3)	2	5	(0,1)	(0,1)	(0,1)	MATCH
31	S131	1	4	Split131(1,4)	2	5	(0,1)	(1,2)	(1,2)	MATCH
31	S131	1	4	Split131(2,0)	2	5	(0,1)	(0,1)	(0,1)	MATCH
31	S131	1	4	Split131(2,1)	2	5	(0,1)	(0,1)	(0,1)	MATCH
31	S131	1	4	Split131(2,2)	2	5	(0,1)	(0,1)	(0,1)	MATCH
31	S131	1	4	Split131(2,3)	2	5	(0,1)	(0,1)	(0,1)	MATCH
31	S131	1	4	Split131(2,4)	2	5	(0,1)	(1,2)	(1,2)	MATCH
31	S131	1	4	Split131(3,0)	2	5	(0,1)	(0,1)	(0,1)	MATCH
31	S131	1	4	Split131(3,1)	2	5	(0,1)	(0,1)	(0,1)	MATCH
31	S131	1	4	Split131(3,2)	2	5	(0,1)	(0,1)	(0,1)	MATCH
31	S131	1	4	Split131(3,3)	2	5	(0,1)	(0,1)	(0,1)	MATCH
31	S131	1	4	Split131(3,4)	2	5	(0,1)	(1,2)	(1,2)	MATCH
31	S131	1	4	Split131(4,0)	2	5	(0,1)	(1,0)	(1,0)	MATCH
31	S131	1	4	Split131(4,1)	2	5	(0,1)	(1,0)	(1,0)	MATCH
31	S131	1	4	Split131(4,2)	2	5	(0,1)	(1,0)	(1,0)	MATCH
31	S131	1	4	Split131(4,3)	2	5	(0,1)	(1,0)	(1,0)	MATCH
31	S131	1	4	Split131(4,4)	2	5	(0,1)	(1,0)	(1,0)	MATCH
#31_SUMMARY	n=5580	bad=0

#32	tut	live	team	my	enemy	got	expect	verdict
32	0(se=true)	0	0	0	0	None	None	MATCH
32	0(se=true)	0	0	0	1	None	None	MATCH
32	0(se=true)	0	0	0	2	None	None	MATCH
32	0(se=true)	0	0	1	0	None	None	MATCH
32	0(se=true)	0	0	1	1	None	None	MATCH
32	0(se=true)	0	0	1	2	None	None	MATCH
32	0(se=true)	0	0	2	0	None	None	MATCH
32	0(se=true)	0	0	2	1	None	None	MATCH
32	0(se=true)	0	0	2	2	None	None	MATCH
32	0(se=true)	0	1	0	0	None	None	MATCH
32	0(se=true)	0	1	0	1	None	None	MATCH
32	0(se=true)	0	1	0	2	None	None	MATCH
32	0(se=true)	0	1	1	0	None	None	MATCH
32	0(se=true)	0	1	1	1	None	None	MATCH
32	0(se=true)	0	1	1	2	None	None	MATCH
32	0(se=true)	0	1	2	0	None	None	MATCH
32	0(se=true)	0	1	2	1	None	None	MATCH
32	0(se=true)	0	1	2	2	None	None	MATCH
32	0(se=true)	1	0	0	0	Outnumbered	Outnumbered	MATCH
32	0(se=true)	1	0	0	1	Outnumbered	Outnumbered	MATCH
32	0(se=true)	1	0	0	2	Outnumbered	Outnumbered	MATCH
32	0(se=true)	1	0	1	0	StackAhead	StackAhead	MATCH
32	0(se=true)	1	0	1	1	Outnumbered	Outnumbered	MATCH
32	0(se=true)	1	0	1	2	Outnumbered	Outnumbered	MATCH
32	0(se=true)	1	0	2	0	StackAhead	StackAhead	MATCH
32	0(se=true)	1	0	2	1	StackAhead	StackAhead	MATCH
32	0(se=true)	1	0	2	2	Outnumbered	Outnumbered	MATCH
32	0(se=true)	1	1	0	0	Outnumbered	Outnumbered	MATCH
32	0(se=true)	1	1	0	1	Outnumbered	Outnumbered	MATCH
32	0(se=true)	1	1	0	2	Outnumbered	Outnumbered	MATCH
32	0(se=true)	1	1	1	0	StackAhead	StackAhead	MATCH
32	0(se=true)	1	1	1	1	Outnumbered	Outnumbered	MATCH
32	0(se=true)	1	1	1	2	Outnumbered	Outnumbered	MATCH
32	0(se=true)	1	1	2	0	StackAhead	StackAhead	MATCH
32	0(se=true)	1	1	2	1	StackAhead	StackAhead	MATCH
32	0(se=true)	1	1	2	2	Outnumbered	Outnumbered	MATCH
32	0(se=true)	2	0	0	0	Outnumbered	Outnumbered	MATCH
32	0(se=true)	2	0	0	1	Outnumbered	Outnumbered	MATCH
32	0(se=true)	2	0	0	2	Outnumbered	Outnumbered	MATCH
32	0(se=true)	2	0	1	0	StackAhead	StackAhead	MATCH
32	0(se=true)	2	0	1	1	Outnumbered	Outnumbered	MATCH
32	0(se=true)	2	0	1	2	Outnumbered	Outnumbered	MATCH
32	0(se=true)	2	0	2	0	StackAhead	StackAhead	MATCH
32	0(se=true)	2	0	2	1	StackAhead	StackAhead	MATCH
32	0(se=true)	2	0	2	2	Outnumbered	Outnumbered	MATCH
32	0(se=true)	2	1	0	0	Outnumbered	Outnumbered	MATCH
32	0(se=true)	2	1	0	1	Outnumbered	Outnumbered	MATCH
32	0(se=true)	2	1	0	2	Outnumbered	Outnumbered	MATCH
32	0(se=true)	2	1	1	0	StackAhead	StackAhead	MATCH
32	0(se=true)	2	1	1	1	Outnumbered	Outnumbered	MATCH
32	0(se=true)	2	1	1	2	Outnumbered	Outnumbered	MATCH
32	0(se=true)	2	1	2	0	StackAhead	StackAhead	MATCH
32	0(se=true)	2	1	2	1	StackAhead	StackAhead	MATCH
32	0(se=true)	2	1	2	2	Outnumbered	Outnumbered	MATCH
32	1(se=false)	0	0	0	0	None	None	MATCH
32	1(se=false)	0	0	0	1	None	None	MATCH
32	1(se=false)	0	0	0	2	None	None	MATCH
32	1(se=false)	0	0	1	0	None	None	MATCH
32	1(se=false)	0	0	1	1	None	None	MATCH
32	1(se=false)	0	0	1	2	None	None	MATCH
32	1(se=false)	0	0	2	0	None	None	MATCH
32	1(se=false)	0	0	2	1	None	None	MATCH
32	1(se=false)	0	0	2	2	None	None	MATCH
32	1(se=false)	0	1	0	0	None	None	MATCH
32	1(se=false)	0	1	0	1	None	None	MATCH
32	1(se=false)	0	1	0	2	None	None	MATCH
32	1(se=false)	0	1	1	0	None	None	MATCH
32	1(se=false)	0	1	1	1	None	None	MATCH
32	1(se=false)	0	1	1	2	None	None	MATCH
32	1(se=false)	0	1	2	0	None	None	MATCH
32	1(se=false)	0	1	2	1	None	None	MATCH
32	1(se=false)	0	1	2	2	None	None	MATCH
32	1(se=false)	1	0	0	0	None	None	MATCH
32	1(se=false)	1	0	0	1	None	None	MATCH
32	1(se=false)	1	0	0	2	None	None	MATCH
32	1(se=false)	1	0	1	0	None	None	MATCH
32	1(se=false)	1	0	1	1	None	None	MATCH
32	1(se=false)	1	0	1	2	None	None	MATCH
32	1(se=false)	1	0	2	0	None	None	MATCH
32	1(se=false)	1	0	2	1	None	None	MATCH
32	1(se=false)	1	0	2	2	None	None	MATCH
32	1(se=false)	1	1	0	0	None	None	MATCH
32	1(se=false)	1	1	0	1	None	None	MATCH
32	1(se=false)	1	1	0	2	None	None	MATCH
32	1(se=false)	1	1	1	0	None	None	MATCH
32	1(se=false)	1	1	1	1	None	None	MATCH
32	1(se=false)	1	1	1	2	None	None	MATCH
32	1(se=false)	1	1	2	0	None	None	MATCH
32	1(se=false)	1	1	2	1	None	None	MATCH
32	1(se=false)	1	1	2	2	None	None	MATCH
32	1(se=false)	2	0	0	0	None	None	MATCH
32	1(se=false)	2	0	0	1	None	None	MATCH
32	1(se=false)	2	0	0	2	None	None	MATCH
32	1(se=false)	2	0	1	0	None	None	MATCH
32	1(se=false)	2	0	1	1	None	None	MATCH
32	1(se=false)	2	0	1	2	None	None	MATCH
32	1(se=false)	2	0	2	0	None	None	MATCH
32	1(se=false)	2	0	2	1	None	None	MATCH
32	1(se=false)	2	0	2	2	None	None	MATCH
32	1(se=false)	2	1	0	0	None	None	MATCH
32	1(se=false)	2	1	0	1	None	None	MATCH
32	1(se=false)	2	1	0	2	None	None	MATCH
32	1(se=false)	2	1	1	0	None	None	MATCH
32	1(se=false)	2	1	1	1	None	None	MATCH
32	1(se=false)	2	1	1	2	None	None	MATCH
32	1(se=false)	2	1	2	0	None	None	MATCH
32	1(se=false)	2	1	2	1	None	None	MATCH
32	1(se=false)	2	1	2	2	None	None	MATCH
32	2(se=false)	0	0	0	0	None	None	MATCH
32	2(se=false)	0	0	0	1	None	None	MATCH
32	2(se=false)	0	0	0	2	None	None	MATCH
32	2(se=false)	0	0	1	0	None	None	MATCH
32	2(se=false)	0	0	1	1	None	None	MATCH
32	2(se=false)	0	0	1	2	None	None	MATCH
32	2(se=false)	0	0	2	0	None	None	MATCH
32	2(se=false)	0	0	2	1	None	None	MATCH
32	2(se=false)	0	0	2	2	None	None	MATCH
32	2(se=false)	0	1	0	0	None	None	MATCH
32	2(se=false)	0	1	0	1	None	None	MATCH
32	2(se=false)	0	1	0	2	None	None	MATCH
32	2(se=false)	0	1	1	0	None	None	MATCH
32	2(se=false)	0	1	1	1	None	None	MATCH
32	2(se=false)	0	1	1	2	None	None	MATCH
32	2(se=false)	0	1	2	0	None	None	MATCH
32	2(se=false)	0	1	2	1	None	None	MATCH
32	2(se=false)	0	1	2	2	None	None	MATCH
32	2(se=false)	1	0	0	0	None	None	MATCH
32	2(se=false)	1	0	0	1	None	None	MATCH
32	2(se=false)	1	0	0	2	None	None	MATCH
32	2(se=false)	1	0	1	0	None	None	MATCH
32	2(se=false)	1	0	1	1	None	None	MATCH
32	2(se=false)	1	0	1	2	None	None	MATCH
32	2(se=false)	1	0	2	0	None	None	MATCH
32	2(se=false)	1	0	2	1	None	None	MATCH
32	2(se=false)	1	0	2	2	None	None	MATCH
32	2(se=false)	1	1	0	0	None	None	MATCH
32	2(se=false)	1	1	0	1	None	None	MATCH
32	2(se=false)	1	1	0	2	None	None	MATCH
32	2(se=false)	1	1	1	0	None	None	MATCH
32	2(se=false)	1	1	1	1	None	None	MATCH
32	2(se=false)	1	1	1	2	None	None	MATCH
32	2(se=false)	1	1	2	0	None	None	MATCH
32	2(se=false)	1	1	2	1	None	None	MATCH
32	2(se=false)	1	1	2	2	None	None	MATCH
32	2(se=false)	2	0	0	0	None	None	MATCH
32	2(se=false)	2	0	0	1	None	None	MATCH
32	2(se=false)	2	0	0	2	None	None	MATCH
32	2(se=false)	2	0	1	0	None	None	MATCH
32	2(se=false)	2	0	1	1	None	None	MATCH
32	2(se=false)	2	0	1	2	None	None	MATCH
32	2(se=false)	2	0	2	0	None	None	MATCH
32	2(se=false)	2	0	2	1	None	None	MATCH
32	2(se=false)	2	0	2	2	None	None	MATCH
32	2(se=false)	2	1	0	0	None	None	MATCH
32	2(se=false)	2	1	0	1	None	None	MATCH
32	2(se=false)	2	1	0	2	None	None	MATCH
32	2(se=false)	2	1	1	0	None	None	MATCH
32	2(se=false)	2	1	1	1	None	None	MATCH
32	2(se=false)	2	1	1	2	None	None	MATCH
32	2(se=false)	2	1	2	0	None	None	MATCH
32	2(se=false)	2	1	2	1	None	None	MATCH
32	2(se=false)	2	1	2	2	None	None	MATCH
32	3(se=false)	0	0	0	0	None	None	MATCH
32	3(se=false)	0	0	0	1	None	None	MATCH
32	3(se=false)	0	0	0	2	None	None	MATCH
32	3(se=false)	0	0	1	0	None	None	MATCH
32	3(se=false)	0	0	1	1	None	None	MATCH
32	3(se=false)	0	0	1	2	None	None	MATCH
32	3(se=false)	0	0	2	0	None	None	MATCH
32	3(se=false)	0	0	2	1	None	None	MATCH
32	3(se=false)	0	0	2	2	None	None	MATCH
32	3(se=false)	0	1	0	0	None	None	MATCH
32	3(se=false)	0	1	0	1	None	None	MATCH
32	3(se=false)	0	1	0	2	None	None	MATCH
32	3(se=false)	0	1	1	0	None	None	MATCH
32	3(se=false)	0	1	1	1	None	None	MATCH
32	3(se=false)	0	1	1	2	None	None	MATCH
32	3(se=false)	0	1	2	0	None	None	MATCH
32	3(se=false)	0	1	2	1	None	None	MATCH
32	3(se=false)	0	1	2	2	None	None	MATCH
32	3(se=false)	1	0	0	0	None	None	MATCH
32	3(se=false)	1	0	0	1	None	None	MATCH
32	3(se=false)	1	0	0	2	None	None	MATCH
32	3(se=false)	1	0	1	0	None	None	MATCH
32	3(se=false)	1	0	1	1	None	None	MATCH
32	3(se=false)	1	0	1	2	None	None	MATCH
32	3(se=false)	1	0	2	0	None	None	MATCH
32	3(se=false)	1	0	2	1	None	None	MATCH
32	3(se=false)	1	0	2	2	None	None	MATCH
32	3(se=false)	1	1	0	0	None	None	MATCH
32	3(se=false)	1	1	0	1	None	None	MATCH
32	3(se=false)	1	1	0	2	None	None	MATCH
32	3(se=false)	1	1	1	0	None	None	MATCH
32	3(se=false)	1	1	1	1	None	None	MATCH
32	3(se=false)	1	1	1	2	None	None	MATCH
32	3(se=false)	1	1	2	0	None	None	MATCH
32	3(se=false)	1	1	2	1	None	None	MATCH
32	3(se=false)	1	1	2	2	None	None	MATCH
32	3(se=false)	2	0	0	0	None	None	MATCH
32	3(se=false)	2	0	0	1	None	None	MATCH
32	3(se=false)	2	0	0	2	None	None	MATCH
32	3(se=false)	2	0	1	0	None	None	MATCH
32	3(se=false)	2	0	1	1	None	None	MATCH
32	3(se=false)	2	0	1	2	None	None	MATCH
32	3(se=false)	2	0	2	0	None	None	MATCH
32	3(se=false)	2	0	2	1	None	None	MATCH
32	3(se=false)	2	0	2	2	None	None	MATCH
32	3(se=false)	2	1	0	0	None	None	MATCH
32	3(se=false)	2	1	0	1	None	None	MATCH
32	3(se=false)	2	1	0	2	None	None	MATCH
32	3(se=false)	2	1	1	0	None	None	MATCH
32	3(se=false)	2	1	1	1	None	None	MATCH
32	3(se=false)	2	1	1	2	None	None	MATCH
32	3(se=false)	2	1	2	0	None	None	MATCH
32	3(se=false)	2	1	2	1	None	None	MATCH
32	3(se=false)	2	1	2	2	None	None	MATCH
32	4(se=false)	0	0	0	0	None	None	MATCH
32	4(se=false)	0	0	0	1	None	None	MATCH
32	4(se=false)	0	0	0	2	None	None	MATCH
32	4(se=false)	0	0	1	0	None	None	MATCH
32	4(se=false)	0	0	1	1	None	None	MATCH
32	4(se=false)	0	0	1	2	None	None	MATCH
32	4(se=false)	0	0	2	0	None	None	MATCH
32	4(se=false)	0	0	2	1	None	None	MATCH
32	4(se=false)	0	0	2	2	None	None	MATCH
32	4(se=false)	0	1	0	0	None	None	MATCH
32	4(se=false)	0	1	0	1	None	None	MATCH
32	4(se=false)	0	1	0	2	None	None	MATCH
32	4(se=false)	0	1	1	0	None	None	MATCH
32	4(se=false)	0	1	1	1	None	None	MATCH
32	4(se=false)	0	1	1	2	None	None	MATCH
32	4(se=false)	0	1	2	0	None	None	MATCH
32	4(se=false)	0	1	2	1	None	None	MATCH
32	4(se=false)	0	1	2	2	None	None	MATCH
32	4(se=false)	1	0	0	0	None	None	MATCH
32	4(se=false)	1	0	0	1	None	None	MATCH
32	4(se=false)	1	0	0	2	None	None	MATCH
32	4(se=false)	1	0	1	0	None	None	MATCH
32	4(se=false)	1	0	1	1	None	None	MATCH
32	4(se=false)	1	0	1	2	None	None	MATCH
32	4(se=false)	1	0	2	0	None	None	MATCH
32	4(se=false)	1	0	2	1	None	None	MATCH
32	4(se=false)	1	0	2	2	None	None	MATCH
32	4(se=false)	1	1	0	0	None	None	MATCH
32	4(se=false)	1	1	0	1	None	None	MATCH
32	4(se=false)	1	1	0	2	None	None	MATCH
32	4(se=false)	1	1	1	0	None	None	MATCH
32	4(se=false)	1	1	1	1	None	None	MATCH
32	4(se=false)	1	1	1	2	None	None	MATCH
32	4(se=false)	1	1	2	0	None	None	MATCH
32	4(se=false)	1	1	2	1	None	None	MATCH
32	4(se=false)	1	1	2	2	None	None	MATCH
32	4(se=false)	2	0	0	0	None	None	MATCH
32	4(se=false)	2	0	0	1	None	None	MATCH
32	4(se=false)	2	0	0	2	None	None	MATCH
32	4(se=false)	2	0	1	0	None	None	MATCH
32	4(se=false)	2	0	1	1	None	None	MATCH
32	4(se=false)	2	0	1	2	None	None	MATCH
32	4(se=false)	2	0	2	0	None	None	MATCH
32	4(se=false)	2	0	2	1	None	None	MATCH
32	4(se=false)	2	0	2	2	None	None	MATCH
32	4(se=false)	2	1	0	0	None	None	MATCH
32	4(se=false)	2	1	0	1	None	None	MATCH
32	4(se=false)	2	1	0	2	None	None	MATCH
32	4(se=false)	2	1	1	0	None	None	MATCH
32	4(se=false)	2	1	1	1	None	None	MATCH
32	4(se=false)	2	1	1	2	None	None	MATCH
32	4(se=false)	2	1	2	0	None	None	MATCH
32	4(se=false)	2	1	2	1	None	None	MATCH
32	4(se=false)	2	1	2	2	None	None	MATCH
32	5(se=true)	0	0	0	0	None	None	MATCH
32	5(se=true)	0	0	0	1	None	None	MATCH
32	5(se=true)	0	0	0	2	None	None	MATCH
32	5(se=true)	0	0	1	0	None	None	MATCH
32	5(se=true)	0	0	1	1	None	None	MATCH
32	5(se=true)	0	0	1	2	None	None	MATCH
32	5(se=true)	0	0	2	0	None	None	MATCH
32	5(se=true)	0	0	2	1	None	None	MATCH
32	5(se=true)	0	0	2	2	None	None	MATCH
32	5(se=true)	0	1	0	0	None	None	MATCH
32	5(se=true)	0	1	0	1	None	None	MATCH
32	5(se=true)	0	1	0	2	None	None	MATCH
32	5(se=true)	0	1	1	0	None	None	MATCH
32	5(se=true)	0	1	1	1	None	None	MATCH
32	5(se=true)	0	1	1	2	None	None	MATCH
32	5(se=true)	0	1	2	0	None	None	MATCH
32	5(se=true)	0	1	2	1	None	None	MATCH
32	5(se=true)	0	1	2	2	None	None	MATCH
32	5(se=true)	1	0	0	0	Outnumbered	Outnumbered	MATCH
32	5(se=true)	1	0	0	1	Outnumbered	Outnumbered	MATCH
32	5(se=true)	1	0	0	2	Outnumbered	Outnumbered	MATCH
32	5(se=true)	1	0	1	0	StackAhead	StackAhead	MATCH
32	5(se=true)	1	0	1	1	Outnumbered	Outnumbered	MATCH
32	5(se=true)	1	0	1	2	Outnumbered	Outnumbered	MATCH
32	5(se=true)	1	0	2	0	StackAhead	StackAhead	MATCH
32	5(se=true)	1	0	2	1	StackAhead	StackAhead	MATCH
32	5(se=true)	1	0	2	2	Outnumbered	Outnumbered	MATCH
32	5(se=true)	1	1	0	0	Outnumbered	Outnumbered	MATCH
32	5(se=true)	1	1	0	1	Outnumbered	Outnumbered	MATCH
32	5(se=true)	1	1	0	2	Outnumbered	Outnumbered	MATCH
32	5(se=true)	1	1	1	0	StackAhead	StackAhead	MATCH
32	5(se=true)	1	1	1	1	Outnumbered	Outnumbered	MATCH
32	5(se=true)	1	1	1	2	Outnumbered	Outnumbered	MATCH
32	5(se=true)	1	1	2	0	StackAhead	StackAhead	MATCH
32	5(se=true)	1	1	2	1	StackAhead	StackAhead	MATCH
32	5(se=true)	1	1	2	2	Outnumbered	Outnumbered	MATCH
32	5(se=true)	2	0	0	0	Outnumbered	Outnumbered	MATCH
32	5(se=true)	2	0	0	1	Outnumbered	Outnumbered	MATCH
32	5(se=true)	2	0	0	2	Outnumbered	Outnumbered	MATCH
32	5(se=true)	2	0	1	0	StackAhead	StackAhead	MATCH
32	5(se=true)	2	0	1	1	Outnumbered	Outnumbered	MATCH
32	5(se=true)	2	0	1	2	Outnumbered	Outnumbered	MATCH
32	5(se=true)	2	0	2	0	StackAhead	StackAhead	MATCH
32	5(se=true)	2	0	2	1	StackAhead	StackAhead	MATCH
32	5(se=true)	2	0	2	2	Outnumbered	Outnumbered	MATCH
32	5(se=true)	2	1	0	0	Outnumbered	Outnumbered	MATCH
32	5(se=true)	2	1	0	1	Outnumbered	Outnumbered	MATCH
32	5(se=true)	2	1	0	2	Outnumbered	Outnumbered	MATCH
32	5(se=true)	2	1	1	0	StackAhead	StackAhead	MATCH
32	5(se=true)	2	1	1	1	Outnumbered	Outnumbered	MATCH
32	5(se=true)	2	1	1	2	Outnumbered	Outnumbered	MATCH
32	5(se=true)	2	1	2	0	StackAhead	StackAhead	MATCH
32	5(se=true)	2	1	2	1	StackAhead	StackAhead	MATCH
32	5(se=true)	2	1	2	2	Outnumbered	Outnumbered	MATCH
32	6(se=false)	0	0	0	0	None	None	MATCH
32	6(se=false)	0	0	0	1	None	None	MATCH
32	6(se=false)	0	0	0	2	None	None	MATCH
32	6(se=false)	0	0	1	0	None	None	MATCH
32	6(se=false)	0	0	1	1	None	None	MATCH
32	6(se=false)	0	0	1	2	None	None	MATCH
32	6(se=false)	0	0	2	0	None	None	MATCH
32	6(se=false)	0	0	2	1	None	None	MATCH
32	6(se=false)	0	0	2	2	None	None	MATCH
32	6(se=false)	0	1	0	0	None	None	MATCH
32	6(se=false)	0	1	0	1	None	None	MATCH
32	6(se=false)	0	1	0	2	None	None	MATCH
32	6(se=false)	0	1	1	0	None	None	MATCH
32	6(se=false)	0	1	1	1	None	None	MATCH
32	6(se=false)	0	1	1	2	None	None	MATCH
32	6(se=false)	0	1	2	0	None	None	MATCH
32	6(se=false)	0	1	2	1	None	None	MATCH
32	6(se=false)	0	1	2	2	None	None	MATCH
32	6(se=false)	1	0	0	0	None	None	MATCH
32	6(se=false)	1	0	0	1	None	None	MATCH
32	6(se=false)	1	0	0	2	None	None	MATCH
32	6(se=false)	1	0	1	0	None	None	MATCH
32	6(se=false)	1	0	1	1	None	None	MATCH
32	6(se=false)	1	0	1	2	None	None	MATCH
32	6(se=false)	1	0	2	0	None	None	MATCH
32	6(se=false)	1	0	2	1	None	None	MATCH
32	6(se=false)	1	0	2	2	None	None	MATCH
32	6(se=false)	1	1	0	0	None	None	MATCH
32	6(se=false)	1	1	0	1	None	None	MATCH
32	6(se=false)	1	1	0	2	None	None	MATCH
32	6(se=false)	1	1	1	0	None	None	MATCH
32	6(se=false)	1	1	1	1	None	None	MATCH
32	6(se=false)	1	1	1	2	None	None	MATCH
32	6(se=false)	1	1	2	0	None	None	MATCH
32	6(se=false)	1	1	2	1	None	None	MATCH
32	6(se=false)	1	1	2	2	None	None	MATCH
32	6(se=false)	2	0	0	0	None	None	MATCH
32	6(se=false)	2	0	0	1	None	None	MATCH
32	6(se=false)	2	0	0	2	None	None	MATCH
32	6(se=false)	2	0	1	0	None	None	MATCH
32	6(se=false)	2	0	1	1	None	None	MATCH
32	6(se=false)	2	0	1	2	None	None	MATCH
32	6(se=false)	2	0	2	0	None	None	MATCH
32	6(se=false)	2	0	2	1	None	None	MATCH
32	6(se=false)	2	0	2	2	None	None	MATCH
32	6(se=false)	2	1	0	0	None	None	MATCH
32	6(se=false)	2	1	0	1	None	None	MATCH
32	6(se=false)	2	1	0	2	None	None	MATCH
32	6(se=false)	2	1	1	0	None	None	MATCH
32	6(se=false)	2	1	1	1	None	None	MATCH
32	6(se=false)	2	1	1	2	None	None	MATCH
32	6(se=false)	2	1	2	0	None	None	MATCH
32	6(se=false)	2	1	2	1	None	None	MATCH
32	6(se=false)	2	1	2	2	None	None	MATCH
32	7(se=true)	0	0	0	0	None	None	MATCH
32	7(se=true)	0	0	0	1	None	None	MATCH
32	7(se=true)	0	0	0	2	None	None	MATCH
32	7(se=true)	0	0	1	0	None	None	MATCH
32	7(se=true)	0	0	1	1	None	None	MATCH
32	7(se=true)	0	0	1	2	None	None	MATCH
32	7(se=true)	0	0	2	0	None	None	MATCH
32	7(se=true)	0	0	2	1	None	None	MATCH
32	7(se=true)	0	0	2	2	None	None	MATCH
32	7(se=true)	0	1	0	0	None	None	MATCH
32	7(se=true)	0	1	0	1	None	None	MATCH
32	7(se=true)	0	1	0	2	None	None	MATCH
32	7(se=true)	0	1	1	0	None	None	MATCH
32	7(se=true)	0	1	1	1	None	None	MATCH
32	7(se=true)	0	1	1	2	None	None	MATCH
32	7(se=true)	0	1	2	0	None	None	MATCH
32	7(se=true)	0	1	2	1	None	None	MATCH
32	7(se=true)	0	1	2	2	None	None	MATCH
32	7(se=true)	1	0	0	0	Outnumbered	Outnumbered	MATCH
32	7(se=true)	1	0	0	1	Outnumbered	Outnumbered	MATCH
32	7(se=true)	1	0	0	2	Outnumbered	Outnumbered	MATCH
32	7(se=true)	1	0	1	0	StackAhead	StackAhead	MATCH
32	7(se=true)	1	0	1	1	Outnumbered	Outnumbered	MATCH
32	7(se=true)	1	0	1	2	Outnumbered	Outnumbered	MATCH
32	7(se=true)	1	0	2	0	StackAhead	StackAhead	MATCH
32	7(se=true)	1	0	2	1	StackAhead	StackAhead	MATCH
32	7(se=true)	1	0	2	2	Outnumbered	Outnumbered	MATCH
32	7(se=true)	1	1	0	0	Outnumbered	Outnumbered	MATCH
32	7(se=true)	1	1	0	1	Outnumbered	Outnumbered	MATCH
32	7(se=true)	1	1	0	2	Outnumbered	Outnumbered	MATCH
32	7(se=true)	1	1	1	0	StackAhead	StackAhead	MATCH
32	7(se=true)	1	1	1	1	Outnumbered	Outnumbered	MATCH
32	7(se=true)	1	1	1	2	Outnumbered	Outnumbered	MATCH
32	7(se=true)	1	1	2	0	StackAhead	StackAhead	MATCH
32	7(se=true)	1	1	2	1	StackAhead	StackAhead	MATCH
32	7(se=true)	1	1	2	2	Outnumbered	Outnumbered	MATCH
32	7(se=true)	2	0	0	0	Outnumbered	Outnumbered	MATCH
32	7(se=true)	2	0	0	1	Outnumbered	Outnumbered	MATCH
32	7(se=true)	2	0	0	2	Outnumbered	Outnumbered	MATCH
32	7(se=true)	2	0	1	0	StackAhead	StackAhead	MATCH
32	7(se=true)	2	0	1	1	Outnumbered	Outnumbered	MATCH
32	7(se=true)	2	0	1	2	Outnumbered	Outnumbered	MATCH
32	7(se=true)	2	0	2	0	StackAhead	StackAhead	MATCH
32	7(se=true)	2	0	2	1	StackAhead	StackAhead	MATCH
32	7(se=true)	2	0	2	2	Outnumbered	Outnumbered	MATCH
32	7(se=true)	2	1	0	0	Outnumbered	Outnumbered	MATCH
32	7(se=true)	2	1	0	1	Outnumbered	Outnumbered	MATCH
32	7(se=true)	2	1	0	2	Outnumbered	Outnumbered	MATCH
32	7(se=true)	2	1	1	0	StackAhead	StackAhead	MATCH
32	7(se=true)	2	1	1	1	Outnumbered	Outnumbered	MATCH
32	7(se=true)	2	1	1	2	Outnumbered	Outnumbered	MATCH
32	7(se=true)	2	1	2	0	StackAhead	StackAhead	MATCH
32	7(se=true)	2	1	2	1	StackAhead	StackAhead	MATCH
32	7(se=true)	2	1	2	2	Outnumbered	Outnumbered	MATCH
32	8(se=true)	0	0	0	0	None	None	MATCH
32	8(se=true)	0	0	0	1	None	None	MATCH
32	8(se=true)	0	0	0	2	None	None	MATCH
32	8(se=true)	0	0	1	0	None	None	MATCH
32	8(se=true)	0	0	1	1	None	None	MATCH
32	8(se=true)	0	0	1	2	None	None	MATCH
32	8(se=true)	0	0	2	0	None	None	MATCH
32	8(se=true)	0	0	2	1	None	None	MATCH
32	8(se=true)	0	0	2	2	None	None	MATCH
32	8(se=true)	0	1	0	0	None	None	MATCH
32	8(se=true)	0	1	0	1	None	None	MATCH
32	8(se=true)	0	1	0	2	None	None	MATCH
32	8(se=true)	0	1	1	0	None	None	MATCH
32	8(se=true)	0	1	1	1	None	None	MATCH
32	8(se=true)	0	1	1	2	None	None	MATCH
32	8(se=true)	0	1	2	0	None	None	MATCH
32	8(se=true)	0	1	2	1	None	None	MATCH
32	8(se=true)	0	1	2	2	None	None	MATCH
32	8(se=true)	1	0	0	0	Outnumbered	Outnumbered	MATCH
32	8(se=true)	1	0	0	1	Outnumbered	Outnumbered	MATCH
32	8(se=true)	1	0	0	2	Outnumbered	Outnumbered	MATCH
32	8(se=true)	1	0	1	0	StackAhead	StackAhead	MATCH
32	8(se=true)	1	0	1	1	Outnumbered	Outnumbered	MATCH
32	8(se=true)	1	0	1	2	Outnumbered	Outnumbered	MATCH
32	8(se=true)	1	0	2	0	StackAhead	StackAhead	MATCH
32	8(se=true)	1	0	2	1	StackAhead	StackAhead	MATCH
32	8(se=true)	1	0	2	2	Outnumbered	Outnumbered	MATCH
32	8(se=true)	1	1	0	0	Outnumbered	Outnumbered	MATCH
32	8(se=true)	1	1	0	1	Outnumbered	Outnumbered	MATCH
32	8(se=true)	1	1	0	2	Outnumbered	Outnumbered	MATCH
32	8(se=true)	1	1	1	0	StackAhead	StackAhead	MATCH
32	8(se=true)	1	1	1	1	Outnumbered	Outnumbered	MATCH
32	8(se=true)	1	1	1	2	Outnumbered	Outnumbered	MATCH
32	8(se=true)	1	1	2	0	StackAhead	StackAhead	MATCH
32	8(se=true)	1	1	2	1	StackAhead	StackAhead	MATCH
32	8(se=true)	1	1	2	2	Outnumbered	Outnumbered	MATCH
32	8(se=true)	2	0	0	0	Outnumbered	Outnumbered	MATCH
32	8(se=true)	2	0	0	1	Outnumbered	Outnumbered	MATCH
32	8(se=true)	2	0	0	2	Outnumbered	Outnumbered	MATCH
32	8(se=true)	2	0	1	0	StackAhead	StackAhead	MATCH
32	8(se=true)	2	0	1	1	Outnumbered	Outnumbered	MATCH
32	8(se=true)	2	0	1	2	Outnumbered	Outnumbered	MATCH
32	8(se=true)	2	0	2	0	StackAhead	StackAhead	MATCH
32	8(se=true)	2	0	2	1	StackAhead	StackAhead	MATCH
32	8(se=true)	2	0	2	2	Outnumbered	Outnumbered	MATCH
32	8(se=true)	2	1	0	0	Outnumbered	Outnumbered	MATCH
32	8(se=true)	2	1	0	1	Outnumbered	Outnumbered	MATCH
32	8(se=true)	2	1	0	2	Outnumbered	Outnumbered	MATCH
32	8(se=true)	2	1	1	0	StackAhead	StackAhead	MATCH
32	8(se=true)	2	1	1	1	Outnumbered	Outnumbered	MATCH
32	8(se=true)	2	1	1	2	Outnumbered	Outnumbered	MATCH
32	8(se=true)	2	1	2	0	StackAhead	StackAhead	MATCH
32	8(se=true)	2	1	2	1	StackAhead	StackAhead	MATCH
32	8(se=true)	2	1	2	2	Outnumbered	Outnumbered	MATCH
#32_SUMMARY	n=486	bad=0

#34a	team	line	from_mid	count	tower	got	expect	verdict
34m	enemy_of_0	id=45	x=371200	y=80000	minion=true	nearest=None	near=(1,0,0)
34m	enemy_of_0	id=51	x=395200	y=80000	minion=true	nearest=None	near=(1,0,0)
34m	enemy_of_0	id=57	x=419200	y=80000	minion=true	nearest=None	near=(1,0,0)
34m	enemy_of_0	id=46	x=499645	y=460648	minion=true	nearest=Some(43)	near=(0,1,0)
34m	enemy_of_0	id=52	x=516597	y=443685	minion=true	nearest=None	near=(0,1,0)
34m	enemy_of_0	id=58	x=533577	y=426742	minion=true	nearest=None	near=(0,1,0)
34m	enemy_of_0	total=9
34m	enemy_of_1	id=42	x=80000	y=371200	minion=true	nearest=None	near=(1,0,0)
34m	enemy_of_1	id=48	x=80000	y=395200	minion=true	nearest=None	near=(1,0,0)
34m	enemy_of_1	id=54	x=80000	y=419200	minion=true	nearest=None	near=(1,0,0)
34m	enemy_of_1	id=43	x=460606	y=499600	minion=true	nearest=Some(46)	near=(0,1,0)
34m	enemy_of_1	id=49	x=443685	y=516597	minion=true	nearest=None	near=(0,1,0)
34m	enemy_of_1	id=55	x=426742	y=533577	minion=true	nearest=None	near=(0,1,0)
34m	enemy_of_1	total=9
34	0	0	-3001	0	2	false	false	MATCH
34	0	0	-3001	0	18446744073709551614	false	false	MATCH
34	0	0	-3000	0	2	false	false	MATCH
34	0	0	-3000	0	18446744073709551614	false	false	MATCH
34	0	0	-2999	0	2	false	false	MATCH
34	0	0	-2999	0	18446744073709551614	false	false	MATCH
34	0	0	0	-3	2	false	false	MATCH
34	0	0	0	-3	18446744073709551614	false	false	MATCH
34	0	0	0	-2	2	false	false	MATCH
34	0	0	0	-2	18446744073709551614	false	false	MATCH
34	0	0	0	-1	2	false	false	MATCH
34	0	0	0	-1	18446744073709551614	false	false	MATCH
34	0	0	-3001	-3	2	false	false	MATCH
34	0	0	-3001	-3	18446744073709551614	false	false	MATCH
34	0	0	5000	5	2	false	false	MATCH
34	0	0	5000	5	18446744073709551614	false	false	MATCH
34	0	1	-3001	0	2	false	false	MATCH
34	0	1	-3001	0	18446744073709551614	false	false	MATCH
34	0	1	-3000	0	2	false	false	MATCH
34	0	1	-3000	0	18446744073709551614	false	false	MATCH
34	0	1	-2999	0	2	false	false	MATCH
34	0	1	-2999	0	18446744073709551614	false	false	MATCH
34	0	1	0	-3	2	false	false	MATCH
34	0	1	0	-3	18446744073709551614	false	false	MATCH
34	0	1	0	-2	2	false	false	MATCH
34	0	1	0	-2	18446744073709551614	false	false	MATCH
34	0	1	0	-1	2	false	false	MATCH
34	0	1	0	-1	18446744073709551614	false	false	MATCH
34	0	1	-3001	-3	2	false	false	MATCH
34	0	1	-3001	-3	18446744073709551614	false	false	MATCH
34	0	1	5000	5	2	false	false	MATCH
34	0	1	5000	5	18446744073709551614	false	false	MATCH
34	0	2	-3001	0	2	false	false	MATCH
34	0	2	-3001	0	18446744073709551614	false	false	MATCH
34	0	2	-3000	0	2	false	false	MATCH
34	0	2	-3000	0	18446744073709551614	false	false	MATCH
34	0	2	-2999	0	2	false	false	MATCH
34	0	2	-2999	0	18446744073709551614	false	false	MATCH
34	0	2	0	-3	2	false	false	MATCH
34	0	2	0	-3	18446744073709551614	false	false	MATCH
34	0	2	0	-2	2	false	false	MATCH
34	0	2	0	-2	18446744073709551614	false	false	MATCH
34	0	2	0	-1	2	false	false	MATCH
34	0	2	0	-1	18446744073709551614	false	false	MATCH
34	0	2	-3001	-3	2	false	false	MATCH
34	0	2	-3001	-3	18446744073709551614	false	false	MATCH
34	0	2	5000	5	2	false	false	MATCH
34	0	2	5000	5	18446744073709551614	false	false	MATCH
34	1	0	-3001	0	2	false	false	MATCH
34	1	0	-3001	0	18446744073709551614	false	false	MATCH
34	1	0	-3000	0	2	false	false	MATCH
34	1	0	-3000	0	18446744073709551614	false	false	MATCH
34	1	0	-2999	0	2	false	false	MATCH
34	1	0	-2999	0	18446744073709551614	false	false	MATCH
34	1	0	0	-3	2	false	false	MATCH
34	1	0	0	-3	18446744073709551614	false	false	MATCH
34	1	0	0	-2	2	false	false	MATCH
34	1	0	0	-2	18446744073709551614	false	false	MATCH
34	1	0	0	-1	2	false	false	MATCH
34	1	0	0	-1	18446744073709551614	false	false	MATCH
34	1	0	-3001	-3	2	false	false	MATCH
34	1	0	-3001	-3	18446744073709551614	false	false	MATCH
34	1	0	5000	5	2	false	false	MATCH
34	1	0	5000	5	18446744073709551614	false	false	MATCH
34	1	1	-3001	0	2	false	false	MATCH
34	1	1	-3001	0	18446744073709551614	false	false	MATCH
34	1	1	-3000	0	2	false	false	MATCH
34	1	1	-3000	0	18446744073709551614	false	false	MATCH
34	1	1	-2999	0	2	false	false	MATCH
34	1	1	-2999	0	18446744073709551614	false	false	MATCH
34	1	1	0	-3	2	false	false	MATCH
34	1	1	0	-3	18446744073709551614	false	false	MATCH
34	1	1	0	-2	2	false	false	MATCH
34	1	1	0	-2	18446744073709551614	false	false	MATCH
34	1	1	0	-1	2	false	false	MATCH
34	1	1	0	-1	18446744073709551614	false	false	MATCH
34	1	1	-3001	-3	2	false	false	MATCH
34	1	1	-3001	-3	18446744073709551614	false	false	MATCH
34	1	1	5000	5	2	false	false	MATCH
34	1	1	5000	5	18446744073709551614	false	false	MATCH
34	1	2	-3001	0	2	false	false	MATCH
34	1	2	-3001	0	18446744073709551614	false	false	MATCH
34	1	2	-3000	0	2	false	false	MATCH
34	1	2	-3000	0	18446744073709551614	false	false	MATCH
34	1	2	-2999	0	2	false	false	MATCH
34	1	2	-2999	0	18446744073709551614	false	false	MATCH
34	1	2	0	-3	2	false	false	MATCH
34	1	2	0	-3	18446744073709551614	false	false	MATCH
34	1	2	0	-2	2	false	false	MATCH
34	1	2	0	-2	18446744073709551614	false	false	MATCH
34	1	2	0	-1	2	false	false	MATCH
34	1	2	0	-1	18446744073709551614	false	false	MATCH
34	1	2	-3001	-3	2	false	false	MATCH
34	1	2	-3001	-3	18446744073709551614	false	false	MATCH
34	1	2	5000	5	2	false	false	MATCH
34	1	2	5000	5	18446744073709551614	false	false	MATCH
#34_SUMMARY	n=816	bad=0

#TOTAL_BAD	0
