01001 0,17,21,28,17,0,29,0,20,0,31,0,0,0,0,0,20,28,27,31,29,0,33,0,29,0,34,0,0,0,0,0 0,22,17,23,22,0,23,0,22,0,23,0,0,0,0,0,17,23,18,24,23,0,24,0,23,0,24,0,0,0,0,0
00000 0,14,8,0,7,0,0,0,11,0,0,0,0,0,0,0,9,0,0,0,0,0,0,0,0,0,0,0,0,0,0,0 0,16,16,0,16,0,0,0,16,0,0,0,0,0,0,0,16,0,0,0,0,0,0,0,0,0,0,0,0,0,0,0
00000 0,7,5,0,7,0,0,0,6,0,0,0,0,0,0,0,7,0,0,0,0,0,0,0,0,0,0,0,0,0,0,0 0,12,12,0,12,0,0,0,12,0,0,0,0,0,0,0,12,0,0,0,0,0,0,0,0,0,0,0,0,0,0,0
10000 0,19,17,25,15,24,0,0,14,24,0,0,0,0,0,0,18,25,0,0,0,0,0,0,0,0,0,0,0,0,0,0 0,18,27,28,27,28,0,0,27,28,0,0,0,0,0,0,27,28,0,0,0,0,0,0,0,0,0,0,0,0,0,0
00000 0,3,3,0,0,0,0,0,1,0,0,0,0,0,0,0,2,0,0,0,0,0,0,0,0,0,0,0,0,0,0,0 0,10,10,0,0,0,0,0,10,0,0,0,0,0,0,0,10,0,0,0,0,0,0,0,0,0,0,0,0,0,0,0
11111 0,19,23,34,19,28,28,35,19,27,30,35,27,31,33,36,22,31,32,36,30,35,33,36,31,34,36,37,34,36,36,37 0,6,6,7,6,7,7,8,6,7,7,8,7,8,8,9,6,7,7,8,7,8,8,9,7,8,8,9,8,9,9,10
00010 0,18,15,0,16,0,0,0,19,28,28,0,29,0,0,0,14,0,0,0,0,0,0,0,28,0,0,0,0,0,0,0 0,21,21,0,21,0,0,0,12,22,22,0,22,0,0,0,21,0,0,0,0,0,0,0,22,0,0,0,0,0,0,0
10000 0,10,5,11,7,10,0,0,4,10,0,0,0,0,0,0,4,12,0,0,0,0,0,0,0,0,0,0,0,0,0,0 0,10,19,20,19,20,0,0,19,20,0,0,0,0,0,0,19,20,0,0,0,0,0,0,0,0,0,0,0,0,0,0
00010 0,7,6,0,4,0,0,0,6,10,11,0,8,0,0,0,6,0,0,0,0,0,0,0,9,0,0,0,0,0,0,0 0,7,7,0,7,0,0,0,6,8,8,0,8,0,0,0,7,0,0,0,0,0,0,0,8,0,0,0,0,0,0,0
00001 0,16,11,0,13,0,0,0,13,0,0,0,0,0,0,0,19,24,23,0,26,0,0,0,26,0,0,0,0,0,0,0 0,21,21,0,21,0,0,0,21,0,0,0,0,0,0,0,12,22,22,0,22,0,0,0,22,0,0,0,0,0,0,0
10100 0,15,13,20,14,24,20,24,7,18,0,0,17,24,0,0,9,19,0,0,18,24,0,0,0,0,0,0,0,0,0,0 0,13,14,15,13,14,15,16,14,15,0,0,15,16,0,0,14,15,0,0,15,16,0,0,0,0,0,0,0,0,0,0
11111 0,21,21,31,15,27,25,32,19,30,26,33,25,33,29,34,23,31,31,36,29,34,34,37,31,37,33,37,34,38,35,38 0,6,6,7,6,7,7,8,6,7,7,8,7,8,8,9,6,7,7,8,7,8,8,9,7,8,8,9,8,9,9,10
00000 0,5,7,0,5,0,0,0,3,0,0,0,0,0,0,0,6,0,0,0,0,0,0,0,0,0,0,0,0,0,0,0 0,8,8,0,8,0,0,0,8,0,0,0,0,0,0,0,8,0,0,0,0,0,0,0,0,0,0,0,0,0,0,0
00000 0,5,6,0,5,0,0,0,6,0,0,0,0,0,0,0,4,0,0,0,0,0,0,0,0,0,0,0,0,0,0,0 0,14,14,0,14,0,0,0,14,0,0,0,0,0,0,0,14,0,0,0,0,0,0,0,0,0,0,0,0,0,0,0
10010 0,13,12,21,19,22,0,0,12,21,17,24,24,25,0,0,11,18,0,0,0,0,0,0,20,24,0,0,0,0,0,0 0,11,16,17,16,17,0,0,11,12,17,18,17,18,0,0,16,17,0,0,0,0,0,0,17,18,0,0,0,0,0,0
00000 0,4,2,0,4,0,0,0,6,0,0,0,0,0,0,0,2,0,0,0,0,0,0,0,0,0,0,0,0,0,0,0 0,12,12,0,12,0,0,0,12,0,0,0,0,0,0,0,12,0,0,0,0,0,0,0,0,0,0,0,0,0,0,0
00110 0,15,11,0,19,26,24,0,19,25,23,0,29,32,30,0,17,0,0,0,27,0,0,0,28,0,0,0,32,0,0,0 0,18,18,0,13,19,19,0,13,19,19,0,14,20,20,0,18,0,0,0,19,0,0,0,19,0,0,0,20,0,0,0
01000 0,14,11,19,9,0,15,0,9,0,17,0,0,0,0,0,11,0,17,0,0,0,0,0,0,0,0,0,0,0,0,0 0,19,10,20,19,0,20,0,19,0,20,0,0,0,0,0,19,0,20,0,0,0,0,0,0,0,0,0,0,0,0,0
00100 0,11,13,0,18,22,20,0,15,0,0,0,23,0,0,0,14,0,0,0,23,0,0,0,0,0,0,0,0,0,0,0 0,19,19,0,14,20,20,0,19,0,0,0,20,0,0,0,19,0,0,0,20,0,0,0,0,0,0,0,0,0,0,0
01000 0,12,14,20,10,0,18,0,15,0,21,0,0,0,0,0,12,0,20,0,0,0,0,0,0,0,0,0,0,0,0,0 0,19,10,20,19,0,20,0,19,0,20,0,0,0,0,0,19,0,20,0,0,0,0,0,0,0,0,0,0,0,0,0
00000 0,5,7,0,5,0,0,0,9,0,0,0,0,0,0,0,8,0,0,0,0,0,0,0,0,0,0,0,0,0,0,0 0,10,10,0,10,0,0,0,10,0,0,0,0,0,0,0,10,0,0,0,0,0,0,0,0,0,0,0,0,0,0,0
11111 0,13,11,15,17,22,20,23,10,17,16,18,20,23,21,23,10,16,16,17,19,22,22,23,18,20,20,20,22,23,23,23 0,10,10,11,10,11,11,12,10,11,11,12,11,12,12,13,10,11,11,12,11,12,12,13,11,12,12,13,12,13,13,14
00000 0,1,3,0,3,0,0,0,3,0,0,0,0,0,0,0,4,0,0,0,0,0,0,0,0,0,0,0,0,0,0,0 0,12,12,0,12,0,0,0,12,0,0,0,0,0,0,0,12,0,0,0,0,0,0,0,0,0,0,0,0,0,0,0
00000 0,8,10,0,6,0,0,0,10,0,0,0,0,0,0,0,8,0,0,0,0,0,0,0,0,0,0,0,0,0,0,0 0,12,12,0,12,0,0,0,12,0,0,0,0,0,0,0,12,0,0,0,0,0,0,0,0,0,0,0,0,0,0,0
00000 0,5,6,0,4,0,0,0,5,0,0,0,0,0,0,0,7,0,0,0,0,0,0,0,0,0,0,0,0,0,0,0 0,14,14,0,14,0,0,0,14,0,0,0,0,0,0,0,14,0,0,0,0,0,0,0,0,0,0,0,0,0,0,0
00010 0,4,9,0,9,0,0,0,12,13,16,0,14,0,0,0,9,0,0,0,0,0,0,0,15,0,0,0,0,0,0,0 0,13,13,0,13,0,0,0,8,14,14,0,14,0,0,0,13,0,0,0,0,0,0,0,14,0,0,0,0,0,0,0
11000 0,19,21,26,12,25,26,30,12,22,23,27,0,0,0,0,11,24,25,29,0,0,0,0,0,0,0,0,0,0,0,0 0,19,19,20,28,29,29,30,28,29,29,30,0,0,0,0,28,29,29,30,0,0,0,0,0,0,0,0,0,0,0,0
00010 0,18,17,0,16,0,0,0,26,35,32,0,30,0,0,0,18,0,0,0,0,0,0,0,30,0,0,0,0,0,0,0 0,19,19,0,19,0,0,0,14,20,20,0,20,0,0,0,19,0,0,0,0,0,0,0,20,0,0,0,0,0,0,0
11111 0,19,16,25,19,27,22,27,19,25,26,28,25,28,27,28,17,25,25,28,24,28,26,28,25,27,28,29,27,29,28,29 0,10,10,11,10,11,11,12,10,11,11,12,11,12,12,13,10,11,11,12,11,12,12,13,11,12,12,13,12,13,13,14
01000 0,4,6,8,2,0,6,0,4,0,8,0,0,0,0,0,5,0,7,0,0,0,0,0,0,0,0,0,0,0,0,0 0,7,6,8,7,0,8,0,7,0,8,0,0,0,0,0,7,0,8,0,0,0,0,0,0,0,0,0,0,0,0,0
11111 0,18,19,24,26,30,32,33,30,33,35,35,37,37,39,39,16,26,26,31,33,35,36,37,33,35,37,37,38,38,40,40 0,12,12,13,12,13,13,14,12,13,13,14,13,14,14,15,12,13,13,14,13,14,14,15,13,14,14,15,14,15,15,16
11000 0,4,5,6,3,5,6,6,3,6,5,6,0,0,0,0,3,5,6,6,0,0,0,0,0,0,0,0,0,0,0,0 0,3,3,4,4,5,5,6,4,5,5,6,0,0,0,0,4,5,5,6,0,0,0,0,0,0,0,0,0,0,0,0
00000 0,6,6,0,10,0,0,0,5,0,0,0,0,0,0,0,8,0,0,0,0,0,0,0,0,0,0,0,0,0,0,0 0,12,12,0,12,0,0,0,12,0,0,0,0,0,0,0,12,0,0,0,0,0,0,0,0,0,0,0,0,0,0,0
00000 0,13,12,0,11,0,0,0,11,0,0,0,0,0,0,0,5,0,0,0,0,0,0,0,0,0,0,0,0,0,0,0 0,16,16,0,16,0,0,0,16,0,0,0,0,0,0,0,16,0,0,0,0,0,0,0,0,0,0,0,0,0,0,0
00000 0,3,6,0,7,0,0,0,6,0,0,0,0,0,0,0,4,0,0,0,0,0,0,0,0,0,0,0,0,0,0,0 0,8,8,0,8,0,0,0,8,0,0,0,0,0,0,0,8,0,0,0,0,0,0,0,0,0,0,0,0,0,0,0
01000 0,6,8,9,7,0,10,0,7,0,10,0,0,0,0,0,3,0,10,0,0,0,0,0,0,0,0,0,0,0,0,0 0,13,8,14,13,0,14,0,13,0,14,0,0,0,0,0,13,0,14,0,0,0,0,0,0,0,0,0,0,0,0,0
00000 0,5,5,0,5,0,0,0,7,0,0,0,0,0,0,0,3,0,0,0,0,0,0,0,0,0,0,0,0,0,0,0 0,8,8,0,8,0,0,0,8,0,0,0,0,0,0,0,8,0,0,0,0,0,0,0,0,0,0,0,0,0,0,0
11000 0,20,20,30,16,25,26,30,11,23,26,31,0,0,0,0,12,26,26,32,0,0,0,0,0,0,0,0,0,0,0,0 0,17,17,18,22,23,23,24,22,23,23,24,0,0,0,0,22,23,23,24,0,0,0,0,0,0,0,0,0,0,0,0
00100 0,25,22,0,20,35,34,0,24,0,0,0,35,0,0,0,18,0,0,0,31,0,0,0,0,0,0,0,0,0,0,0 0,25,25,0,16,26,26,0,25,0,0,0,26,0,0,0,25,0,0,0,26,0,0,0,0,0,0,0,0,0,0,0
00000 0,17,15,0,15,0,0,0,15,0,0,0,0,0,0,0,14,0,0,0,0,0,0,0,0,0,0,0,0,0,0,0 0,18,18,0,18,0,0,0,18,0,0,0,0,0,0,0,18,0,0,0,0,0,0,0,0,0,0,0,0,0,0,0
10110 0,7,3,7,6,9,7,9,5,8,6,8,8,10,8,10,2,8,0,0,8,10,0,0,6,8,0,0,9,10,0,0 0,4,5,6,4,5,6,7,4,5,6,7,5,6,7,8,4,6,0,0,6,7,0,0,6,7,0,0,7,8,0,0
11111 0,18,18,27,15,22,22,27,20,25,26,28,25,26,27,28,15,24,23,28,24,26,26,28,24,27,27,29,27,28,28,29 0,6,6,7,6,7,7,8,6,7,7,8,7,8,8,9,6,7,7,8,7,8,8,9,7,8,8,9,8,9,9,10
00000 0,3,4,0,2,0,0,0,4,0,0,0,0,0,0,0,3,0,0,0,0,0,0,0,0,0,0,0,0,0,0,0 0,6,6,0,6,0,0,0,6,0,0,0,0,0,0,0,6,0,0,0,0,0,0,0,0,0,0,0,0,0,0,0
01101 0,13,27,31,22,27,36,37,22,0,36,0,31,0,39,0,28,29,37,37,34,35,41,41,35,0,41,0,36,0,41,0 0,27,22,28,22,28,23,29,27,0,28,0,28,0,29,0,22,28,23,29,23,29,24,30,28,0,29,0,29,0,30,0
01010 0,19,22,28,14,0,25,0,21,28,30,31,28,0,30,0,19,0,29,0,0,0,0,0,28,0,32,0,0,0,0,0 0,26,21,27,26,0,27,0,21,27,22,28,27,0,28,0,26,0,27,0,0,0,0,0,27,0,28,0,0,0,0,0
10000 0,18,16,26,17,26,0,0,18,27,0,0,0,0,0,0,20,27,0,0,0,0,0,0,0,0,0,0,0,0,0,0 0,12,21,22,21,22,0,0,21,22,0,0,0,0,0,0,21,22,0,0,0,0,0,0,0,0,0,0,0,0,0,0
00000 0,9,10,0,6,0,0,0,5,0,0,0,0,0,0,0,6,0,0,0,0,0,0,0,0,0,0,0,0,0,0,0 0,16,16,0,16,0,0,0,16,0,0,0,0,0,0,0,16,0,0,0,0,0,0,0,0,0,0,0,0,0,0,0
00110 0,17,19,0,23,29,33,0,24,28,32,0,34,35,37,0,19,0,0,0,30,0,0,0,32,0,0,0,36,0,0,0 0,32,32,0,23,33,33,0,23,33,33,0,24,34,34,0,32,0,0,0,33,0,0,0,33,0,0,0,34,0,0,0
01000 0,20,21,26,17,0,27,0,15,0,27,0,0,0,0,0,13,0,25,0,0,0,0,0,0,0,0,0,0,0,0,0 0,29,20,30,29,0,30,0,29,0,30,0,0,0,0,0,29,0,30,0,0,0,0,0,0,0,0,0,0,0,0,0
11000 0,20,18,30,14,25,25,31,14,25,24,30,0,0,0,0,14,27,22,31,0,0,0,0,0,0,0,0,0,0,0,0 0,17,17,18,22,23,23,24,22,23,23,24,0,0,0,0,22,23,23,24,0,0,0,0,0,0,0,0,0,0,0,0
10101 0,23,17,31,24,35,30,38,15,31,0,0,28,36,0,0,27,31,35,37,35,36,38,39,31,35,0,0,36,37,0,0 0,22,27,28,22,23,28,29,27,28,0,0,28,29,0,0,22,23,28,29,23,24,29,30,28,29,0,0,29,30,0,0
11000 0,13,12,15,8,15,14,16,11,16,16,16,0,0,0,0,11,14,14,15,0,0,0,0,0,0,0,0,0,0,0,0 0,11,11,12,16,17,17,18,16,17,17,18,0,0,0,0,16,17,17,18,0,0,0,0,0,0,0,0,0,0,0,0
00000 0,3,2,0,4,0,0,0,2,0,0,0,0,0,0,0,1,0,0,0,0,0,0,0,0,0,0,0,0,0,0,0 0,16,16,0,16,0,0,0,16,0,0,0,0,0,0,0,16,0,0,0,0,0,0,0,0,0,0,0,0,0,0,0
00000 0,4,5,0,3,0,0,0,3,0,0,0,0,0,0,0,4,0,0,0,0,0,0,0,0,0,0,0,0,0,0,0 0,10,10,0,10,0,0,0,10,0,0,0,0,0,0,0,10,0,0,0,0,0,0,0,0,0,0,0,0,0,0,0
00000 0,2,5,0,5,0,0,0,5,0,0,0,0,0,0,0,5,0,0,0,0,0,0,0,0,0,0,0,0,0,0,0 0,14,14,0,14,0,0,0,14,0,0,0,0,0,0,0,14,0,0,0,0,0,0,0,0,0,0,0,0,0,0,0
00010 0,14,10,0,7,0,0,0,14,21,20,0,20,0,0,0,16,0,0,0,0,0,0,0,20,0,0,0,0,0,0,0 0,17,17,0,17,0,0,0,12,18,18,0,18,0,0,0,17,0,0,0,0,0,0,0,18,0,0,0,0,0,0,0
01100 0,15,17,24,21,26,27,29,18,0,28,0,27,0,31,0,19,0,25,0,27,0,30,0,0,0,0,0,0,0,0,0 0,22,17,23,17,23,18,24,22,0,23,0,23,0,24,0,22,0,23,0,23,0,24,0,0,0,0,0,0,0,0,0
00000 0,8,8,0,5,0,0,0,7,0,0,0,0,0,0,0,8,0,0,0,0,0,0,0,0,0,0,0,0,0,0,0 0,12,12,0,12,0,0,0,12,0,0,0,0,0,0,0,12,0,0,0,0,0,0,0,0,0,0,0,0,0,0,0
11100 0,9,9,13,11,15,15,16,7,13,11,15,13,15,15,16,8,11,11,13,14,15,15,16,0,0,0,0,0,0,0,0 0,8,8,9,8,9,9,10,9,10,10,11,10,11,11,12,9,10,10,11,10,11,11,12,0,0,0,0,0,0,0,0
00000 0,7,4,0,5,0,0,0,5,0,0,0,0,0,0,0,7,0,0,0,0,0,0,0,0,0,0,0,0,0,0,0 0,12,12,0,12,0,0,0,12,0,0,0,0,0,0,0,12,0,0,0,0,0,0,0,0,0,0,0,0,0,0,0
11111 0,19,17,28,21,31,26,34,22,30,25,32,29,34,30,35,20,28,28,33,30,35,32,36,30,33,33,35,33,35,34,36 0,10,10,11,10,11,11,12,10,11,11,12,11,12,12,13,10,11,11,12,11,12,12,13,11,12,12,13,12,13,13,14
11011 0,11,12,18,10,16,19,22,13,20,21,24,17,22,23,25,14,20,18,22,18,22,21,24,21,25,24,26,23,26,25,27 0,11,11,12,12,13,13,14,11,12,12,13,13,14,14,15,11,12,12,13,13,14,14,15,12,13,13,14,14,15,15,16
10001 0,17,13,23,17,23,0,0,19,24,0,0,0,0,0,0,16,25,23,29,23,27,0,0,23,27,0,0,0,0,0,0 0,15,20,21,20,21,0,0,20,21,0,0,0,0,0,0,15,16,21,22,21,22,0,0,21,22,0,0,0,0,0,0
00000 0,8,9,0,3,0,0,0,8,0,0,0,0,0,0,0,7,0,0,0,0,0,0,0,0,0,0,0,0,0,0,0 0,20,20,0,20,0,0,0,20,0,0,0,0,0,0,0,20,0,0,0,0,0,0,0,0,0,0,0,0,0,0,0
11101 0,14,10,20,12,18,19,22,6,15,14,20,15,19,21,22,11,18,17,22,17,21,21,23,13,18,19,22,18,21,22,23 0,9,9,10,9,10,10,11,10,11,11,12,11,12,12,13,9,10,10,11,10,11,11,12,11,12,12,13,12,13,13,14
00001 0,22,20,0,19,0,0,0,21,0,0,0,0,0,0,0,21,33,30,0,28,0,0,0,33,0,0,0,0,0,0,0 0,23,23,0,23,0,0,0,23,0,0,0,0,0,0,0,14,24,24,0,24,0,0,0,24,0,0,0,0,0,0,0
11111 0,20,21,30,19,29,27,33,19,26,28,33,27,32,30,34,22,29,31,33,28,32,33,35,29,33,34,36,31,34,34,36 0,10,10,11,10,11,11,12,10,11,11,12,11,12,12,13,10,11,11,12,11,12,12,13,11,12,12,13,12,13,13,14
00000 0,5,5,0,6,0,0,0,6,0,0,0,0,0,0,0,6,0,0,0,0,0,0,0,0,0,0,0,0,0,0,0 0,8,8,0,8,0,0,0,8,0,0,0,0,0,0,0,8,0,0,0,0,0,0,0,0,0,0,0,0,0,0,0
00000 0,6,4,0,7,0,0,0,4,0,0,0,0,0,0,0,6,0,0,0,0,0,0,0,0,0,0,0,0,0,0,0 0,16,16,0,16,0,0,0,16,0,0,0,0,0,0,0,16,0,0,0,0,0,0,0,0,0,0,0,0,0,0,0
10000 0,17,20,27,21,31,0,0,20,30,0,0,0,0,0,0,19,28,0,0,0,0,0,0,0,0,0,0,0,0,0,0 0,14,23,24,23,24,0,0,23,24,0,0,0,0,0,0,23,24,0,0,0,0,0,0,0,0,0,0,0,0,0,0
11001 0,23,20,32,18,30,27,35,20,30,29,35,0,0,0,0,26,35,32,37,30,36,33,38,32,37,35,38,0,0,0,0 0,20,20,21,25,26,26,27,25,26,26,27,0,0,0,0,20,21,21,22,26,27,27,28,26,27,27,28,0,0,0,0
00100 0,7,10,0,9,11,13,0,6,0,0,0,10,0,0,0,9,0,0,0,11,0,0,0,0,0,0,0,0,0,0,0 0,11,11,0,6,12,12,0,11,0,0,0,12,0,0,0,11,0,0,0,12,0,0,0,0,0,0,0,0,0,0,0
11111 0,13,10,15,11,17,16,17,7,17,14,17,12,17,16,17,9,14,14,16,15,17,17,17,13,17,16,17,15,17,17,17 0,6,6,7,6,7,7,8,6,7,7,8,7,8,8,9,6,7,7,8,7,8,8,9,7,8,8,9,8,9,9,10
01010 0,9,10,13,8,0,15,0,16,18,21,21,18,0,22,0,6,0,15,0,0,0,0,0,18,0,22,0,0,0,0,0 0,10,9,11,10,0,11,0,9,11,10,12,11,0,12,0,10,0,11,0,0,0,0,0,11,0,12,0,0,0,0,0
00000 0,10,13,0,12,0,0,0,14,0,0,0,0,0,0,0,15,0,0,0,0,0,0,0,0,0,0,0,0,0,0,0 0,16,16,0,16,0,0,0,16,0,0,0,0,0,0,0,16,0,0,0,0,0,0,0,0,0,0,0,0,0,0,0
00000 0,8,8,0,11,0,0,0,7,0,0,0,0,0,0,0,6,0,0,0,0,0,0,0,0,0,0,0,0,0,0,0 0,14,14,0,14,0,0,0,14,0,0,0,0,0,0,0,14,0,0,0,0,0,0,0,0,0,0,0,0,0,0,0
01101 0,20,21,33,21,31,33,39,18,0,28,0,28,0,34,0,20,29,34,39,32,36,41,42,31,0,38,0,37,0,42,0 0,23,18,24,18,24,19,25,23,0,24,0,24,0,25,0,18,24,19,25,19,25,20,26,24,0,25,0,25,0,26,0
11000 0,17,16,27,16,25,26,32,18,27,26,32,0,0,0,0,17,27,25,32,0,0,0,0,0,0,0,0,0,0,0,0 0,15,15,16,20,21,21,22,20,21,21,22,0,0,0,0,20,21,21,22,0,0,0,0,0,0,0,0,0,0,0,0
00000 0,4,3,0,7,0,0,0,2,0,0,0,0,0,0,0,7,0,0,0,0,0,0,0,0,0,0,0,0,0,0,0 0,20,20,0,20,0,0,0,20,0,0,0,0,0,0,0,20,0,0,0,0,0,0,0,0,0,0,0,0,0,0,0
11111 0,16,15,21,14,19,21,23,11,21,18,23,17,22,22,24,9,19,18,21,19,22,22,23,15,22,20,23,20,23,23,24 0,8,8,9,8,9,9,10,8,9,9,10,9,10,10,11,8,9,9,10,9,10,10,11,9,10,10,11,10,11,11,12
00110 0,18,18,0,21,29,28,0,23,29,30,0,32,34,35,0,18,0,0,0,33,0,0,0,29,0,0,0,36,0,0,0 0,22,22,0,17,23,23,0,17,23,23,0,18,24,24,0,22,0,0,0,23,0,0,0,23,0,0,0,24,0,0,0
00000 0,6,8,0,4,0,0,0,7,0,0,0,0,0,0,0,7,0,0,0,0,0,0,0,0,0,0,0,0,0,0,0 0,14,14,0,14,0,0,0,14,0,0,0,0,0,0,0,14,0,0,0,0,0,0,0,0,0,0,0,0,0,0,0
00001 0,18,20,0,18,0,0,0,20,0,0,0,0,0,0,0,18,30,26,0,28,0,0,0,28,0,0,0,0,0,0,0 0,21,21,0,21,0,0,0,21,0,0,0,0,0,0,0,12,22,22,0,22,0,0,0,22,0,0,0,0,0,0,0
00100 0,21,18,0,25,36,31,0,21,0,0,0,35,0,0,0,15,0,0,0,32,0,0,0,0,0,0,0,0,0,0,0 0,25,25,0,16,26,26,0,25,0,0,0,26,0,0,0,25,0,0,0,26,0,0,0,0,0,0,0,0,0,0,0
11001 0,18,18,28,16,26,25,31,17,27,28,33,0,0,0,0,20,28,27,31,25,31,28,32,31,33,33,34,0,0,0,0 0,18,18,19,23,24,24,25,23,24,24,25,0,0,0,0,18,19,19,20,24,25,25,26,24,25,25,26,0,0,0,0
00000 0,1,4,0,2,0,0,0,3,0,0,0,0,0,0,0,3,0,0,0,0,0,0,0,0,0,0,0,0,0,0,0 0,16,16,0,16,0,0,0,16,0,0,0,0,0,0,0,16,0,0,0,0,0,0,0,0,0,0,0,0,0,0,0
00010 0,24,19,0,20,0,0,0,29,37,36,0,37,0,0,0,18,0,0,0,0,0,0,0,32,0,0,0,0,0,0,0 0,29,29,0,29,0,0,0,20,30,30,0,30,0,0,0,29,0,0,0,0,0,0,0,30,0,0,0,0,0,0,0
00000 0,4,6,0,5,0,0,0,4,0,0,0,0,0,0,0,5,0,0,0,0,0,0,0,0,0,0,0,0,0,0,0 0,10,10,0,10,0,0,0,10,0,0,0,0,0,0,0,10,0,0,0,0,0,0,0,0,0,0,0,0,0,0,0
00000 0,6,5,0,7,0,0,0,7,0,0,0,0,0,0,0,6,0,0,0,0,0,0,0,0,0,0,0,0,0,0,0 0,8,8,0,8,0,0,0,8,0,0,0,0,0,0,0,8,0,0,0,0,0,0,0,0,0,0,0,0,0,0,0
00000 0,6,5,0,6,0,0,0,5,0,0,0,0,0,0,0,9,0,0,0,0,0,0,0,0,0,0,0,0,0,0,0 0,14,14,0,14,0,0,0,14,0,0,0,0,0,0,0,14,0,0,0,0,0,0,0,0,0,0,0,0,0,0,0
00010 0,16,12,0,15,0,0,0,16,23,20,0,21,0,0,0,14,0,0,0,0,0,0,0,21,0,0,0,0,0,0,0 0,21,21,0,21,0,0,0,12,22,22,0,22,0,0,0,21,0,0,0,0,0,0,0,22,0,0,0,0,0,0,0
00000 0,0,3,0,1,0,0,0,4,0,0,0,0,0,0,0,3,0,0,0,0,0,0,0,0,0,0,0,0,0,0,0 0,0,6,0,6,0,0,0,6,0,0,0,0,0,0,0,6,0,0,0,0,0,0,0,0,0,0,0,0,0,0,0
11101 0,7,7,11,7,11,10,13,6,9,12,13,10,12,13,14,5,11,11,14,10,14,12,15,8,11,13,14,12,14,14,15 0,5,5,6,5,6,6,7,6,7,7,8,7,8,8,9,5,6,6,7,6,7,7,8,7,8,8,9,8,9,9,10
10000 0,22,16,28,18,30,0,0,18,30,0,0,0,0,0,0,20,31,0,0,0,0,0,0,0,0,0,0,0,0,0,0 0,12,21,22,21,22,0,0,21,22,0,0,0,0,0,0,21,22,0,0,0,0,0,0,0,0,0,0,0,0,0,0
10011 0,18,13,24,12,25,0,0,15,24,21,27,20,26,0,0,16,24,25,28,21,28,0,0,23,27,27,29,24,28,0,0 0,14,15,16,15,16,0,0,14,15,16,17,16,17,0,0,14,15,16,17,16,17,0,0,15,16,17,18,17,18,0,0
00000 0,5,7,0,7,0,0,0,4,0,0,0,0,0,0,0,10,0,0,0,0,0,0,0,0,0,0,0,0,0,0,0 0,16,16,0,16,0,0,0,16,0,0,0,0,0,0,0,16,0,0,0,0,0,0,0,0,0,0,0,0,0,0,0
11000 0,11,11,14,6,14,13,15,9,16,16,17,0,0,0,0,10,17,17,18,0,0,0,0,0,0,0,0,0,0,0,0 0,11,11,12,12,13,13,14,12,13,13,14,0,0,0,0,12,13,13,14,0,0,0,0,0,0,0,0,0,0,0,0
11111 0,29,21,34,10,30,27,35,23,36,34,39,25,37,36,40,23,33,33,37,29,34,36,38,35,38,39,40,36,39,40,41 0,8,8,9,8,9,9,10,8,9,9,10,9,10,10,11,8,9,9,10,9,10,10,11,9,10,10,11,10,11,11,12
00000 0,6,9,0,6,0,0,0,8,0,0,0,0,0,0,0,9,0,0,0,0,0,0,0,0,0,0,0,0,0,0,0 0,10,10,0,10,0,0,0,10,0,0,0,0,0,0,0,10,0,0,0,0,0,0,0,0,0,0,0,0,0,0,0
11111 0,26,25,35,18,33,32,38,24,34,36,39,30,36,39,40,17,32,28,36,26,36,33,38,32,37,36,39,36,39,39,40 0,14,14,15,14,15,15,16,14,15,15,16,15,16,16,17,14,15,15,16,15,16,16,17,15,16,16,17,16,17,17,18
00000 0,3,6,0,4,0,0,0,2,0,0,0,0,0,0,0,7,0,0,0,0,0,0,0,0,0,0,0,0,0,0,0 0,12,12,0,12,0,0,0,12,0,0,0,0,0,0,0,12,0,0,0,0,0,0,0,0,0,0,0,0,0,0,0
00100 0,10,12,0,16,18,20,0,12,0,0,0,20,0,0,0,10,0,0,0,18,0,0,0,0,0,0,0,0,0,0,0 0,23,23,0,14,24,24,0,23,0,0,0,24,0,0,0,23,0,0,0,24,0,0,0,0,0,0,0,0,0,0,0
10000 0,17,8,21,16,21,0,0,13,21,0,0,0,0,0,0,10,21,0,0,0,0,0,0,0,0,0,0,0,0,0,0 0,10,19,20,19,20,0,0,19,20,0,0,0,0,0,0,19,20,0,0,0,0,0,0,0,0,0,0,0,0,0,0
00000 0,2,4,0,3,0,0,0,2,0,0,0,0,0,0,0,4,0,0,0,0,0,0,0,0,0,0,0,0,0,0,0 0,12,12,0,12,0,0,0,12,0,0,0,0,0,0,0,12,0,0,0,0,0,0,0,0,0,0,0,0,0,0,0
00000 0,5,5,0,4,0,0,0,5,0,0,0,0,0,0,0,7,0,0,0,0,0,0,0,0,0,0,0,0,0,0,0 0,14,14,0,14,0,0,0,14,0,0,0,0,0,0,0,14,0,0,0,0,0,0,0,0,0,0,0,0,0,0,0
10000 0,21,21,34,23,33,0,0,15,31,0,0,0,0,0,0,25,33,0,0,0,0,0,0,0,0,0,0,0,0,0,0 0,16,25,26,25,26,0,0,25,26,0,0,0,0,0,0,25,26,0,0,0,0,0,0,0,0,0,0,0,0,0,0
10010 0,12,7,14,8,15,0,0,11,17,14,17,17,19,0,0,9,16,0,0,0,0,0,0,15,19,0,0,0,0,0,0 0,11,16,17,16,17,0,0,11,12,17,18,17,18,0,0,16,17,0,0,0,0,0,0,17,18,0,0,0,0,0,0
00000 0,3,5,0,7,0,0,0,6,0,0,0,0,0,0,0,6,0,0,0,0,0,0,0,0,0,0,0,0,0,0,0 0,16,16,0,16,0,0,0,16,0,0,0,0,0,0,0,16,0,0,0,0,0,0,0,0,0,0,0,0,0,0,0
00000 0,12,16,0,17,0,0,0,18,0,0,0,0,0,0,0,15,0,0,0,0,0,0,0,0,0,0,0,0,0,0,0 0,20,20,0,20,0,0,0,20,0,0,0,0,0,0,0,20,0,0,0,0,0,0,0,0,0,0,0,0,0,0,0
11111 0,27,22,33,16,32,27,35,21,35,31,38,29,37,35,39,20,31,30,34,31,35,34,36,31,37,35,38,37,39,38,39 0,10,10,11,10,11,11,12,10,11,11,12,11,12,12,13,10,11,11,12,11,12,12,13,11,12,12,13,12,13,13,14
11100 0,16,16,25,21,25,25,27,10,19,21,26,24,27,26,28,14,21,23,26,23,26,27,28,0,0,0,0,0,0,0,0 0,16,16,17,16,17,17,18,21,22,22,23,22,23,23,24,21,22,22,23,22,23,23,24,0,0,0,0,0,0,0,0
11000 0,25,24,34,15,32,29,37,18,32,32,39,0,0,0,0,25,33,35,37,0,0,0,0,0,0,0,0,0,0,0,0 0,21,21,22,26,27,27,28,26,27,27,28,0,0,0,0,26,27,27,28,0,0,0,0,0,0,0,0,0,0,0,0
00000 0,11,14,0,15,0,0,0,12,0,0,0,0,0,0,0,14,0,0,0,0,0,0,0,0,0,0,0,0,0,0,0 0,20,20,0,20,0,0,0,20,0,0,0,0,0,0,0,20,0,0,0,0,0,0,0,0,0,0,0,0,0,0,0
00001 0,17,17,0,13,0,0,0,22,0,0,0,0,0,0,0,20,28,29,0,25,0,0,0,30,0,0,0,0,0,0,0 0,29,29,0,29,0,0,0,29,0,0,0,0,0,0,0,20,30,30,0,30,0,0,0,30,0,0,0,0,0,0,0
00001 0,12,14,0,10,0,0,0,7,0,0,0,0,0,0,0,16,20,21,0,20,0,0,0,19,0,0,0,0,0,0,0 0,25,25,0,25,0,0,0,25,0,0,0,0,0,0,0,16,26,26,0,26,0,0,0,26,0,0,0,0,0,0,0
01110 0,12,18,21,14,22,24,26,16,20,22,23,23,25,25,26,13,0,21,0,22,0,25,0,19,0,23,0,26,0,26,0 0,15,14,16,14,16,15,17,14,16,15,17,15,17,16,18,15,0,16,0,16,0,17,0,16,0,17,0,17,0,18,0
01001 0,7,12,16,10,0,17,0,10,0,19,0,0,0,0,0,16,17,20,20,18,0,21,0,20,0,22,0,0,0,0,0 0,12,11,13,12,0,13,0,12,0,13,0,0,0,0,0,11,13,12,14,13,0,14,0,13,0,14,0,0,0,0,0
00000 0,13,14,0,13,0,0,0,13,0,0,0,0,0,0,0,19,0,0,0,0,0,0,0,0,0,0,0,0,0,0,0 0,20,20,0,20,0,0,0,20,0,0,0,0,0,0,0,20,0,0,0,0,0,0,0,0,0,0,0,0,0,0,0
00100 0,7,9,0,10,11,14,0,8,0,0,0,12,0,0,0,8,0,0,0,13,0,0,0,0,0,0,0,0,0,0,0 0,11,11,0,10,12,12,0,11,0,0,0,12,0,0,0,11,0,0,0,12,0,0,0,0,0,0,0,0,0,0,0
11111 0,12,14,21,17,24,24,27,20,26,25,30,28,31,29,31,11,17,20,23,20,24,26,27,25,29,27,30,29,31,30,31 0,10,10,11,10,11,11,12,10,11,11,12,11,12,12,13,10,11,11,12,11,12,12,13,11,12,12,13,12,13,13,14
00010 0,11,10,0,10,0,0,0,11,17,16,0,20,0,0,0,16,0,0,0,0,0,0,0,20,0,0,0,0,0,0,0 0,19,19,0,19,0,0,0,10,20,20,0,20,0,0,0,19,0,0,0,0,0,0,0,20,0,0,0,0,0,0,0
00100 0,18,18,0,20,28,31,0,20,0,0,0,30,0,0,0,17,0,0,0,27,0,0,0,0,0,0,0,0,0,0,0 0,23,23,0,14,24,24,0,23,0,0,0,24,0,0,0,23,0,0,0,24,0,0,0,0,0,0,0,0,0,0,0
00000 0,4,5,0,7,0,0,0,6,0,0,0,0,0,0,0,4,0,0,0,0,0,0,0,0,0,0,0,0,0,0,0 0,12,12,0,12,0,0,0,12,0,0,0,0,0,0,0,12,0,0,0,0,0,0,0,0,0,0,0,0,0,0,0
01010 0,17,20,27,21,0,27,0,21,29,33,34,31,0,35,0,17,0,31,0,0,0,0,0,27,0,35,0,0,0,0,0 0,28,19,29,28,0,29,0,19,29,20,30,29,0,30,0,28,0,29,0,0,0,0,0,29,0,30,0,0,0,0,0
00000 0,3,6,0,5,0,0,0,6,0,0,0,0,0,0,0,11,0,0,0,0,0,0,0,0,0,0,0,0,0,0,0 0,16,16,0,16,0,0,0,16,0,0,0,0,0,0,0,16,0,0,0,0,0,0,0,0,0,0,0,0,0,0,0
10001 0,20,11,25,12,23,0,0,12,23,0,0,0,0,0,0,16,25,21,28,22,27,0,0,23,28,0,0,0,0,0,0 0,13,18,19,18,19,0,0,18,19,0,0,0,0,0,0,13,14,19,20,19,20,0,0,19,20,0,0,0,0,0,0
00000 0,3,3,0,5,0,0,0,4,0,0,0,0,0,0,0,3,0,0,0,0,0,0,0,0,0,0,0,0,0,0,0 0,14,14,0,14,0,0,0,14,0,0,0,0,0,0,0,14,0,0,0,0,0,0,0,0,0,0,0,0,0,0,0
11010 0,14,10,16,8,17,16,18,10,19,17,20,12,20,19,21,9,17,16,18,0,0,0,0,13,19,18,20,0,0,0,0 0,10,10,11,11,12,12,13,10,11,11,12,12,13,13,14,11,12,12,13,0,0,0,0,12,13,13,14,0,0,0,0
10100 0,25,14,29,21,34,29,36,19,31,0,0,30,36,0,0,15,32,0,0,27,36,0,0,0,0,0,0,0,0,0,0 0,21,26,27,21,22,27,28,26,27,0,0,27,28,0,0,26,27,0,0,27,28,0,0,0,0,0,0,0,0,0,0
11111 0,13,19,25,20,25,29,30,18,22,28,29,27,30,32,32,16,25,28,32,26,30,32,33,28,30,35,35,31,33,35,35 0,10,10,11,10,11,11,12,10,11,11,12,11,12,12,13,10,11,11,12,11,12,12,13,11,12,12,13,12,13,13,14
11111 0,28,24,36,24,36,34,40,29,35,35,38,36,39,39,40,19,36,32,40,30,38,37,41,37,40,40,41,40,41,41,41 0,10,10,11,10,11,11,12,10,11,11,12,11,12,12,13,10,11,11,12,11,12,12,13,11,12,12,13,12,13,13,14
00000 0,9,6,0,6,0,0,0,7,0,0,0,0,0,0,0,7,0,0,0,0,0,0,0,0,0,0,0,0,0,0,0 0,14,14,0,14,0,0,0,14,0,0,0,0,0,0,0,14,0,0,0,0,0,0,0,0,0,0,0,0,0,0,0
11111 0,17,17,27,16,26,27,33,22,28,29,32,29,32,34,35,23,28,32,35,28,32,35,37,30,32,35,36,33,34,37,37 0,6,6,7,6,7,7,8,6,7,7,8,7,8,8,9,6,7,7,8,7,8,8,9,7,8,8,9,8,9,9,10
11111 0,19,20,28,21,30,33,37,24,31,31,35,33,36,36,38,23,31,29,33,33,38,37,39,31,34,34,36,37,38,38,39 0,12,12,13,12,13,13,14,12,13,13,14,13,14,14,15,12,13,13,14,13,14,14,15,13,14,14,15,14,15,15,16
00000 0,3,5,0,5,0,0,0,4,0,0,0,0,0,0,0,3,0,0,0,0,0,0,0,0,0,0,0,0,0,0,0 0,12,12,0,12,0,0,0,12,0,0,0,0,0,0,0,12,0,0,0,0,0,0,0,0,0,0,0,0,0,0,0
01010 0,20,22,32,18,0,29,0,23,31,34,37,32,0,37,0,21,0,34,0,0,0,0,0,33,0,39,0,0,0,0,0 0,26,21,27,26,0,27,0,21,27,22,28,27,0,28,0,26,0,27,0,0,0,0,0,27,0,28,0,0,0,0,0
00001 0,16,14,0,19,0,0,0,16,0,0,0,0,0,0,0,18,24,25,0,28,0,0,0,27,0,0,0,0,0,0,0 0,21,21,0,21,0,0,0,21,0,0,0,0,0,0,0,12,22,22,0,22,0,0,0,22,0,0,0,0,0,0,0
00010 0,5,9,0,10,0,0,0,12,13,14,0,15,0,0,0,9,0,0,0,0,0,0,0,14,0,0,0,0,0,0,0 0,19,19,0,19,0,0,0,10,20,20,0,20,0,0,0,19,0,0,0,0,0,0,0,20,0,0,0,0,0,0,0
00100 0,15,21,0,26,29,32,0,20,0,0,0,35,0,0,0,23,0,0,0,36,0,0,0,0,0,0,0,0,0,0,0 0,29,29,0,20,30,30,0,29,0,0,0,30,0,0,0,29,0,0,0,30,0,0,0,0,0,0,0,0,0,0,0
01001 0,14,16,24,13,0,23,0,19,0,22,0,0,0,0,0,18,23,26,28,23,0,29,0,26,0,28,0,0,0,0,0 0,18,13,19,18,0,19,0,18,0,19,0,0,0,0,0,13,19,14,20,19,0,20,0,19,0,20,0,0,0,0,0
00000 0,3,3,0,3,0,0,0,2,0,0,0,0,0,0,0,3,0,0,0,0,0,0,0,0,0,0,0,0,0,0,0 0,6,6,0,6,0,0,0,6,0,0,0,0,0,0,0,6,0,0,0,0,0,0,0,0,0,0,0,0,0,0,0
00010 0,17,20,0,17,0,0,0,21,27,31,0,31,0,0,0,14,0,0,0,0,0,0,0,24,0,0,0,0,0,0,0 0,29,29,0,29,0,0,0,20,30,30,0,30,0,0,0,29,0,0,0,0,0,0,0,30,0,0,0,0,0,0,0
00000 0,2,4,0,3,0,0,0,4,0,0,0,0,0,0,0,7,0,0,0,0,0,0,0,0,0,0,0,0,0,0,0 0,14,14,0,14,0,0,0,14,0,0,0,0,0,0,0,14,0,0,0,0,0,0,0,0,0,0,0,0,0,0,0
11111 0,23,22,34,16,29,28,35,25,37,33,41,32,41,36,42,25,32,37,40,32,35,39,40,38,41,41,43,41,43,42,43 0,6,6,7,6,7,7,8,6,7,7,8,7,8,8,9,6,7,7,8,7,8,8,9,7,8,8,9,8,9,9,10
00001 0,8,10,0,9,0,0,0,9,0,0,0,0,0,0,0,11,14,12,0,14,0,0,0,13,0,0,0,0,0,0,0 0,11,11,0,11,0,0,0,11,0,0,0,0,0,0,0,10,12,12,0,12,0,0,0,12,0,0,0,0,0,0,0
00000 0,8,9,0,7,0,0,0,9,0,0,0,0,0,0,0,10,0,0,0,0,0,0,0,0,0,0,0,0,0,0,0 0,12,12,0,12,0,0,0,12,0,0,0,0,0,0,0,12,0,0,0,0,0,0,0,0,0,0,0,0,0,0,0
11111 0,20,18,26,16,28,25,31,20,29,29,32,26,32,31,34,18,28,25,30,25,32,29,33,27,33,30,33,30,34,31,34 0,10,10,11,10,11,11,12,10,11,11,12,11,12,12,13,10,11,11,12,11,12,12,13,11,12,12,13,12,13,13,14
11111 0,17,25,32,15,24,28,33,20,24,33,34,29,30,34,35,16,25,31,35,23,29,32,36,28,31,36,37,34,35,37,38 0,10,10,11,10,11,11,12,10,11,11,12,11,12,12,13,10,11,11,12,11,12,12,13,11,12,12,13,12,13,13,14
11111 0,17,23,27,19,29,31,33,18,29,29,31,22,31,31,33,19,27,29,31,26,33,32,34,25,33,31,33,27,34,32,34 0,14,14,15,14,15,15,16,14,15,15,16,15,16,16,17,14,15,15,16,15,16,16,17,15,16,16,17,16,17,17,18
11111 0,13,17,23,15,22,24,27,15,22,26,27,21,25,26,27,16,21,23,25,22,25,26,28,22,26,27,28,25,27,27,28 0,8,8,9,8,9,9,10,8,9,9,10,9,10,10,11,8,9,9,10,9,10,10,11,9,10,10,11,10,11,11,12
00000 0,9,4,0,8,0,0,0,6,0,0,0,0,0,0,0,9,0,0,0,0,0,0,0,0,0,0,0,0,0,0,0 0,20,20,0,20,0,0,0,20,0,0,0,0,0,0,0,20,0,0,0,0,0,0,0,0,0,0,0,0,0,0,0
00001 0,16,14,0,12,0,0,0,14,0,0,0,0,0,0,0,19,27,24,0,24,0,0,0,26,0,0,0,0,0,0,0 0,21,21,0,21,0,0,0,21,0,0,0,0,0,0,0,12,22,22,0,22,0,0,0,22,0,0,0,0,0,0,0
11111 0,20,21,35,22,28,34,38,25,33,33,39,34,36,38,40,30,34,37,40,37,38,42,42,36,37,40,41,40,40,42,42 0,12,12,13,12,13,13,14,12,13,13,14,13,14,14,15,12,13,13,14,13,14,14,15,13,14,14,15,14,15,15,16
00000 0,4,4,0,6,0,0,0,5,0,0,0,0,0,0,0,6,0,0,0,0,0,0,0,0,0,0,0,0,0,0,0 0,20,20,0,20,0,0,0,20,0,0,0,0,0,0,0,20,0,0,0,0,0,0,0,0,0,0,0,0,0,0,0
00000 0,1,5,0,4,0,0,0,4,0,0,0,0,0,0,0,5,0,0,0,0,0,0,0,0,0,0,0,0,0,0,0 0,12,12,0,12,0,0,0,12,0,0,0,0,0,0,0,12,0,0,0,0,0,0,0,0,0,0,0,0,0,0,0
00010 0,10,14,0,11,0,0,0,12,17,20,0,18,0,0,0,11,0,0,0,0,0,0,0,17,0,0,0,0,0,0,0 0,15,15,0,15,0,0,0,10,16,16,0,16,0,0,0,15,0,0,0,0,0,0,0,16,0,0,0,0,0,0,0
00000 0,7,5,0,4,0,0,0,5,0,0,0,0,0,0,0,7,0,0,0,0,0,0,0,0,0,0,0,0,0,0,0 0,18,18,0,18,0,0,0,18,0,0,0,0,0,0,0,18,0,0,0,0,0,0,0,0,0,0,0,0,0,0,0
00000 0,10,8,0,12,0,0,0,9,0,0,0,0,0,0,0,10,0,0,0,0,0,0,0,0,0,0,0,0,0,0,0 0,16,16,0,16,0,0,0,16,0,0,0,0,0,0,0,16,0,0,0,0,0,0,0,0,0,0,0,0,0,0,0
00010 0,13,14,0,12,0,0,0,12,20,20,0,19,0,0,0,11,0,0,0,0,0,0,0,19,0,0,0,0,0,0,0 0,21,21,0,21,0,0,0,12,22,22,0,22,0,0,0,21,0,0,0,0,0,0,0,22,0,0,0,0,0,0,0
11111 0,16,14,21,13,21,21,23,11,21,21,24,18,24,24,25,18,23,25,26,24,26,27,27,21,24,27,27,25,26,27,27 0,6,6,7,6,7,7,8,6,7,7,8,7,8,8,9,6,7,7,8,7,8,8,9,7,8,8,9,8,9,9,10
01000 0,19,19,28,17,0,25,0,18,0,30,0,0,0,0,0,21,0,32,0,0,0,0,0,0,0,0,0,0,0,0,0 0,27,18,28,27,0,28,0,27,0,28,0,0,0,0,0,27,0,28,0,0,0,0,0,0,0,0,0,0,0,0,0
00101 0,20,20,0,22,31,32,0,23,0,0,0,33,0,0,0,22,34,33,0,30,37,37,0,35,0,0,0,38,0,0,0 0,30,30,0,21,31,31,0,30,0,0,0,31,0,0,0,21,31,31,0,22,32,32,0,31,0,0,0,32,0,0,0
00000 0,10,4,0,9,0,0,0,8,0,0,0,0,0,0,0,3,0,0,0,0,0,0,0,0,0,0,0,0,0,0,0 0,18,18,0,18,0,0,0,18,0,0,0,0,0,0,0,18,0,0,0,0,0,0,0,0,0,0,0,0,0,0,0
10000 0,6,5,7,5,8,0,0,4,8,0,0,0,0,0,0,6,8,0,0,0,0,0,0,0,0,0,0,0,0,0,0 0,6,11,12,11,12,0,0,11,12,0,0,0,0,0,0,11,12,0,0,0,0,0,0,0,0,0,0,0,0,0,0
00010 0,15,19,0,10,0,0,0,18,26,27,0,22,0,0,0,13,0,0,0,0,0,0,0,24,0,0,0,0,0,0,0 0,19,19,0,19,0,0,0,10,20,20,0,20,0,0,0,19,0,0,0,0,0,0,0,20,0,0,0,0,0,0,0
11111 0,15,15,23,13,22,23,28,16,21,26,28,22,25,29,30,22,25,26,28,27,28,30,31,25,28,28,30,28,29,30,31 0,12,12,13,12,13,13,14,12,13,13,14,13,14,14,15,12,13,13,14,13,14,14,15,13,14,14,15,14,15,15,16
00100 0,13,15,0,16,23,20,0,13,0,0,0,21,0,0,0,11,0,0,0,20,0,0,0,0,0,0,0,0,0,0,0 0,23,23,0,14,24,24,0,23,0,0,0,24,0,0,0,23,0,0,0,24,0,0,0,0,0,0,0,0,0,0,0
00000 0,6,8,0,8,0,0,0,8,0,0,0,0,0,0,0,9,0,0,0,0,0,0,0,0,0,0,0,0,0,0,0 0,12,12,0,12,0,0,0,12,0,0,0,0,0,0,0,12,0,0,0,0,0,0,0,0,0,0,0,0,0,0,0
01000 0,14,17,23,17,0,25,0,14,0,24,0,0,0,0,0,15,0,24,0,0,0,0,0,0,0,0,0,0,0,0,0 0,21,12,22,21,0,22,0,21,0,22,0,0,0,0,0,21,0,22,0,0,0,0,0,0,0,0,0,0,0,0,0
00000 0,6,5,0,4,0,0,0,9,0,0,0,0,0,0,0,7,0,0,0,0,0,0,0,0,0,0,0,0,0,0,0 0,14,14,0,14,0,0,0,14,0,0,0,0,0,0,0,14,0,0,0,0,0,0,0,0,0,0,0,0,0,0,0
01000 0,7,8,9,4,0,10,0,5,0,9,0,0,0,0,0,7,0,10,0,0,0,0,0,0,0,0,0,0,0,0,0 0,11,6,12,11,0,12,0,11,0,12,0,0,0,0,0,11,0,12,0,0,0,0,0,0,0,0,0,0,0,0,0
01101 0,13,21,23,17,23,25,26,12,0,23,0,24,0,26,0,20,26,28,28,25,28,28,28,25,0,28,0,28,0,28,0 0,21,16,22,16,22,17,23,21,0,22,0,22,0,23,0,16,22,17,23,17,23,18,24,22,0,23,0,23,0,24,0
00000 0,9,6,0,5,0,0,0,5,0,0,0,0,0,0,0,5,0,0,0,0,0,0,0,0,0,0,0,0,0,0,0 0,10,10,0,10,0,0,0,10,0,0,0,0,0,0,0,10,0,0,0,0,0,0,0,0,0,0,0,0,0,0,0
00000 0,17,13,0,15,0,0,0,16,0,0,0,0,0,0,0,19,0,0,0,0,0,0,0,0,0,0,0,0,0,0,0 0,20,20,0,20,0,0,0,20,0,0,0,0,0,0,0,20,0,0,0,0,0,0,0,0,0,0,0,0,0,0,0
11111 0,26,25,37,21,32,35,40,26,33,35,38,36,38,39,40,21,34,30,38,33,39,39,41,34,36,37,39,40,40,41,41 0,12,12,13,12,13,13,14,12,13,13,14,13,14,14,15,12,13,13,14,13,14,14,15,13,14,14,15,14,15,15,16
00000 0,3,4,0,3,0,0,0,6,0,0,0,0,0,0,0,6,0,0,0,0,0,0,0,0,0,0,0,0,0,0,0 0,8,8,0,8,0,0,0,8,0,0,0,0,0,0,0,8,0,0,0,0,0,0,0,0,0,0,0,0,0,0,0
11111 0,26,21,34,22,35,32,38,24,36,35,39,31,39,38,39,25,36,32,38,30,37,34,38,33,38,37,39,35,39,38,39 0,12,12,13,12,13,13,14,12,13,13,14,13,14,14,15,12,13,13,14,13,14,14,15,13,14,14,15,14,15,15,16
10111 0,21,15,27,19,31,30,36,15,27,26,33,26,34,35,39,18,29,27,33,27,34,34,38,26,31,32,35,33,36,38,40 0,15,16,17,15,16,17,18,15,16,17,18,16,17,18,19,15,16,17,18,16,17,18,19,16,17,18,19,17,18,19,20
10000 0,8,5,10,6,9,0,0,7,10,0,0,0,0,0,0,5,9,0,0,0,0,0,0,0,0,0,0,0,0,0,0 0,8,13,14,13,14,0,0,13,14,0,0,0,0,0,0,13,14,0,0,0,0,0,0,0,0,0,0,0,0,0,0
00101 0,20,21,0,24,28,32,0,21,0,0,0,33,0,0,0,24,32,31,0,31,34,35,0,31,0,0,0,36,0,0,0 0,26,26,0,21,27,27,0,26,0,0,0,27,0,0,0,21,27,27,0,22,28,28,0,27,0,0,0,28,0,0,0
00011 0,9,8,0,9,0,0,0,10,15,17,0,15,0,0,0,13,16,16,0,17,0,0,0,17,19,20,0,20,0,0,0 0,10,10,0,10,0,0,0,9,11,11,0,11,0,0,0,9,11,11,0,11,0,0,0,10,12,12,0,12,0,0,0
00000 0,15,15,0,10,0,0,0,13,0,0,0,0,0,0,0,14,0,0,0,0,0,0,0,0,0,0,0,0,0,0,0 0,16,16,0,16,0,0,0,16,0,0,0,0,0,0,0,16,0,0,0,0,0,0,0,0,0,0,0,0,0,0,0
10111 0,12,10,17,14,18,17,20,13,17,18,21,20,21,22,23,12,19,17,23,19,21,21,23,18,21,21,24,21,22,23,24 0,11,12,13,11,12,13,14,11,12,13,14,12,13,14,15,11,12,13,14,12,13,14,15,12,13,14,15,13,14,15,16
00000 0,11,6,0,6,0,0,0,5,0,0,0,0,0,0,0,4,0,0,0,0,0,0,0,0,0,0,0,0,0,0,0 0,16,16,0,16,0,0,0,16,0,0,0,0,0,0,0,16,0,0,0,0,0,0,0,0,0,0,0,0,0,0,0
00000 0,6,10,0,10,0,0,0,9,0,0,0,0,0,0,0,8,0,0,0,0,0,0,0,0,0,0,0,0,0,0,0 0,14,14,0,14,0,0,0,14,0,0,0,0,0,0,0,14,0,0,0,0,0,0,0,0,0,0,0,0,0,0,0
10000 0,12,10,13,7,16,0,0,9,16,0,0,0,0,0,0,10,15,0,0,0,0,0,0,0,0,0,0,0,0,0,0 0,12,21,22,21,22,0,0,21,22,0,0,0,0,0,0,21,22,0,0,0,0,0,0,0,0,0,0,0,0,0,0
00100 0,9,10,0,13,18,19,0,14,0,0,0,21,0,0,0,11,0,0,0,18,0,0,0,0,0,0,0,0,0,0,0 0,21,21,0,12,22,22,0,21,0,0,0,22,0,0,0,21,0,0,0,22,0,0,0,0,0,0,0,0,0,0,0
00000 0,10,6,0,6,0,0,0,7,0,0,0,0,0,0,0,8,0,0,0,0,0,0,0,0,0,0,0,0,0,0,0 0,12,12,0,12,0,0,0,12,0,0,0,0,0,0,0,12,0,0,0,0,0,0,0,0,0,0,0,0,0,0,0
00010 0,16,19,0,15,0,0,0,19,26,28,0,25,0,0,0,20,0,0,0,0,0,0,0,28,0,0,0,0,0,0,0 0,23,23,0,23,0,0,0,14,24,24,0,24,0,0,0,23,0,0,0,0,0,0,0,24,0,0,0,0,0,0,0
10110 0,21,16,27,19,30,27,34,21,31,28,35,29,35,32,37,22,29,0,0,31,36,0,0,30,34,0,0,34,37,0,0 0,18,23,24,18,19,24,25,18,19,24,25,19,20,25,26,23,24,0,0,24,25,0,0,24,25,0,0,25,26,0,0
11111 0,17,15,24,12,22,20,26,15,23,25,29,23,27,28,30,14,22,22,27,21,26,25,29,20,26,27,30,26,29,29,31 0,8,8,9,8,9,9,10,8,9,9,10,9,10,10,11,8,9,9,10,9,10,10,11,9,10,10,11,10,11,11,12
01000 0,14,20,26,12,0,22,0,15,0,26,0,0,0,0,0,9,0,23,0,0,0,0,0,0,0,0,0,0,0,0,0 0,19,14,20,19,0,20,0,19,0,20,0,0,0,0,0,19,0,20,0,0,0,0,0,0,0,0,0,0,0,0,0
00000 0,7,7,0,6,0,0,0,5,0,0,0,0,0,0,0,9,0,0,0,0,0,0,0,0,0,0,0,0,0,0,0 0,10,10,0,10,0,0,0,10,0,0,0,0,0,0,0,10,0,0,0,0,0,0,0,0,0,0,0,0,0,0,0
00000 0,3,3,0,2,0,0,0,1,0,0,0,0,0,0,0,1,0,0,0,0,0,0,0,0,0,0,0,0,0,0,0 0,14,14,0,14,0,0,0,14,0,0,0,0,0,0,0,14,0,0,0,0,0,0,0,0,0,0,0,0,0,0,0
10100 0,19,19,25,15,26,24,29,10,23,0,0,18,27,0,0,12,22,0,0,20,28,0,0,0,0,0,0,0,0,0,0 0,11,16,17,11,12,17,18,16,17,0,0,17,18,0,0,16,17,0,0,17,18,0,0,0,0,0,0,0,0,0,0
11111 0,12,13,19,11,18,19,21,12,20,18,23,16,21,21,23,15,23,22,25,19,24,26,26,20,25,24,26,22,25,26,26 0,8,8,9,8,9,9,10,8,9,9,10,9,10,10,11,8,9,9,10,9,10,10,11,9,10,10,11,10,11,11,12
00000 0,12,12,0,10,0,0,0,11,0,0,0,0,0,0,0,9,0,0,0,0,0,0,0,0,0,0,0,0,0,0,0 0,20,20,0,20,0,0,0,20,0,0,0,0,0,0,0,20,0,0,0,0,0,0,0,0,0,0,0,0,0,0,0
00000 0,9,8,0,8,0,0,0,6,0,0,0,0,0,0,0,4,0,0,0,0,0,0,0,0,0,0,0,0,0,0,0 0,14,14,0,14,0,0,0,14,0,0,0,0,0,0,0,14,0,0,0,0,0,0,0,0,0,0,0,0,0,0,0
10111 0,20,21,29,15,30,29,34,23,35,33,37,28,37,35,38,17,30,27,33,26,36,33,37,31,38,35,38,34,39,37,39 0,15,16,17,15,16,17,18,15,16,17,18,16,17,18,19,15,16,17,18,16,17,18,19,16,17,18,19,17,18,19,20
10011 0,18,19,25,15,26,0,0,17,27,26,30,25,31,0,0,16,24,26,28,23,28,0,0,28,30,31,31,31,32,0,0 0,16,21,22,21,22,0,0,16,17,22,23,22,23,0,0,16,17,22,23,22,23,0,0,17,18,23,24,23,24,0,0
00000 0,6,4,0,3,0,0,0,4,0,0,0,0,0,0,0,5,0,0,0,0,0,0,0,0,0,0,0,0,0,0,0 0,10,10,0,10,0,0,0,10,0,0,0,0,0,0,0,10,0,0,0,0,0,0,0,0,0,0,0,0,0,0,0
00101 0,16,15,0,22,31,30,0,20,0,0,0,32,0,0,0,17,27,29,0,32,38,39,0,31,0,0,0,38,0,0,0 0,22,22,0,17,23,23,0,22,0,0,0,23,0,0,0,17,23,23,0,18,24,24,0,23,0,0,0,24,0,0,0
10010 0,18,15,24,15,28,0,0,20,29,25,32,25,32,0,0,15,24,0,0,0,0,0,0,26,31,0,0,0,0,0,0 0,17,22,23,22,23,0,0,17,18,23,24,23,24,0,0,22,23,0,0,0,0,0,0,23,24,0,0,0,0,0,0
00000 0,5,4,0,5,0,0,0,5,0,0,0,0,0,0,0,6,0,0,0,0,0,0,0,0,0,0,0,0,0,0,0 0,10,10,0,10,0,0,0,10,0,0,0,0,0,0,0,10,0,0,0,0,0,0,0,0,0,0,0,0,0,0,0
01100 0,18,16,29,18,27,26,32,15,0,25,0,25,0,30,0,20,0,28,0,26,0,32,0,0,0,0,0,0,0,0,0 0,20,15,21,15,21,16,22,20,0,21,0,21,0,22,0,20,0,21,0,21,0,22,0,0,0,0,0,0,0,0,0
00100 0,12,12,0,22,24,25,0,15,0,0,0,27,0,0,0,15,0,0,0,26,0,0,0,0,0,0,0,0,0,0,0 0,25,25,0,16,26,26,0,25,0,0,0,26,0,0,0,25,0,0,0,26,0,0,0,0,0,0,0,0,0,0,0
00000 0,8,6,0,9,0,0,0,6,0,0,0,0,0,0,0,5,0,0,0,0,0,0,0,0,0,0,0,0,0,0,0 0,14,14,0,14,0,0,0,14,0,0,0,0,0,0,0,14,0,0,0,0,0,0,0,0,0,0,0,0,0,0,0
00010 0,10,9,0,7,0,0,0,11,15,14,0,15,0,0,0,10,0,0,0,0,0,0,0,14,0,0,0,0,0,0,0 0,11,11,0,11,0,0,0,10,12,12,0,12,0,0,0,11,0,0,0,0,0,0,0,12,0,0,0,0,0,0,0
01000 0,15,18,27,14,0,25,0,20,0,31,0,0,0,0,0,16,0,25,0,0,0,0,0,0,0,0,0,0,0,0,0 0,25,16,26,25,0,26,0,25,0,26,0,0,0,0,0,25,0,26,0,0,0,0,0,0,0,0,0,0,0,0,0
00000 0,6,6,0,6,0,0,0,7,0,0,0,0,0,0,0,6,0,0,0,0,0,0,0,0,0,0,0,0,0,0,0 0,12,12,0,12,0,0,0,12,0,0,0,0,0,0,0,12,0,0,0,0,0,0,0,0,0,0,0,0,0,0,0
10000 0,12,11,15,8,16,0,0,9,15,0,0,0,0,0,0,9,16,0,0,0,0,0,0,0,0,0,0,0,0,0,0 0,12,13,14,13,14,0,0,13,14,0,0,0,0,0,0,13,14,0,0,0,0,0,0,0,0,0,0,0,0,0,0
00000 0,10,15,0,16,0,0,0,15,0,0,0,0,0,0,0,16,0,0,0,0,0,0,0,0,0,0,0,0,0,0,0 0,18,18,0,18,0,0,0,18,0,0,0,0,0,0,0,18,0,0,0,0,0,0,0,0,0,0,0,0,0,0,0
01011 0,23,22,32,20,0,31,0,22,31,31,34,29,0,35,0,28,35,34,38,34,0,37,0,35,38,38,39,37,0,39,0 0,27,22,28,27,0,28,0,22,28,23,29,28,0,29,0,22,28,23,29,28,0,29,0,23,29,24,30,29,0,30,0
11111 0,22,23,32,17,32,33,39,18,34,29,36,29,42,36,42,26,31,32,34,33,37,38,40,32,36,34,36,39,42,40,42 0,16,16,17,16,17,17,18,16,17,17,18,17,18,18,19,16,17,17,18,17,18,18,19,17,18,18,19,18,19,19,20
00001 0,14,6,0,13,0,0,0,13,0,0,0,0,0,0,0,17,23,20,0,22,0,0,0,27,0,0,0,0,0,0,0 0,17,17,0,17,0,0,0,17,0,0,0,0,0,0,0,12,18,18,0,18,0,0,0,18,0,0,0,0,0,0,0
00111 0,17,14,0,20,29,24,0,19,26,25,0,29,32,30,0,19,24,28,0,30,33,32,0,28,30,32,0,34,35,35,0 0,21,21,0,16,22,22,0,16,22,22,0,17,23,23,0,16,22,22,0,17,23,23,0,17,23,23,0,18,24,24,0
00000 0,8,8,0,7,0,0,0,10,0,0,0,0,0,0,0,9,0,0,0,0,0,0,0,0,0,0,0,0,0,0,0 0,14,14,0,14,0,0,0,14,0,0,0,0,0,0,0,14,0,0,0,0,0,0,0,0,0,0,0,0,0,0,0
01100 0,8,16,21,14,20,21,25,9,0,19,0,19,0,23,0,12,0,21,0,21,0,24,0,0,0,0,0,0,0,0,0 0,14,13,15,13,15,14,16,14,0,15,0,15,0,16,0,14,0,15,0,15,0,16,0,0,0,0,0,0,0,0,0
11111 0,26,27,34,25,34,36,38,22,29,36,36,33,36,39,39,21,35,33,37,33,37,39,39,33,38,39,39,37,39,40,40 0,16,16,17,16,17,17,18,16,17,17,18,17,18,18,19,16,17,17,18,17,18,18,19,17,18,18,19,18,19,19,20
10111 0,16,10,22,17,22,23,26,18,23,23,27,24,25,27,28,13,23,19,28,23,25,26,28,21,25,24,28,25,26,27,28 0,11,12,13,11,12,13,14,11,12,13,14,12,13,14,15,11,12,13,14,12,13,14,15,12,13,14,15,13,14,15,16
11111 0,8,6,10,7,11,9,11,7,10,9,11,11,12,11,12,10,12,11,12,11,12,11,12,12,12,12,12,12,12,12,12 0,6,6,7,6,7,7,8,6,7,7,8,7,8,8,9,6,7,7,8,7,8,8,9,7,8,8,9,8,9,9,10
00001 0,14,11,0,17,0,0,0,15,0,0,0,0,0,0,0,14,24,22,0,23,0,0,0,22,0,0,0,0,0,0,0 0,17,17,0,17,0,0,0,17,0,0,0,0,0,0,0,12,18,18,0,18,0,0,0,18,0,0,0,0,0,0,0
00000 0,12,11,0,15,0,0,0,8,0,0,0,0,0,0,0,11,0,0,0,0,0,0,0,0,0,0,0,0,0,0,0 0,20,20,0,20,0,0,0,20,0,0,0,0,0,0,0,20,0,0,0,0,0,0,0,0,0,0,0,0,0,0,0
00000 0,18,14,0,15,0,0,0,14,0,0,0,0,0,0,0,11,0,0,0,0,0,0,0,0,0,0,0,0,0,0,0 0,20,20,0,20,0,0,0,20,0,0,0,0,0,0,0,20,0,0,0,0,0,0,0,0,0,0,0,0,0,0,0
00010 0,14,15,0,13,0,0,0,17,25,22,0,24,0,0,0,16,0,0,0,0,0,0,0,23,0,0,0,0,0,0,0 0,21,21,0,21,0,0,0,12,22,22,0,22,0,0,0,21,0,0,0,0,0,0,0,22,0,0,0,0,0,0,0
11111 0,24,19,34,21,31,30,36,15,30,28,37,28,36,35,39,28,35,33,38,33,36,36,38,34,38,37,40,36,39,38,40 0,6,6,7,6,7,7,8,6,7,7,8,7,8,8,9,6,7,7,8,7,8,8,9,7,8,8,9,8,9,9,10
01010 0,12,14,19,11,0,17,0,14,20,19,21,17,0,20,0,11,0,15,0,0,0,0,0,16,0,19,0,0,0,0,0 0,14,13,15,14,0,15,0,13,15,14,16,15,0,16,0,14,0,15,0,0,0,0,0,15,0,16,0,0,0,0,0
10001 0,19,13,24,15,27,0,0,13,25,0,0,0,0,0,0,19,26,22,27,24,29,0,0,26,30,0,0,0,0,0,0 0,13,18,19,18,19,0,0,18,19,0,0,0,0,0,0,13,14,19,20,19,20,0,0,19,20,0,0,0,0,0,0
01000 0,13,15,20,10,0,19,0,12,0,20,0,0,0,0,0,11,0,22,0,0,0,0,0,0,0,0,0,0,0,0,0 0,23,14,24,23,0,24,0,23,0,24,0,0,0,0,0,23,0,24,0,0,0,0,0,0,0,0,0,0,0,0,0
00000 0,4,5,0,4,0,0,0,5,0,0,0,0,0,0,0,6,0,0,0,0,0,0,0,0,0,0,0,0,0,0,0 0,12,12,0,12,0,0,0,12,0,0,0,0,0,0,0,12,0,0,0,0,0,0,0,0,0,0,0,0,0,0,0
10000 0,20,19,28,19,28,0,0,18,29,0,0,0,0,0,0,14,27,0,0,0,0,0,0,0,0,0,0,0,0,0,0 0,14,23,24,23,24,0,0,23,24,0,0,0,0,0,0,23,24,0,0,0,0,0,0,0,0,0,0,0,0,0,0
11001 0,13,13,19,12,19,18,21,11,18,18,21,0,0,0,0,13,19,18,21,17,21,19,21,20,21,21,22,0,0,0,0 0,12,12,13,13,14,14,15,13,14,14,15,0,0,0,0,12,13,13,14,14,15,15,16,14,15,15,16,0,0,0,0
00000 0,3,7,0,4,0,0,0,7,0,0,0,0,0,0,0,4,0,0,0,0,0,0,0,0,0,0,0,0,0,0,0 0,16,16,0,16,0,0,0,16,0,0,0,0,0,0,0,16,0,0,0,0,0,0,0,0,0,0,0,0,0,0,0
00001 0,9,13,0,12,0,0,0,13,0,0,0,0,0,0,0,11,16,21,0,18,0,0,0,18,0,0,0,0,0,0,0 0,15,15,0,15,0,0,0,15,0,0,0,0,0,0,0,10,16,16,0,16,0,0,0,16,0,0,0,0,0,0,0
10000 0,9,7,10,5,11,0,0,6,12,0,0,0,0,0,0,8,12,0,0,0,0,0,0,0,0,0,0,0,0,0,0 0,8,9,10,9,10,0,0,9,10,0,0,0,0,0,0,9,10,0,0,0,0,0,0,0,0,0,0,0,0,0,0
00100 0,18,26,0,23,33,35,0,23,0,0,0,34,0,0,0,19,0,0,0,33,0,0,0,0,0,0,0,0,0,0,0 0,25,25,0,16,26,26,0,25,0,0,0,26,0,0,0,25,0,0,0,26,0,0,0,0,0,0,0,0,0,0,0
00000 0,4,5,0,3,0,0,0,3,0,0,0,0,0,0,0,2,0,0,0,0,0,0,0,0,0,0,0,0,0,0,0 0,10,10,0,10,0,0,0,10,0,0,0,0,0,0,0,10,0,0,0,0,0,0,0,0,0,0,0,0,0,0,0
01010 0,21,27,35,19,0,36,0,26,35,39,42,36,0,42,0,23,0,33,0,0,0,0,0,35,0,40,0,0,0,0,0 0,24,19,25,24,0,25,0,19,25,20,26,25,0,26,0,24,0,25,0,0,0,0,0,25,0,26,0,0,0,0,0
10010 0,9,8,15,8,14,0,0,11,15,14,18,17,19,0,0,9,15,0,0,0,0,0,0,14,17,0,0,0,0,0,0 0,9,10,11,10,11,0,0,9,10,11,12,11,12,0,0,10,11,0,0,0,0,0,0,11,12,0,0,0,0,0,0
11111 0,18,27,32,18,29,32,35,24,32,35,39,33,38,38,40,24,32,39,40,32,38,40,41,35,38,42,43,39,42,42,43 0,8,8,9,8,9,9,10,8,9,9,10,9,10,10,11,8,9,9,10,9,10,10,11,9,10,10,11,10,11,11,12
11111 0,19,21,30,18,27,29,34,18,26,31,34,29,32,34,36,18,28,29,34,26,31,32,36,24,30,31,34,31,33,34,36 0,8,8,9,8,9,9,10,8,9,9,10,9,10,10,11,8,9,9,10,9,10,10,11,9,10,10,11,10,11,11,12
00000 0,5,4,0,5,0,0,0,4,0,0,0,0,0,0,0,5,0,0,0,0,0,0,0,0,0,0,0,0,0,0,0 0,20,20,0,20,0,0,0,20,0,0,0,0,0,0,0,20,0,0,0,0,0,0,0,0,0,0,0,0,0,0,0
00000 0,4,4,0,9,0,0,0,6,0,0,0,0,0,0,0,4,0,0,0,0,0,0,0,0,0,0,0,0,0,0,0 0,10,10,0,10,0,0,0,10,0,0,0,0,0,0,0,10,0,0,0,0,0,0,0,0,0,0,0,0,0,0,0
00000 0,3,3,0,4,0,0,0,3,0,0,0,0,0,0,0,1,0,0,0,0,0,0,0,0,0,0,0,0,0,0,0 0,12,12,0,12,0,0,0,12,0,0,0,0,0,0,0,12,0,0,0,0,0,0,0,0,0,0,0,0,0,0,0
01010 0,18,21,32,23,0,31,0,24,33,33,39,34,0,39,0,20,0,31,0,0,0,0,0,32,0,38,0,0,0,0,0 0,30,21,31,30,0,31,0,21,31,22,32,31,0,32,0,30,0,31,0,0,0,0,0,31,0,32,0,0,0,0,0
01010 0,20,17,28,12,0,23,0,17,27,29,33,23,0,31,0,12,0,24,0,0,0,0,0,23,0,33,0,0,0,0,0 0,22,17,23,22,0,23,0,17,23,18,24,23,0,24,0,22,0,23,0,0,0,0,0,23,0,24,0,0,0,0,0
00000 0,8,9,0,8,0,0,0,10,0,0,0,0,0,0,0,10,0,0,0,0,0,0,0,0,0,0,0,0,0,0,0 0,12,12,0,12,0,0,0,12,0,0,0,0,0,0,0,12,0,0,0,0,0,0,0,0,0,0,0,0,0,0,0
10000 0,17,12,22,13,24,0,0,14,24,0,0,0,0,0,0,18,25,0,0,0,0,0,0,0,0,0,0,0,0,0,0 0,14,19,20,19,20,0,0,19,20,0,0,0,0,0,0,19,20,0,0,0,0,0,0,0,0,0,0,0,0,0,0
00110 0,18,18,0,18,26,27,0,19,26,27,0,29,31,32,0,13,0,0,0,25,0,0,0,28,0,0,0,34,0,0,0 0,20,20,0,15,21,21,0,15,21,21,0,16,22,22,0,20,0,0,0,21,0,0,0,21,0,0,0,22,0,0,0
10000 0,15,14,20,13,20,0,0,11,18,0,0,0,0,0,0,11,19,0,0,0,0,0,0,0,0,0,0,0,0,0,0 0,14,23,24,23,24,0,0,23,24,0,0,0,0,0,0,23,24,0,0,0,0,0,0,0,0,0,0,0,0,0,0
00000 0,2,3,0,2,0,0,0,4,0,0,0,0,0,0,0,2,0,0,0,0,0,0,0,0,0,0,0,0,0,0,0 0,6,6,0,6,0,0,0,6,0,0,0,0,0,0,0,6,0,0,0,0,0,0,0,0,0,0,0,0,0,0,0
00001 0,14,16,0,13,0,0,0,18,0,0,0,0,0,0,0,20,25,25,0,26,0,0,0,29,0,0,0,0,0,0,0 0,23,23,0,23,0,0,0,23,0,0,0,0,0,0,0,14,24,24,0,24,0,0,0,24,0,0,0,0,0,0,0
00111 0,16,18,0,20,26,27,0,21,28,28,0,30,32,33,0,24,30,32,0,32,35,35,0,34,36,37,0,36,37,37,0 0,23,23,0,18,24,24,0,18,24,24,0,19,25,25,0,18,24,24,0,19,25,25,0,19,25,25,0,20,26,26,0
00110 0,8,10,0,16,19,21,0,13,18,22,0,21,22,25,0,12,0,0,0,21,0,0,0,20,0,0,0,24,0,0,0 0,18,18,0,13,19,19,0,13,19,19,0,14,20,20,0,18,0,0,0,19,0,0,0,19,0,0,0,20,0,0,0
00000 0,7,7,0,9,0,0,0,7,0,0,0,0,0,0,0,6,0,0,0,0,0,0,0,0,0,0,0,0,0,0,0 0,18,18,0,18,0,0,0,18,0,0,0,0,0,0,0,18,0,0,0,0,0,0,0,0,0,0,0,0,0,0,0
01000 0,15,17,23,15,0,22,0,11,0,23,0,0,0,0,0,12,0,21,0,0,0,0,0,0,0,0,0,0,0,0,0 0,23,14,24,23,0,24,0,23,0,24,0,0,0,0,0,23,0,24,0,0,0,0,0,0,0,0,0,0,0,0,0
11000 0,13,15,21,13,20,21,25,7,17,17,23,0,0,0,0,13,21,19,25,0,0,0,0,0,0,0,0,0,0,0,0 0,13,13,14,18,19,19,20,18,19,19,20,0,0,0,0,18,19,19,20,0,0,0,0,0,0,0,0,0,0,0,0
01111 0,13,18,25,17,23,26,30,20,25,28,29,26,29,32,33,16,23,28,31,24,27,30,32,25,29,31,32,28,30,32,33 0,14,13,15,13,15,14,16,13,15,14,16,14,16,15,17,13,15,14,16,14,16,15,17,14,16,15,17,15,17,16,18
00000 0,5,4,0,5,0,0,0,6,0,0,0,0,0,0,0,4,0,0,0,0,0,0,0,0,0,0,0,0,0,0,0 0,8,8,0,8,0,0,0,8,0,0,0,0,0,0,0,8,0,0,0,0,0,0,0,0,0,0,0,0,0,0,0
00000 0,3,2,0,5,0,0,0,2,0,0,0,0,0,0,0,2,0,0,0,0,0,0,0,0,0,0,0,0,0,0,0 0,12,12,0,12,0,0,0,12,0,0,0,0,0,0,0,12,0,0,0,0,0,0,0,0,0,0,0,0,0,0,0
01000 0,12,15,21,9,0,19,0,12,0,20,0,0,0,0,0,8,0,19,0,0,0,0,0,0,0,0,0,0,0,0,0 0,13,8,14,13,0,14,0,13,0,14,0,0,0,0,0,13,0,14,0,0,0,0,0,0,0,0,0,0,0,0,0
00000 0,5,5,0,6,0,0,0,7,0,0,0,0,0,0,0,8,0,0,0,0,0,0,0,0,0,0,0,0,0,0,0 0,10,10,0,10,0,0,0,10,0,0,0,0,0,0,0,10,0,0,0,0,0,0,0,0,0,0,0,0,0,0,0
00100 0,9,10,0,10,15,15,0,9,0,0,0,15,0,0,0,9,0,0,0,15,0,0,0,0,0,0,0,0,0,0,0 0,13,13,0,8,14,14,0,13,0,0,0,14,0,0,0,13,0,0,0,14,0,0,0,0,0,0,0,0,0,0,0
11111 0,21,15,28,14,26,20,29,12,23,20,29,19,26,22,29,16,25,23,30,26,30,27,31,20,27,25,31,26,30,27,31 0,6,6,7,6,7,7,8,6,7,7,8,7,8,8,9,6,7,7,8,7,8,8,9,7,8,8,9,8,9,9,10
00000 0,8,7,0,6,0,0,0,9,0,0,0,0,0,0,0,9,0,0,0,0,0,0,0,0,0,0,0,0,0,0,0 0,10,10,0,10,0,0,0,10,0,0,0,0,0,0,0,10,0,0,0,0,0,0,0,0,0,0,0,0,0,0,0
10000 0,14,14,23,12,20,0,0,11,19,0,0,0,0,0,0,12,22,0,0,0,0,0,0,0,0,0,0,0,0,0,0 0,12,21,22,21,22,0,0,21,22,0,0,0,0,0,0,21,22,0,0,0,0,0,0,0,0,0,0,0,0,0,0
11111 0,20,18,29,28,33,34,36,21,31,32,37,33,37,38,40,17,30,28,35,34,38,37,39,25,34,33,38,35,39,38,40 0,12,12,13,12,13,13,14,12,13,13,14,13,14,14,15,12,13,13,14,13,14,14,15,13,14,14,15,14,15,15,16
00010 0,5,6,0,6,0,0,0,8,10,10,0,10,0,0,0,4,0,0,0,0,0,0,0,10,0,0,0,0,0,0,0 0,13,13,0,13,0,0,0,8,14,14,0,14,0,0,0,13,0,0,0,0,0,0,0,14,0,0,0,0,0,0,0
11111 0,12,15,20,10,17,17,21,11,17,17,22,17,21,19,23,13,18,21,24,18,21,22,24,18,21,22,25,21,23,23,25 0,10,10,11,10,11,11,12,10,11,11,12,11,12,12,13,10,11,11,12,11,12,12,13,11,12,12,13,12,13,13,14
00000 0,3,1,0,3,0,0,0,3,0,0,0,0,0,0,0,4,0,0,0,0,0,0,0,0,0,0,0,0,0,0,0 0,10,10,0,10,0,0,0,10,0,0,0,0,0,0,0,10,0,0,0,0,0,0,0,0,0,0,0,0,0,0,0
00011 0,15,12,0,16,0,0,0,20,24,22,0,24,0,0,0,17,25,21,0,22,0,0,0,25,27,25,0,27,0,0,0 0,18,18,0,18,0,0,0,13,19,19,0,19,0,0,0,13,19,19,0,19,0,0,0,14,20,20,0,20,0,0,0
01101 0,21,24,34,22,31,33,37,17,0,31,0,27,0,34,0,23,30,34,37,32,35,39,39,29,0,37,0,34,0,39,0 0,27,22,28,22,28,23,29,27,0,28,0,28,0,29,0,22,28,23,29,23,29,24,30,28,0,29,0,29,0,30,0
01100 0,14,18,25,16,22,25,27,14,0,24,0,24,0,29,0,14,0,22,0,23,0,27,0,0,0,0,0,0,0,0,0 0,20,15,21,15,21,16,22,20,0,21,0,21,0,22,0,20,0,21,0,21,0,22,0,0,0,0,0,0,0,0,0
00000 0,5,4,0,7,0,0,0,4,0,0,0,0,0,0,0,9,0,0,0,0,0,0,0,0,0,0,0,0,0,0,0 0,10,10,0,10,0,0,0,10,0,0,0,0,0,0,0,10,0,0,0,0,0,0,0,0,0,0,0,0,0,0,0
00000 0,5,5,0,4,0,0,0,7,0,0,0,0,0,0,0,6,0,0,0,0,0,0,0,0,0,0,0,0,0,0,0 0,16,16,0,16,0,0,0,16,0,0,0,0,0,0,0,16,0,0,0,0,0,0,0,0,0,0,0,0,0,0,0
00010 0,12,17,0,14,0,0,0,17,23,27,0,25,0,0,0,17,0,0,0,0,0,0,0,26,0,0,0,0,0,0,0 0,25,25,0,25,0,0,0,16,26,26,0,26,0,0,0,25,0,0,0,0,0,0,0,26,0,0,0,0,0,0,0
00000 0,5,9,0,12,0,0,0,6,0,0,0,0,0,0,0,14,0,0,0,0,0,0,0,0,0,0,0,0,0,0,0 0,16,16,0,16,0,0,0,16,0,0,0,0,0,0,0,16,0,0,0,0,0,0,0,0,0,0,0,0,0,0,0
00001 0,24,19,0,16,0,0,0,12,0,0,0,0,0,0,0,25,37,34,0,32,0,0,0,31,0,0,0,0,0,0,0 0,25,25,0,25,0,0,0,25,0,0,0,0,0,0,0,16,26,26,0,26,0,0,0,26,0,0,0,0,0,0,0
00000 0,4,9,0,9,0,0,0,6,0,0,0,0,0,0,0,8,0,0,0,0,0,0,0,0,0,0,0,0,0,0,0 0,12,12,0,12,0,0,0,12,0,0,0,0,0,0,0,12,0,0,0,0,0,0,0,0,0,0,0,0,0,0,0
11011 0,13,15,18,9,18,21,22,18,23,23,25,23,26,27,28,14,21,23,25,21,26,28,29,22,26,26,28,27,29,30,31 0,13,13,14,14,15,15,16,13,14,14,15,15,16,16,17,13,14,14,15,15,16,16,17,14,15,15,16,16,17,17,18
10100 0,22,18,32,21,32,32,39,19,34,0,0,28,39,0,0,21,32,0,0,35,40,0,0,0,0,0,0,0,0,0,0 0,19,24,25,19,20,25,26,24,25,0,0,25,26,0,0,24,25,0,0,25,26,0,0,0,0,0,0,0,0,0,0
00100 0,20,19,0,22,30,31,0,22,0,0,0,32,0,0,0,19,0,0,0,31,0,0,0,0,0,0,0,0,0,0,0 0,25,25,0,16,26,26,0,25,0,0,0,26,0,0,0,25,0,0,0,26,0,0,0,0,0,0,0,0,0,0,0
00010 0,24,14,0,20,0,0,0,21,36,32,0,33,0,0,0,22,0,0,0,0,0,0,0,32,0,0,0,0,0,0,0 0,25,25,0,25,0,0,0,16,26,26,0,26,0,0,0,25,0,0,0,0,0,0,0,26,0,0,0,0,0,0,0
00010 0,5,4,0,5,0,0,0,8,10,9,0,9,0,0,0,8,0,0,0,0,0,0,0,11,0,0,0,0,0,0,0 0,11,11,0,11,0,0,0,6,12,12,0,12,0,0,0,11,0,0,0,0,0,0,0,12,0,0,0,0,0,0,0
00000 0,5,5,0,5,0,0,0,5,0,0,0,0,0,0,0,4,0,0,0,0,0,0,0,0,0,0,0,0,0,0,0 0,6,6,0,6,0,0,0,6,0,0,0,0,0,0,0,6,0,0,0,0,0,0,0,0,0,0,0,0,0,0,0
11111 0,26,22,34,20,37,32,40,23,36,34,39,32,42,38,43,28,34,35,37,38,40,39,41,37,40,41,41,43,43,43,43 0,16,16,17,16,17,17,18,16,17,17,18,17,18,18,19,16,17,17,18,17,18,18,19,17,18,18,19,18,19,19,20
11111 0,15,18,24,20,28,27,32,15,23,25,28,29,32,31,34,22,27,31,32,28,31,32,33,28,31,34,35,32,33,34,35 0,10,10,11,10,11,11,12,10,11,11,12,11,12,12,13,10,11,11,12,11,12,12,13,11,12,12,13,12,13,13,14
01011 0,13,16,19,9,0,20,0,14,23,23,25,20,0,26,0,16,20,22,24,19,0,23,0,23,26,26,28,25,0,27,0 0,15,14,16,15,0,16,0,14,16,15,17,16,0,17,0,14,16,15,17,16,0,17,0,15,17,16,18,17,0,18,0
11111 0,11,8,13,8,15,13,16,11,16,15,17,16,18,18,18,12,15,15,15,14,17,17,17,17,18,18,18,17,18,18,18 0,8,8,9,8,9,9,10,8,9,9,10,9,10,10,11,8,9,9,10,9,10,10,11,9,10,10,11,10,11,11,12
11100 0,12,12,18,14,18,17,20,11,18,17,20,18,20,20,21,11,16,17,20,19,19,21,21,0,0,0,0,0,0,0,0 0,12,12,13,12,13,13,14,13,14,14,15,14,15,15,16,13,14,14,15,14,15,15,16,0,0,0,0,0,0,0,0
00000 0,5,3,0,4,0,0,0,4,0,0,0,0,0,0,0,3,0,0,0,0,0,0,0,0,0,0,0,0,0,0,0 0,12,12,0,12,0,0,0,12,0,0,0,0,0,0,0,12,0,0,0,0,0,0,0,0,0,0,0,0,0,0,0
00011 0,7,7,0,4,0,0,0,13,14,13,0,13,0,0,0,9,12,12,0,11,0,0,0,15,16,15,0,15,0,0,0 0,10,10,0,10,0,0,0,9,11,11,0,11,0,0,0,9,11,11,0,11,0,0,0,10,12,12,0,12,0,0,0
01100 0,15,18,28,17,22,27,31,17,0,25,0,24,0,31,0,15,0,25,0,24,0,31,0,0,0,0,0,0,0,0,0 0,20,15,21,15,21,16,22,20,0,21,0,21,0,22,0,20,0,21,0,21,0,22,0,0,0,0,0,0,0,0,0
00100 0,18,13,0,23,27,26,0,21,0,0,0,28,0,0,0,16,0,0,0,28,0,0,0,0,0,0,0,0,0,0,0 0,29,29,0,20,30,30,0,29,0,0,0,30,0,0,0,29,0,0,0,30,0,0,0,0,0,0,0,0,0,0,0
11111 0,18,20,27,19,27,30,33,17,26,29,31,29,32,34,34,18,26,26,31,26,29,30,33,26,30,32,33,32,32,34,34 0,10,10,11,10,11,11,12,10,11,11,12,11,12,12,13,10,11,11,12,11,12,12,13,11,12,12,13,12,13,13,14
00000 0,5,5,0,9,0,0,0,8,0,0,0,0,0,0,0,9,0,0,0,0,0,0,0,0,0,0,0,0,0,0,0 0,14,14,0,14,0,0,0,14,0,0,0,0,0,0,0,14,0,0,0,0,0,0,0,0,0,0,0,0,0,0,0
11111 0,15,16,26,20,27,28,32,17,23,27,31,27,31,32,34,17,23,25,28,27,30,31,32,27,29,32,33,32,33,34,34 0,6,6,7,6,7,7,8,6,7,7,8,7,8,8,9,6,7,7,8,7,8,8,9,7,8,8,9,8,9,9,10
00010 0,13,9,0,10,0,0,0,11,15,16,0,16,0,0,0,10,0,0,0,0,0,0,0,16,0,0,0,0,0,0,0 0,13,13,0,13,0,0,0,8,14,14,0,14,0,0,0,13,0,0,0,0,0,0,0,14,0,0,0,0,0,0,0
00000 0,4,4,0,7,0,0,0,6,0,0,0,0,0,0,0,3,0,0,0,0,0,0,0,0,0,0,0,0,0,0,0 0,14,14,0,14,0,0,0,14,0,0,0,0,0,0,0,14,0,0,0,0,0,0,0,0,0,0,0,0,0,0,0
00000 0,6,3,0,9,0,0,0,8,0,0,0,0,0,0,0,8,0,0,0,0,0,0,0,0,0,0,0,0,0,0,0 0,10,10,0,10,0,0,0,10,0,0,0,0,0,0,0,10,0,0,0,0,0,0,0,0,0,0,0,0,0,0,0
10000 0,15,12,21,10,18,0,0,13,22,0,0,0,0,0,0,13,22,0,0,0,0,0,0,0,0,0,0,0,0,0,0 0,14,23,24,23,24,0,0,23,24,0,0,0,0,0,0,23,24,0,0,0,0,0,0,0,0,0,0,0,0,0,0
11111 0,26,19,35,27,36,34,39,18,36,32,41,33,40,39,42,22,34,29,37,36,41,38,41,30,39,36,41,38,42,40,42 0,6,6,7,6,7,7,8,6,7,7,8,7,8,8,9,6,7,7,8,7,8,8,9,7,8,8,9,8,9,9,10
11111 0,19,18,29,24,31,31,36,24,31,30,35,34,36,37,39,19,30,29,36,30,34,35,38,31,35,35,38,35,36,38,39 0,8,8,9,8,9,9,10,8,9,9,10,9,10,10,11,8,9,9,10,9,10,10,11,9,10,10,11,10,11,11,12
00000 0,5,4,0,6,0,0,0,6,0,0,0,0,0,0,0,6,0,0,0,0,0,0,0,0,0,0,0,0,0,0,0 0,16,16,0,16,0,0,0,16,0,0,0,0,0,0,0,16,0,0,0,0,0,0,0,0,0,0,0,0,0,0,0
00000 0,5,4,0,8,0,0,0,7,0,0,0,0,0,0,0,2,0,0,0,0,0,0,0,0,0,0,0,0,0,0,0 0,12,12,0,12,0,0,0,12,0,0,0,0,0,0,0,12,0,0,0,0,0,0,0,0,0,0,0,0,0,0,0
00100 0,19,16,0,18,28,25,0,14,0,0,0,23,0,0,0,13,0,0,0,24,0,0,0,0,0,0,0,0,0,0,0 0,21,21,0,16,22,22,0,21,0,0,0,22,0,0,0,21,0,0,0,22,0,0,0,0,0,0,0,0,0,0,0
11111 0,12,12,17,16,20,19,21,20,22,23,23,23,23,23,23,14,19,19,21,20,23,22,23,24,24,24,24,24,24,24,24 0,10,10,11,10,11,11,12,10,11,11,12,11,12,12,13,10,11,11,12,11,12,12,13,11,12,12,13,12,13,13,14
00001 0,4,4,0,4,0,0,0,3,0,0,0,0,0,0,0,6,6,7,0,7,0,0,0,7,0,0,0,0,0,0,0 0,5,5,0,5,0,0,0,5,0,0,0,0,0,0,0,4,6,6,0,6,0,0,0,6,0,0,0,0,0,0,0
10101 0,10,8,12,11,13,15,15,8,12,0,0,15,15,0,0,11,17,17,19,17,19,21,21,16,18,0,0,20,20,0,0 0,10,11,12,10,11,12,13,11,12,0,0,12,13,0,0,10,11,12,13,11,12,13,14,12,13,0,0,13,14,0,0
11111 0,18,23,33,21,29,35,39,26,31,39,40,32,34,41,41,20,31,31,37,34,39,40,41,35,39,41,42,38,40,42,42 0,6,6,7,6,7,7,8,6,7,7,8,7,8,8,9,6,7,7,8,7,8,8,9,7,8,8,9,8,9,9,10
00000 0,6,2,0,1,0,0,0,6,0,0,0,0,0,0,0,6,0,0,0,0,0,0,0,0,0,0,0,0,0,0,0 0,10,10,0,10,0,0,0,10,0,0,0,0,0,0,0,10,0,0,0,0,0,0,0,0,0,0,0,0,0,0,0
00000 0,19,13,0,18,0,0,0,15,0,0,0,0,0,0,0,18,0,0,0,0,0,0,0,0,0,0,0,0,0,0,0 0,20,20,0,20,0,0,0,20,0,0,0,0,0,0,0,20,0,0,0,0,0,0,0,0,0,0,0,0,0,0,0
11111 0,20,24,29,23,30,31,33,23,31,30,33,30,33,34,35,20,30,30,34,32,36,35,36,31,36,33,36,34,36,35,36 0,12,12,13,12,13,13,14,12,13,13,14,13,14,14,15,12,13,13,14,13,14,14,15,13,14,14,15,14,15,15,16
00000 0,10,10,0,13,0,0,0,11,0,0,0,0,0,0,0,10,0,0,0,0,0,0,0,0,0,0,0,0,0,0,0 0,14,14,0,14,0,0,0,14,0,0,0,0,0,0,0,14,0,0,0,0,0,0,0,0,0,0,0,0,0,0,0
00000 0,2,3,0,5,0,0,0,3,0,0,0,0,0,0,0,4,0,0,0,0,0,0,0,0,0,0,0,0,0,0,0 0,8,8,0,8,0,0,0,8,0,0,0,0,0,0,0,8,0,0,0,0,0,0,0,0,0,0,0,0,0,0,0
10101 0,4,2,5,4,7,4,7,2,5,0,0,5,7,0,0,4,5,4,5,6,7,6,7,5,6,0,0,6,7,0,0 0,4,5,6,4,5,6,7,5,6,0,0,6,7,0,0,4,5,6,7,5,6,7,8,6,7,0,0,7,8,0,0
00000 0,6,5,0,5,0,0,0,7,0,0,0,0,0,0,0,5,0,0,0,0,0,0,0,0,0,0,0,0,0,0,0 0,8,8,0,8,0,0,0,8,0,0,0,0,0,0,0,8,0,0,0,0,0,0,0,0,0,0,0,0,0,0,0
10000 0,14,12,18,8,16,0,0,11,18,0,0,0,0,0,0,11,18,0,0,0,0,0,0,0,0,0,0,0,0,0,0 0,14,23,24,23,24,0,0,23,24,0,0,0,0,0,0,23,24,0,0,0,0,0,0,0,0,0,0,0,0,0,0
00000 0,1,2,0,3,0,0,0,4,0,0,0,0,0,0,0,3,0,0,0,0,0,0,0,0,0,0,0,0,0,0,0 0,12,12,0,12,0,0,0,12,0,0,0,0,0,0,0,12,0,0,0,0,0,0,0,0,0,0,0,0,0,0,0
01000 0,20,26,33,24,0,35,0,23,0,36,0,0,0,0,0,22,0,35,0,0,0,0,0,0,0,0,0,0,0,0,0 0,25,16,26,25,0,26,0,25,0,26,0,0,0,0,0,25,0,26,0,0,0,0,0,0,0,0,0,0,0,0,0
00000 0,12,10,0,9,0,0,0,11,0,0,0,0,0,0,0,7,0,0,0,0,0,0,0,0,0,0,0,0,0,0,0 0,18,18,0,18,0,0,0,18,0,0,0,0,0,0,0,18,0,0,0,0,0,0,0,0,0,0,0,0,0,0,0
00000 0,7,8,0,8,0,0,0,6,0,0,0,0,0,0,0,9,0,0,0,0,0,0,0,0,0,0,0,0,0,0,0 0,18,18,0,18,0,0,0,18,0,0,0,0,0,0,0,18,0,0,0,0,0,0,0,0,0,0,0,0,0,0,0
00000 0,11,9,0,8,0,0,0,11,0,0,0,0,0,0,0,10,0,0,0,0,0,0,0,0,0,0,0,0,0,0,0 0,16,16,0,16,0,0,0,16,0,0,0,0,0,0,0,16,0,0,0,0,0,0,0,0,0,0,0,0,0,0,0
00000 0,12,8,0,4,0,0,0,8,0,0,0,0,0,0,0,8,0,0,0,0,0,0,0,0,0,0,0,0,0,0,0 0,16,16,0,16,0,0,0,16,0,0,0,0,0,0,0,16,0,0,0,0,0,0,0,0,0,0,0,0,0,0,0
10010 0,4,2,4,3,6,0,0,5,7,6,7,5,7,0,0,3,5,0,0,0,0,0,0,6,7,0,0,0,0,0,0 0,3,4,5,4,5,0,0,3,4,5,6,5,6,0,0,4,5,0,0,0,0,0,0,5,6,0,0,0,0,0,0
00000 0,8,6,0,9,0,0,0,9,0,0,0,0,0,0,0,8,0,0,0,0,0,0,0,0,0,0,0,0,0,0,0 0,10,10,0,10,0,0,0,10,0,0,0,0,0,0,0,10,0,0,0,0,0,0,0,0,0,0,0,0,0,0,0
00000 0,5,6,0,8,0,0,0,7,0,0,0,0,0,0,0,6,0,0,0,0,0,0,0,0,0,0,0,0,0,0,0 0,10,10,0,10,0,0,0,10,0,0,0,0,0,0,0,10,0,0,0,0,0,0,0,0,0,0,0,0,0,0,0
00010 0,19,22,0,24,0,0,0,22,30,32,0,35,0,0,0,22,0,0,0,0,0,0,0,31,0,0,0,0,0,0,0 0,25,25,0,25,0,0,0,16,26,26,0,26,0,0,0,25,0,0,0,0,0,0,0,26,0,0,0,0,0,0,0
00100 0,8,7,0,10,13,14,0,8,0,0,0,13,0,0,0,9,0,0,0,13,0,0,0,0,0,0,0,0,0,0,0 0,11,11,0,6,12,12,0,11,0,0,0,12,0,0,0,11,0,0,0,12,0,0,0,0,0,0,0,0,0,0,0
00101 0,7,5,0,11,15,14,0,9,0,0,0,17,0,0,0,12,18,15,0,17,21,20,0,16,0,0,0,20,0,0,0 0,16,16,0,11,17,17,0,16,0,0,0,17,0,0,0,11,17,17,0,12,18,18,0,17,0,0,0,18,0,0,0
00110 0,16,13,0,16,23,22,0,23,28,28,0,30,32,32,0,13,0,0,0,21,0,0,0,28,0,0,0,32,0,0,0 0,20,20,0,15,21,21,0,15,21,21,0,16,22,22,0,20,0,0,0,21,0,0,0,21,0,0,0,22,0,0,0
00000 0,11,11,0,10,0,0,0,11,0,0,0,0,0,0,0,6,0,0,0,0,0,0,0,0,0,0,0,0,0,0,0 0,14,14,0,14,0,0,0,14,0,0,0,0,0,0,0,14,0,0,0,0,0,0,0,0,0,0,0,0,0,0,0
00111 0,6,6,0,8,10,13,0,8,10,12,0,11,11,14,0,10,11,12,0,13,13,15,0,12,13,14,0,13,13,15,0 0,9,9,0,8,10,10,0,8,10,10,0,9,11,11,0,8,10,10,0,9,11,11,0,9,11,11,0,10,12,12,0
00000 0,4,2,0,0,0,0,0,1,0,0,0,0,0,0,0,3,0,0,0,0,0,0,0,0,0,0,0,0,0,0,0 0,6,6,0,0,0,0,0,6,0,0,0,0,0,0,0,6,0,0,0,0,0,0,0,0,0,0,0,0,0,0,0
00010 0,13,23,0,19,0,0,0,28,33,38,0,35,0,0,0,25,0,0,0,0,0,0,0,37,0,0,0,0,0,0,0 0,29,29,0,29,0,0,0,20,30,30,0,30,0,0,0,29,0,0,0,0,0,0,0,30,0,0,0,0,0,0,0
00101 0,8,13,0,13,18,19,0,17,0,0,0,22,0,0,0,13,16,21,0,20,23,23,0,22,0,0,0,25,0,0,0 0,16,16,0,11,17,17,0,16,0,0,0,17,0,0,0,11,17,17,0,12,18,18,0,17,0,0,0,18,0,0,0
00000 0,3,4,0,2,0,0,0,1,0,0,0,0,0,0,0,2,0,0,0,0,0,0,0,0,0,0,0,0,0,0,0 0,16,16,0,16,0,0,0,16,0,0,0,0,0,0,0,16,0,0,0,0,0,0,0,0,0,0,0,0,0,0,0
11111 0,19,21,29,16,22,29,30,20,26,27,30,25,28,30,31,18,27,28,32,25,28,32,32,27,30,30,32,30,30,32,32 0,12,12,13,12,13,13,14,12,13,13,14,13,14,14,15,12,13,13,14,13,14,14,15,13,14,14,15,14,15,15,16
10011 0,14,18,25,14,22,0,0,18,23,27,30,23,27,0,0,23,29,28,32,30,33,0,0,30,33,32,34,32,34,0,0 0,14,15,16,15,16,0,0,14,15,16,17,16,17,0,0,14,15,16,17,16,17,0,0,15,16,17,18,17,18,0,0
11111 0,19,17,26,19,28,27,31,18,26,24,28,27,30,28,31,18,26,23,29,30,32,31,33,27,31,29,31,32,33,32,33 0,16,16,17,16,17,17,18,16,17,17,18,17,18,18,19,16,17,17,18,17,18,18,19,17,18,18,19,18,19,19,20
00000 0,14,15,0,16,0,0,0,12,0,0,0,0,0,0,0,15,0,0,0,0,0,0,0,0,0,0,0,0,0,0,0 0,18,18,0,18,0,0,0,18,0,0,0,0,0,0,0,18,0,0,0,0,0,0,0,0,0,0,0,0,0,0,0
00000 0,5,7,0,5,0,0,0,6,0,0,0,0,0,0,0,11,0,0,0,0,0,0,0,0,0,0,0,0,0,0,0 0,20,20,0,20,0,0,0,20,0,0,0,0,0,0,0,20,0,0,0,0,0,0,0,0,0,0,0,0,0,0,0
00000 0,8,7,0,11,0,0,0,10,0,0,0,0,0,0,0,11,0,0,0,0,0,0,0,0,0,0,0,0,0,0,0 0,16,16,0,16,0,0,0,16,0,0,0,0,0,0,0,16,0,0,0,0,0,0,0,0,0,0,0,0,0,0,0
11111 0,20,21,27,19,27,27,29,16,26,25,31,26,30,30,32,17,27,29,32,27,31,31,32,25,30,31,34,32,33,33,34 0,6,6,7,6,7,7,8,6,7,7,8,7,8,8,9,6,7,7,8,7,8,8,9,7,8,8,9,8,9,9,10
00100 0,15,7,0,16,20,18,0,12,0,0,0,19,0,0,0,15,0,0,0,19,0,0,0,0,0,0,0,0,0,0,0 0,21,21,0,16,22,22,0,21,0,0,0,22,0,0,0,21,0,0,0,22,0,0,0,0,0,0,0,0,0,0,0
00001 0,5,5,0,5,0,0,0,5,0,0,0,0,0,0,0,6,7,7,0,8,0,0,0,7,0,0,0,0,0,0,0 0,11,11,0,11,0,0,0,11,0,0,0,0,0,0,0,6,12,12,0,12,0,0,0,12,0,0,0,0,0,0,0
10111 0,16,7,17,11,20,15,21,11,22,16,23,14,23,18,24,15,21,18,21,20,24,22,24,19,24,21,24,21,25,23,25 0,11,12,13,11,12,13,14,11,12,13,14,12,13,14,15,11,12,13,14,12,13,14,15,12,13,14,15,13,14,15,16
00000 0,7,8,0,4,0,0,0,5,0,0,0,0,0,0,0,6,0,0,0,0,0,0,0,0,0,0,0,0,0,0,0 0,10,10,0,10,0,0,0,10,0,0,0,0,0,0,0,10,0,0,0,0,0,0,0,0,0,0,0,0,0,0,0
11110 0,7,10,10,5,10,11,11,6,10,11,11,7,10,11,11,5,8,10,10,7,10,11,11,9,10,11,11,9,10,11,11 0,5,5,6,5,6,6,7,5,6,6,7,6,7,7,8,6,7,7,8,7,8,8,9,7,8,8,9,8,9,9,10
00110 0,21,19,0,27,36,35,0,24,35,33,0,37,40,40,0,20,0,0,0,34,0,0,0,32,0,0,0,38,0,0,0 0,28,28,0,19,29,29,0,19,29,29,0,20,30,30,0,28,0,0,0,29,0,0,0,29,0,0,0,30,0,0,0
00101 0,14,13,0,19,25,25,0,13,0,0,0,23,0,0,0,19,26,25,0,29,32,32,0,24,0,0,0,30,0,0,0 0,24,24,0,19,25,25,0,24,0,0,0,25,0,0,0,19,25,25,0,20,26,26,0,25,0,0,0,26,0,0,0
11111 0,21,20,29,22,30,28,34,18,28,27,32,31,34,34,36,14,25,27,31,30,34,33,36,23,29,30,32,33,35,35,36 0,8,8,9,8,9,9,10,8,9,9,10,9,10,10,11,8,9,9,10,9,10,10,11,9,10,10,11,10,11,11,12
01001 0,19,17,25,18,0,27,0,13,0,23,0,0,0,0,0,17,28,27,32,26,0,31,0,20,0,28,0,0,0,0,0 0,22,17,23,22,0,23,0,22,0,23,0,0,0,0,0,17,23,18,24,23,0,24,0,23,0,24,0,0,0,0,0
00100 0,16,21,0,23,29,30,0,14,0,0,0,29,0,0,0,15,0,0,0,28,0,0,0,0,0,0,0,0,0,0,0 0,29,29,0,20,30,30,0,29,0,0,0,30,0,0,0,29,0,0,0,30,0,0,0,0,0,0,0,0,0,0,0
11010 0,12,12,16,10,15,15,16,8,15,16,17,14,17,17,17,8,13,14,16,0,0,0,0,14,16,16,17,0,0,0,0 0,8,8,9,9,10,10,11,8,9,9,10,10,11,11,12,9,10,10,11,0,0,0,0,10,11,11,12,0,0,0,0
00000 0,2,4,0,2,0,0,0,4,0,0,0,0,0,0,0,3,0,0,0,0,0,0,0,0,0,0,0,0,0,0,0 0,12,12,0,12,0,0,0,12,0,0,0,0,0,0,0,12,0,0,0,0,0,0,0,0,0,0,0,0,0,0,0
00000 0,2,2,0,2,0,0,0,4,0,0,0,0,0,0,0,2,0,0,0,0,0,0,0,0,0,0,0,0,0,0,0 0,10,10,0,10,0,0,0,10,0,0,0,0,0,0,0,10,0,0,0,0,0,0,0,0,0,0,0,0,0,0,0
00000 0,6,2,0,5,0,0,0,5,0,0,0,0,0,0,0,7,0,0,0,0,0,0,0,0,0,0,0,0,0,0,0 0,14,14,0,14,0,0,0,14,0,0,0,0,0,0,0,14,0,0,0,0,0,0,0,0,0,0,0,0,0,0,0
00000 0,8,9,0,5,0,0,0,5,0,0,0,0,0,0,0,6,0,0,0,0,0,0,0,0,0,0,0,0,0,0,0 0,20,20,0,20,0,0,0,20,0,0,0,0,0,0,0,20,0,0,0,0,0,0,0,0,0,0,0,0,0,0,0
01000 0,13,18,22,13,0,20,0,8,0,20,0,0,0,0,0,13,0,23,0,0,0,0,0,0,0,0,0,0,0,0,0 0,19,14,20,19,0,20,0,19,0,20,0,0,0,0,0,19,0,20,0,0,0,0,0,0,0,0,0,0,0,0,0
11010 0,25,20,35,16,29,28,36,20,32,30,38,25,33,32,38,18,30,30,37,0,0,0,0,29,35,35,39,0,0,0,0 0,18,18,19,23,24,24,25,18,19,19,20,24,25,25,26,23,24,24,25,0,0,0,0,24,25,25,26,0,0,0,0
00000 0,13,12,0,10,0,0,0,14,0,0,0,0,0,0,0,13,0,0,0,0,0,0,0,0,0,0,0,0,0,0,0 0,16,16,0,16,0,0,0,16,0,0,0,0,0,0,0,16,0,0,0,0,0,0,0,0,0,0,0,0,0,0,0
11111 0,14,13,19,20,26,24,27,18,22,25,25,27,28,29,29,15,23,21,25,24,27,26,28,24,27,28,28,28,29,30,30 0,8,8,9,8,9,9,10,8,9,9,10,9,10,10,11,8,9,9,10,9,10,10,11,9,10,10,11,10,11,11,12
00101 0,13,17,0,19,25,25,0,8,0,0,0,22,0,0,0,20,25,27,0,28,30,30,0,23,0,0,0,28,0,0,0 0,24,24,0,19,25,25,0,24,0,0,0,25,0,0,0,19,25,25,0,20,26,26,0,25,0,0,0,26,0,0,0
01110 0,17,19,27,21,28,29,32,17,24,26,29,27,30,32,33,14,0,26,0,29,0,33,0,26,0,31,0,34,0,36,0 0,21,16,22,16,22,17,23,16,22,17,23,17,23,18,24,21,0,22,0,22,0,23,0,22,0,23,0,23,0,24,0
00110 0,15,13,0,14,20,20,0,14,20,20,0,19,22,23,0,11,0,0,0,18,0,0,0,19,0,0,0,22,0,0,0 0,16,16,0,11,17,17,0,11,17,17,0,12,18,18,0,16,0,0,0,17,0,0,0,17,0,0,0,18,0,0,0
10100 0,21,23,28,18,30,29,32,14,29,0,0,26,36,0,0,18,27,0,0,28,33,0,0,0,0,0,0,0,0,0,0 0,17,22,23,17,18,23,24,22,23,0,0,23,24,0,0,22,23,0,0,23,24,0,0,0,0,0,0,0,0,0,0
00000 0,5,4,0,2,0,0,0,6,0,0,0,0,0,0,0,6,0,0,0,0,0,0,0,0,0,0,0,0,0,0,0 0,12,12,0,12,0,0,0,12,0,0,0,0,0,0,0,12,0,0,0,0,0,0,0,0,0,0,0,0,0,0,0
10001 0,29,19,36,26,38,0,0,21,34,0,0,0,0,0,0,24,38,33,41,38,42,0,0,38,42,0,0,0,0,0,0 0,23,32,33,32,33,0,0,32,33,0,0,0,0,0,0,23,24,33,34,33,34,0,0,33,34,0,0,0,0,0,0
00011 0,23,22,0,21,0,0,0,24,36,33,0,34,0,0,0,25,34,34,0,34,0,0,0,36,40,39,0,41,0,0,0 0,26,26,0,26,0,0,0,21,27,27,0,27,0,0,0,21,27,27,0,27,0,0,0,22,28,28,0,28,0,0,0
00000 0,4,1,0,4,0,0,0,4,0,0,0,0,0,0,0,2,0,0,0,0,0,0,0,0,0,0,0,0,0,0,0 0,16,16,0,16,0,0,0,16,0,0,0,0,0,0,0,16,0,0,0,0,0,0,0,0,0,0,0,0,0,0,0
00000 0,7,5,0,8,0,0,0,5,0,0,0,0,0,0,0,8,0,0,0,0,0,0,0,0,0,0,0,0,0,0,0 0,12,12,0,12,0,0,0,12,0,0,0,0,0,0,0,12,0,0,0,0,0,0,0,0,0,0,0,0,0,0,0
11111 0,14,11,18,14,21,19,23,15,20,19,22,20,22,23,24,15,19,17,21,21,24,22,25,22,23,23,24,24,25,25,26 0,8,8,9,8,9,9,10,8,9,9,10,9,10,10,11,8,9,9,10,9,10,10,11,9,10,10,11,10,11,11,12
11111 0,18,19,25,15,25,28,30,19,28,27,30,27,31,32,33,19,27,27,30,28,31,32,33,23,30,29,32,30,32,33,34 0,10,10,11,10,11,11,12,10,11,11,12,11,12,12,13,10,11,11,12,11,12,12,13,11,12,12,13,12,13,13,14
10000 0,13,15,21,11,19,0,0,14,20,0,0,0,0,0,0,12,22,0,0,0,0,0,0,0,0,0,0,0,0,0,0 0,10,15,16,15,16,0,0,15,16,0,0,0,0,0,0,15,16,0,0,0,0,0,0,0,0,0,0,0,0,0,0
00001 0,15,19,0,11,0,0,0,15,0,0,0,0,0,0,0,18,25,26,0,20,0,0,0,24,0,0,0,0,0,0,0 0,25,25,0,25,0,0,0,25,0,0,0,0,0,0,0,16,26,26,0,26,0,0,0,26,0,0,0,0,0,0,0
11000 0,14,18,24,12,21,23,26,15,22,24,28,0,0,0,0,13,20,24,26,0,0,0,0,0,0,0,0,0,0,0,0 0,11,11,12,16,17,17,18,16,17,17,18,0,0,0,0,16,17,17,18,0,0,0,0,0,0,0,0,0,0,0,0
00000 0,17,15,0,12,0,0,0,15,0,0,0,0,0,0,0,12,0,0,0,0,0,0,0,0,0,0,0,0,0,0,0 0,20,20,0,20,0,0,0,20,0,0,0,0,0,0,0,20,0,0,0,0,0,0,0,0,0,0,0,0,0,0,0
00010 0,6,7,0,2,0,0,0,8,9,11,0,8,0,0,0,4,0,0,0,0,0,0,0,10,0,0,0,0,0,0,0 0,11,11,0,11,0,0,0,6,12,12,0,12,0,0,0,11,0,0,0,0,0,0,0,12,0,0,0,0,0,0,0
11010 0,14,16,22,18,24,23,26,14,20,21,25,23,26,25,27,12,22,20,25,0,0,0,0,21,25,24,27,0,0,0,0 0,14,14,15,15,16,16,17,14,15,15,16,16,17,17,18,15,16,16,17,0,0,0,0,16,17,17,18,0,0,0,0
00000 0,3,2,0,4,0,0,0,4,0,0,0,0,0,0,0,5,0,0,0,0,0,0,0,0,0,0,0,0,0,0,0 0,14,14,0,14,0,0,0,14,0,0,0,0,0,0,0,14,0,0,0,0,0,0,0,0,0,0,0,0,0,0,0
11100 0,26,22,37,22,34,31,38,21,30,31,37,27,34,33,38,21,33,30,37,29,37,33,38,0,0,0,0,0,0,0,0 0,22,22,23,22,23,23,24,27,28,28,29,28,29,29,30,27,28,28,29,28,29,29,30,0,0,0,0,0,0,0,0
01000 0,18,21,27,17,0,28,0,18,0,27,0,0,0,0,0,13,0,26,0,0,0,0,0,0,0,0,0,0,0,0,0 0,29,20,30,29,0,30,0,29,0,30,0,0,0,0,0,29,0,30,0,0,0,0,0,0,0,0,0,0,0,0,0
00000 0,7,4,0,2,0,0,0,7,0,0,0,0,0,0,0,3,0,0,0,0,0,0,0,0,0,0,0,0,0,0,0 0,20,20,0,20,0,0,0,20,0,0,0,0,0,0,0,20,0,0,0,0,0,0,0,0,0,0,0,0,0,0,0
00000 0,2,2,0,1,0,0,0,3,0,0,0,0,0,0,0,2,0,0,0,0,0,0,0,0,0,0,0,0,0,0,0 0,14,14,0,14,0,0,0,14,0,0,0,0,0,0,0,14,0,0,0,0,0,0,0,0,0,0,0,0,0,0,0
00100 0,17,16,0,15,25,25,0,21,0,0,0,28,0,0,0,18,0,0,0,23,0,0,0,0,0,0,0,0,0,0,0 0,23,23,0,14,24,24,0,23,0,0,0,24,0,0,0,23,0,0,0,24,0,0,0,0,0,0,0,0,0,0,0
00100 0,7,2,0,11,13,11,0,5,0,0,0,11,0,0,0,5,0,0,0,13,0,0,0,0,0,0,0,0,0,0,0 0,9,9,0,8,10,10,0,9,0,0,0,10,0,0,0,9,0,0,0,10,0,0,0,0,0,0,0,0,0,0,0
00000 0,4,4,0,5,0,0,0,5,0,0,0,0,0,0,0,4,0,0,0,0,0,0,0,0,0,0,0,0,0,0,0 0,8,8,0,8,0,0,0,8,0,0,0,0,0,0,0,8,0,0,0,0,0,0,0,0,0,0,0,0,0,0,0
00010 0,15,17,0,20,0,0,0,19,26,28,0,27,0,0,0,21,0,0,0,0,0,0,0,29,0,0,0,0,0,0,0 0,21,21,0,21,0,0,0,16,22,22,0,22,0,0,0,21,0,0,0,0,0,0,0,22,0,0,0,0,0,0,0
01010 0,12,19,23,18,0,25,0,21,22,27,27,27,0,30,0,14,0,27,0,0,0,0,0,27,0,30,0,0,0,0,0 0,20,15,21,20,0,21,0,15,21,16,22,21,0,22,0,20,0,21,0,0,0,0,0,21,0,22,0,0,0,0,0
11111 0,17,18,26,15,26,26,31,23,29,28,32,28,32,31,33,14,23,23,29,22,27,29,32,29,33,31,34,31,33,33,34 0,8,8,9,8,9,9,10,8,9,9,10,9,10,10,11,8,9,9,10,9,10,10,11,9,10,10,11,10,11,11,12
00000 0,8,5,0,4,0,0,0,5,0,0,0,0,0,0,0,5,0,0,0,0,0,0,0,0,0,0,0,0,0,0,0 0,10,10,0,10,0,0,0,10,0,0,0,0,0,0,0,10,0,0,0,0,0,0,0,0,0,0,0,0,0,0,0
01001 0,19,22,31,18,0,29,0,19,0,27,0,0,0,0,0,24,33,34,38,32,0,37,0,31,0,35,0,0,0,0,0 0,30,21,31,30,0,31,0,30,0,31,0,0,0,0,0,21,31,22,32,31,0,32,0,31,0,32,0,0,0,0,0
01110 0,8,12,16,11,15,15,18,10,14,18,19,15,17,19,20,10,0,15,0,16,0,16,0,18,0,19,0,20,0,20,0 0,11,10,12,10,12,11,13,10,12,11,13,11,13,12,14,11,0,12,0,12,0,13,0,12,0,13,0,13,0,14,0
01100 0,17,20,25,19,25,27,29,14,0,23,0,23,0,27,0,11,0,24,0,22,0,28,0,0,0,0,0,0,0,0,0 0,24,19,25,19,25,20,26,24,0,25,0,25,0,26,0,24,0,25,0,25,0,26,0,0,0,0,0,0,0,0,0
00100 0,20,18,0,29,36,35,0,14,0,0,0,32,0,0,0,22,0,0,0,36,0,0,0,0,0,0,0,0,0,0,0 0,29,29,0,20,30,30,0,29,0,0,0,30,0,0,0,29,0,0,0,30,0,0,0,0,0,0,0,0,0,0,0
00000 0,5,11,0,8,0,0,0,7,0,0,0,0,0,0,0,5,0,0,0,0,0,0,0,0,0,0,0,0,0,0,0 0,12,12,0,12,0,0,0,12,0,0,0,0,0,0,0,12,0,0,0,0,0,0,0,0,0,0,0,0,0,0,0
00000 0,11,11,0,7,0,0,0,9,0,0,0,0,0,0,0,11,0,0,0,0,0,0,0,0,0,0,0,0,0,0,0 0,14,14,0,14,0,0,0,14,0,0,0,0,0,0,0,14,0,0,0,0,0,0,0,0,0,0,0,0,0,0,0
11111 0,21,23,31,23,30,31,34,23,34,31,36,32,36,36,38,18,29,31,35,31,35,37,38,30,35,34,36,35,37,37,38 0,10,10,11,10,11,11,12,10,11,11,12,11,12,12,13,10,11,11,12,11,12,12,13,11,12,12,13,12,13,13,14
01000 0,5,8,10,5,0,11,0,9,0,12,0,0,0,0,0,5,0,9,0,0,0,0,0,0,0,0,0,0,0,0,0 0,13,8,14,13,0,14,0,13,0,14,0,0,0,0,0,13,0,14,0,0,0,0,0,0,0,0,0,0,0,0,0
11111 0,22,22,35,21,32,29,38,25,34,33,38,36,39,37,40,21,30,32,38,29,34,35,39,34,39,37,40,38,40,38,40 0,12,12,13,12,13,13,14,12,13,13,14,13,14,14,15,12,13,13,14,13,14,14,15,13,14,14,15,14,15,15,16
00000 0,1,4,0,1,0,0,0,2,0,0,0,0,0,0,0,6,0,0,0,0,0,0,0,0,0,0,0,0,0,0,0 0,14,14,0,14,0,0,0,14,0,0,0,0,0,0,0,14,0,0,0,0,0,0,0,0,0,0,0,0,0,0,0
10110 0,19,15,28,22,33,29,37,23,30,29,35,34,38,37,40,18,30,0,0,31,38,0,0,32,37,0,0,38,40,0,0 0,16,21,22,16,17,22,23,16,17,22,23,17,18,23,24,21,22,0,0,22,23,0,0,22,23,0,0,23,24,0,0
11111 0,18,22,28,23,27,30,31,17,26,29,32,28,30,31,32,14,24,29,32,27,28,32,32,23,29,32,33,31,31,33,33 0,12,12,13,12,13,13,14,12,13,13,14,13,14,14,15,12,13,13,14,13,14,14,15,13,14,14,15,14,15,15,16
01001 0,9,13,17,9,0,18,0,9,0,18,0,0,0,0,0,16,20,21,23,20,0,23,0,19,0,23,0,0,0,0,0 0,18,13,19,18,0,19,0,18,0,19,0,0,0,0,0,13,19,14,20,19,0,20,0,19,0,20,0,0,0,0,0
11111 0,10,6,12,9,12,12,13,9,13,12,13,13,14,14,14,9,15,11,15,13,15,14,15,12,15,14,15,14,15,15,15 0,6,6,7,6,7,7,8,6,7,7,8,7,8,8,9,6,7,7,8,7,8,8,9,7,8,8,9,8,9,9,10
00000 0,8,12,0,7,0,0,0,7,0,0,0,0,0,0,0,8,0,0,0,0,0,0,0,0,0,0,0,0,0,0,0 0,16,16,0,16,0,0,0,16,0,0,0,0,0,0,0,16,0,0,0,0,0,0,0,0,0,0,0,0,0,0,0
00000 0,6,6,0,7,0,0,0,8,0,0,0,0,0,0,0,2,0,0,0,0,0,0,0,0,0,0,0,0,0,0,0 0,20,20,0,20,0,0,0,20,0,0,0,0,0,0,0,20,0,0,0,0,0,0,0,0,0,0,0,0,0,0,0
01000 0,9,12,15,11,0,18,0,16,0,22,0,0,0,0,0,11,0,22,0,0,0,0,0,0,0,0,0,0,0,0,0 0,19,10,20,19,0,20,0,19,0,20,0,0,0,0,0,19,0,20,0,0,0,0,0,0,0,0,0,0,0,0,0
11000 0,19,21,29,13,29,26,33,19,31,28,34,0,0,0,0,18,27,27,32,0,0,0,0,0,0,0,0,0,0,0,0 0,15,15,16,20,21,21,22,20,21,21,22,0,0,0,0,20,21,21,22,0,0,0,0,0,0,0,0,0,0,0,0
01000 0,11,15,17,14,0,19,0,14,0,20,0,0,0,0,0,15,0,21,0,0,0,0,0,0,0,0,0,0,0,0,0 0,17,12,18,17,0,18,0,17,0,18,0,0,0,0,0,17,0,18,0,0,0,0,0,0,0,0,0,0,0,0,0
00000 0,11,12,0,9,0,0,0,8,0,0,0,0,0,0,0,12,0,0,0,0,0,0,0,0,0,0,0,0,0,0,0 0,18,18,0,18,0,0,0,18,0,0,0,0,0,0,0,18,0,0,0,0,0,0,0,0,0,0,0,0,0,0,0
01000 0,2,4,5,3,0,4,0,2,0,4,0,0,0,0,0,2,0,4,0,0,0,0,0,0,0,0,0,0,0,0,0 0,5,4,6,5,0,6,0,5,0,6,0,0,0,0,0,5,0,6,0,0,0,0,0,0,0,0,0,0,0,0,0
00111 0,11,11,0,12,19,19,0,16,20,20,0,21,24,24,0,12,17,17,0,23,25,25,0,22,23,23,0,27,27,27,0 0,13,13,0,12,14,14,0,12,14,14,0,13,15,15,0,12,14,14,0,13,15,15,0,13,15,15,0,14,16,16,0
11001 0,23,24,34,18,31,27,35,22,32,32,36,0,0,0,0,20,31,32,37,31,36,35,38,29,33,36,37,0,0,0,0 0,20,20,21,25,26,26,27,25,26,26,27,0,0,0,0,20,21,21,22,26,27,27,28,26,27,27,28,0,0,0,0
11000 0,18,16,26,12,23,22,28,14,22,22,28,0,0,0,0,14,24,24,28,0,0,0,0,0,0,0,0,0,0,0,0 0,13,13,14,18,19,19,20,18,19,19,20,0,0,0,0,18,19,19,20,0,0,0,0,0,0,0,0,0,0,0,0
10000 0,14,12,21,9,18,0,0,12,20,0,0,0,0,0,0,12,21,0,0,0,0,0,0,0,0,0,0,0,0,0,0 0,8,13,14,13,14,0,0,13,14,0,0,0,0,0,0,13,14,0,0,0,0,0,0,0,0,0,0,0,0,0,0
10110 0,8,7,9,9,15,14,15,9,12,11,12,12,15,14,15,5,11,0,0,11,15,0,0,13,15,0,0,13,15,0,0 0,8,9,10,8,9,10,11,8,9,10,11,9,10,11,12,9,10,0,0,10,11,0,0,10,11,0,0,11,12,0,0
11111 0,13,7,16,8,14,12,16,9,15,14,17,12,15,16,17,8,15,12,17,12,16,14,17,14,17,17,18,16,17,18,18 0,6,6,7,6,7,7,8,6,7,7,8,7,8,8,9,6,7,7,8,7,8,8,9,7,8,8,9,8,9,9,10
11111 0,15,16,25,13,22,21,28,15,22,23,29,23,27,27,31,22,27,26,30,27,30,28,31,27,29,29,31,30,31,31,32 0,10,10,11,10,11,11,12,10,11,11,12,11,12,12,13,10,11,11,12,11,12,12,13,11,12,12,13,12,13,13,14
00001 0,12,7,0,9,0,0,0,9,0,0,0,0,0,0,0,14,18,16,0,19,0,0,0,16,0,0,0,0,0,0,0 0,23,23,0,23,0,0,0,23,0,0,0,0,0,0,0,14,24,24,0,24,0,0,0,24,0,0,0,0,0,0,0
11111 0,10,10,13,13,16,15,16,8,15,13,16,14,17,16,17,12,15,14,16,17,18,17,18,14,16,15,17,17,18,17,18 0,8,8,9,8,9,9,10,8,9,9,10,9,10,10,11,8,9,9,10,9,10,10,11,9,10,10,11,10,11,11,12
11111 0,12,11,17,9,14,16,18,13,19,19,21,16,19,20,21,10,17,15,19,14,18,18,20,17,20,19,21,18,20,20,21 0,8,8,9,8,9,9,10,8,9,9,10,9,10,10,11,8,9,9,10,9,10,10,11,9,10,10,11,10,11,11,12
00000 0,5,6,0,3,0,0,0,5,0,0,0,0,0,0,0,4,0,0,0,0,0,0,0,0,0,0,0,0,0,0,0 0,10,10,0,10,0,0,0,10,0,0,0,0,0,0,0,10,0,0,0,0,0,0,0,0,0,0,0,0,0,0,0
00001 0,14,15,0,14,0,0,0,13,0,0,0,0,0,0,0,16,23,23,0,24,0,0,0,21,0,0,0,0,0,0,0 0,25,25,0,25,0,0,0,25,0,0,0,0,0,0,0,16,26,26,0,26,0,0,0,26,0,0,0,0,0,0,0
00101 0,9,10,0,14,17,17,0,11,0,0,0,17,0,0,0,13,17,15,0,18,19,19,0,16,0,0,0,18,0,0,0 0,12,12,0,11,13,13,0,12,0,0,0,13,0,0,0,11,13,13,0,12,14,14,0,13,0,0,0,14,0,0,0
00001 0,11,8,0,11,0,0,0,9,0,0,0,0,0,0,0,15,19,17,0,20,0,0,0,19,0,0,0,0,0,0,0 0,15,15,0,15,0,0,0,15,0,0,0,0,0,0,0,10,16,16,0,16,0,0,0,16,0,0,0,0,0,0,0
00000 0,7,6,0,7,0,0,0,9,0,0,0,0,0,0,0,5,0,0,0,0,0,0,0,0,0,0,0,0,0,0,0 0,12,12,0,12,0,0,0,12,0,0,0,0,0,0,0,12,0,0,0,0,0,0,0,0,0,0,0,0,0,0,0
00000 0,2,1,0,5,0,0,0,4,0,0,0,0,0,0,0,3,0,0,0,0,0,0,0,0,0,0,0,0,0,0,0 0,12,12,0,12,0,0,0,12,0,0,0,0,0,0,0,12,0,0,0,0,0,0,0,0,0,0,0,0,0,0,0
11000 0,18,19,27,16,28,29,32,18,24,27,30,0,0,0,0,15,26,26,30,0,0,0,0,0,0,0,0,0,0,0,0 0,15,15,16,20,21,21,22,20,21,21,22,0,0,0,0,20,21,21,22,0,0,0,0,0,0,0,0,0,0,0,0
00000 0,4,4,0,5,0,0,0,2,0,0,0,0,0,0,0,5,0,0,0,0,0,0,0,0,0,0,0,0,0,0,0 0,20,20,0,20,0,0,0,20,0,0,0,0,0,0,0,20,0,0,0,0,0,0,0,0,0,0,0,0,0,0,0
00000 0,7,3,0,4,0,0,0,6,0,0,0,0,0,0,0,7,0,0,0,0,0,0,0,0,0,0,0,0,0,0,0 0,16,16,0,16,0,0,0,16,0,0,0,0,0,0,0,16,0,0,0,0,0,0,0,0,0,0,0,0,0,0,0
00000 0,7,9,0,9,0,0,0,6,0,0,0,0,0,0,0,12,0,0,0,0,0,0,0,0,0,0,0,0,0,0,0 0,16,16,0,16,0,0,0,16,0,0,0,0,0,0,0,16,0,0,0,0,0,0,0,0,0,0,0,0,0,0,0
11111 0,16,15,23,20,25,25,28,21,25,23,26,27,29,28,29,11,19,19,24,22,25,26,28,25,26,26,27,29,29,29,29 0,10,10,11,10,11,11,12,10,11,11,12,11,12,12,13,10,11,11,12,11,12,12,13,11,12,12,13,12,13,13,14
11111 0,21,17,30,22,34,29,38,25,34,34,39,32,37,38,41,17,30,27,36,32,39,35,42,32,39,38,43,38,41,41,44 0,12,12,13,12,13,13,14,12,13,13,14,13,14,14,15,12,13,13,14,13,14,14,15,13,14,14,15,14,15,15,16
00000 0,8,5,0,9,0,0,0,10,0,0,0,0,0,0,0,6,0,0,0,0,0,0,0,0,0,0,0,0,0,0,0 0,12,12,0,12,0,0,0,12,0,0,0,0,0,0,0,12,0,0,0,0,0,0,0,0,0,0,0,0,0,0,0
11110 0,19,16,28,23,30,29,32,15,23,25,30,30,31,33,33,13,26,24,31,27,32,32,34,24,29,31,33,32,33,35,35 0,13,13,14,13,14,14,15,13,14,14,15,14,15,15,16,14,15,15,16,15,16,16,17,15,16,16,17,16,17,17,18
00000 0,8,8,0,10,0,0,0,11,0,0,0,0,0,0,0,10,0,0,0,0,0,0,0,0,0,0,0,0,0,0,0 0,18,18,0,18,0,0,0,18,0,0,0,0,0,0,0,18,0,0,0,0,0,0,0,0,0,0,0,0,0,0,0
00000 0,3,5,0,7,0,0,0,5,0,0,0,0,0,0,0,7,0,0,0,0,0,0,0,0,0,0,0,0,0,0,0 0,16,16,0,16,0,0,0,16,0,0,0,0,0,0,0,16,0,0,0,0,0,0,0,0,0,0,0,0,0,0,0
10000 0,22,20,33,23,32,0,0,21,32,0,0,0,0,0,0,18,31,0,0,0,0,0,0,0,0,0,0,0,0,0,0 0,20,29,30,29,30,0,0,29,30,0,0,0,0,0,0,29,30,0,0,0,0,0,0,0,0,0,0,0,0,0,0
00000 0,11,6,0,7,0,0,0,10,0,0,0,0,0,0,0,11,0,0,0,0,0,0,0,0,0,0,0,0,0,0,0 0,16,16,0,16,0,0,0,16,0,0,0,0,0,0,0,16,0,0,0,0,0,0,0,0,0,0,0,0,0,0,0
10100 0,18,15,24,15,26,25,29,14,26,0,0,25,32,0,0,17,27,0,0,26,32,0,0,0,0,0,0,0,0,0,0 0,11,16,17,11,12,17,18,16,17,0,0,17,18,0,0,16,17,0,0,17,18,0,0,0,0,0,0,0,0,0,0
00000 0,17,13,0,10,0,0,0,13,0,0,0,0,0,0,0,12,0,0,0,0,0,0,0,0,0,0,0,0,0,0,0 0,18,18,0,18,0,0,0,18,0,0,0,0,0,0,0,18,0,0,0,0,0,0,0,0,0,0,0,0,0,0,0
11111 0,13,10,17,12,19,17,20,14,20,17,20,17,21,19,21,14,19,18,20,17,21,20,21,19,22,21,22,19,22,21,22 0,8,8,9,8,9,9,10,8,9,9,10,9,10,10,11,8,9,9,10,9,10,10,11,9,10,10,11,10,11,11,12
00001 0,6,10,0,11,0,0,0,9,0,0,0,0,0,0,0,13,16,14,0,16,0,0,0,16,0,0,0,0,0,0,0 0,15,15,0,15,0,0,0,15,0,0,0,0,0,0,0,10,16,16,0,16,0,0,0,16,0,0,0,0,0,0,0
10000 0,18,18,26,11,23,0,0,11,22,0,0,0,0,0,0,13,22,0,0,0,0,0,0,0,0,0,0,0,0,0,0 0,16,21,22,21,22,0,0,21,22,0,0,0,0,0,0,21,22,0,0,0,0,0,0,0,0,0,0,0,0,0,0
10011 0,16,19,29,17,28,0,0,18,27,26,33,27,33,0,0,18,25,28,32,25,31,0,0,30,32,33,35,33,35,0,0 0,16,21,22,21,22,0,0,16,17,22,23,22,23,0,0,16,17,22,23,22,23,0,0,17,18,23,24,23,24,0,0
11111 0,14,14,21,17,22,23,25,14,24,21,26,26,28,28,28,15,22,21,26,24,26,28,28,20,26,23,28,28,29,29,29 0,12,12,13,12,13,13,14,12,13,13,14,13,14,14,15,12,13,13,14,13,14,14,15,13,14,14,15,14,15,15,16
10011 0,15,9,16,10,18,0,0,14,20,17,20,17,20,0,0,11,17,16,17,16,19,0,0,18,20,19,20,20,20,0,0 0,10,11,12,11,12,0,0,10,11,12,13,12,13,0,0,10,11,12,13,12,13,0,0,11,12,13,14,13,14,0,0
00000 0,9,10,0,7,0,0,0,9,0,0,0,0,0,0,0,12,0,0,0,0,0,0,0,0,0,0,0,0,0,0,0 0,14,14,0,14,0,0,0,14,0,0,0,0,0,0,0,14,0,0,0,0,0,0,0,0,0,0,0,0,0,0,0
10101 0,25,17,32,22,35,30,39,20,32,0,0,27,37,0,0,20,36,30,39,31,40,36,42,31,39,0,0,35,41,0,0 0,16,21,22,16,17,22,23,21,22,0,0,22,23,0,0,16,17,22,23,17,18,23,24,22,23,0,0,23,24,0,0
00000 0,7,11,0,8,0,0,0,11,0,0,0,0,0,0,0,6,0,0,0,0,0,0,0,0,0,0,0,0,0,0,0 0,14,14,0,14,0,0,0,14,0,0,0,0,0,0,0,14,0,0,0,0,0,0,0,0,0,0,0,0,0,0,0
11111 0,24,16,29,19,28,28,32,21,30,28,32,28,31,33,33,18,29,25,30,25,31,29,32,29,33,33,33,31,33,33,33 0,14,14,15,14,15,15,16,14,15,15,16,15,16,16,17,14,15,15,16,15,16,16,17,15,16,16,17,16,17,17,18
00000 0,8,5,0,5,0,0,0,4,0,0,0,0,0,0,0,10,0,0,0,0,0,0,0,0,0,0,0,0,0,0,0 0,12,12,0,12,0,0,0,12,0,0,0,0,0,0,0,12,0,0,0,0,0,0,0,0,0,0,0,0,0,0,0
11111 0,20,18,30,21,32,29,36,16,31,28,36,29,37,34,39,19,29,27,34,30,35,34,38,30,37,34,38,36,39,38,40 0,16,16,17,16,17,17,18,16,17,17,18,17,18,18,19,16,17,17,18,17,18,18,19,17,18,18,19,18,19,19,20
00000 0,5,6,0,5,0,0,0,4,0,0,0,0,0,0,0,4,0,0,0,0,0,0,0,0,0,0,0,0,0,0,0 0,20,20,0,20,0,0,0,20,0,0,0,0,0,0,0,20,0,0,0,0,0,0,0,0,0,0,0,0,0,0,0
00000 0,10,9,0,10,0,0,0,13,0,0,0,0,0,0,0,9,0,0,0,0,0,0,0,0,0,0,0,0,0,0,0 0,18,18,0,18,0,0,0,18,0,0,0,0,0,0,0,18,0,0,0,0,0,0,0,0,0,0,0,0,0,0,0
10000 0,13,7,15,9,16,0,0,8,15,0,0,0,0,0,0,11,17,0,0,0,0,0,0,0,0,0,0,0,0,0,0 0,12,17,18,17,18,0,0,17,18,0,0,0,0,0,0,17,18,0,0,0,0,0,0,0,0,0,0,0,0,0,0
01011 0,11,15,19,13,0,21,0,17,20,25,25,21,0,27,0,15,19,22,23,22,0,26,0,23,24,27,27,26,0,29,0 0,15,14,16,15,0,16,0,14,16,15,17,16,0,17,0,14,16,15,17,16,0,17,0,15,17,16,18,17,0,18,0
00001 0,6,3,0,7,0,0,0,5,0,0,0,0,0,0,0,8,10,9,0,9,0,0,0,10,0,0,0,0,0,0,0 0,9,9,0,9,0,0,0,9,0,0,0,0,0,0,0,8,10,10,0,10,0,0,0,10,0,0,0,0,0,0,0
11111 0,15,18,22,19,22,24,24,14,19,23,25,23,24,25,25,18,22,25,25,24,25,26,26,22,24,26,26,25,26,26,26 0,14,14,15,14,15,15,16,14,15,15,16,15,16,16,17,14,15,15,16,15,16,16,17,15,16,16,17,16,17,17,18
00000 0,5,4,0,7,0,0,0,7,0,0,0,0,0,0,0,6,0,0,0,0,0,0,0,0,0,0,0,0,0,0,0 0,12,12,0,12,0,0,0,12,0,0,0,0,0,0,0,12,0,0,0,0,0,0,0,0,0,0,0,0,0,0,0
01000 0,13,20,25,15,0,25,0,9,0,22,0,0,0,0,0,12,0,24,0,0,0,0,0,0,0,0,0,0,0,0,0 0,27,18,28,27,0,28,0,27,0,28,0,0,0,0,0,27,0,28,0,0,0,0,0,0,0,0,0,0,0,0,0
10001 0,18,19,28,16,28,0,0,16,27,0,0,0,0,0,0,16,25,30,32,28,34,0,0,25,31,0,0,0,0,0,0 0,15,20,21,20,21,0,0,20,21,0,0,0,0,0,0,15,16,21,22,21,22,0,0,21,22,0,0,0,0,0,0
00000 0,11,7,0,13,0,0,0,8,0,0,0,0,0,0,0,11,0,0,0,0,0,0,0,0,0,0,0,0,0,0,0 0,16,16,0,16,0,0,0,16,0,0,0,0,0,0,0,16,0,0,0,0,0,0,0,0,0,0,0,0,0,0,0
11000 0,25,28,37,20,31,35,39,19,33,35,39,0,0,0,0,19,32,36,40,0,0,0,0,0,0,0,0,0,0,0,0 0,23,23,24,32,33,33,34,32,33,33,34,0,0,0,0,32,33,33,34,0,0,0,0,0,0,0,0,0,0,0,0
01010 0,22,26,37,23,0,34,0,27,32,36,39,34,0,38,0,18,0,35,0,0,0,0,0,36,0,41,0,0,0,0,0 0,28,19,29,28,0,29,0,19,29,20,30,29,0,30,0,28,0,29,0,0,0,0,0,29,0,30,0,0,0,0,0
11111 0,12,12,20,14,21,19,24,12,20,18,24,19,23,22,25,16,21,21,24,22,26,24,27,21,25,24,26,23,26,25,27 0,10,10,11,10,11,11,12,10,11,11,12,11,12,12,13,10,11,11,12,11,12,12,13,11,12,12,13,12,13,13,14
11111 0,18,17,26,18,28,25,30,16,26,26,31,24,32,28,33,18,27,28,33,25,31,30,33,25,31,31,34,28,33,31,34 0,10,10,11,10,11,11,12,10,11,11,12,11,12,12,13,10,11,11,12,11,12,12,13,11,12,12,13,12,13,13,14
00000 0,11,10,0,10,0,0,0,10,0,0,0,0,0,0,0,11,0,0,0,0,0,0,0,0,0,0,0,0,0,0,0 0,20,20,0,20,0,0,0,20,0,0,0,0,0,0,0,20,0,0,0,0,0,0,0,0,0,0,0,0,0,0,0
10000 0,12,10,16,11,14,0,0,11,17,0,0,0,0,0,0,7,15,0,0,0,0,0,0,0,0,0,0,0,0,0,0 0,12,13,14,13,14,0,0,13,14,0,0,0,0,0,0,13,14,0,0,0,0,0,0,0,0,0,0,0,0,0,0
11100 0,19,21,28,27,34,37,38,19,28,30,33,34,37,38,38,13,22,27,29,34,36,39,39,0,0,0,0,0,0,0,0 0,18,18,19,18,19,19,20,23,24,24,25,24,25,25,26,23,24,24,25,24,25,25,26,0,0,0,0,0,0,0,0
00000 0,6,3,0,6,0,0,0,7,0,0,0,0,0,0,0,7,0,0,0,0,0,0,0,0,0,0,0,0,0,0,0 0,10,10,0,10,0,0,0,10,0,0,0,0,0,0,0,10,0,0,0,0,0,0,0,0,0,0,0,0,0,0,0
11100 0,25,25,35,21,35,33,39,21,36,34,41,31,42,38,43,25,36,36,40,33,40,39,42,0,0,0,0,0,0,0,0 0,18,18,19,18,19,19,20,23,24,24,25,24,25,25,26,23,24,24,25,24,25,25,26,0,0,0,0,0,0,0,0
00010 0,18,19,0,18,0,0,0,24,30,30,0,33,0,0,0,19,0,0,0,0,0,0,0,35,0,0,0,0,0,0,0 0,29,29,0,29,0,0,0,20,30,30,0,30,0,0,0,29,0,0,0,0,0,0,0,30,0,0,0,0,0,0,0
11111 0,14,17,23,13,22,23,26,13,22,22,27,20,26,25,28,14,21,21,25,21,26,25,27,18,24,23,27,24,28,26,28 0,8,8,9,8,9,9,10,8,9,9,10,9,10,10,11,8,9,9,10,9,10,10,11,9,10,10,11,10,11,11,12
00100 0,5,5,0,12,14,13,0,6,0,0,0,15,0,0,0,9,0,0,0,14,0,0,0,0,0,0,0,0,0,0,0 0,11,11,0,10,12,12,0,11,0,0,0,12,0,0,0,11,0,0,0,12,0,0,0,0,0,0,0,0,0,0,0
01000 0,11,19,24,15,0,22,0,17,0,24,0,0,0,0,0,12,0,25,0,0,0,0,0,0,0,0,0,0,0,0,0 0,27,18,28,27,0,28,0,27,0,28,0,0,0,0,0,27,0,28,0,0,0,0,0,0,0,0,0,0,0,0,0
00011 0,20,15,0,15,0,0,0,24,30,28,0,29,0,0,0,22,31,31,0,29,0,0,0,35,36,36,0,37,0,0,0 0,28,28,0,28,0,0,0,19,29,29,0,29,0,0,0,19,29,29,0,29,0,0,0,20,30,30,0,30,0,0,0
10010 0,14,11,19,12,19,0,0,14,24,22,26,20,25,0,0,14,20,0,0,0,0,0,0,20,25,0,0,0,0,0,0 0,11,16,17,16,17,0,0,11,12,17,18,17,18,0,0,16,17,0,0,0,0,0,0,17,18,0,0,0,0,0,0
00001 0,14,12,0,13,0,0,0,12,0,0,0,0,0,0,0,15,22,20,0,21,0,0,0,19,0,0,0,0,0,0,0 0,23,23,0,23,0,0,0,23,0,0,0,0,0,0,0,14,24,24,0,24,0,0,0,24,0,0,0,0,0,0,0
01100 0,11,13,20,15,18,21,23,12,0,18,0,18,0,22,0,11,0,18,0,20,0,24,0,0,0,0,0,0,0,0,0 0,18,13,19,13,19,14,20,18,0,19,0,19,0,20,0,18,0,19,0,19,0,20,0,0,0,0,0,0,0,0,0
00000 0,11,9,0,7,0,0,0,10,0,0,0,0,0,0,0,10,0,0,0,0,0,0,0,0,0,0,0,0,0,0,0 0,18,18,0,18,0,0,0,18,0,0,0,0,0,0,0,18,0,0,0,0,0,0,0,0,0,0,0,0,0,0,0
00100 0,19,21,0,21,28,28,0,14,0,0,0,26,0,0,0,18,0,0,0,29,0,0,0,0,0,0,0,0,0,0,0 0,23,23,0,14,24,24,0,23,0,0,0,24,0,0,0,23,0,0,0,24,0,0,0,0,0,0,0,0,0,0,0
10010 0,17,15,25,14,24,0,0,18,25,29,31,24,29,0,0,17,24,0,0,0,0,0,0,27,29,0,0,0,0,0,0 0,17,22,23,22,23,0,0,17,18,23,24,23,24,0,0,22,23,0,0,0,0,0,0,23,24,0,0,0,0,0,0
10100 0,14,11,18,18,23,24,26,13,23,0,0,23,26,0,0,15,22,0,0,22,25,0,0,0,0,0,0,0,0,0,0 0,13,18,19,13,14,19,20,18,19,0,0,19,20,0,0,18,19,0,0,19,20,0,0,0,0,0,0,0,0,0,0
10000 0,13,8,16,8,16,0,0,10,17,0,0,0,0,0,0,11,16,0,0,0,0,0,0,0,0,0,0,0,0,0,0 0,12,21,22,21,22,0,0,21,22,0,0,0,0,0,0,21,22,0,0,0,0,0,0,0,0,0,0,0,0,0,0
00010 0,2,3,0,3,0,0,0,4,4,6,0,6,0,0,0,3,0,0,0,0,0,0,0,4,0,0,0,0,0,0,0 0,5,5,0,5,0,0,0,4,6,6,0,6,0,0,0,5,0,0,0,0,0,0,0,6,0,0,0,0,0,0,0
00001 0,15,18,0,17,0,0,0,11,0,0,0,0,0,0,0,17,26,28,0,26,0,0,0,23,0,0,0,0,0,0,0 0,23,23,0,23,0,0,0,23,0,0,0,0,0,0,0,14,24,24,0,24,0,0,0,24,0,0,0,0,0,0,0
00110 0,16,22,0,24,29,33,0,25,31,34,0,35,36,39,0,20,0,0,0,31,0,0,0,33,0,0,0,38,0,0,0 0,26,26,0,21,27,27,0,21,27,27,0,22,28,28,0,26,0,0,0,27,0,0,0,27,0,0,0,28,0,0,0
00100 0,9,13,0,13,20,18,0,10,0,0,0,17,0,0,0,11,0,0,0,19,0,0,0,0,0,0,0,0,0,0,0 0,21,21,0,12,22,22,0,21,0,0,0,22,0,0,0,21,0,0,0,22,0,0,0,0,0,0,0,0,0,0,0
11010 0,20,21,29,15,28,28,34,25,29,32,34,30,34,34,36,14,25,27,31,0,0,0,0,28,31,34,35,0,0,0,0 0,20,20,21,25,26,26,27,20,21,21,22,26,27,27,28,25,26,26,27,0,0,0,0,26,27,27,28,0,0,0,0
00000 0,7,7,0,8,0,0,0,10,0,0,0,0,0,0,0,9,0,0,0,0,0,0,0,0,0,0,0,0,0,0,0 0,12,12,0,12,0,0,0,12,0,0,0,0,0,0,0,12,0,0,0,0,0,0,0,0,0,0,0,0,0,0,0
00000 0,7,12,0,9,0,0,0,14,0,0,0,0,0,0,0,9,0,0,0,0,0,0,0,0,0,0,0,0,0,0,0 0,16,16,0,16,0,0,0,16,0,0,0,0,0,0,0,16,0,0,0,0,0,0,0,0,0,0,0,0,0,0,0
00000 0,3,1,0,3,0,0,0,5,0,0,0,0,0,0,0,4,0,0,0,0,0,0,0,0,0,0,0,0,0,0,0 0,16,16,0,16,0,0,0,16,0,0,0,0,0,0,0,16,0,0,0,0,0,0,0,0,0,0,0,0,0,0,0
00000 0,4,6,0,4,0,0,0,5,0,0,0,0,0,0,0,2,0,0,0,0,0,0,0,0,0,0,0,0,0,0,0 0,18,18,0,18,0,0,0,18,0,0,0,0,0,0,0,18,0,0,0,0,0,0,0,0,0,0,0,0,0,0,0
00100 0,10,13,0,16,20,19,0,10,0,0,0,19,0,0,0,13,0,0,0,19,0,0,0,0,0,0,0,0,0,0,0 0,21,21,0,12,22,22,0,21,0,0,0,22,0,0,0,21,0,0,0,22,0,0,0,0,0,0,0,0,0,0,0
11111 0,17,21,28,19,27,28,31,20,29,30,34,28,33,33,35,15,28,28,34,24,31,31,34,27,34,32,36,30,34,34,36 0,10,10,11,10,11,11,12,10,11,11,12,11,12,12,13,10,11,11,12,11,12,12,13,11,12,12,13,12,13,13,14
10000 0,22,16,29,18,30,0,0,25,32,0,0,0,0,0,0,14,28,0,0,0,0,0,0,0,0,0,0,0,0,0,0 0,20,29,30,29,30,0,0,29,30,0,0,0,0,0,0,29,30,0,0,0,0,0,0,0,0,0,0,0,0,0,0
00001 0,9,9,0,7,0,0,0,11,0,0,0,0,0,0,0,15,18,17,0,17,0,0,0,16,0,0,0,0,0,0,0 0,19,19,0,19,0,0,0,19,0,0,0,0,0,0,0,10,20,20,0,20,0,0,0,20,0,0,0,0,0,0,0
00000 0,6,7,0,5,0,0,0,5,0,0,0,0,0,0,0,3,0,0,0,0,0,0,0,0,0,0,0,0,0,0,0 0,14,14,0,14,0,0,0,14,0,0,0,0,0,0,0,14,0,0,0,0,0,0,0,0,0,0,0,0,0,0,0
00000 0,7,7,0,6,0,0,0,5,0,0,0,0,0,0,0,5,0,0,0,0,0,0,0,0,0,0,0,0,0,0,0 0,14,14,0,14,0,0,0,14,0,0,0,0,0,0,0,14,0,0,0,0,0,0,0,0,0,0,0,0,0,0,0
10000 0,12,8,14,9,15,0,0,7,14,0,0,0,0,0,0,10,17,0,0,0,0,0,0,0,0,0,0,0,0,0,0 0,10,11,12,11,12,0,0,11,12,0,0,0,0,0,0,11,12,0,0,0,0,0,0,0,0,0,0,0,0,0,0
11011 0,15,17,26,11,21,23,29,18,26,24,30,22,27,27,31,21,24,29,30,25,27,30,31,29,30,31,32,29,30,31,32 0,13,13,14,14,15,15,16,13,14,14,15,15,16,16,17,13,14,14,15,15,16,16,17,14,15,15,16,16,17,17,18
00010 0,17,13,0,17,0,0,0,18,26,25,0,29,0,0,0,17,0,0,0,0,0,0,0,27,0,0,0,0,0,0,0 0,23,23,0,23,0,0,0,14,24,24,0,24,0,0,0,23,0,0,0,0,0,0,0,24,0,0,0,0,0,0,0
00000 0,10,12,0,8,0,0,0,9,0,0,0,0,0,0,0,12,0,0,0,0,0,0,0,0,0,0,0,0,0,0,0 0,14,14,0,14,0,0,0,14,0,0,0,0,0,0,0,14,0,0,0,0,0,0,0,0,0,0,0,0,0,0,0
11000 0,24,20,34,23,34,28,38,27,34,36,40,0,0,0,0,17,33,29,38,0,0,0,0,0,0,0,0,0,0,0,0 0,19,19,20,28,29,29,30,28,29,29,30,0,0,0,0,28,29,29,30,0,0,0,0,0,0,0,0,0,0,0,0
00010 0,14,13,0,15,0,0,0,15,24,21,0,23,0,0,0,13,0,0,0,0,0,0,0,22,0,0,0,0,0,0,0 0,17,17,0,17,0,0,0,12,18,18,0,18,0,0,0,17,0,0,0,0,0,0,0,18,0,0,0,0,0,0,0
00110 0,16,20,0,26,32,35,0,23,31,31,0,36,41,40,0,21,0,0,0,33,0,0,0,34,0,0,0,39,0,0,0 0,28,28,0,19,29,29,0,19,29,29,0,20,30,30,0,28,0,0,0,29,0,0,0,29,0,0,0,30,0,0,0
11111 0,21,20,33,24,34,33,38,20,31,31,38,30,35,37,39,22,32,30,38,32,36,36,39,30,35,35,39,34,36,38,39 0,10,10,11,10,11,11,12,10,11,11,12,11,12,12,13,10,11,11,12,11,12,12,13,11,12,12,13,12,13,13,14
00000 0,14,10,0,6,0,0,0,15,0,0,0,0,0,0,0,11,0,0,0,0,0,0,0,0,0,0,0,0,0,0,0 0,20,20,0,20,0,0,0,20,0,0,0,0,0,0,0,20,0,0,0,0,0,0,0,0,0,0,0,0,0,0,0
11111 0,23,17,27,19,29,26,29,15,27,21,27,24,29,27,29,14,28,23,30,23,31,28,31,25,30,27,30,27,31,29,31 0,8,8,9,8,9,9,10,8,9,9,10,9,10,10,11,8,9,9,10,9,10,10,11,9,10,10,11,10,11,11,12
00101 0,12,10,0,14,21,18,0,11,0,0,0,19,0,0,0,14,19,17,0,21,24,22,0,19,0,0,0,23,0,0,0 0,16,16,0,11,17,17,0,16,0,0,0,17,0,0,0,11,17,17,0,12,18,18,0,17,0,0,0,18,0,0,0
11111 0,19,22,29,21,30,31,34,22,33,33,37,33,37,37,39,23,34,34,38,34,38,39,40,36,43,42,44,41,43,43,44 0,16,16,17,16,17,17,18,16,17,17,18,17,18,18,19,16,17,17,18,17,18,18,19,17,18,18,19,18,19,19,20
11110 0,22,22,31,26,36,37,39,23,34,33,37,36,40,40,41,22,36,36,42,34,42,42,44,32,40,40,43,39,43,43,44 0,21,21,22,21,22,22,23,21,22,22,23,22,23,23,24,26,27,27,28,27,28,28,29,27,28,28,29,28,29,29,30
00000 0,12,11,0,14,0,0,0,13,0,0,0,0,0,0,0,11,0,0,0,0,0,0,0,0,0,0,0,0,0,0,0 0,16,16,0,16,0,0,0,16,0,0,0,0,0,0,0,16,0,0,0,0,0,0,0,0,0,0,0,0,0,0,0
00000 0,11,10,0,7,0,0,0,8,0,0,0,0,0,0,0,11,0,0,0,0,0,0,0,0,0,0,0,0,0,0,0 0,16,16,0,16,0,0,0,16,0,0,0,0,0,0,0,16,0,0,0,0,0,0,0,0,0,0,0,0,0,0,0
00110 0,18,22,0,25,33,34,0,19,31,29,0,33,39,37,0,20,0,0,0,32,0,0,0,30,0,0,0,36,0,0,0 0,24,24,0,19,25,25,0,19,25,25,0,20,26,26,0,24,0,0,0,25,0,0,0,25,0,0,0,26,0,0,0
11111 0,20,21,25,20,27,25,28,15,25,26,28,25,30,28,30,16,25,24,27,24,28,27,29,21,27,26,28,26,30,28,30 0,6,6,7,6,7,7,8,6,7,7,8,7,8,8,9,6,7,7,8,7,8,8,9,7,8,8,9,8,9,9,10
00000 0,6,6,0,7,0,0,0,4,0,0,0,0,0,0,0,5,0,0,0,0,0,0,0,0,0,0,0,0,0,0,0 0,16,16,0,16,0,0,0,16,0,0,0,0,0,0,0,16,0,0,0,0,0,0,0,0,0,0,0,0,0,0,0
00000 0,10,8,0,10,0,0,0,8,0,0,0,0,0,0,0,10,0,0,0,0,0,0,0,0,0,0,0,0,0,0,0 0,16,16,0,16,0,0,0,16,0,0,0,0,0,0,0,16,0,0,0,0,0,0,0,0,0,0,0,0,0,0,0
00100 0,14,13,0,15,20,22,0,14,0,0,0,22,0,0,0,17,0,0,0,23,0,0,0,0,0,0,0,0,0,0,0 0,23,23,0,14,24,24,0,23,0,0,0,24,0,0,0,23,0,0,0,24,0,0,0,0,0,0,0,0,0,0,0
00010 0,7,4,0,4,0,0,0,9,11,10,0,10,0,0,0,6,0,0,0,0,0,0,0,10,0,0,0,0,0,0,0 0,13,13,0,13,0,0,0,8,14,14,0,14,0,0,0,13,0,0,0,0,0,0,0,14,0,0,0,0,0,0,0
11111 0,15,14,23,19,22,25,28,15,21,24,27,21,24,26,29,16,23,20,26,24,26,27,29,24,26,27,29,25,27,28,30 0,6,6,7,6,7,7,8,6,7,7,8,7,8,8,9,6,7,7,8,7,8,8,9,7,8,8,9,8,9,9,10
11111 0,7,5,10,5,11,7,11,5,8,10,11,9,12,11,12,4,8,9,11,9,12,11,12,6,8,11,11,10,12,12,12 0,6,4,7,5,7,6,8,5,7,7,8,7,8,8,9,4,7,7,8,7,8,8,9,6,8,8,9,8,9,9,10
00000 0,15,13,0,15,0,0,0,16,0,0,0,0,0,0,0,11,0,0,0,0,0,0,0,0,0,0,0,0,0,0,0 0,20,20,0,20,0,0,0,20,0,0,0,0,0,0,0,20,0,0,0,0,0,0,0,0,0,0,0,0,0,0,0
11000 0,19,19,29,19,27,27,32,16,27,28,33,0,0,0,0,19,27,26,32,0,0,0,0,0,0,0,0,0,0,0,0 0,15,15,16,20,21,21,22,20,21,21,22,0,0,0,0,20,21,21,22,0,0,0,0,0,0,0,0,0,0,0,0
00011 0,13,11,0,11,0,0,0,17,22,21,0,20,0,0,0,14,20,20,0,17,0,0,0,20,23,23,0,21,0,0,0 0,16,16,0,16,0,0,0,11,17,17,0,17,0,0,0,11,17,17,0,17,0,0,0,12,18,18,0,18,0,0,0
01011 0,18,21,28,13,0,28,0,22,29,30,32,27,0,33,0,23,27,31,32,28,0,32,0,33,34,34,34,35,0,35,0 0,23,18,24,23,0,24,0,18,24,19,25,24,0,25,0,18,24,19,25,24,0,25,0,19,25,20,26,25,0,26,0
10000 0,22,13,25,16,29,0,0,16,29,0,0,0,0,0,0,21,31,0,0,0,0,0,0,0,0,0,0,0,0,0,0 0,16,25,26,25,26,0,0,25,26,0,0,0,0,0,0,25,26,0,0,0,0,0,0,0,0,0,0,0,0,0,0
00000 0,6,6,0,5,0,0,0,4,0,0,0,0,0,0,0,6,0,0,0,0,0,0,0,0,0,0,0,0,0,0,0 0,14,14,0,14,0,0,0,14,0,0,0,0,0,0,0,14,0,0,0,0,0,0,0,0,0,0,0,0,0,0,0
10101 0,15,11,20,12,19,18,23,12,23,0,0,18,24,0,0,19,24,22,27,24,27,26,29,24,28,0,0,26,29,0,0 0,12,13,14,12,13,14,15,13,14,0,0,14,15,0,0,12,13,14,15,13,14,15,16,14,15,0,0,15,16,0,0
11000 0,12,16,19,11,16,19,20,8,15,19,20,0,0,0,0,9,17,19,21,0,0,0,0,0,0,0,0,0,0,0,0 0,11,11,12,12,13,13,14,12,13,13,14,0,0,0,0,12,13,13,14,0,0,0,0,0,0,0,0,0,0,0,0
00000 0,3,3,0,3,0,0,0,0,0,0,0,0,0,0,0,4,0,0,0,0,0,0,0,0,0,0,0,0,0,0,0 0,12,12,0,12,0,0,0,0,0,0,0,0,0,0,0,12,0,0,0,0,0,0,0,0,0,0,0,0,0,0,0
11111 0,18,22,27,20,28,27,29,21,26,28,30,27,30,30,31,12,24,29,31,24,31,29,31,27,30,31,32,30,32,31,32 0,12,12,13,12,13,13,14,12,13,13,14,13,14,14,15,12,13,13,14,13,14,14,15,13,14,14,15,14,15,15,16
10010 0,9,5,11,8,12,0,0,9,12,10,12,11,13,0,0,7,11,0,0,0,0,0,0,11,13,0,0,0,0,0,0 0,9,10,11,10,11,0,0,9,10,11,12,11,12,0,0,10,11,0,0,0,0,0,0,11,12,0,0,0,0,0,0
00000 0,3,5,0,5,0,0,0,4,0,0,0,0,0,0,0,4,0,0,0,0,0,0,0,0,0,0,0,0,0,0,0 0,6,6,0,6,0,0,0,6,0,0,0,0,0,0,0,6,0,0,0,0,0,0,0,0,0,0,0,0,0,0,0
01010 0,17,22,29,20,0,31,0,24,30,33,35,32,0,36,0,20,0,30,0,0,0,0,0,31,0,37,0,0,0,0,0 0,30,21,31,30,0,31,0,21,31,22,32,31,0,32,0,30,0,31,0,0,0,0,0,31,0,32,0,0,0,0,0
00010 0,12,12,0,11,0,0,0,14,17,19,0,18,0,0,0,6,0,0,0,0,0,0,0,16,0,0,0,0,0,0,0 0,15,15,0,15,0,0,0,10,16,16,0,16,0,0,0,15,0,0,0,0,0,0,0,16,0,0,0,0,0,0,0
10001 0,21,18,30,15,29,0,0,20,32,0,0,0,0,0,0,23,28,28,31,28,32,0,0,31,34,0,0,0,0,0,0 0,21,26,27,26,27,0,0,26,27,0,0,0,0,0,0,21,22,27,28,27,28,0,0,27,28,0,0,0,0,0,0
00000 0,2,2,0,2,0,0,0,3,0,0,0,0,0,0,0,2,0,0,0,0,0,0,0,0,0,0,0,0,0,0,0 0,12,12,0,12,0,0,0,12,0,0,0,0,0,0,0,12,0,0,0,0,0,0,0,0,0,0,0,0,0,0,0
00000 0,8,7,0,5,0,0,0,6,0,0,0,0,0,0,0,9,0,0,0,0,0,0,0,0,0,0,0,0,0,0,0 0,14,14,0,14,0,0,0,14,0,0,0,0,0,0,0,14,0,0,0,0,0,0,0,0,0,0,0,0,0,0,0
00001 0,10,8,0,6,0,0,0,10,0,0,0,0,0,0,0,15,17,18,0,16,0,0,0,18,0,0,0,0,0,0,0 0,15,15,0,15,0,0,0,15,0,0,0,0,0,0,0,10,16,16,0,16,0,0,0,16,0,0,0,0,0,0,0
10100 0,4,2,4,3,5,3,5,3,5,0,0,4,5,0,0,4,4,0,0,5,5,0,0,0,0,0,0,0,0,0,0 0,3,4,5,3,4,5,6,4,5,0,0,5,6,0,0,4,5,0,0,5,6,0,0,0,0,0,0,0,0,0,0
11111 0,29,19,35,21,38,27,38,15,33,27,38,31,40,33,40,25,37,34,40,36,40,36,40,29,39,37,42,39,42,39,42 0,12,12,13,12,13,13,14,12,13,13,14,13,14,14,15,12,13,13,14,13,14,14,15,13,14,14,15,14,15,15,16
00000 0,8,8,0,8,0,0,0,8,0,0,0,0,0,0,0,5,0,0,0,0,0,0,0,0,0,0,0,0,0,0,0 0,10,10,0,10,0,0,0,10,0,0,0,0,0,0,0,10,0,0,0,0,0,0,0,0,0,0,0,0,0,0,0
00010 0,12,13,0,11,0,0,0,17,21,21,0,21,0,0,0,12,0,0,0,0,0,0,0,22,0,0,0,0,0,0,0 0,23,23,0,23,0,0,0,14,24,24,0,24,0,0,0,23,0,0,0,0,0,0,0,24,0,0,0,0,0,0,0
00000 0,10,7,0,8,0,0,0,5,0,0,0,0,0,0,0,10,0,0,0,0,0,0,0,0,0,0,0,0,0,0,0 0,16,16,0,16,0,0,0,16,0,0,0,0,0,0,0,16,0,0,0,0,0,0,0,0,0,0,0,0,0,0,0
00000 0,6,6,0,5,0,0,0,6,0,0,0,0,0,0,0,6,0,0,0,0,0,0,0,0,0,0,0,0,0,0,0 0,12,12,0,12,0,0,0,12,0,0,0,0,0,0,0,12,0,0,0,0,0,0,0,0,0,0,0,0,0,0,0
00100 0,12,21,0,24,31,33,0,17,0,0,0,31,0,0,0,17,0,0,0,30,0,0,0,0,0,0,0,0,0,0,0 0,23,23,0,14,24,24,0,23,0,0,0,24,0,0,0,23,0,0,0,24,0,0,0,0,0,0,0,0,0,0,0
10110 0,14,10,16,12,18,16,20,15,20,20,21,20,22,22,23,8,17,0,0,16,21,0,0,18,21,0,0,21,23,0,0 0,10,11,12,10,11,12,13,10,11,12,13,11,12,13,14,11,12,0,0,12,13,0,0,12,13,0,0,13,14,0,0
01000 0,14,15,19,14,0,19,0,9,0,18,0,0,0,0,0,14,0,21,0,0,0,0,0,0,0,0,0,0,0,0,0 0,19,10,20,19,0,20,0,19,0,20,0,0,0,0,0,19,0,20,0,0,0,0,0,0,0,0,0,0,0,0,0
00001 0,25,24,0,18,0,0,0,15,0,0,0,0,0,0,0,26,37,33,0,34,0,0,0,31,0,0,0,0,0,0,0 0,27,27,0,27,0,0,0,27,0,0,0,0,0,0,0,18,28,28,0,28,0,0,0,28,0,0,0,0,0,0,0
00000 0,10,8,0,11,0,0,0,9,0,0,0,0,0,0,0,13,0,0,0,0,0,0,0,0,0,0,0,0,0,0,0 0,20,20,0,20,0,0,0,20,0,0,0,0,0,0,0,20,0,0,0,0,0,0,0,0,0,0,0,0,0,0,0
00011 0,11,13,0,12,0,0,0,17,21,21,0,22,0,0,0,17,21,20,0,21,0,0,0,23,24,24,0,25,0,0,0 0,22,22,0,22,0,0,0,17,23,23,0,23,0,0,0,17,23,23,0,23,0,0,0,18,24,24,0,24,0,0,0
01110 0,17,18,25,25,32,31,34,26,30,33,35,36,38,38,39,25,0,31,0,31,0,35,0,33,0,36,0,37,0,38,0 0,21,16,22,16,22,17,23,16,22,17,23,17,23,18,24,21,0,22,0,22,0,23,0,22,0,23,0,23,0,24,0
01000 0,15,21,28,19,0,28,0,15,0,28,0,0,0,0,0,22,0,35,0,0,0,0,0,0,0,0,0,0,0,0,0 0,27,18,28,27,0,28,0,27,0,28,0,0,0,0,0,27,0,28,0,0,0,0,0,0,0,0,0,0,0,0,0
00001 0,20,19,0,18,0,0,0,18,0,0,0,0,0,0,0,19,27,31,0,28,0,0,0,26,0,0,0,0,0,0,0 0,27,27,0,27,0,0,0,27,0,0,0,0,0,0,0,18,28,28,0,28,0,0,0,28,0,0,0,0,0,0,0
00000 0,4,7,0,5,0,0,0,4,0,0,0,0,0,0,0,2,0,0,0,0,0,0,0,0,0,0,0,0,0,0,0 0,12,12,0,12,0,0,0,12,0,0,0,0,0,0,0,12,0,0,0,0,0,0,0,0,0,0,0,0,0,0,0
00100 0,20,19,0,18,25,26,0,15,0,0,0,25,0,0,0,12,0,0,0,21,0,0,0,0,0,0,0,0,0,0,0 0,25,25,0,16,26,26,0,25,0,0,0,26,0,0,0,25,0,0,0,26,0,0,0,0,0,0,0,0,0,0,0
00001 0,11,11,0,12,0,0,0,14,0,0,0,0,0,0,0,16,21,23,0,20,0,0,0,22,0,0,0,0,0,0,0 0,21,21,0,21,0,0,0,21,0,0,0,0,0,0,0,12,22,22,0,22,0,0,0,22,0,0,0,0,0,0,0
00000 0,3,3,0,5,0,0,0,3,0,0,0,0,0,0,0,2,0,0,0,0,0,0,0,0,0,0,0,0,0,0,0 0,8,8,0,8,0,0,0,8,0,0,0,0,0,0,0,8,0,0,0,0,0,0,0,0,0,0,0,0,0,0,0
00000 0,4,5,0,5,0,0,0,9,0,0,0,0,0,0,0,8,0,0,0,0,0,0,0,0,0,0,0,0,0,0,0 0,10,10,0,10,0,0,0,10,0,0,0,0,0,0,0,10,0,0,0,0,0,0,0,0,0,0,0,0,0,0,0
10001 0,19,16,29,15,27,0,0,16,29,0,0,0,0,0,0,22,31,29,35,31,36,0,0,28,33,0,0,0,0,0,0 0,13,18,19,18,19,0,0,18,19,0,0,0,0,0,0,13,14,19,20,19,20,0,0,19,20,0,0,0,0,0,0
00000 0,6,5,0,4,0,0,0,3,0,0,0,0,0,0,0,4,0,0,0,0,0,0,0,0,0,0,0,0,0,0,0 0,12,12,0,12,0,0,0,12,0,0,0,0,0,0,0,12,0,0,0,0,0,0,0,0,0,0,0,0,0,0,0
11010 0,17,21,28,21,25,29,30,17,26,29,34,30,32,34,35,19,25,28,32,0,0,0,0,27,30,33,35,0,0,0,0 0,16,16,17,21,22,22,23,16,17,17,18,22,23,23,24,21,22,22,23,0,0,0,0,22,23,23,24,0,0,0,0
00011 0,9,12,0,8,0,0,0,12,16,19,0,16,0,0,0,11,18,18,0,16,0,0,0,17,20,22,0,20,0,0,0 0,16,16,0,16,0,0,0,11,17,17,0,17,0,0,0,11,17,17,0,17,0,0,0,12,18,18,0,18,0,0,0
00001 0,11,12,0,13,0,0,0,11,0,0,0,0,0,0,0,14,20,21,0,18,0,0,0,20,0,0,0,0,0,0,0 0,19,19,0,19,0,0,0,19,0,0,0,0,0,0,0,14,20,20,0,20,0,0,0,20,0,0,0,0,0,0,0
00000 0,9,9,0,9,0,0,0,8,0,0,0,0,0,0,0,9,0,0,0,0,0,0,0,0,0,0,0,0,0,0,0 0,12,12,0,12,0,0,0,12,0,0,0,0,0,0,0,12,0,0,0,0,0,0,0,0,0,0,0,0,0,0,0
01001 0,8,11,14,9,0,14,0,10,0,14,0,0,0,0,0,11,15,16,17,16,0,17,0,15,0,17,0,0,0,0,0 0,12,11,13,12,0,13,0,12,0,13,0,0,0,0,0,11,13,12,14,13,0,14,0,13,0,14,0,0,0,0,0
11111 0,26,25,32,22,35,32,37,23,36,36,40,32,41,39,42,20,31,30,33,31,37,36,37,34,40,40,41,38,42,42,42 0,14,14,15,14,15,15,16,14,15,15,16,15,16,16,17,14,15,15,16,15,16,16,17,15,16,16,17,16,17,17,18
00000 0,4,5,0,9,0,0,0,7,0,0,0,0,0,0,0,9,0,0,0,0,0,0,0,0,0,0,0,0,0,0,0 0,10,10,0,10,0,0,0,10,0,0,0,0,0,0,0,10,0,0,0,0,0,0,0,0,0,0,0,0,0,0,0
11111 0,13,14,19,10,17,20,22,14,21,22,24,18,22,25,25,13,21,18,22,17,22,22,23,20,25,23,25,22,25,25,25 0,10,10,11,10,11,11,12,10,11,11,12,11,12,12,13,10,11,11,12,11,12,12,13,11,12,12,13,12,13,13,14
00000 0,4,3,0,3,0,0,0,2,0,0,0,0,0,0,0,3,0,0,0,0,0,0,0,0,0,0,0,0,0,0,0 0,12,12,0,12,0,0,0,12,0,0,0,0,0,0,0,12,0,0,0,0,0,0,0,0,0,0,0,0,0,0,0
10100 0,19,14,26,18,29,25,32,19,29,0,0,26,32,0,0,16,26,0,0,28,34,0,0,0,0,0,0,0,0,0,0 0,17,22,23,17,18,23,24,22,23,0,0,23,24,0,0,22,23,0,0,23,24,0,0,0,0,0,0,0,0,0,0
00000 0,15,18,0,17,0,0,0,16,0,0,0,0,0,0,0,15,0,0,0,0,0,0,0,0,0,0,0,0,0,0,0 0,20,20,0,20,0,0,0,20,0,0,0,0,0,0,0,20,0,0,0,0,0,0,0,0,0,0,0,0,0,0,0
00000 0,11,13,0,7,0,0,0,9,0,0,0,0,0,0,0,8,0,0,0,0,0,0,0,0,0,0,0,0,0,0,0 0,14,14,0,14,0,0,0,14,0,0,0,0,0,0,0,14,0,0,0,0,0,0,0,0,0,0,0,0,0,0,0
00000 0,8,5,0,6,0,0,0,5,0,0,0,0,0,0,0,6,0,0,0,0,0,0,0,0,0,0,0,0,0,0,0 0,10,10,0,10,0,0,0,10,0,0,0,0,0,0,0,10,0,0,0,0,0,0,0,0,0,0,0,0,0,0,0
01010 0,12,15,22,14,0,23,0,17,22,24,26,22,0,27,0,14,0,21,0,0,0,0,0,23,0,26,0,0,0,0,0 0,18,13,19,18,0,19,0,13,19,14,20,19,0,20,0,18,0,19,0,0,0,0,0,19,0,20,0,0,0,0,0
01001 0,24,21,29,15,0,28,0,15,0,26,0,0,0,0,0,17,27,31,32,25,0,34,0,24,0,32,0,0,0,0,0 0,20,15,21,20,0,21,0,20,0,21,0,0,0,0,0,15,21,16,22,21,0,22,0,21,0,22,0,0,0,0,0
01000 0,13,21,25,10,0,23,0,8,0,24,0,0,0,0,0,7,0,23,0,0,0,0,0,0,0,0,0,0,0,0,0 0,21,16,22,21,0,22,0,21,0,22,0,0,0,0,0,21,0,22,0,0,0,0,0,0,0,0,0,0,0,0,0
00000 0,8,11,0,7,0,0,0,7,0,0,0,0,0,0,0,9,0,0,0,0,0,0,0,0,0,0,0,0,0,0,0 0,14,14,0,14,0,0,0,14,0,0,0,0,0,0,0,14,0,0,0,0,0,0,0,0,0,0,0,0,0,0,0
00001 0,13,14,0,17,0,0,0,11,0,0,0,0,0,0,0,22,27,29,0,32,0,0,0,27,0,0,0,0,0,0,0 0,19,19,0,19,0,0,0,19,0,0,0,0,0,0,0,10,20,20,0,20,0,0,0,20,0,0,0,0,0,0,0
10100 0,28,21,34,24,35,32,37,21,36,0,0,36,41,0,0,16,34,0,0,33,39,0,0,0,0,0,0,0,0,0,0 0,19,28,29,19,20,29,30,28,29,0,0,29,30,0,0,28,29,0,0,29,30,0,0,0,0,0,0,0,0,0,0
11111 0,20,21,31,25,33,32,36,22,33,33,37,31,36,36,38,23,31,31,36,34,37,37,38,35,38,39,39,38,40,40,40 0,6,6,7,6,7,7,8,6,7,7,8,7,8,8,9,6,7,7,8,7,8,8,9,7,8,8,9,8,9,9,10
00000 0,11,7,0,8,0,0,0,9,0,0,0,0,0,0,0,10,0,0,0,0,0,0,0,0,0,0,0,0,0,0,0 0,12,12,0,12,0,0,0,12,0,0,0,0,0,0,0,12,0,0,0,0,0,0,0,0,0,0,0,0,0,0,0
00000 0,15,11,0,12,0,0,0,11,0,0,0,0,0,0,0,11,0,0,0,0,0,0,0,0,0,0,0,0,0,0,0 0,18,18,0,18,0,0,0,18,0,0,0,0,0,0,0,18,0,0,0,0,0,0,0,0,0,0,0,0,0,0,0
00000 0,11,14,0,13,0,0,0,15,0,0,0,0,0,0,0,13,0,0,0,0,0,0,0,0,0,0,0,0,0,0,0 0,16,16,0,16,0,0,0,16,0,0,0,0,0,0,0,16,0,0,0,0,0,0,0,0,0,0,0,0,0,0,0
00000 0,12,15,0,14,0,0,0,12,0,0,0,0,0,0,0,18,0,0,0,0,0,0,0,0,0,0,0,0,0,0,0 0,20,20,0,20,0,0,0,20,0,0,0,0,0,0,0,20,0,0,0,0,0,0,0,0,0,0,0,0,0,0,0
01000 0,8,12,17,16,0,20,0,13,0,19,0,0,0,0,0,8,0,17,0,0,0,0,0,0,0,0,0,0,0,0,0 0,15,10,16,15,0,16,0,15,0,16,0,0,0,0,0,15,0,16,0,0,0,0,0,0,0,0,0,0,0,0,0
00000 0,12,10,0,7,0,0,0,8,0,0,0,0,0,0,0,9,0,0,0,0,0,0,0,0,0,0,0,0,0,0,0 0,20,20,0,20,0,0,0,20,0,0,0,0,0,0,0,20,0,0,0,0,0,0,0,0,0,0,0,0,0,0,0
01001 0,20,19,28,16,0,29,0,16,0,28,0,0,0,0,0,24,31,31,34,33,0,36,0,30,0,36,0,0,0,0,0 0,24,19,25,24,0,25,0,24,0,25,0,0,0,0,0,19,25,20,26,25,0,26,0,25,0,26,0,0,0,0,0
11111 0,19,24,30,21,29,35,36,18,26,33,36,28,32,37,38,23,28,32,35,28,31,36,37,29,31,36,37,31,33,37,38 0,6,6,7,6,7,7,8,6,7,7,8,7,8,8,9,6,7,7,8,7,8,8,9,7,8,8,9,8,9,9,10
00000 0,14,11,0,12,0,0,0,11,0,0,0,0,0,0,0,9,0,0,0,0,0,0,0,0,0,0,0,0,0,0,0 0,16,16,0,16,0,0,0,16,0,0,0,0,0,0,0,16,0,0,0,0,0,0,0,0,0,0,0,0,0,0,0
00000 0,3,5,0,4,0,0,0,3,0,0,0,0,0,0,0,3,0,0,0,0,0,0,0,0,0,0,0,0,0,0,0 0,8,8,0,8,0,0,0,8,0,0,0,0,0,0,0,8,0,0,0,0,0,0,0,0,0,0,0,0,0,0,0
00100 0,8,7,0,14,17,15,0,9,0,0,0,17,0,0,0,13,0,0,0,18,0,0,0,0,0,0,0,0,0,0,0 0,21,21,0,12,22,22,0,21,0,0,0,22,0,0,0,21,0,0,0,22,0,0,0,0,0,0,0,0,0,0,0
00000 0,7,3,0,5,0,0,0,5,0,0,0,0,0,0,0,5,0,0,0,0,0,0,0,0,0,0,0,0,0,0,0 0,20,20,0,20,0,0,0,20,0,0,0,0,0,0,0,20,0,0,0,0,0,0,0,0,0,0,0,0,0,0,0
11111 0,18,16,25,22,26,26,27,18,23,25,28,27,28,29,29,15,23,21,25,22,26,26,27,24,27,26,28,27,28,29,29 0,12,12,13,12,13,13,14,12,13,13,14,13,14,14,15,12,13,13,14,13,14,14,15,13,14,14,15,14,15,15,16
11111 0,21,26,33,28,35,38,39,26,35,36,39,37,41,41,42,23,34,34,39,36,40,40,41,37,44,41,44,41,44,43,44 0,16,16,17,16,17,17,18,16,17,17,18,17,18,18,19,16,17,17,18,17,18,18,19,17,18,18,19,18,19,19,20
00001 0,7,3,0,7,0,0,0,5,0,0,0,0,0,0,0,9,10,9,0,10,0,0,0,11,0,0,0,0,0,0,0 0,13,13,0,13,0,0,0,13,0,0,0,0,0,0,0,8,14,14,0,14,0,0,0,14,0,0,0,0,0,0,0
11111 0,12,21,23,17,21,25,26,17,22,28,28,25,27,29,29,16,21,27,28,25,26,29,29,24,27,30,30,28,29,30,30 0,10,10,11,10,11,11,12,10,11,11,12,11,12,12,13,10,11,11,12,11,12,12,13,11,12,12,13,12,13,13,14
00010 0,9,7,0,11,0,0,0,14,17,17,0,19,0,0,0,8,0,0,0,0,0,0,0,16,0,0,0,0,0,0,0 0,13,13,0,13,0,0,0,12,14,14,0,14,0,0,0,13,0,0,0,0,0,0,0,14,0,0,0,0,0,0,0
01010 0,21,21,30,15,0,29,0,29,34,39,39,32,0,39,0,19,0,27,0,0,0,0,0,35,0,39,0,0,0,0,0 0,30,21,31,30,0,31,0,21,31,22,32,31,0,32,0,30,0,31,0,0,0,0,0,31,0,32,0,0,0,0,0
11000 0,24,18,31,13,30,23,32,16,30,25,33,0,0,0,0,21,29,30,33,0,0,0,0,0,0,0,0,0,0,0,0 0,17,17,18,22,23,23,24,22,23,23,24,0,0,0,0,22,23,23,24,0,0,0,0,0,0,0,0,0,0,0,0
01001 0,17,15,22,17,0,26,0,17,0,23,0,0,0,0,0,15,23,24,27,22,0,29,0,24,0,29,0,0,0,0,0 0,20,15,21,20,0,21,0,20,0,21,0,0,0,0,0,15,21,16,22,21,0,22,0,21,0,22,0,0,0,0,0
10000 0,24,20,30,20,32,0,0,19,31,0,0,0,0,0,0,17,27,0,0,0,0,0,0,0,0,0,0,0,0,0,0 0,14,23,24,23,24,0,0,23,24,0,0,0,0,0,0,23,24,0,0,0,0,0,0,0,0,0,0,0,0,0,0
00000 0,5,7,0,6,0,0,0,4,0,0,0,0,0,0,0,6,0,0,0,0,0,0,0,0,0,0,0,0,0,0,0 0,10,10,0,10,0,0,0,10,0,0,0,0,0,0,0,10,0,0,0,0,0,0,0,0,0,0,0,0,0,0,0
00000 0,7,4,0,6,0,0,0,4,0,0,0,0,0,0,0,4,0,0,0,0,0,0,0,0,0,0,0,0,0,0,0 0,14,14,0,14,0,0,0,14,0,0,0,0,0,0,0,14,0,0,0,0,0,0,0,0,0,0,0,0,0,0,0
10000 0,10,5,12,8,13,0,0,6,12,0,0,0,0,0,0,7,14,0,0,0,0,0,0,0,0,0,0,0,0,0,0 0,10,15,16,15,16,0,0,15,16,0,0,0,0,0,0,15,16,0,0,0,0,0,0,0,0,0,0,0,0,0,0
11000 0,19,19,30,21,31,32,37,20,29,32,36,0,0,0,0,18,30,30,36,0,0,0,0,0,0,0,0,0,0,0,0 0,19,19,20,24,25,25,26,24,25,25,26,0,0,0,0,24,25,25,26,0,0,0,0,0,0,0,0,0,0,0,0
11111 0,19,17,26,21,32,32,35,24,30,30,34,36,38,40,40,19,31,27,32,30,37,36,38,34,36,35,37,39,39,40,40 0,6,6,7,6,7,7,8,6,7,7,8,7,8,8,9,6,7,7,8,7,8,8,9,7,8,8,9,8,9,9,10
00100 0,13,14,0,17,23,20,0,14,0,0,0,23,0,0,0,9,0,0,0,20,0,0,0,0,0,0,0,0,0,0,0 0,21,21,0,16,22,22,0,21,0,0,0,22,0,0,0,21,0,0,0,22,0,0,0,0,0,0,0,0,0,0,0
00100 0,6,7,0,10,12,12,0,6,0,0,0,12,0,0,0,8,0,0,0,12,0,0,0,0,0,0,0,0,0,0,0 0,13,13,0,8,14,14,0,13,0,0,0,14,0,0,0,13,0,0,0,14,0,0,0,0,0,0,0,0,0,0,0
00000 0,6,5,0,8,0,0,0,7,0,0,0,0,0,0,0,8,0,0,0,0,0,0,0,0,0,0,0,0,0,0,0 0,16,16,0,16,0,0,0,16,0,0,0,0,0,0,0,16,0,0,0,0,0,0,0,0,0,0,0,0,0,0,0
00000 0,3,3,0,5,0,0,0,4,0,0,0,0,0,0,0,4,0,0,0,0,0,0,0,0,0,0,0,0,0,0,0 0,6,6,0,6,0,0,0,6,0,0,0,0,0,0,0,6,0,0,0,0,0,0,0,0,0,0,0,0,0,0,0
00000 0,13,13,0,13,0,0,0,14,0,0,0,0,0,0,0,12,0,0,0,0,0,0,0,0,0,0,0,0,0,0,0 0,16,16,0,16,0,0,0,16,0,0,0,0,0,0,0,16,0,0,0,0,0,0,0,0,0,0,0,0,0,0,0
00001 0,17,16,0,12,0,0,0,19,0,0,0,0,0,0,0,16,25,26,0,23,0,0,0,26,0,0,0,0,0,0,0 0,19,19,0,19,0,0,0,19,0,0,0,0,0,0,0,10,20,20,0,20,0,0,0,20,0,0,0,0,0,0,0
00000 0,4,3,0,5,0,0,0,5,0,0,0,0,0,0,0,6,0,0,0,0,0,0,0,0,0,0,0,0,0,0,0 0,10,10,0,10,0,0,0,10,0,0,0,0,0,0,0,10,0,0,0,0,0,0,0,0,0,0,0,0,0,0,0
00000 0,7,8,0,10,0,0,0,8,0,0,0,0,0,0,0,9,0,0,0,0,0,0,0,0,0,0,0,0,0,0,0 0,12,12,0,12,0,0,0,12,0,0,0,0,0,0,0,12,0,0,0,0,0,0,0,0,0,0,0,0,0,0,0
00000 0,5,2,0,3,0,0,0,3,0,0,0,0,0,0,0,5,0,0,0,0,0,0,0,0,0,0,0,0,0,0,0 0,14,14,0,14,0,0,0,14,0,0,0,0,0,0,0,14,0,0,0,0,0,0,0,0,0,0,0,0,0,0,0
11111 0,17,16,26,12,21,24,29,20,28,25,29,25,30,28,31,16,22,23,27,23,25,29,30,27,28,29,29,30,30,31,31 0,8,8,9,8,9,9,10,8,9,9,10,9,10,10,11,8,9,9,10,9,10,10,11,9,10,10,11,10,11,11,12
01110 0,11,12,17,14,19,18,20,13,18,18,20,19,20,21,21,10,0,16,0,18,0,19,0,17,0,19,0,21,0,21,0 0,13,12,14,12,14,13,15,12,14,13,15,13,15,14,16,13,0,14,0,14,0,15,0,14,0,15,0,15,0,16,0
00000 0,6,5,0,4,0,0,0,7,0,0,0,0,0,0,0,4,0,0,0,0,0,0,0,0,0,0,0,0,0,0,0 0,12,12,0,12,0,0,0,12,0,0,0,0,0,0,0,12,0,0,0,0,0,0,0,0,0,0,0,0,0,0,0
00000 0,1,2,0,4,0,0,0,3,0,0,0,0,0,0,0,3,0,0,0,0,0,0,0,0,0,0,0,0,0,0,0 0,10,10,0,10,0,0,0,10,0,0,0,0,0,0,0,10,0,0,0,0,0,0,0,0,0,0,0,0,0,0,0
01001 0,9,16,21,13,0,21,0,12,0,19,0,0,0,0,0,17,20,23,26,21,0,24,0,20,0,24,0,0,0,0,0 0,16,11,17,16,0,17,0,16,0,17,0,0,0,0,0,11,17,12,18,17,0,18,0,17,0,18,0,0,0,0,0
00000 0,11,13,0,10,0,0,0,12,0,0,0,0,0,0,0,11,0,0,0,0,0,0,0,0,0,0,0,0,0,0,0 0,18,18,0,18,0,0,0,18,0,0,0,0,0,0,0,18,0,0,0,0,0,0,0,0,0,0,0,0,0,0,0
00001 0,5,8,0,7,0,0,0,10,0,0,0,0,0,0,0,10,12,13,0,11,0,0,0,12,0,0,0,0,0,0,0 0,19,19,0,19,0,0,0,19,0,0,0,0,0,0,0,10,20,20,0,20,0,0,0,20,0,0,0,0,0,0,0
00100 0,20,18,0,20,29,29,0,20,0,0,0,27,0,0,0,15,0,0,0,30,0,0,0,0,0,0,0,0,0,0,0 0,21,21,0,12,22,22,0,21,0,0,0,22,0,0,0,21,0,0,0,22,0,0,0,0,0,0,0,0,0,0,0
11111 0,19,17,28,20,26,28,32,16,28,24,33,31,34,35,37,22,31,27,34,34,35,35,36,27,34,30,36,37,37,38,38 0,12,12,13,12,13,13,14,12,13,13,14,13,14,14,15,12,13,13,14,13,14,14,15,13,14,14,15,14,15,15,16
10100 0,3,1,3,3,5,3,5,2,4,0,0,3,5,0,0,2,4,0,0,4,5,0,0,0,0,0,0,0,0,0,0 0,3,4,5,3,4,5,6,4,5,0,0,5,6,0,0,4,5,0,0,5,6,0,0,0,0,0,0,0,0,0,0
00001 0,17,25,0,22,0,0,0,15,0,0,0,0,0,0,0,29,32,38,0,36,0,0,0,33,0,0,0,0,0,0,0 0,29,29,0,29,0,0,0,29,0,0,0,0,0,0,0,20,30,30,0,30,0,0,0,30,0,0,0,0,0,0,0
00100 0,10,8,0,11,14,13,0,8,0,0,0,13,0,0,0,9,0,0,0,13,0,0,0,0,0,0,0,0,0,0,0 0,15,15,0,10,16,16,0,15,0,0,0,16,0,0,0,15,0,0,0,16,0,0,0,0,0,0,0,0,0,0,0
11011 0,16,17,25,13,25,25,31,18,29,25,33,25,33,29,35,18,24,25,29,24,28,29,32,29,34,31,35,32,35,33,36 0,15,15,16,16,17,17,18,15,16,16,17,17,18,18,19,15,16,16,17,17,18,18,19,16,17,17,18,18,19,19,20
10111 0,8,6,11,9,11,12,13,8,11,10,12,10,12,12,13,7,11,9,11,12,13,12,13,11,12,11,12,12,13,12,13 0,7,8,9,7,8,9,10,7,8,9,10,8,9,10,11,7,8,9,10,8,9,10,11,8,9,10,11,9,10,11,12
01111 0,11,17,23,18,22,26,28,19,24,26,29,25,27,29,30,17,20,28,28,24,25,29,29,25,26,29,29,28,28,30,30 0,16,15,17,15,17,16,18,15,17,16,18,16,18,17,19,15,17,16,18,16,18,17,19,16,18,17,19,17,19,18,20
00100 0,21,18,0,27,36,31,0,20,0,0,0,32,0,0,0,19,0,0,0,34,0,0,0,0,0,0,0,0,0,0,0 0,27,27,0,18,28,28,0,27,0,0,0,28,0,0,0,27,0,0,0,28,0,0,0,0,0,0,0,0,0,0,0
01000 0,13,11,20,15,0,22,0,14,0,20,0,0,0,0,0,7,0,15,0,0,0,0,0,0,0,0,0,0,0,0,0 0,15,10,16,15,0,16,0,15,0,16,0,0,0,0,0,15,0,16,0,0,0,0,0,0,0,0,0,0,0,0,0
10111 0,6,5,9,7,11,8,11,5,8,9,11,9,12,10,12,7,11,8,11,10,13,10,13,11,13,11,13,12,14,12,14 0,5,6,7,5,6,7,8,5,6,7,8,6,7,8,9,5,6,7,8,6,7,8,9,6,7,8,9,7,8,9,10
00000 0,4,4,0,3,0,0,0,5,0,0,0,0,0,0,0,5,0,0,0,0,0,0,0,0,0,0,0,0,0,0,0 0,20,20,0,20,0,0,0,20,0,0,0,0,0,0,0,20,0,0,0,0,0,0,0,0,0,0,0,0,0,0,0
01000 0,3,4,4,2,0,5,0,3,0,5,0,0,0,0,0,2,0,4,0,0,0,0,0,0,0,0,0,0,0,0,0 0,5,4,6,5,0,6,0,5,0,6,0,0,0,0,0,5,0,6,0,0,0,0,0,0,0,0,0,0,0,0,0
01101 0,14,20,25,17,24,26,28,13,0,26,0,23,0,30,0,16,24,26,29,25,29,28,30,22,0,30,0,29,0,32,0 0,21,16,22,16,22,17,23,21,0,22,0,22,0,23,0,16,22,17,23,17,23,18,24,22,0,23,0,23,0,24,0
00100 0,23,21,0,18,31,30,0,20,0,0,0,30,0,0,0,24,0,0,0,32,0,0,0,0,0,0,0,0,0,0,0 0,27,27,0,18,28,28,0,27,0,0,0,28,0,0,0,27,0,0,0,28,0,0,0,0,0,0,0,0,0,0,0
00000 0,8,10,0,7,0,0,0,9,0,0,0,0,0,0,0,5,0,0,0,0,0,0,0,0,0,0,0,0,0,0,0 0,12,12,0,12,0,0,0,12,0,0,0,0,0,0,0,12,0,0,0,0,0,0,0,0,0,0,0,0,0,0,0
01100 0,11,18,24,15,20,24,26,14,0,23,0,20,0,25,0,14,0,23,0,19,0,24,0,0,0,0,0,0,0,0,0 0,20,15,21,15,21,16,22,20,0,21,0,21,0,22,0,20,0,21,0,21,0,22,0,0,0,0,0,0,0,0,0
00001 0,17,15,0,16,0,0,0,15,0,0,0,0,0,0,0,18,26,26,0,25,0,0,0,27,0,0,0,0,0,0,0 0,27,27,0,27,0,0,0,27,0,0,0,0,0,0,0,18,28,28,0,28,0,0,0,28,0,0,0,0,0,0,0
00000 0,9,4,0,8,0,0,0,3,0,0,0,0,0,0,0,7,0,0,0,0,0,0,0,0,0,0,0,0,0,0,0 0,12,12,0,12,0,0,0,12,0,0,0,0,0,0,0,12,0,0,0,0,0,0,0,0,0,0,0,0,0,0,0
01000 0,9,10,15,7,0,14,0,9,0,13,0,0,0,0,0,10,0,15,0,0,0,0,0,0,0,0,0,0,0,0,0 0,13,8,14,13,0,14,0,13,0,14,0,0,0,0,0,13,0,14,0,0,0,0,0,0,0,0,0,0,0,0,0
00011 0,15,18,0,18,0,0,0,23,30,28,0,31,0,0,0,21,28,29,0,27,0,0,0,30,32,32,0,32,0,0,0 0,24,24,0,24,0,0,0,19,25,25,0,25,0,0,0,19,25,25,0,25,0,0,0,20,26,26,0,26,0,0,0
11111 0,10,11,15,12,16,15,17,10,15,16,18,15,18,18,19,14,18,18,20,18,21,19,21,18,20,20,21,19,21,20,21 0,8,8,9,8,9,9,10,8,9,9,10,9,10,10,11,8,9,9,10,9,10,10,11,9,10,10,11,10,11,11,12
00010 0,17,16,0,8,0,0,0,13,24,21,0,19,0,0,0,17,0,0,0,0,0,0,0,24,0,0,0,0,0,0,0 0,21,21,0,21,0,0,0,12,22,22,0,22,0,0,0,21,0,0,0,0,0,0,0,22,0,0,0,0,0,0,0
11110 0,7,8,12,9,13,13,15,9,10,13,14,14,15,15,16,6,11,11,14,12,15,15,17,12,13,14,15,15,16,16,17 0,7,7,8,7,8,8,9,7,8,8,9,8,9,9,10,8,9,9,10,9,10,10,11,9,10,10,11,10,11,11,12
00010 0,7,8,0,12,0,0,0,13,14,16,0,16,0,0,0,13,0,0,0,0,0,0,0,17,0,0,0,0,0,0,0 0,19,19,0,19,0,0,0,10,20,20,0,20,0,0,0,19,0,0,0,0,0,0,0,20,0,0,0,0,0,0,0
10000 0,19,16,28,21,30,0,0,18,29,0,0,0,0,0,0,17,27,0,0,0,0,0,0,0,0,0,0,0,0,0,0 0,12,21,22,21,22,0,0,21,22,0,0,0,0,0,0,21,22,0,0,0,0,0,0,0,0,0,0,0,0,0,0
11111 0,10,10,15,13,17,17,19,10,16,15,20,18,20,20,22,12,18,16,20,18,21,20,22,18,22,19,23,20,22,21,23 0,10,10,11,10,11,11,12,10,11,11,12,11,12,12,13,10,11,11,12,11,12,12,13,11,12,12,13,12,13,13,14
00000 0,8,7,0,4,0,0,0,6,0,0,0,0,0,0,0,7,0,0,0,0,0,0,0,0,0,0,0,0,0,0,0 0,16,16,0,16,0,0,0,16,0,0,0,0,0,0,0,16,0,0,0,0,0,0,0,0,0,0,0,0,0,0,0
00000 0,12,9,0,10,0,0,0,6,0,0,0,0,0,0,0,7,0,0,0,0,0,0,0,0,0,0,0,0,0,0,0 0,14,14,0,14,0,0,0,14,0,0,0,0,0,0,0,14,0,0,0,0,0,0,0,0,0,0,0,0,0,0,0
00000 0,4,5,0,4,0,0,0,3,0,0,0,0,0,0,0,3,0,0,0,0,0,0,0,0,0,0,0,0,0,0,0 0,8,8,0,8,0,0,0,8,0,0,0,0,0,0,0,8,0,0,0,0,0,0,0,0,0,0,0,0,0,0,0
10100 0,17,17,27,19,27,25,31,16,28,0,0,28,34,0,0,17,26,0,0,25,32,0,0,0,0,0,0,0,0,0,0 0,15,20,21,15,16,21,22,20,21,0,0,21,22,0,0,20,21,0,0,21,22,0,0,0,0,0,0,0,0,0,0
11111 0,21,17,28,20,29,28,31,19,29,26,33,29,33,32,34,16,30,23,31,26,32,30,32,28,34,31,35,32,35,34,35 0,16,16,17,16,17,17,18,16,17,17,18,17,18,18,19,16,17,17,18,17,18,18,19,17,18,18,19,18,19,19,20
00010 0,11,8,0,10,0,0,0,16,20,18,0,18,0,0,0,12,0,0,0,0,0,0,0,20,0,0,0,0,0,0,0 0,21,21,0,21,0,0,0,16,22,22,0,22,0,0,0,21,0,0,0,0,0,0,0,22,0,0,0,0,0,0,0
00000 0,4,5,0,3,0,0,0,5,0,0,0,0,0,0,0,5,0,0,0,0,0,0,0,0,0,0,0,0,0,0,0 0,6,6,0,6,0,0,0,6,0,0,0,0,0,0,0,6,0,0,0,0,0,0,0,0,0,0,0,0,0,0,0
11101 0,6,7,9,5,8,7,9,5,9,9,11,8,10,9,11,6,9,10,11,9,10,10,11,9,11,11,12,10,11,11,12 0,5,5,6,5,6,6,7,6,7,7,8,7,8,8,9,5,6,6,7,6,7,7,8,7,8,8,9,8,9,9,10
00000 0,6,6,0,5,0,0,0,2,0,0,0,0,0,0,0,7,0,0,0,0,0,0,0,0,0,0,0,0,0,0,0 0,12,12,0,12,0,0,0,12,0,0,0,0,0,0,0,12,0,0,0,0,0,0,0,0,0,0,0,0,0,0,0
11000 0,28,24,36,20,31,32,37,18,31,32,39,0,0,0,0,19,35,31,39,0,0,0,0,0,0,0,0,0,0,0,0 0,17,17,18,22,23,23,24,22,23,23,24,0,0,0,0,22,23,23,24,0,0,0,0,0,0,0,0,0,0,0,0
00000 0,11,10,0,6,0,0,0,7,0,0,0,0,0,0,0,12,0,0,0,0,0,0,0,0,0,0,0,0,0,0,0 0,18,18,0,18,0,0,0,18,0,0,0,0,0,0,0,18,0,0,0,0,0,0,0,0,0,0,0,0,0,0,0
01001 0,16,23,28,20,0,34,0,16,0,28,0,0,0,0,0,24,30,34,36,34,0,41,0,32,0,35,0,0,0,0,0 0,26,21,27,26,0,27,0,26,0,27,0,0,0,0,0,21,27,22,28,27,0,28,0,27,0,28,0,0,0,0,0
00000 0,4,4,0,3,0,0,0,4,0,0,0,0,0,0,0,5,0,0,0,0,0,0,0,0,0,0,0,0,0,0,0 0,10,10,0,10,0,0,0,10,0,0,0,0,0,0,0,10,0,0,0,0,0,0,0,0,0,0,0,0,0,0,0
10000 0,20,19,32,23,32,0,0,18,30,0,0,0,0,0,0,19,30,0,0,0,0,0,0,0,0,0,0,0,0,0,0 0,14,23,24,23,24,0,0,23,24,0,0,0,0,0,0,23,24,0,0,0,0,0,0,0,0,0,0,0,0,0,0
01000 0,10,12,15,9,0,17,0,5,0,13,0,0,0,0,0,10,0,17,0,0,0,0,0,0,0,0,0,0,0,0,0 0,15,10,16,15,0,16,0,15,0,16,0,0,0,0,0,15,0,16,0,0,0,0,0,0,0,0,0,0,0,0,0
11111 0,10,10,12,13,17,16,17,10,15,13,15,14,17,16,17,15,20,18,20,20,21,20,21,18,21,19,21,20,21,20,21 0,8,8,9,8,9,9,10,8,9,9,10,9,10,10,11,8,9,9,10,9,10,10,11,9,10,10,11,10,11,11,12
10001 0,17,16,25,16,26,0,0,16,24,0,0,0,0,0,0,23,30,28,32,28,31,0,0,28,31,0,0,0,0,0,0 0,17,22,23,22,23,0,0,22,23,0,0,0,0,0,0,17,18,23,24,23,24,0,0,23,24,0,0,0,0,0,0
10000 0,20,14,23,20,30,0,0,18,29,0,0,0,0,0,0,20,29,0,0,0,0,0,0,0,0,0,0,0,0,0,0 0,16,25,26,25,26,0,0,25,26,0,0,0,0,0,0,25,26,0,0,0,0,0,0,0,0,0,0,0,0,0,0
10101 0,20,16,30,19,29,27,34,18,30,0,0,27,33,0,0,19,31,27,34,28,34,32,36,25,33,0,0,32,36,0,0 0,18,23,24,18,19,24,25,23,24,0,0,24,25,0,0,18,19,24,25,19,20,25,26,24,25,0,0,25,26,0,0
00000 0,2,4,0,2,0,0,0,1,0,0,0,0,0,0,0,3,0,0,0,0,0,0,0,0,0,0,0,0,0,0,0 0,8,8,0,8,0,0,0,8,0,0,0,0,0,0,0,8,0,0,0,0,0,0,0,0,0,0,0,0,0,0,0
01010 0,12,17,24,15,0,21,0,22,25,28,29,26,0,28,0,15,0,21,0,0,0,0,0,27,0,30,0,0,0,0,0 0,18,13,19,18,0,19,0,13,19,14,20,19,0,20,0,18,0,19,0,0,0,0,0,19,0,20,0,0,0,0,0
00100 0,17,20,0,18,28,29,0,14,0,0,0,26,0,0,0,13,0,0,0,23,0,0,0,0,0,0,0,0,0,0,0 0,19,19,0,10,20,20,0,19,0,0,0,20,0,0,0,19,0,0,0,20,0,0,0,0,0,0,0,0,0,0,0
10000 0,10,7,12,9,12,0,0,6,12,0,0,0,0,0,0,8,12,0,0,0,0,0,0,0,0,0,0,0,0,0,0 0,8,13,14,13,14,0,0,13,14,0,0,0,0,0,0,13,14,0,0,0,0,0,0,0,0,0,0,0,0,0,0
01000 0,7,10,13,10,0,14,0,9,0,14,0,0,0,0,0,8,0,13,0,0,0,0,0,0,0,0,0,0,0,0,0 0,11,6,12,11,0,12,0,11,0,12,0,0,0,0,0,11,0,12,0,0,0,0,0,0,0,0,0,0,0,0,0
10000 0,19,19,26,20,27,0,0,13,25,0,0,0,0,0,0,13,25,0,0,0,0,0,0,0,0,0,0,0,0,0,0 0,18,27,28,27,28,0,0,27,28,0,0,0,0,0,0,27,28,0,0,0,0,0,0,0,0,0,0,0,0,0,0
00100 0,3,5,0,8,9,8,0,5,0,0,0,8,0,0,0,4,0,0,0,8,0,0,0,0,0,0,0,0,0,0,0 0,13,13,0,8,14,14,0,13,0,0,0,14,0,0,0,13,0,0,0,14,0,0,0,0,0,0,0,0,0,0,0
11011 0,26,30,41,20,32,36,42,25,34,40,43,34,38,41,43,26,35,39,43,37,40,42,44,36,38,43,44,41,42,43,44 0,21,21,22,26,27,27,28,21,22,22,23,27,28,28,29,21,22,22,23,27,28,28,29,22,23,23,24,28,29,29,30
11111 0,19,17,31,24,29,34,37,22,32,29,36,33,36,38,39,20,29,29,35,32,34,37,38,33,37,36,38,37,38,39,39 0,16,16,17,16,17,17,18,16,17,17,18,17,18,18,19,16,17,17,18,17,18,18,19,17,18,18,19,18,19,19,20
00110 0,3,3,0,6,7,7,0,4,6,5,0,7,7,7,0,2,0,0,0,6,0,0,0,5,0,0,0,7,0,0,0 0,4,4,0,3,5,5,0,3,5,5,0,4,6,6,0,4,0,0,0,5,0,0,0,5,0,0,0,6,0,0,0
00000 0,13,9,0,9,0,0,0,9,0,0,0,0,0,0,0,11,0,0,0,0,0,0,0,0,0,0,0,0,0,0,0 0,20,20,0,20,0,0,0,20,0,0,0,0,0,0,0,20,0,0,0,0,0,0,0,0,0,0,0,0,0,0,0
00000 0,10,10,0,12,0,0,0,8,0,0,0,0,0,0,0,8,0,0,0,0,0,0,0,0,0,0,0,0,0,0,0 0,14,14,0,14,0,0,0,14,0,0,0,0,0,0,0,14,0,0,0,0,0,0,0,0,0,0,0,0,0,0,0
01100 0,15,23,29,19,28,32,37,17,0,29,0,32,0,36,0,17,0,28,0,28,0,33,0,0,0,0,0,0,0,0,0 0,22,17,23,17,23,18,24,22,0,23,0,23,0,24,0,22,0,23,0,23,0,24,0,0,0,0,0,0,0,0,0
11111 0,26,26,36,30,38,35,41,27,36,37,39,40,41,42,42,20,34,31,38,37,42,38,43,35,40,39,41,44,44,44,44 0,14,14,15,14,15,15,16,14,15,15,16,15,16,16,17,14,15,15,16,15,16,16,17,15,16,16,17,16,17,17,18
00000 0,5,5,0,4,0,0,0,9,0,0,0,0,0,0,0,3,0,0,0,0,0,0,0,0,0,0,0,0,0,0,0 0,10,10,0,10,0,0,0,10,0,0,0,0,0,0,0,10,0,0,0,0,0,0,0,0,0,0,0,0,0,0,0
10000 0,27,12,33,18,32,0,0,20,33,0,0,0,0,0,0,20,33,0,0,0,0,0,0,0,0,0,0,0,0,0,0 0,14,23,24,23,24,0,0,23,24,0,0,0,0,0,0,23,24,0,0,0,0,0,0,0,0,0,0,0,0,0,0
00000 0,8,13,0,9,0,0,0,8,0,0,0,0,0,0,0,13,0,0,0,0,0,0,0,0,0,0,0,0,0,0,0 0,16,16,0,16,0,0,0,16,0,0,0,0,0,0,0,16,0,0,0,0,0,0,0,0,0,0,0,0,0,0,0
01000 0,8,9,12,10,0,14,0,10,0,15,0,0,0,0,0,5,0,12,0,0,0,0,0,0,0,0,0,0,0,0,0 0,13,8,14,13,0,14,0,13,0,14,0,0,0,0,0,13,0,14,0,0,0,0,0,0,0,0,0,0,0,0,0
01101 0,15,17,25,17,23,30,31,13,0,23,0,26,0,32,0,20,26,28,30,26,30,33,33,26,0,30,0,31,0,34,0 0,21,16,22,16,22,17,23,21,0,22,0,22,0,23,0,16,22,17,23,17,23,18,24,22,0,23,0,23,0,24,0
11010 0,21,23,33,20,30,32,36,21,34,34,39,30,38,38,40,20,29,33,36,0,0,0,0,33,39,38,40,0,0,0,0 0,20,20,21,25,26,26,27,20,21,21,22,26,27,27,28,25,26,26,27,0,0,0,0,26,27,27,28,0,0,0,0
00011 0,6,6,0,5,0,0,0,7,9,11,0,9,0,0,0,7,10,9,0,9,0,0,0,11,12,12,0,12,0,0,0 0,8,8,0,8,0,0,0,7,9,9,0,9,0,0,0,7,9,9,0,9,0,0,0,8,10,10,0,10,0,0,0
00000 0,4,5,0,6,0,0,0,5,0,0,0,0,0,0,0,10,0,0,0,0,0,0,0,0,0,0,0,0,0,0,0 0,16,16,0,16,0,0,0,16,0,0,0,0,0,0,0,16,0,0,0,0,0,0,0,0,0,0,0,0,0,0,0
00000 0,18,16,0,14,0,0,0,17,0,0,0,0,0,0,0,18,0,0,0,0,0,0,0,0,0,0,0,0,0,0,0 0,20,20,0,20,0,0,0,20,0,0,0,0,0,0,0,20,0,0,0,0,0,0,0,0,0,0,0,0,0,0,0
01000 0,13,14,20,13,0,19,0,12,0,19,0,0,0,0,0,11,0,18,0,0,0,0,0,0,0,0,0,0,0,0,0 0,17,12,18,17,0,18,0,17,0,18,0,0,0,0,0,17,0,18,0,0,0,0,0,0,0,0,0,0,0,0,0
11100 0,18,21,29,18,28,27,33,17,26,26,30,28,32,31,34,15,25,28,33,24,31,30,34,0,0,0,0,0,0,0,0 0,16,16,17,16,17,17,18,21,22,22,23,22,23,23,24,21,22,22,23,22,23,23,24,0,0,0,0,0,0,0,0
10000 0,12,7,13,8,17,0,0,11,17,0,0,0,0,0,0,7,14,0,0,0,0,0,0,0,0,0,0,0,0,0,0 0,8,13,14,13,14,0,0,13,14,0,0,0,0,0,0,13,14,0,0,0,0,0,0,0,0,0,0,0,0,0,0
00000 0,3,1,0,3,0,0,0,3,0,0,0,0,0,0,0,4,0,0,0,0,0,0,0,0,0,0,0,0,0,0,0 0,20,20,0,20,0,0,0,20,0,0,0,0,0,0,0,20,0,0,0,0,0,0,0,0,0,0,0,0,0,0,0
00001 0,11,13,0,6,0,0,0,12,0,0,0,0,0,0,0,16,21,20,0,18,0,0,0,18,0,0,0,0,0,0,0 0,19,19,0,19,0,0,0,19,0,0,0,0,0,0,0,10,20,20,0,20,0,0,0,20,0,0,0,0,0,0,0
10000 0,12,13,16,7,16,0,0,9,14,0,0,0,0,0,0,10,16,0,0,0,0,0,0,0,0,0,0,0,0,0,0 0,10,15,16,15,16,0,0,15,16,0,0,0,0,0,0,15,16,0,0,0,0,0,0,0,0,0,0,0,0,0,0
00010 0,16,16,0,19,0,0,0,23,30,26,0,28,0,0,0,18,0,0,0,0,0,0,0,29,0,0,0,0,0,0,0 0,29,29,0,29,0,0,0,20,30,30,0,30,0,0,0,29,0,0,0,0,0,0,0,30,0,0,0,0,0,0,0
00000 0,9,5,0,5,0,0,0,7,0,0,0,0,0,0,0,6,0,0,0,0,0,0,0,0,0,0,0,0,0,0,0 0,20,20,0,20,0,0,0,20,0,0,0,0,0,0,0,20,0,0,0,0,0,0,0,0,0,0,0,0,0,0,0
10000 0,16,12,24,16,22,0,0,16,25,0,0,0,0,0,0,14,24,0,0,0,0,0,0,0,0,0,0,0,0,0,0 0,10,19,20,19,20,0,0,19,20,0,0,0,0,0,0,19,20,0,0,0,0,0,0,0,0,0,0,0,0,0,0
00000 0,7,6,0,4,0,0,0,6,0,0,0,0,0,0,0,6,0,0,0,0,0,0,0,0,0,0,0,0,0,0,0 0,18,18,0,18,0,0,0,18,0,0,0,0,0,0,0,18,0,0,0,0,0,0,0,0,0,0,0,0,0,0,0
11000 0,14,13,20,11,20,21,25,11,19,19,23,0,0,0,0,10,19,17,22,0,0,0,0,0,0,0,0,0,0,0,0 0,13,13,14,18,19,19,20,18,19,19,20,0,0,0,0,18,19,19,20,0,0,0,0,0,0,0,0,0,0,0,0
00000 0,1,1,0,2,0,0,0,3,0,0,0,0,0,0,0,3,0,0,0,0,0,0,0,0,0,0,0,0,0,0,0 0,8,8,0,8,0,0,0,8,0,0,0,0,0,0,0,8,0,0,0,0,0,0,0,0,0,0,0,0,0,0,0
11111 0,17,18,25,20,25,28,30,18,25,28,30,27,29,31,31,22,30,29,32,28,32,33,34,28,32,32,33,31,33,34,34 0,16,16,17,16,17,17,18,16,17,17,18,17,18,18,19,16,17,17,18,17,18,18,19,17,18,18,19,18,19,19,20
00100 0,16,15,0,17,24,25,0,16,0,0,0,27,0,0,0,17,0,0,0,25,0,0,0,0,0,0,0,0,0,0,0 0,21,21,0,16,22,22,0,21,0,0,0,22,0,0,0,21,0,0,0,22,0,0,0,0,0,0,0,0,0,0,0
00000 0,6,4,0,4,0,0,0,5,0,0,0,0,0,0,0,5,0,0,0,0,0,0,0,0,0,0,0,0,0,0,0 0,14,14,0,14,0,0,0,14,0,0,0,0,0,0,0,14,0,0,0,0,0,0,0,0,0,0,0,0,0,0,0
11101 0,22,19,28,16,26,24,29,14,28,25,30,24,30,28,31,20,27,26,29,26,28,29,29,27,31,29,31,30,31,31,31 0,15,15,16,15,16,16,17,16,17,17,18,17,18,18,19,15,16,16,17,16,17,17,18,17,18,18,19,18,19,19,20
00000 0,9,9,0,6,0,0,0,6,0,0,0,0,0,0,0,7,0,0,0,0,0,0,0,0,0,0,0,0,0,0,0 0,14,14,0,14,0,0,0,14,0,0,0,0,0,0,0,14,0,0,0,0,0,0,0,0,0,0,0,0,0,0,0
00000 0,9,8,0,10,0,0,0,12,0,0,0,0,0,0,0,9,0,0,0,0,0,0,0,0,0,0,0,0,0,0,0 0,14,14,0,14,0,0,0,14,0,0,0,0,0,0,0,14,0,0,0,0,0,0,0,0,0,0,0,0,0,0,0
00000 0,3,4,0,3,0,0,0,5,0,0,0,0,0,0,0,4,0,0,0,0,0,0,0,0,0,0,0,0,0,0,0 0,18,18,0,18,0,0,0,18,0,0,0,0,0,0,0,18,0,0,0,0,0,0,0,0,0,0,0,0,0,0,0
00011 0,20,13,0,19,0,0,0,24,31,31,0,35,0,0,0,20,29,29,0,31,0,0,0,35,35,40,0,40,0,0,0 0,24,24,0,24,0,0,0,19,25,25,0,25,0,0,0,19,25,25,0,25,0,0,0,20,26,26,0,26,0,0,0
11111 0,23,22,33,19,30,35,38,25,34,34,39,35,38,41,42,17,31,32,39,30,36,40,42,30,38,39,43,37,40,43,44 0,8,8,9,8,9,9,10,8,9,9,10,9,10,10,11,8,9,9,10,9,10,10,11,9,10,10,11,10,11,11,12
11111 0,19,20,27,21,31,33,36,24,31,31,34,36,39,40,40,18,29,26,31,31,37,34,37,29,33,34,35,38,40,40,40 0,14,14,15,14,15,15,16,14,15,15,16,15,16,16,17,14,15,15,16,15,16,16,17,15,16,16,17,16,17,17,18
11111 0,20,18,28,19,30,26,33,17,27,27,32,27,32,30,34,23,27,29,31,29,32,31,33,29,32,33,34,31,33,33,34 0,10,10,11,10,11,11,12,10,11,11,12,11,12,12,13,10,11,11,12,11,12,12,13,11,12,12,13,12,13,13,14
11111 0,19,13,25,15,25,23,29,16,26,22,28,25,31,28,32,14,23,21,27,22,26,26,29,23,28,27,30,29,31,30,32 0,12,12,13,12,13,13,14,12,13,13,14,13,14,14,15,12,13,13,14,13,14,14,15,13,14,14,15,14,15,15,16
00100 0,20,13,0,22,33,32,0,19,0,0,0,33,0,0,0,25,0,0,0,35,0,0,0,0,0,0,0,0,0,0,0 0,29,29,0,20,30,30,0,29,0,0,0,30,0,0,0,29,0,0,0,30,0,0,0,0,0,0,0,0,0,0,0
00101 0,11,12,0,14,21,21,0,12,0,0,0,20,0,0,0,17,21,21,0,23,26,25,0,23,0,0,0,26,0,0,0 0,14,14,0,13,15,15,0,14,0,0,0,15,0,0,0,13,15,15,0,14,16,16,0,15,0,0,0,16,0,0,0
00000 0,11,12,0,8,0,0,0,14,0,0,0,0,0,0,0,11,0,0,0,0,0,0,0,0,0,0,0,0,0,0,0 0,16,16,0,16,0,0,0,16,0,0,0,0,0,0,0,16,0,0,0,0,0,0,0,0,0,0,0,0,0,0,0
00110 0,19,14,0,21,26,25,0,21,29,25,0,31,32,32,0,18,0,0,0,26,0,0,0,29,0,0,0,33,0,0,0 0,26,26,0,21,27,27,0,21,27,27,0,22,28,28,0,26,0,0,0,27,0,0,0,27,0,0,0,28,0,0,0
00100 0,7,9,0,10,14,13,0,8,0,0,0,12,0,0,0,7,0,0,0,12,0,0,0,0,0,0,0,0,0,0,0 0,11,11,0,10,12,12,0,11,0,0,0,12,0,0,0,11,0,0,0,12,0,0,0,0,0,0,0,0,0,0,0
00010 0,10,16,0,13,0,0,0,16,21,24,0,21,0,0,0,16,0,0,0,0,0,0,0,23,0,0,0,0,0,0,0 0,25,25,0,25,0,0,0,16,26,26,0,26,0,0,0,25,0,0,0,0,0,0,0,26,0,0,0,0,0,0,0
10111 0,11,10,18,14,21,18,24,15,20,19,23,21,24,23,25,15,18,17,20,20,23,21,24,23,23,24,24,24,24,25,25 0,11,12,13,11,12,13,14,11,12,13,14,12,13,14,15,11,12,13,14,12,13,14,15,12,13,14,15,13,14,15,16
00000 0,8,12,0,14,0,0,0,12,0,0,0,0,0,0,0,10,0,0,0,0,0,0,0,0,0,0,0,0,0,0,0 0,16,16,0,16,0,0,0,16,0,0,0,0,0,0,0,16,0,0,0,0,0,0,0,0,0,0,0,0,0,0,0
11111 0,26,23,38,23,33,32,39,25,36,33,41,34,38,38,41,17,32,32,41,32,36,38,41,33,39,39,43,41,41,43,43 0,12,12,13,12,13,13,14,12,13,13,14,13,14,14,15,12,13,13,14,13,14,14,15,13,14,14,15,14,15,15,16
00010 0,9,11,0,7,0,0,0,14,17,16,0,16,0,0,0,10,0,0,0,0,0,0,0,19,0,0,0,0,0,0,0 0,13,13,0,13,0,0,0,12,14,14,0,14,0,0,0,13,0,0,0,0,0,0,0,14,0,0,0,0,0,0,0
10101 0,17,12,25,16,24,22,28,11,23,0,0,24,30,0,0,17,26,22,29,23,28,25,30,24,31,0,0,29,33,0,0 0,16,21,22,16,17,22,23,21,22,0,0,22,23,0,0,16,17,22,23,17,18,23,24,22,23,0,0,23,24,0,0
01000 0,14,18,22,15,0,22,0,15,0,23,0,0,0,0,0,17,0,24,0,0,0,0,0,0,0,0,0,0,0,0,0 0,27,18,28,27,0,28,0,27,0,28,0,0,0,0,0,27,0,28,0,0,0,0,0,0,0,0,0,0,0,0,0
00000 0,2,2,0,2,0,0,0,0,0,0,0,0,0,0,0,4,0,0,0,0,0,0,0,0,0,0,0,0,0,0,0 0,10,10,0,10,0,0,0,0,0,0,0,0,0,0,0,10,0,0,0,0,0,0,0,0,0,0,0,0,0,0,0
00000 0,5,2,0,4,0,0,0,4,0,0,0,0,0,0,0,5,0,0,0,0,0,0,0,0,0,0,0,0,0,0,0 0,16,16,0,16,0,0,0,16,0,0,0,0,0,0,0,16,0,0,0,0,0,0,0,0,0,0,0,0,0,0,0
00011 0,1,3,0,3,0,0,0,6,6,6,0,6,0,0,0,4,4,6,0,6,0,0,0,6,6,6,0,6,0,0,0 0,4,4,0,4,0,0,0,3,5,5,0,5,0,0,0,3,5,5,0,5,0,0,0,4,6,6,0,6,0,0,0
11001 0,17,26,33,15,26,31,36,22,28,33,36,0,0,0,0,23,29,35,38,31,35,37,39,34,36,38,39,0,0,0,0 0,16,16,17,21,22,22,23,21,22,22,23,0,0,0,0,16,17,17,18,22,23,23,24,22,23,23,24,0,0,0,0
00101 0,16,13,0,20,27,25,0,16,0,0,0,27,0,0,0,20,26,25,0,29,31,30,0,25,0,0,0,30,0,0,0 0,20,20,0,15,21,21,0,20,0,0,0,21,0,0,0,15,21,21,0,16,22,22,0,21,0,0,0,22,0,0,0
00000 0,3,9,0,8,0,0,0,7,0,0,0,0,0,0,0,8,0,0,0,0,0,0,0,0,0,0,0,0,0,0,0 0,20,20,0,20,0,0,0,20,0,0,0,0,0,0,0,20,0,0,0,0,0,0,0,0,0,0,0,0,0,0,0
11111 0,11,11,18,11,20,17,23,11,19,21,25,18,24,24,27,13,20,19,23,20,25,22,25,20,26,25,28,24,28,26,28 0,8,8,9,8,9,9,10,8,9,9,10,9,10,10,11,8,9,9,10,9,10,10,11,9,10,10,11,10,11,11,12
00000 0,8,10,0,7,0,0,0,9,0,0,0,0,0,0,0,9,0,0,0,0,0,0,0,0,0,0,0,0,0,0,0 0,12,12,0,12,0,0,0,12,0,0,0,0,0,0,0,12,0,0,0,0,0,0,0,0,0,0,0,0,0,0,0
11111 0,19,20,31,21,27,31,35,23,32,34,39,31,36,36,40,17,23,28,33,29,30,35,36,33,35,39,40,38,39,40,41 0,16,16,17,16,17,17,18,16,17,17,18,17,18,18,19,16,17,17,18,17,18,18,19,17,18,18,19,18,19,19,20
00000 0,4,3,0,3,0,0,0,3,0,0,0,0,0,0,0,4,0,0,0,0,0,0,0,0,0,0,0,0,0,0,0 0,10,10,0,10,0,0,0,10,0,0,0,0,0,0,0,10,0,0,0,0,0,0,0,0,0,0,0,0,0,0,0
00000 0,7,4,0,6,0,0,0,6,0,0,0,0,0,0,0,9,0,0,0,0,0,0,0,0,0,0,0,0,0,0,0 0,16,16,0,16,0,0,0,16,0,0,0,0,0,0,0,16,0,0,0,0,0,0,0,0,0,0,0,0,0,0,0
10000 0,15,11,23,14,24,0,0,14,22,0,0,0,0,0,0,13,23,0,0,0,0,0,0,0,0,0,0,0,0,0,0 0,14,19,20,19,20,0,0,19,20,0,0,0,0,0,0,19,20,0,0,0,0,0,0,0,0,0,0,0,0,0,0
11010 0,22,23,34,16,31,28,36,23,33,31,37,29,37,33,38,17,30,32,38,0,0,0,0,35,39,38,41,0,0,0,0 0,20,20,21,25,26,26,27,20,21,21,22,26,27,27,28,25,26,26,27,0,0,0,0,26,27,27,28,0,0,0,0
00100 0,7,5,0,10,13,14,0,8,0,0,0,15,0,0,0,7,0,0,0,11,0,0,0,0,0,0,0,0,0,0,0 0,19,19,0,10,20,20,0,19,0,0,0,20,0,0,0,19,0,0,0,20,0,0,0,0,0,0,0,0,0,0,0
01100 0,14,15,22,17,21,21,24,15,0,24,0,22,0,25,0,15,0,22,0,23,0,25,0,0,0,0,0,0,0,0,0 0,20,15,21,15,21,16,22,20,0,21,0,21,0,22,0,20,0,21,0,21,0,22,0,0,0,0,0,0,0,0,0
00000 0,2,4,0,6,0,0,0,4,0,0,0,0,0,0,0,4,0,0,0,0,0,0,0,0,0,0,0,0,0,0,0 0,12,12,0,12,0,0,0,12,0,0,0,0,0,0,0,12,0,0,0,0,0,0,0,0,0,0,0,0,0,0,0
01000 0,13,18,22,8,0,22,0,13,0,22,0,0,0,0,0,15,0,23,0,0,0,0,0,0,0,0,0,0,0,0,0 0,19,10,20,19,0,20,0,19,0,20,0,0,0,0,0,19,0,20,0,0,0,0,0,0,0,0,0,0,0,0,0
01101 0,17,24,29,26,31,34,37,15,0,28,0,32,0,36,0,22,31,32,36,36,39,39,41,29,0,34,0,38,0,40,0 0,27,22,28,22,28,23,29,27,0,28,0,28,0,29,0,22,28,23,29,23,29,24,30,28,0,29,0,29,0,30,0
00000 0,5,5,0,5,0,0,0,6,0,0,0,0,0,0,0,3,0,0,0,0,0,0,0,0,0,0,0,0,0,0,0 0,14,14,0,14,0,0,0,14,0,0,0,0,0,0,0,14,0,0,0,0,0,0,0,0,0,0,0,0,0,0,0
10000 0,10,6,14,8,14,0,0,7,12,0,0,0,0,0,0,9,13,0,0,0,0,0,0,0,0,0,0,0,0,0,0 0,10,19,20,19,20,0,0,19,20,0,0,0,0,0,0,19,20,0,0,0,0,0,0,0,0,0,0,0,0,0,0
11111 0,8,12,13,12,13,15,15,9,12,15,15,13,14,15,15,9,13,13,14,13,14,15,15,13,15,15,15,14,15,15,15 0,6,6,7,6,7,7,8,6,7,7,8,7,8,8,9,6,7,7,8,7,8,8,9,7,8,8,9,8,9,9,10
11111 0,30,27,36,18,37,32,39,22,38,33,39,30,40,36,40,19,34,32,37,30,38,37,40,30,39,35,39,35,40,38,40 0,16,16,17,16,17,17,18,16,17,17,18,17,18,18,19,16,17,17,18,17,18,18,19,17,18,18,19,18,19,19,20
00010 0,16,15,0,11,0,0,0,17,23,24,0,23,0,0,0,15,0,0,0,0,0,0,0,22,0,0,0,0,0,0,0 0,17,17,0,17,0,0,0,12,18,18,0,18,0,0,0,17,0,0,0,0,0,0,0,18,0,0,0,0,0,0,0
00001 0,6,7,0,11,0,0,0,9,0,0,0,0,0,0,0,10,13,12,0,14,0,0,0,13,0,0,0,0,0,0,0 0,13,13,0,13,0,0,0,13,0,0,0,0,0,0,0,8,14,14,0,14,0,0,0,14,0,0,0,0,0,0,0
01000 0,22,23,33,22,0,34,0,20,0,34,0,0,0,0,0,19,0,33,0,0,0,0,0,0,0,0,0,0,0,0,0 0,29,20,30,29,0,30,0,29,0,30,0,0,0,0,0,29,0,30,0,0,0,0,0,0,0,0,0,0,0,0,0
00000 0,3,4,0,4,0,0,0,4,0,0,0,0,0,0,0,4,0,0,0,0,0,0,0,0,0,0,0,0,0,0,0 0,6,6,0,6,0,0,0,6,0,0,0,0,0,0,0,6,0,0,0,0,0,0,0,0,0,0,0,0,0,0,0
00010 0,8,9,0,10,0,0,0,11,15,16,0,15,0,0,0,9,0,0,0,0,0,0,0,14,0,0,0,0,0,0,0 0,11,11,0,11,0,0,0,10,12,12,0,12,0,0,0,11,0,0,0,0,0,0,0,12,0,0,0,0,0,0,0
01010 0,6,12,14,3,0,14,0,12,15,18,19,13,0,19,0,14,0,17,0,0,0,0,0,19,0,20,0,0,0,0,0 0,16,11,17,16,0,17,0,11,17,12,18,17,0,18,0,16,0,17,0,0,0,0,0,17,0,18,0,0,0,0,0
11111 0,17,17,26,12,24,22,29,15,25,24,30,22,29,26,31,16,25,23,29,22,28,26,31,24,29,27,31,26,30,27,31 0,12,12,13,12,13,13,14,12,13,13,14,13,14,14,15,12,13,13,14,13,14,14,15,13,14,14,15,14,15,15,16
11111 0,18,21,28,20,29,30,32,19,27,30,33,30,34,34,34,21,28,30,32,28,31,33,33,29,32,33,34,33,34,34,34 0,16,16,17,16,17,17,18,16,17,17,18,17,18,18,19,16,17,17,18,17,18,18,19,17,18,18,19,18,19,19,20
00001 0,10,11,0,6,0,0,0,10,0,0,0,0,0,0,0,14,17,18,0,16,0,0,0,16,0,0,0,0,0,0,0 0,13,13,0,13,0,0,0,13,0,0,0,0,0,0,0,12,14,14,0,14,0,0,0,14,0,0,0,0,0,0,0
10000 0,12,10,15,11,16,0,0,8,14,0,0,0,0,0,0,7,14,0,0,0,0,0,0,0,0,0,0,0,0,0,0 0,12,17,18,17,18,0,0,17,18,0,0,0,0,0,0,17,18,0,0,0,0,0,0,0,0,0,0,0,0,0,0
00000 0,6,5,0,9,0,0,0,8,0,0,0,0,0,0,0,8,0,0,0,0,0,0,0,0,0,0,0,0,0,0,0 0,12,12,0,12,0,0,0,12,0,0,0,0,0,0,0,12,0,0,0,0,0,0,0,0,0,0,0,0,0,0,0
00000 0,2,3,0,1,0,0,0,2,0,0,0,0,0,0,0,4,0,0,0,0,0,0,0,0,0,0,0,0,0,0,0 0,18,18,0,18,0,0,0,18,0,0,0,0,0,0,0,18,0,0,0,0,0,0,0,0,0,0,0,0,0,0,0
11111 0,21,19,28,16,26,25,31,19,27,29,31,28,31,31,33,21,31,26,33,27,33,30,35,28,32,31,33,31,34,33,35 0,16,16,17,16,17,17,18,16,17,17,18,17,18,18,19,16,17,17,18,17,18,18,19,17,18,18,19,18,19,19,20
00001 0,16,16,0,17,0,0,0,17,0,0,0,0,0,0,0,23,28,28,0,29,0,0,0,30,0,0,0,0,0,0,0 0,27,27,0,27,0,0,0,27,0,0,0,0,0,0,0,18,28,28,0,28,0,0,0,28,0,0,0,0,0,0,0
00000 0,12,11,0,9,0,0,0,9,0,0,0,0,0,0,0,12,0,0,0,0,0,0,0,0,0,0,0,0,0,0,0 0,16,16,0,16,0,0,0,16,0,0,0,0,0,0,0,16,0,0,0,0,0,0,0,0,0,0,0,0,0,0,0
00010 0,7,9,0,6,0,0,0,10,13,13,0,12,0,0,0,11,0,0,0,0,0,0,0,14,0,0,0,0,0,0,0 0,11,11,0,11,0,0,0,6,12,12,0,12,0,0,0,11,0,0,0,0,0,0,0,12,0,0,0,0,0,0,0
01010 0,15,19,26,16,0,28,0,24,30,29,34,31,0,33,0,18,0,30,0,0,0,0,0,32,0,35,0,0,0,0,0 0,28,19,29,28,0,29,0,19,29,20,30,29,0,30,0,28,0,29,0,0,0,0,0,29,0,30,0,0,0,0,0
11111 0,13,15,21,12,19,21,24,11,16,20,22,18,20,24,24,14,19,20,23,19,21,23,24,19,20,23,24,21,21,24,24 0,8,8,9,8,9,9,10,8,9,9,10,9,10,10,11,8,9,9,10,9,10,10,11,9,10,10,11,10,11,11,12
00000 0,5,3,0,4,0,0,0,3,0,0,0,0,0,0,0,4,0,0,0,0,0,0,0,0,0,0,0,0,0,0,0 0,6,6,0,6,0,0,0,6,0,0,0,0,0,0,0,6,0,0,0,0,0,0,0,0,0,0,0,0,0,0,0
00100 0,11,9,0,16,21,19,0,9,0,0,0,18,0,0,0,12,0,0,0,19,0,0,0,0,0,0,0,0,0,0,0 0,19,19,0,10,20,20,0,19,0,0,0,20,0,0,0,19,0,0,0,20,0,0,0,0,0,0,0,0,0,0,0
00000 0,4,5,0,8,0,0,0,4,0,0,0,0,0,0,0,6,0,0,0,0,0,0,0,0,0,0,0,0,0,0,0 0,16,16,0,16,0,0,0,16,0,0,0,0,0,0,0,16,0,0,0,0,0,0,0,0,0,0,0,0,0,0,0
00000 0,12,12,0,8,0,0,0,9,0,0,0,0,0,0,0,10,0,0,0,0,0,0,0,0,0,0,0,0,0,0,0 0,18,18,0,18,0,0,0,18,0,0,0,0,0,0,0,18,0,0,0,0,0,0,0,0,0,0,0,0,0,0,0
11111 0,8,7,11,7,12,12,14,7,11,11,13,13,15,15,16,7,10,10,12,11,13,13,14,11,12,13,14,15,15,16,16 0,6,6,7,6,7,7,8,6,7,7,8,7,8,8,9,6,7,7,8,7,8,8,9,7,8,8,9,8,9,9,10
01000 0,14,18,24,14,0,22,0,13,0,23,0,0,0,0,0,17,0,26,0,0,0,0,0,0,0,0,0,0,0,0,0 0,27,18,28,27,0,28,0,27,0,28,0,0,0,0,0,27,0,28,0,0,0,0,0,0,0,0,0,0,0,0,0
00001 0,17,18,0,17,0,0,0,15,0,0,0,0,0,0,0,19,29,28,0,27,0,0,0,30,0,0,0,0,0,0,0 0,19,19,0,19,0,0,0,19,0,0,0,0,0,0,0,10,20,20,0,20,0,0,0,20,0,0,0,0,0,0,0
10010 0,24,17,28,14,33,0,0,24,34,32,35,30,38,0,0,19,31,0,0,0,0,0,0,32,36,0,0,0,0,0,0 0,21,30,31,30,31,0,0,21,22,31,32,31,32,0,0,30,31,0,0,0,0,0,0,31,32,0,0,0,0,0,0
10000 0,24,18,33,22,32,0,0,21,34,0,0,0,0,0,0,22,35,0,0,0,0,0,0,0,0,0,0,0,0,0,0 0,14,23,24,23,24,0,0,23,24,0,0,0,0,0,0,23,24,0,0,0,0,0,0,0,0,0,0,0,0,0,0
11111 0,15,23,30,24,29,33,35,18,26,31,33,30,33,35,35,12,20,26,30,28,31,34,35,23,28,32,33,31,33,35,35 0,10,10,11,10,11,11,12,10,11,11,12,11,12,12,13,10,11,11,12,11,12,12,13,11,12,12,13,12,13,13,14
11100 0,26,26,38,26,31,35,40,27,36,37,40,37,38,40,41,25,33,34,39,33,35,39,41,0,0,0,0,0,0,0,0 0,26,26,27,26,27,27,28,31,32,32,33,32,33,33,34,31,32,32,33,32,33,33,34,0,0,0,0,0,0,0,0
00000 0,4,4,0,2,0,0,0,4,0,0,0,0,0,0,0,3,0,0,0,0,0,0,0,0,0,0,0,0,0,0,0 0,16,16,0,16,0,0,0,16,0,0,0,0,0,0,0,16,0,0,0,0,0,0,0,0,0,0,0,0,0,0,0
01000 0,13,16,20,12,0,22,0,15,0,23,0,0,0,0,0,21,0,26,0,0,0,0,0,0,0,0,0,0,0,0,0 0,25,16,26,25,0,26,0,25,0,26,0,0,0,0,0,25,0,26,0,0,0,0,0,0,0,0,0,0,0,0,0
00000 0,2,4,0,3,0,0,0,4,0,0,0,0,0,0,0,5,0,0,0,0,0,0,0,0,0,0,0,0,0,0,0 0,12,12,0,12,0,0,0,12,0,0,0,0,0,0,0,12,0,0,0,0,0,0,0,0,0,0,0,0,0,0,0
00001 0,19,18,0,18,0,0,0,16,0,0,0,0,0,0,0,24,32,31,0,32,0,0,0,30,0,0,0,0,0,0,0 0,21,21,0,21,0,0,0,21,0,0,0,0,0,0,0,12,22,22,0,22,0,0,0,22,0,0,0,0,0,0,0
00000 0,6,10,0,9,0,0,0,6,0,0,0,0,0,0,0,7,0,0,0,0,0,0,0,0,0,0,0,0,0,0,0 0,12,12,0,12,0,0,0,12,0,0,0,0,0,0,0,12,0,0,0,0,0,0,0,0,0,0,0,0,0,0,0
10110 0,28,17,31,26,36,33,37,24,38,34,39,38,40,41,41,16,35,0,0,30,37,0,0,31,41,0,0,40,41,0,0 0,22,27,28,22,23,28,29,22,23,28,29,23,24,29,30,27,28,0,0,28,29,0,0,28,29,0,0,29,30,0,0
00100 0,5,4,0,7,8,7,0,5,0,0,0,8,0,0,0,4,0,0,0,8,0,0,0,0,0,0,0,0,0,0,0 0,11,11,0,6,12,12,0,11,0,0,0,12,0,0,0,11,0,0,0,12,0,0,0,0,0,0,0,0,0,0,0
00000 0,8,6,0,2,0,0,0,7,0,0,0,0,0,0,0,7,0,0,0,0,0,0,0,0,0,0,0,0,0,0,0 0,12,12,0,12,0,0,0,12,0,0,0,0,0,0,0,12,0,0,0,0,0,0,0,0,0,0,0,0,0,0,0
01010 0,9,11,14,8,0,14,0,12,19,20,21,15,0,20,0,9,0,16,0,0,0,0,0,16,0,21,0,0,0,0,0 0,10,9,11,10,0,11,0,9,11,10,12,11,0,12,0,10,0,11,0,0,0,0,0,11,0,12,0,0,0,0,0
00001 0,9,12,0,8,0,0,0,9,0,0,0,0,0,0,0,13,17,15,0,14,0,0,0,16,0,0,0,0,0,0,0 0,21,21,0,21,0,0,0,21,0,0,0,0,0,0,0,12,22,22,0,22,0,0,0,22,0,0,0,0,0,0,0
01100 0,10,11,16,13,15,18,20,8,0,13,0,17,0,18,0,11,0,15,0,16,0,18,0,0,0,0,0,0,0,0,0 0,16,11,17,11,17,12,18,16,0,17,0,17,0,18,0,16,0,17,0,17,0,18,0,0,0,0,0,0,0,0,0
01000 0,5,10,12,10,0,15,0,8,0,13,0,0,0,0,0,7,0,12,0,0,0,0,0,0,0,0,0,0,0,0,0 0,11,10,12,11,0,12,0,11,0,12,0,0,0,0,0,11,0,12,0,0,0,0,0,0,0,0,0,0,0,0,0
10100 0,25,16,32,22,33,30,35,22,32,0,0,30,35,0,0,18,29,0,0,29,34,0,0,0,0,0,0,0,0,0,0 0,19,28,29,19,20,29,30,28,29,0,0,29,30,0,0,28,29,0,0,29,30,0,0,0,0,0,0,0,0,0,0
11001 0,22,21,34,18,30,31,38,17,28,28,36,0,0,0,0,25,33,35,40,32,35,37,40,30,34,37,40,0,0,0,0 0,16,16,17,21,22,22,23,21,22,22,23,0,0,0,0,16,17,17,18,22,23,23,24,22,23,23,24,0,0,0,0
00010 0,14,11,0,12,0,0,0,15,22,20,0,22,0,0,0,12,0,0,0,0,0,0,0,20,0,0,0,0,0,0,0 0,23,23,0,23,0,0,0,14,24,24,0,24,0,0,0,23,0,0,0,0,0,0,0,24,0,0,0,0,0,0,0
01100 0,4,7,7,9,9,12,12,5,0,8,0,11,0,12,0,5,0,9,0,11,0,12,0,0,0,0,0,0,0,0,0 0,8,7,9,7,9,8,10,8,0,9,0,9,0,10,0,8,0,9,0,9,0,10,0,0,0,0,0,0,0,0,0
00000 0,4,8,0,7,0,0,0,7,0,0,0,0,0,0,0,4,0,0,0,0,0,0,0,0,0,0,0,0,0,0,0 0,10,10,0,10,0,0,0,10,0,0,0,0,0,0,0,10,0,0,0,0,0,0,0,0,0,0,0,0,0,0,0
10001 0,21,17,31,17,28,0,0,15,28,0,0,0,0,0,0,18,29,26,34,28,33,0,0,25,33,0,0,0,0,0,0 0,17,22,23,22,23,0,0,22,23,0,0,0,0,0,0,17,18,23,24,23,24,0,0,23,24,0,0,0,0,0,0
01000 0,11,12,16,7,0,15,0,6,0,14,0,0,0,0,0,12,0,16,0,0,0,0,0,0,0,0,0,0,0,0,0 0,21,12,22,21,0,22,0,21,0,22,0,0,0,0,0,21,0,22,0,0,0,0,0,0,0,0,0,0,0,0,0
00100 0,22,17,0,23,33,32,0,21,0,0,0,32,0,0,0,21,0,0,0,31,0,0,0,0,0,0,0,0,0,0,0 0,27,27,0,18,28,28,0,27,0,0,0,28,0,0,0,27,0,0,0,28,0,0,0,0,0,0,0,0,0,0,0
01000 0,8,11,13,7,0,15,0,5,0,12,0,0,0,0,0,8,0,15,0,0,0,0,0,0,0,0,0,0,0,0,0 0,15,10,16,15,0,16,0,15,0,16,0,0,0,0,0,15,0,16,0,0,0,0,0,0,0,0,0,0,0,0,0
00000 0,5,7,0,7,0,0,0,2,0,0,0,0,0,0,0,7,0,0,0,0,0,0,0,0,0,0,0,0,0,0,0 0,16,16,0,16,0,0,0,16,0,0,0,0,0,0,0,16,0,0,0,0,0,0,0,0,0,0,0,0,0,0,0
00000 0,7,6,0,8,0,0,0,7,0,0,0,0,0,0,0,9,0,0,0,0,0,0,0,0,0,0,0,0,0,0,0 0,10,10,0,10,0,0,0,10,0,0,0,0,0,0,0,10,0,0,0,0,0,0,0,0,0,0,0,0,0,0,0
11111 0,22,21,32,17,29,28,35,20,31,30,35,25,32,31,35,14,26,28,35,26,33,33,38,26,34,34,38,30,35,35,38 0,14,14,15,14,15,15,16,14,15,15,16,15,16,16,17,14,15,15,16,15,16,16,17,15,16,16,17,16,17,17,18
00000 0,17,12,0,13,0,0,0,14,0,0,0,0,0,0,0,13,0,0,0,0,0,0,0,0,0,0,0,0,0,0,0 0,18,18,0,18,0,0,0,18,0,0,0,0,0,0,0,18,0,0,0,0,0,0,0,0,0,0,0,0,0,0,0
10111 0,23,15,29,24,34,29,35,21,34,28,36,32,38,34,38,21,34,29,37,31,37,34,38,33,39,36,40,37,40,38,40 0,21,26,27,21,22,27,28,21,22,27,28,22,23,28,29,21,22,27,28,22,23,28,29,22,23,28,29,23,24,29,30
00000 0,6,9,0,7,0,0,0,7,0,0,0,0,0,0,0,6,0,0,0,0,0,0,0,0,0,0,0,0,0,0,0 0,14,14,0,14,0,0,0,14,0,0,0,0,0,0,0,14,0,0,0,0,0,0,0,0,0,0,0,0,0,0,0
10100 0,24,21,34,23,36,32,39,21,36,0,0,32,40,0,0,20,32,0,0,33,38,0,0,0,0,0,0,0,0,0,0 0,23,32,33,23,24,33,34,32,33,0,0,33,34,0,0,32,33,0,0,33,34,0,0,0,0,0,0,0,0,0,0
11111 0,14,19,22,18,24,26,28,16,21,26,27,25,28,29,30,17,26,26,29,24,29,28,30,25,28,30,31,29,31,31,32 0,12,12,13,12,13,13,14,12,13,13,14,13,14,14,15,12,13,13,14,13,14,14,15,13,14,14,15,14,15,15,16
10010 0,16,13,24,12,20,0,0,15,24,22,29,20,25,0,0,13,24,0,0,0,0,0,0,21,28,0,0,0,0,0,0 0,15,20,21,20,21,0,0,15,16,21,22,21,22,0,0,20,21,0,0,0,0,0,0,21,22,0,0,0,0,0,0
01000 0,17,14,24,13,0,21,0,13,0,22,0,0,0,0,0,10,0,19,0,0,0,0,0,0,0,0,0,0,0,0,0 0,19,14,20,19,0,20,0,19,0,20,0,0,0,0,0,19,0,20,0,0,0,0,0,0,0,0,0,0,0,0,0
00001 0,15,17,0,19,0,0,0,12,0,0,0,0,0,0,0,19,27,29,0,27,0,0,0,25,0,0,0,0,0,0,0 0,21,21,0,21,0,0,0,21,0,0,0,0,0,0,0,12,22,22,0,22,0,0,0,22,0,0,0,0,0,0,0
00000 0,4,2,0,4,0,0,0,2,0,0,0,0,0,0,0,2,0,0,0,0,0,0,0,0,0,0,0,0,0,0,0 0,14,14,0,14,0,0,0,14,0,0,0,0,0,0,0,14,0,0,0,0,0,0,0,0,0,0,0,0,0,0,0
00000 0,3,0,0,4,0,0,0,2,0,0,0,0,0,0,0,4,0,0,0,0,0,0,0,0,0,0,0,0,0,0,0 0,16,0,0,16,0,0,0,16,0,0,0,0,0,0,0,16,0,0,0,0,0,0,0,0,0,0,0,0,0,0,0
01100 0,21,21,32,19,27,31,35,17,0,31,0,28,0,34,0,17,0,27,0,29,0,34,0,0,0,0,0,0,0,0,0 0,28,19,29,19,29,20,30,28,0,29,0,29,0,30,0,28,0,29,0,29,0,30,0,0,0,0,0,0,0,0,0
00000 0,12,8,0,8,0,0,0,9,0,0,0,0,0,0,0,12,0,0,0,0,0,0,0,0,0,0,0,0,0,0,0 0,14,14,0,14,0,0,0,14,0,0,0,0,0,0,0,14,0,0,0,0,0,0,0,0,0,0,0,0,0,0,0
00001 0,11,11,0,11,0,0,0,12,0,0,0,0,0,0,0,14,19,17,0,19,0,0,0,20,0,0,0,0,0,0,0 0,23,23,0,23,0,0,0,23,0,0,0,0,0,0,0,14,24,24,0,24,0,0,0,24,0,0,0,0,0,0,0
10110 0,22,13,29,21,31,29,36,23,31,29,36,33,35,37,39,21,30,0,0,33,37,0,0,33,38,0,0,39,41,0,0 0,18,23,24,18,19,24,25,18,19,24,25,19,20,25,26,23,24,0,0,24,25,0,0,24,25,0,0,25,26,0,0
11010 0,19,24,31,16,28,31,36,20,28,32,35,32,35,38,39,19,31,35,37,0,0,0,0,29,34,36,37,0,0,0,0 0,18,18,19,23,24,24,25,18,19,19,20,24,25,25,26,23,24,24,25,0,0,0,0,24,25,25,26,0,0,0,0
00010 0,9,5,0,10,0,0,0,13,15,16,0,17,0,0,0,7,0,0,0,0,0,0,0,15,0,0,0,0,0,0,0 0,13,13,0,13,0,0,0,8,14,14,0,14,0,0,0,13,0,0,0,0,0,0,0,14,0,0,0,0,0,0,0
11111 0,14,14,21,15,21,21,24,14,20,18,24,20,23,22,25,13,18,18,22,19,22,22,24,18,21,21,24,21,23,23,25 0,10,10,11,10,11,11,12,10,11,11,12,11,12,12,13,10,11,11,12,11,12,12,13,11,12,12,13,12,13,13,14
00001 0,18,15,0,17,0,0,0,16,0,0,0,0,0,0,0,26,31,30,0,32,0,0,0,29,0,0,0,0,0,0,0 0,21,21,0,21,0,0,0,21,0,0,0,0,0,0,0,12,22,22,0,22,0,0,0,22,0,0,0,0,0,0,0
11111 0,15,15,25,13,21,21,26,14,22,20,27,19,24,23,27,18,26,22,28,22,28,24,28,23,27,24,28,25,28,25,28 0,10,10,11,10,11,11,12,10,11,11,12,11,12,12,13,10,11,11,12,11,12,12,13,11,12,12,13,12,13,13,14
00000 0,3,3,0,5,0,0,0,4,0,0,0,0,0,0,0,5,0,0,0,0,0,0,0,0,0,0,0,0,0,0,0 0,10,10,0,10,0,0,0,10,0,0,0,0,0,0,0,10,0,0,0,0,0,0,0,0,0,0,0,0,0,0,0
10010 0,25,20,35,18,29,0,0,27,38,34,39,35,40,0,0,20,34,0,0,0,0,0,0,34,40,0,0,0,0,0,0 0,21,30,31,30,31,0,0,21,22,31,32,31,32,0,0,30,31,0,0,0,0,0,0,31,32,0,0,0,0,0,0
11111 0,20,26,35,20,31,36,39,18,26,31,35,28,34,37,39,20,28,36,39,29,35,40,41,29,32,38,39,35,38,40,41 0,14,14,15,14,15,15,16,14,15,15,16,15,16,16,17,14,15,15,16,15,16,16,17,15,16,16,17,16,17,17,18
11010 0,15,20,25,18,21,25,25,14,20,25,26,20,23,26,26,13,20,22,25,0,0,0,0,19,22,25,26,0,0,0,0 0,14,14,15,15,16,16,17,14,15,15,16,16,17,17,18,15,16,16,17,0,0,0,0,16,17,17,18,0,0,0,0
11111 0,27,23,32,21,35,31,38,27,33,36,38,35,39,40,42,29,38,37,40,35,41,40,43,37,39,41,41,39,41,43,43 0,10,10,11,10,11,11,12,10,11,11,12,11,12,12,13,10,11,11,12,11,12,12,13,11,12,12,13,12,13,13,14
00010 0,10,12,0,15,0,0,0,19,24,24,0,25,0,0,0,14,0,0,0,0,0,0,0,27,0,0,0,0,0,0,0 0,21,21,0,21,0,0,0,16,22,22,0,22,0,0,0,21,0,0,0,0,0,0,0,22,0,0,0,0,0,0,0
00000 0,6,7,0,4,0,0,0,11,0,0,0,0,0,0,0,10,0,0,0,0,0,0,0,0,0,0,0,0,0,0,0 0,12,12,0,12,0,0,0,12,0,0,0,0,0,0,0,12,0,0,0,0,0,0,0,0,0,0,0,0,0,0,0
00000 0,8,10,0,8,0,0,0,8,0,0,0,0,0,0,0,8,0,0,0,0,0,0,0,0,0,0,0,0,0,0,0 0,20,20,0,20,0,0,0,20,0,0,0,0,0,0,0,20,0,0,0,0,0,0,0,0,0,0,0,0,0,0,0
01110 0,1,4,4,2,3,6,6,5,6,6,6,7,8,8,8,3,0,6,0,4,0,7,0,6,0,7,0,7,0,8,0 0,3,3,5,2,5,5,7,3,5,4,6,5,7,6,8,5,0,6,0,6,0,7,0,6,0,7,0,7,0,8,0
11111 0,12,11,18,9,14,16,19,11,17,15,19,14,17,18,19,8,13,16,19,12,14,18,19,14,17,17,19,16,17,19,19 0,8,8,9,8,9,9,10,8,9,9,10,9,10,10,11,8,9,9,10,9,10,10,11,9,10,10,11,10,11,11,12
01101 0,13,21,27,20,26,31,33,18,0,33,0,24,0,34,0,19,26,31,33,28,32,34,35,26,0,34,0,29,0,34,0 0,23,18,24,18,24,19,25,23,0,24,0,24,0,25,0,18,24,19,25,19,25,20,26,24,0,25,0,25,0,26,0
00111 0,6,4,0,8,10,11,0,9,12,11,0,11,12,13,0,7,10,10,0,11,12,13,0,11,13,12,0,12,13,13,0 0,7,7,0,6,8,8,0,6,8,8,0,7,9,9,0,6,8,8,0,7,9,9,0,7,9,9,0,8,10,10,0
00000 0,5,3,0,4,0,0,0,5,0,0,0,0,0,0,0,3,0,0,0,0,0,0,0,0,0,0,0,0,0,0,0 0,20,20,0,20,0,0,0,20,0,0,0,0,0,0,0,20,0,0,0,0,0,0,0,0,0,0,0,0,0,0,0
00100 0,7,11,0,12,12,17,0,9,0,0,0,15,0,0,0,11,0,0,0,17,0,0,0,0,0,0,0,0,0,0,0 0,13,13,0,12,14,14,0,13,0,0,0,14,0,0,0,13,0,0,0,14,0,0,0,0,0,0,0,0,0,0,0
11000 0,28,24,37,27,36,35,40,22,36,32,39,0,0,0,0,17,33,30,39,0,0,0,0,0,0,0,0,0,0,0,0 0,21,21,22,30,31,31,32,30,31,31,32,0,0,0,0,30,31,31,32,0,0,0,0,0,0,0,0,0,0,0,0
00000 0,7,6,0,9,0,0,0,9,0,0,0,0,0,0,0,5,0,0,0,0,0,0,0,0,0,0,0,0,0,0,0 0,12,12,0,12,0,0,0,12,0,0,0,0,0,0,0,12,0,0,0,0,0,0,0,0,0,0,0,0,0,0,0
01010 0,10,13,22,13,0,20,0,15,20,22,26,21,0,25,0,13,0,19,0,0,0,0,0,21,0,24,0,0,0,0,0 0,18,13,19,18,0,19,0,13,19,14,20,19,0,20,0,18,0,19,0,0,0,0,0,19,0,20,0,0,0,0,0
10110 0,16,15,26,19,23,25,27,17,23,24,28,27,28,28,29,15,23,0,0,24,27,0,0,26,28,0,0,30,31,0,0 0,16,21,22,16,17,22,23,16,17,22,23,17,18,23,24,21,22,0,0,22,23,0,0,22,23,0,0,23,24,0,0
00000 0,9,10,0,6,0,0,0,8,0,0,0,0,0,0,0,7,0,0,0,0,0,0,0,0,0,0,0,0,0,0,0 0,20,20,0,20,0,0,0,20,0,0,0,0,0,0,0,20,0,0,0,0,0,0,0,0,0,0,0,0,0,0,0
01000 0,10,12,20,11,0,19,0,9,0,15,0,0,0,0,0,10,0,17,0,0,0,0,0,0,0,0,0,0,0,0,0 0,17,12,18,17,0,18,0,17,0,18,0,0,0,0,0,17,0,18,0,0,0,0,0,0,0,0,0,0,0,0,0
10011 0,16,12,23,13,20,0,0,14,21,22,27,20,23,0,0,15,23,21,27,22,25,0,0,20,25,25,28,25,26,0,0 0,14,15,16,15,16,0,0,14,15,16,17,16,17,0,0,14,15,16,17,16,17,0,0,15,16,17,18,17,18,0,0
01000 0,7,12,13,6,0,14,0,10,0,15,0,0,0,0,0,8,0,14,0,0,0,0,0,0,0,0,0,0,0,0,0 0,21,12,22,21,0,22,0,21,0,22,0,0,0,0,0,21,0,22,0,0,0,0,0,0,0,0,0,0,0,0,0
00010 0,13,14,0,19,0,0,0,15,24,23,0,26,0,0,0,15,0,0,0,0,0,0,0,22,0,0,0,0,0,0,0 0,19,19,0,19,0,0,0,10,20,20,0,20,0,0,0,19,0,0,0,0,0,0,0,20,0,0,0,0,0,0,0
01111 0,8,9,12,9,15,14,16,10,17,15,18,13,18,17,19,10,15,16,18,13,17,16,18,14,19,18,20,15,19,18,20 0,10,9,11,9,11,10,12,9,11,10,12,10,12,11,13,9,11,10,12,10,12,11,13,10,12,11,13,11,13,12,14
00000 0,6,6,0,10,0,0,0,7,0,0,0,0,0,0,0,4,0,0,0,0,0,0,0,0,0,0,0,0,0,0,0 0,16,16,0,16,0,0,0,16,0,0,0,0,0,0,0,16,0,0,0,0,0,0,0,0,0,0,0,0,0,0,0
00000 0,10,9,0,11,0,0,0,10,0,0,0,0,0,0,0,15,0,0,0,0,0,0,0,0,0,0,0,0,0,0,0 0,16,16,0,16,0,0,0,16,0,0,0,0,0,0,0,16,0,0,0,0,0,0,0,0,0,0,0,0,0,0,0
11111 0,22,21,31,17,30,29,34,18,28,28,33,26,32,33,34,23,28,31,34,29,32,32,34,29,30,33,34,31,32,33,34 0,14,14,15,14,15,15,16,14,15,15,16,15,16,16,17,14,15,15,16,15,16,16,17,15,16,16,17,16,17,17,18
11111 0,19,17,27,25,31,31,35,23,32,29,35,33,36,35,38,17,27,28,33,30,34,36,38,27,34,33,37,35,37,37,39 0,12,12,13,12,13,13,14,12,13,13,14,13,14,14,15,12,13,13,14,13,14,14,15,13,14,14,15,14,15,15,16
00000 0,11,11,0,11,0,0,0,6,0,0,0,0,0,0,0,11,0,0,0,0,0,0,0,0,0,0,0,0,0,0,0 0,14,14,0,14,0,0,0,14,0,0,0,0,0,0,0,14,0,0,0,0,0,0,0,0,0,0,0,0,0,0,0
00000 0,3,4,0,2,0,0,0,2,0,0,0,0,0,0,0,3,0,0,0,0,0,0,0,0,0,0,0,0,0,0,0 0,20,20,0,20,0,0,0,20,0,0,0,0,0,0,0,20,0,0,0,0,0,0,0,0,0,0,0,0,0,0,0
10000 0,18,9,21,16,24,0,0,10,22,0,0,0,0,0,0,9,22,0,0,0,0,0,0,0,0,0,0,0,0,0,0 0,14,19,20,19,20,0,0,19,20,0,0,0,0,0,0,19,20,0,0,0,0,0,0,0,0,0,0,0,0,0,0
11011 0,23,22,32,20,34,32,39,23,36,34,38,34,40,39,41,25,33,34,38,33,39,37,41,37,40,40,41,41,42,41,42 0,21,21,22,26,27,27,28,21,22,22,23,27,28,28,29,21,22,22,23,27,28,28,29,22,23,23,24,28,29,29,30
10000 0,18,18,26,11,23,0,0,17,26,0,0,0,0,0,0,19,27,0,0,0,0,0,0,0,0,0,0,0,0,0,0 0,18,27,28,27,28,0,0,27,28,0,0,0,0,0,0,27,28,0,0,0,0,0,0,0,0,0,0,0,0,0,0
11111 0,20,22,27,24,34,36,38,22,28,31,34,32,37,38,40,26,32,35,36,38,39,40,40,35,35,38,38,40,40,40,40 0,6,6,7,6,7,7,8,6,7,7,8,7,8,8,9,6,7,7,8,7,8,8,9,7,8,8,9,8,9,9,10
11000 0,13,16,19,9,19,18,21,12,18,20,21,0,0,0,0,8,15,18,21,0,0,0,0,0,0,0,0,0,0,0,0 0,13,13,14,18,19,19,20,18,19,19,20,0,0,0,0,18,19,19,20,0,0,0,0,0,0,0,0,0,0,0,0
00000 0,5,5,0,3,0,0,0,6,0,0,0,0,0,0,0,4,0,0,0,0,0,0,0,0,0,0,0,0,0,0,0 0,12,12,0,12,0,0,0,12,0,0,0,0,0,0,0,12,0,0,0,0,0,0,0,0,0,0,0,0,0,0,0
00000 0,2,3,0,5,0,0,0,5,0,0,0,0,0,0,0,1,0,0,0,0,0,0,0,0,0,0,0,0,0,0,0 0,16,16,0,16,0,0,0,16,0,0,0,0,0,0,0,16,0,0,0,0,0,0,0,0,0,0,0,0,0,0,0
00000 0,7,5,0,3,0,0,0,5,0,0,0,0,0,0,0,7,0,0,0,0,0,0,0,0,0,0,0,0,0,0,0 0,14,14,0,14,0,0,0,14,0,0,0,0,0,0,0,14,0,0,0,0,0,0,0,0,0,0,0,0,0,0,0
11100 0,22,26,34,23,35,36,42,20,30,33,37,30,37,39,42,21,33,33,37,31,39,39,42,0,0,0,0,0,0,0,0 0,22,22,23,22,23,23,24,27,28,28,29,28,29,29,30,27,28,28,29,28,29,29,30,0,0,0,0,0,0,0,0
01101 0,7,10,17,10,14,14,18,15,0,19,0,16,0,19,0,11,15,16,20,15,16,19,20,17,0,20,0,17,0,20,0 0,10,10,12,10,12,11,13,11,0,12,0,12,0,13,0,10,12,11,13,11,13,12,14,12,0,13,0,13,0,14,0
00000 0,8,9,0,6,0,0,0,5,0,0,0,0,0,0,0,5,0,0,0,0,0,0,0,0,0,0,0,0,0,0,0 0,14,14,0,14,0,0,0,14,0,0,0,0,0,0,0,14,0,0,0,0,0,0,0,0,0,0,0,0,0,0,0
10100 0,11,11,16,12,19,18,21,10,16,0,0,17,20,0,0,9,17,0,0,15,20,0,0,0,0,0,0,0,0,0,0 0,11,16,17,11,12,17,18,16,17,0,0,17,18,0,0,16,17,0,0,17,18,0,0,0,0,0,0,0,0,0,0
10000 0,17,14,25,11,22,0,0,13,20,0,0,0,0,0,0,15,22,0,0,0,0,0,0,0,0,0,0,0,0,0,0 0,16,25,26,25,26,0,0,25,26,0,0,0,0,0,0,25,26,0,0,0,0,0,0,0,0,0,0,0,0,0,0
00110 0,16,17,0,19,30,31,0,19,26,26,0,26,32,31,0,17,0,0,0,28,0,0,0,27,0,0,0,30,0,0,0 0,28,28,0,19,29,29,0,19,29,29,0,20,30,30,0,28,0,0,0,29,0,0,0,29,0,0,0,30,0,0,0
00110 0,18,20,0,23,32,30,0,23,30,35,0,33,36,36,0,18,0,0,0,33,0,0,0,28,0,0,0,35,0,0,0 0,30,30,0,21,31,31,0,21,31,31,0,22,32,32,0,30,0,0,0,31,0,0,0,31,0,0,0,32,0,0,0
00000 0,5,3,0,3,0,0,0,6,0,0,0,0,0,0,0,5,0,0,0,0,0,0,0,0,0,0,0,0,0,0,0 0,14,14,0,14,0,0,0,14,0,0,0,0,0,0,0,14,0,0,0,0,0,0,0,0,0,0,0,0,0,0,0
00100 0,15,9,0,11,17,17,0,8,0,0,0,18,0,0,0,9,0,0,0,16,0,0,0,0,0,0,0,0,0,0,0 0,19,19,0,10,20,20,0,19,0,0,0,20,0,0,0,19,0,0,0,20,0,0,0,0,0,0,0,0,0,0,0
10000 0,15,8,17,6,15,0,0,9,17,0,0,0,0,0,0,10,17,0,0,0,0,0,0,0,0,0,0,0,0,0,0 0,8,13,14,13,14,0,0,13,14,0,0,0,0,0,0,13,14,0,0,0,0,0,0,0,0,0,0,0,0,0,0
01000 0,21,25,33,19,0,35,0,15,0,30,0,0,0,0,0,21,0,32,0,0,0,0,0,0,0,0,0,0,0,0,0 0,23,14,24,23,0,24,0,23,0,24,0,0,0,0,0,23,0,24,0,0,0,0,0,0,0,0,0,0,0,0,0
01110 0,17,21,27,24,28,30,31,20,28,28,31,31,33,34,34,16,0,26,0,28,0,32,0,28,0,31,0,32,0,34,0 0,25,20,26,20,26,21,27,20,26,21,27,21,27,22,28,25,0,26,0,26,0,27,0,26,0,27,0,27,0,28,0
11111 0,20,21,32,22,34,34,41,19,30,29,36,31,37,38,42,26,37,34,41,34,41,39,43,32,40,35,41,36,42,39,43 0,16,16,17,16,17,17,18,16,17,17,18,17,18,18,19,16,17,17,18,17,18,18,19,17,18,18,19,18,19,19,20
00001 0,10,8,0,10,0,0,0,8,0,0,0,0,0,0,0,11,14,14,0,14,0,0,0,13,0,0,0,0,0,0,0 0,11,11,0,11,0,0,0,11,0,0,0,0,0,0,0,10,12,12,0,12,0,0,0,12,0,0,0,0,0,0,0
10100 0,22,14,26,19,26,24,28,16,27,0,0,25,28,0,0,11,26,0,0,24,29,0,0,0,0,0,0,0,0,0,0 0,19,24,25,19,20,25,26,24,25,0,0,25,26,0,0,24,25,0,0,25,26,0,0,0,0,0,0,0,0,0,0
00010 0,14,28,0,19,0,0,0,22,28,34,0,27,0,0,0,18,0,0,0,0,0,0,0,31,0,0,0,0,0,0,0 0,23,23,0,23,0,0,0,14,24,24,0,24,0,0,0,23,0,0,0,0,0,0,0,24,0,0,0,0,0,0,0
11111 0,13,10,18,17,20,19,21,12,18,17,21,19,21,21,22,12,19,14,20,21,22,22,22,16,20,18,21,21,22,22,22 0,6,6,7,6,7,7,8,6,7,7,8,7,8,8,9,6,7,7,8,7,8,8,9,7,8,8,9,8,9,9,10
00000 0,6,5,0,6,0,0,0,4,0,0,0,0,0,0,0,5,0,0,0,0,0,0,0,0,0,0,0,0,0,0,0 0,10,10,0,10,0,0,0,10,0,0,0,0,0,0,0,10,0,0,0,0,0,0,0,0,0,0,0,0,0,0,0
00000 0,5,3,0,5,0,0,0,3,0,0,0,0,0,0,0,2,0,0,0,0,0,0,0,0,0,0,0,0,0,0,0 0,20,20,0,20,0,0,0,20,0,0,0,0,0,0,0,20,0,0,0,0,0,0,0,0,0,0,0,0,0,0,0
00110 0,11,18,0,17,23,24,0,17,21,24,0,22,25,26,0,16,0,0,0,25,0,0,0,23,0,0,0,26,0,0,0 0,18,18,0,13,19,19,0,13,19,19,0,14,20,20,0,18,0,0,0,19,0,0,0,19,0,0,0,20,0,0,0
00000 0,8,5,0,7,0,0,0,6,0,0,0,0,0,0,0,6,0,0,0,0,0,0,0,0,0,0,0,0,0,0,0 0,18,18,0,18,0,0,0,18,0,0,0,0,0,0,0,18,0,0,0,0,0,0,0,0,0,0,0,0,0,0,0
01000 0,11,13,17,8,0,15,0,12,0,17,0,0,0,0,0,11,0,18,0,0,0,0,0,0,0,0,0,0,0,0,0 0,15,10,16,15,0,16,0,15,0,16,0,0,0,0,0,15,0,16,0,0,0,0,0,0,0,0,0,0,0,0,0
11111 0,24,27,36,21,32,35,40,24,37,36,41,32,39,38,42,25,34,37,41,30,36,40,42,35,40,39,42,37,41,41,43 0,14,14,15,14,15,15,16,14,15,15,16,15,16,16,17,14,15,15,16,15,16,16,17,15,16,16,17,16,17,17,18
00000 0,10,8,0,8,0,0,0,8,0,0,0,0,0,0,0,6,0,0,0,0,0,0,0,0,0,0,0,0,0,0,0 0,14,14,0,14,0,0,0,14,0,0,0,0,0,0,0,14,0,0,0,0,0,0,0,0,0,0,0,0,0,0,0
00000 0,10,12,0,7,0,0,0,7,0,0,0,0,0,0,0,11,0,0,0,0,0,0,0,0,0,0,0,0,0,0,0 0,14,14,0,14,0,0,0,14,0,0,0,0,0,0,0,14,0,0,0,0,0,0,0,0,0,0,0,0,0,0,0
01000 0,16,15,21,12,0,21,0,8,0,20,0,0,0,0,0,11,0,18,0,0,0,0,0,0,0,0,0,0,0,0,0 0,23,14,24,23,0,24,0,23,0,24,0,0,0,0,0,23,0,24,0,0,0,0,0,0,0,0,0,0,0,0,0
00111 0,12,11,0,18,21,22,0,18,22,21,0,21,23,23,0,14,22,17,0,24,26,25,0,24,26,26,0,25,26,26,0 0,13,13,0,12,14,14,0,12,14,14,0,13,15,15,0,12,14,14,0,13,15,15,0,13,15,15,0,14,16,16,0
00000 0,5,8,0,9,0,0,0,9,0,0,0,0,0,0,0,10,0,0,0,0,0,0,0,0,0,0,0,0,0,0,0 0,16,16,0,16,0,0,0,16,0,0,0,0,0,0,0,16,0,0,0,0,0,0,0,0,0,0,0,0,0,0,0
01010 0,20,26,35,17,0,33,0,22,30,34,39,33,0,38,0,19,0,34,0,0,0,0,0,28,0,37,0,0,0,0,0 0,26,21,27,26,0,27,0,21,27,22,28,27,0,28,0,26,0,27,0,0,0,0,0,27,0,28,0,0,0,0,0
11111 0,20,10,21,16,24,20,25,14,26,20,26,24,29,26,29,23,32,27,33,27,32,30,33,30,35,31,35,32,35,33,35 0,6,6,7,6,7,7,8,6,7,7,8,7,8,8,9,6,7,7,8,7,8,8,9,7,8,8,9,8,9,9,10
00000 0,7,9,0,10,0,0,0,7,0,0,0,0,0,0,0,6,0,0,0,0,0,0,0,0,0,0,0,0,0,0,0 0,12,12,0,12,0,0,0,12,0,0,0,0,0,0,0,12,0,0,0,0,0,0,0,0,0,0,0,0,0,0,0
11000 0,11,11,15,10,16,14,18,9,14,14,17,0,0,0,0,7,16,14,18,0,0,0,0,0,0,0,0,0,0,0,0 0,11,11,12,16,17,17,18,16,17,17,18,0,0,0,0,16,17,17,18,0,0,0,0,0,0,0,0,0,0,0,0
11111 0,21,17,24,23,27,28,29,18,27,26,28,29,30,31,31,17,27,25,29,27,30,30,31,24,30,28,30,30,31,31,31 0,16,16,17,16,17,17,18,16,17,17,18,17,18,18,19,16,17,17,18,17,18,18,19,17,18,18,19,18,19,19,20
11111 0,11,16,20,19,21,25,27,17,23,24,26,24,26,27,29,21,25,29,31,28,28,31,31,27,29,31,31,29,29,31,31 0,8,8,9,8,9,9,10,8,9,9,10,9,10,10,11,8,9,9,10,9,10,10,11,9,10,10,11,10,11,11,12
00100 0,10,10,0,13,16,16,0,13,0,0,0,16,0,0,0,9,0,0,0,16,0,0,0,0,0,0,0,0,0,0,0 0,15,15,0,10,16,16,0,15,0,0,0,16,0,0,0,15,0,0,0,16,0,0,0,0,0,0,0,0,0,0,0
00000 0,6,7,0,4,0,0,0,8,0,0,0,0,0,0,0,7,0,0,0,0,0,0,0,0,0,0,0,0,0,0,0 0,12,12,0,12,0,0,0,12,0,0,0,0,0,0,0,12,0,0,0,0,0,0,0,0,0,0,0,0,0,0,0
00010 0,18,22,0,18,0,0,0,21,32,34,0,32,0,0,0,23,0,0,0,0,0,0,0,31,0,0,0,0,0,0,0 0,27,27,0,27,0,0,0,18,28,28,0,28,0,0,0,27,0,0,0,0,0,0,0,28,0,0,0,0,0,0,0
10100 0,11,9,16,11,17,16,20,9,17,0,0,16,21,0,0,11,16,0,0,16,18,0,0,0,0,0,0,0,0,0,0 0,11,12,13,11,12,13,14,12,13,0,0,13,14,0,0,12,13,0,0,13,14,0,0,0,0,0,0,0,0,0,0
01000 0,11,18,22,12,0,20,0,13,0,21,0,0,0,0,0,15,0,22,0,0,0,0,0,0,0,0,0,0,0,0,0 0,21,16,22,21,0,22,0,21,0,22,0,0,0,0,0,21,0,22,0,0,0,0,0,0,0,0,0,0,0,0,0
01000 0,11,20,22,9,0,21,0,16,0,24,0,0,0,0,0,14,0,23,0,0,0,0,0,0,0,0,0,0,0,0,0 0,21,16,22,21,0,22,0,21,0,22,0,0,0,0,0,21,0,22,0,0,0,0,0,0,0,0,0,0,0,0,0
00110 0,15,13,0,21,26,25,0,17,26,23,0,30,31,31,0,19,0,0,0,28,0,0,0,25,0,0,0,31,0,0,0 0,20,20,0,15,21,21,0,15,21,21,0,16,22,22,0,20,0,0,0,21,0,0,0,21,0,0,0,22,0,0,0
00000 0,3,10,0,8,0,0,0,11,0,0,0,0,0,0,0,12,0,0,0,0,0,0,0,0,0,0,0,0,0,0,0 0,14,14,0,14,0,0,0,14,0,0,0,0,0,0,0,14,0,0,0,0,0,0,0,0,0,0,0,0,0,0,0
00000 0,6,6,0,5,0,0,0,9,0,0,0,0,0,0,0,8,0,0,0,0,0,0,0,0,0,0,0,0,0,0,0 0,16,16,0,16,0,0,0,16,0,0,0,0,0,0,0,16,0,0,0,0,0,0,0,0,0,0,0,0,0,0,0
00011 0,12,11,0,8,0,0,0,14,20,19,0,18,0,0,0,15,20,21,0,20,0,0,0,21,24,24,0,24,0,0,0 0,18,18,0,18,0,0,0,13,19,19,0,19,0,0,0,13,19,19,0,19,0,0,0,14,20,20,0,20,0,0,0
01000 0,12,10,16,8,0,12,0,9,0,15,0,0,0,0,0,9,0,16,0,0,0,0,0,0,0,0,0,0,0,0,0 0,11,6,12,11,0,12,0,11,0,12,0,0,0,0,0,11,0,12,0,0,0,0,0,0,0,0,0,0,0,0,0
00010 0,10,12,0,10,0,0,0,14,19,18,0,18,0,0,0,8,0,0,0,0,0,0,0,16,0,0,0,0,0,0,0 0,13,13,0,13,0,0,0,12,14,14,0,14,0,0,0,13,0,0,0,0,0,0,0,14,0,0,0,0,0,0,0
00000 0,7,10,0,7,0,0,0,7,0,0,0,0,0,0,0,6,0,0,0,0,0,0,0,0,0,0,0,0,0,0,0 0,12,12,0,12,0,0,0,12,0,0,0,0,0,0,0,12,0,0,0,0,0,0,0,0,0,0,0,0,0,0,0
01000 0,18,19,27,19,0,28,0,18,0,26,0,0,0,0,0,12,0,26,0,0,0,0,0,0,0,0,0,0,0,0,0 0,27,18,28,27,0,28,0,27,0,28,0,0,0,0,0,27,0,28,0,0,0,0,0,0,0,0,0,0,0,0,0
00000 0,9,11,0,10,0,0,0,11,0,0,0,0,0,0,0,10,0,0,0,0,0,0,0,0,0,0,0,0,0,0,0 0,12,12,0,12,0,0,0,12,0,0,0,0,0,0,0,12,0,0,0,0,0,0,0,0,0,0,0,0,0,0,0
11111 0,19,20,28,17,26,26,30,14,26,30,33,24,29,32,33,19,31,29,34,29,34,33,35,27,34,34,36,32,35,35,36 0,12,12,13,12,13,13,14,12,13,13,14,13,14,14,15,12,13,13,14,13,14,14,15,13,14,14,15,14,15,15,16
01000 0,12,15,20,11,0,20,0,12,0,18,0,0,0,0,0,9,0,18,0,0,0,0,0,0,0,0,0,0,0,0,0 0,19,10,20,19,0,20,0,19,0,20,0,0,0,0,0,19,0,20,0,0,0,0,0,0,0,0,0,0,0,0,0
11000 0,21,21,31,21,32,33,37,20,32,31,36,0,0,0,0,17,32,30,36,0,0,0,0,0,0,0,0,0,0,0,0 0,19,19,20,24,25,25,26,24,25,25,26,0,0,0,0,24,25,25,26,0,0,0,0,0,0,0,0,0,0,0,0
00000 0,4,4,0,4,0,0,0,5,0,0,0,0,0,0,0,5,0,0,0,0,0,0,0,0,0,0,0,0,0,0,0 0,10,10,0,10,0,0,0,10,0,0,0,0,0,0,0,10,0,0,0,0,0,0,0,0,0,0,0,0,0,0,0
01101 0,12,18,21,14,18,21,23,12,0,21,0,20,0,23,0,14,18,23,24,19,21,23,24,23,0,25,0,24,0,25,0 0,15,14,16,14,16,15,17,15,0,16,0,16,0,17,0,14,16,15,17,15,17,16,18,16,0,17,0,17,0,18,0
00000 0,10,7,0,8,0,0,0,7,0,0,0,0,0,0,0,7,0,0,0,0,0,0,0,0,0,0,0,0,0,0,0 0,12,12,0,12,0,0,0,12,0,0,0,0,0,0,0,12,0,0,0,0,0,0,0,0,0,0,0,0,0,0,0
10000 0,16,11,19,14,21,0,0,11,22,0,0,0,0,0,0,10,20,0,0,0,0,0,0,0,0,0,0,0,0,0,0 0,10,15,16,15,16,0,0,15,16,0,0,0,0,0,0,15,16,0,0,0,0,0,0,0,0,0,0,0,0,0,0
10001 0,17,15,26,11,21,0,0,15,25,0,0,0,0,0,0,19,26,27,29,24,28,0,0,25,29,0,0,0,0,0,0 0,13,18,19,18,19,0,0,18,19,0,0,0,0,0,0,13,14,19,20,19,20,0,0,19,20,0,0,0,0,0,0
11111 0,21,24,36,21,32,36,41,17,30,33,40,31,37,40,43,20,29,34,39,32,37,39,42,26,34,37,41,36,40,41,43 0,8,8,9,8,9,9,10,8,9,9,10,9,10,10,11,8,9,9,10,9,10,10,11,9,10,10,11,10,11,11,12
11111 0,21,16,24,16,24,23,26,21,28,25,29,27,29,29,30,18,28,26,30,24,29,28,31,27,31,30,32,29,31,31,32 0,10,10,11,10,11,11,12,10,11,11,12,11,12,12,13,10,11,11,12,11,12,12,13,11,12,12,13,12,13,13,14
11111 0,10,12,18,10,15,16,20,7,14,14,20,12,17,17,21,11,15,16,19,16,18,18,20,13,16,17,20,17,19,19,21 0,6,6,7,6,7,7,8,6,7,7,8,7,8,8,9,6,7,7,8,7,8,8,9,7,8,8,9,8,9,9,10
01010 0,14,20,25,15,0,26,0,17,22,30,31,26,0,32,0,17,0,27,0,0,0,0,0,25,0,32,0,0,0,0,0 0,18,13,19,18,0,19,0,13,19,14,20,19,0,20,0,18,0,19,0,0,0,0,0,19,0,20,0,0,0,0,0
11111 0,23,21,32,22,35,33,40,20,33,30,37,31,40,36,40,25,33,33,39,34,39,39,43,33,40,37,42,39,43,40,43 0,6,6,7,6,7,7,8,6,7,7,8,7,8,8,9,6,7,7,8,7,8,8,9,7,8,8,9,8,9,9,10
00000 0,10,9,0,9,0,0,0,9,0,0,0,0,0,0,0,10,0,0,0,0,0,0,0,0,0,0,0,0,0,0,0 0,18,18,0,18,0,0,0,18,0,0,0,0,0,0,0,18,0,0,0,0,0,0,0,0,0,0,0,0,0,0,0
00010 0,14,17,0,14,0,0,0,19,25,24,0,26,0,0,0,15,0,0,0,0,0,0,0,24,0,0,0,0,0,0,0 0,23,23,0,23,0,0,0,14,24,24,0,24,0,0,0,23,0,0,0,0,0,0,0,24,0,0,0,0,0,0,0
10111 0,5,4,8,5,7,6,8,5,8,7,9,7,9,7,9,5,7,7,9,7,8,8,9,8,9,9,10,9,10,9,10 0,5,6,7,5,6,7,8,5,6,7,8,6,7,8,9,5,6,7,8,6,7,8,9,6,7,8,9,7,8,9,10
00000 0,7,5,0,7,0,0,0,5,0,0,0,0,0,0,0,8,0,0,0,0,0,0,0,0,0,0,0,0,0,0,0 0,10,10,0,10,0,0,0,10,0,0,0,0,0,0,0,10,0,0,0,0,0,0,0,0,0,0,0,0,0,0,0
10001 0,23,12,26,15,29,0,0,18,28,0,0,0,0,0,0,20,31,27,32,26,34,0,0,29,33,0,0,0,0,0,0 0,17,22,23,22,23,0,0,22,23,0,0,0,0,0,0,17,18,23,24,23,24,0,0,23,24,0,0,0,0,0,0
11111 0,11,10,16,15,17,19,21,12,17,17,20,20,21,23,24,10,14,15,18,17,18,20,21,17,20,19,22,21,22,23,24 0,10,10,11,10,11,11,12,10,11,11,12,11,12,12,13,10,11,11,12,11,12,12,13,11,12,12,13,12,13,13,14
00000 0,10,13,0,14,0,0,0,12,0,0,0,0,0,0,0,14,0,0,0,0,0,0,0,0,0,0,0,0,0,0,0 0,20,20,0,20,0,0,0,20,0,0,0,0,0,0,0,20,0,0,0,0,0,0,0,0,0,0,0,0,0,0,0
00010 0,13,16,0,13,0,0,0,18,21,23,0,25,0,0,0,12,0,0,0,0,0,0,0,23,0,0,0,0,0,0,0 0,17,17,0,17,0,0,0,12,18,18,0,18,0,0,0,17,0,0,0,0,0,0,0,18,0,0,0,0,0,0,0
10000 0,21,17,29,17,29,0,0,23,30,0,0,0,0,0,0,17,27,0,0,0,0,0,0,0,0,0,0,0,0,0,0 0,20,29,30,29,30,0,0,29,30,0,0,0,0,0,0,29,30,0,0,0,0,0,0,0,0,0,0,0,0,0,0
11111 0,18,26,32,19,30,33,36,21,29,31,34,30,36,35,37,22,32,33,36,28,36,36,38,30,34,36,37,34,38,38,39 0,10,10,11,10,11,11,12,10,11,11,12,11,12,12,13,10,11,11,12,11,12,12,13,11,12,12,13,12,13,13,14
00010 0,15,9,0,8,0,0,0,16,19,19,0,19,0,0,0,16,0,0,0,0,0,0,0,22,0,0,0,0,0,0,0 0,19,19,0,19,0,0,0,14,20,20,0,20,0,0,0,19,0,0,0,0,0,0,0,20,0,0,0,0,0,0,0
11111 0,13,15,20,18,24,27,28,17,23,23,25,26,28,29,29,14,20,22,24,21,26,28,29,24,26,28,28,27,29,30,30 0,10,10,11,10,11,11,12,10,11,11,12,11,12,12,13,10,11,11,12,11,12,12,13,11,12,12,13,12,13,13,14
00000 0,3,2,0,3,0,0,0,1,0,0,0,0,0,0,0,2,0,0,0,0,0,0,0,0,0,0,0,0,0,0,0 0,10,10,0,10,0,0,0,10,0,0,0,0,0,0,0,10,0,0,0,0,0,0,0,0,0,0,0,0,0,0,0
00000 0,4,4,0,4,0,0,0,3,0,0,0,0,0,0,0,3,0,0,0,0,0,0,0,0,0,0,0,0,0,0,0 0,20,20,0,20,0,0,0,20,0,0,0,0,0,0,0,20,0,0,0,0,0,0,0,0,0,0,0,0,0,0,0
11001 0,22,24,33,18,32,31,36,17,32,33,38,0,0,0,0,25,33,34,37,31,35,36,38,30,36,36,39,0,0,0,0 0,22,22,23,27,28,28,29,27,28,28,29,0,0,0,0,22,23,23,24,28,29,29,30,28,29,29,30,0,0,0,0
00000 0,7,5,0,8,0,0,0,4,0,0,0,0,0,0,0,6,0,0,0,0,0,0,0,0,0,0,0,0,0,0,0 0,14,14,0,14,0,0,0,14,0,0,0,0,0,0,0,14,0,0,0,0,0,0,0,0,0,0,0,0,0,0,0
10101 0,21,18,31,27,36,34,40,22,31,0,0,33,38,0,0,27,38,32,40,37,42,39,42,38,41,0,0,40,42,0,0 0,20,25,26,20,21,26,27,25,26,0,0,26,27,0,0,20,21,26,27,21,22,27,28,26,27,0,0,27,28,0,0
10001 0,13,11,20,11,18,0,0,10,17,0,0,0,0,0,0,15,21,20,24,20,23,0,0,18,21,0,0,0,0,0,0 0,13,18,19,18,19,0,0,18,19,0,0,0,0,0,0,13,14,19,20,19,20,0,0,19,20,0,0,0,0,0,0
00000 0,10,17,0,13,0,0,0,12,0,0,0,0,0,0,0,6,0,0,0,0,0,0,0,0,0,0,0,0,0,0,0 0,18,18,0,18,0,0,0,18,0,0,0,0,0,0,0,18,0,0,0,0,0,0,0,0,0,0,0,0,0,0,0
00000 0,2,2,0,2,0,0,0,3,0,0,0,0,0,0,0,5,0,0,0,0,0,0,0,0,0,0,0,0,0,0,0 0,12,12,0,12,0,0,0,12,0,0,0,0,0,0,0,12,0,0,0,0,0,0,0,0,0,0,0,0,0,0,0
00000 0,3,4,0,7,0,0,0,7,0,0,0,0,0,0,0,5,0,0,0,0,0,0,0,0,0,0,0,0,0,0,0 0,12,12,0,12,0,0,0,12,0,0,0,0,0,0,0,12,0,0,0,0,0,0,0,0,0,0,0,0,0,0,0
01101 0,7,11,14,10,15,16,18,8,0,13,0,14,0,17,0,13,15,17,17,17,18,19,19,17,0,18,0,18,0,19,0 0,11,10,12,10,12,11,13,11,0,12,0,12,0,13,0,10,12,11,13,11,13,12,14,12,0,13,0,13,0,14,0
00000 0,10,10,0,8,0,0,0,8,0,0,0,0,0,0,0,10,0,0,0,0,0,0,0,0,0,0,0,0,0,0,0 0,12,12,0,12,0,0,0,12,0,0,0,0,0,0,0,12,0,0,0,0,0,0,0,0,0,0,0,0,0,0,0
00100 0,13,16,0,17,26,26,0,15,0,0,0,24,0,0,0,16,0,0,0,23,0,0,0,0,0,0,0,0,0,0,0 0,21,21,0,16,22,22,0,21,0,0,0,22,0,0,0,21,0,0,0,22,0,0,0,0,0,0,0,0,0,0,0
10000 0,16,12,22,18,25,0,0,14,24,0,0,0,0,0,0,17,24,0,0,0,0,0,0,0,0,0,0,0,0,0,0 0,16,25,26,25,26,0,0,25,26,0,0,0,0,0,0,25,26,0,0,0,0,0,0,0,0,0,0,0,0,0,0
00000 0,3,5,0,8,0,0,0,5,0,0,0,0,0,0,0,4,0,0,0,0,0,0,0,0,0,0,0,0,0,0,0 0,10,10,0,10,0,0,0,10,0,0,0,0,0,0,0,10,0,0,0,0,0,0,0,0,0,0,0,0,0,0,0
11010 0,18,20,25,13,21,26,26,15,24,24,26,21,25,26,26,13,23,23,26,0,0,0,0,21,25,25,26,0,0,0,0 0,14,14,15,15,16,16,17,14,15,15,16,16,17,17,18,15,16,16,17,0,0,0,0,16,17,17,18,0,0,0,0
00000 0,2,4,0,4,0,0,0,7,0,0,0,0,0,0,0,4,0,0,0,0,0,0,0,0,0,0,0,0,0,0,0 0,10,10,0,10,0,0,0,10,0,0,0,0,0,0,0,10,0,0,0,0,0,0,0,0,0,0,0,0,0,0,0
00010 0,13,14,0,14,0,0,0,16,21,21,0,22,0,0,0,8,0,0,0,0,0,0,0,20,0,0,0,0,0,0,0 0,23,23,0,23,0,0,0,14,24,24,0,24,0,0,0,23,0,0,0,0,0,0,0,24,0,0,0,0,0,0,0
11111 0,10,13,17,13,19,20,22,14,17,19,20,19,20,22,22,15,19,20,21,21,23,23,23,19,21,21,22,23,23,23,23 0,10,10,11,10,11,11,12,10,11,11,12,11,12,12,13,10,11,11,12,11,12,12,13,11,12,12,13,12,13,13,14
11111 0,24,19,30,22,34,27,35,16,30,29,35,28,36,31,36,22,31,26,32,30,35,32,35,29,34,32,35,33,36,34,36 0,16,16,17,16,17,17,18,16,17,17,18,17,18,18,19,16,17,17,18,17,18,18,19,17,18,18,19,18,19,19,20
00000 0,7,7,0,9,0,0,0,9,0,0,0,0,0,0,0,5,0,0,0,0,0,0,0,0,0,0,0,0,0,0,0 0,16,16,0,16,0,0,0,16,0,0,0,0,0,0,0,16,0,0,0,0,0,0,0,0,0,0,0,0,0,0,0
11111 0,25,26,37,21,33,37,42,22,34,34,41,32,37,40,43,16,33,32,40,28,36,39,42,27,37,36,42,35,39,41,43 0,14,14,15,14,15,15,16,14,15,15,16,15,16,16,17,14,15,15,16,15,16,16,17,15,16,16,17,16,17,17,18
10000 0,11,8,12,5,13,0,0,7,13,0,0,0,0,0,0,6,13,0,0,0,0,0,0,0,0,0,0,0,0,0,0 0,8,13,14,13,14,0,0,13,14,0,0,0,0,0,0,13,14,0,0,0,0,0,0,0,0,0,0,0,0,0,0
00000 0,9,11,0,10,0,0,0,12,0,0,0,0,0,0,0,13,0,0,0,0,0,0,0,0,0,0,0,0,0,0,0 0,18,18,0,18,0,0,0,18,0,0,0,0,0,0,0,18,0,0,0,0,0,0,0,0,0,0,0,0,0,0,0
00000 0,9,8,0,8,0,0,0,6,0,0,0,0,0,0,0,8,0,0,0,0,0,0,0,0,0,0,0,0,0,0,0 0,14,14,0,14,0,0,0,14,0,0,0,0,0,0,0,14,0,0,0,0,0,0,0,0,0,0,0,0,0,0,0
00010 0,11,7,0,12,0,0,0,13,16,15,0,16,0,0,0,10,0,0,0,0,0,0,0,17,0,0,0,0,0,0,0 0,19,19,0,19,0,0,0,10,20,20,0,20,0,0,0,19,0,0,0,0,0,0,0,20,0,0,0,0,0,0,0
00000 0,6,4,0,5,0,0,0,4,0,0,0,0,0,0,0,4,0,0,0,0,0,0,0,0,0,0,0,0,0,0,0 0,12,12,0,12,0,0,0,12,0,0,0,0,0,0,0,12,0,0,0,0,0,0,0,0,0,0,0,0,0,0,0
00000 0,10,11,0,10,0,0,0,10,0,0,0,0,0,0,0,9,0,0,0,0,0,0,0,0,0,0,0,0,0,0,0 0,12,12,0,12,0,0,0,12,0,0,0,0,0,0,0,12,0,0,0,0,0,0,0,0,0,0,0,0,0,0,0
01000 0,11,17,19,7,0,18,0,10,0,19,0,0,0,0,0,11,0,21,0,0,0,0,0,0,0,0,0,0,0,0,0 0,21,16,22,21,0,22,0,21,0,22,0,0,0,0,0,21,0,22,0,0,0,0,0,0,0,0,0,0,0,0,0
01100 0,15,20,26,21,27,29,33,11,0,26,0,27,0,31,0,16,0,29,0,27,0,33,0,0,0,0,0,0,0,0,0 0,20,15,21,15,21,16,22,20,0,21,0,21,0,22,0,20,0,21,0,21,0,22,0,0,0,0,0,0,0,0,0
11000 0,21,22,30,16,28,29,35,17,27,29,33,0,0,0,0,19,32,31,36,0,0,0,0,0,0,0,0,0,0,0,0 0,21,21,22,30,31,31,32,30,31,31,32,0,0,0,0,30,31,31,32,0,0,0,0,0,0,0,0,0,0,0,0
01110 0,16,22,29,19,25,32,34,19,29,31,36,28,31,37,37,20,0,29,0,29,0,34,0,32,0,35,0,36,0,38,0 0,21,16,22,16,22,17,23,16,22,17,23,17,23,18,24,21,0,22,0,22,0,23,0,22,0,23,0,23,0,24,0
11111 0,20,16,24,19,25,21,27,16,26,23,28,25,28,26,29,17,27,25,29,25,29,25,29,23,29,28,30,28,30,28,30 0,14,14,15,14,15,15,16,14,15,15,16,15,16,16,17,14,15,15,16,15,16,16,17,15,16,16,17,16,17,17,18
00010 0,23,22,0,23,0,0,0,25,35,36,0,35,0,0,0,23,0,0,0,0,0,0,0,37,0,0,0,0,0,0,0 0,29,29,0,29,0,0,0,20,30,30,0,30,0,0,0,29,0,0,0,0,0,0,0,30,0,0,0,0,0,0,0
00000 0,7,4,0,4,0,0,0,3,0,0,0,0,0,0,0,7,0,0,0,0,0,0,0,0,0,0,0,0,0,0,0 0,12,12,0,12,0,0,0,12,0,0,0,0,0,0,0,12,0,0,0,0,0,0,0,0,0,0,0,0,0,0,0
01101 0,15,17,23,19,25,26,28,13,0,23,0,25,0,29,0,16,24,24,27,24,27,28,29,22,0,27,0,27,0,29,0 0,21,16,22,16,22,17,23,21,0,22,0,22,0,23,0,16,22,17,23,17,23,18,24,22,0,23,0,23,0,24,0
11111 0,19,24,31,29,35,36,39,28,38,35,40,39,43,40,43,22,31,39,41,36,39,41,42,38,41,42,43,42,43,42,43 0,16,16,17,16,17,17,18,16,17,17,18,17,18,18,19,16,17,17,18,17,18,18,19,17,18,18,19,18,19,19,20
00000 0,8,6,0,6,0,0,0,6,0,0,0,0,0,0,0,6,0,0,0,0,0,0,0,0,0,0,0,0,0,0,0 0,14,14,0,14,0,0,0,14,0,0,0,0,0,0,0,14,0,0,0,0,0,0,0,0,0,0,0,0,0,0,0
10001 0,19,18,27,14,26,0,0,16,28,0,0,0,0,0,0,19,31,28,33,25,33,0,0,29,36,0,0,0,0,0,0 0,19,28,29,28,29,0,0,28,29,0,0,0,0,0,0,19,20,29,30,29,30,0,0,29,30,0,0,0,0,0,0
00000 0,7,6,0,4,0,0,0,6,0,0,0,0,0,0,0,6,0,0,0,0,0,0,0,0,0,0,0,0,0,0,0 0,8,8,0,8,0,0,0,8,0,0,0,0,0,0,0,8,0,0,0,0,0,0,0,0,0,0,0,0,0,0,0
00000 0,4,1,0,2,0,0,0,4,0,0,0,0,0,0,0,3,0,0,0,0,0,0,0,0,0,0,0,0,0,0,0 0,10,10,0,10,0,0,0,10,0,0,0,0,0,0,0,10,0,0,0,0,0,0,0,0,0,0,0,0,0,0,0
00001 0,4,2,0,5,0,0,0,1,0,0,0,0,0,0,0,6,7,7,0,7,0,0,0,6,0,0,0,0,0,0,0 0,11,11,0,11,0,0,0,11,0,0,0,0,0,0,0,6,12,12,0,12,0,0,0,12,0,0,0,0,0,0,0
11111 0,12,13,16,12,16,16,18,12,17,16,18,16,18,17,19,11,17,16,18,17,20,19,20,18,20,19,20,20,21,20,21 0,8,8,9,8,9,9,10,8,9,9,10,9,10,10,11,8,9,9,10,9,10,10,11,9,10,10,11,10,11,11,12
00000 0,5,4,0,6,0,0,0,5,0,0,0,0,0,0,0,7,0,0,0,0,0,0,0,0,0,0,0,0,0,0,0 0,12,12,0,12,0,0,0,12,0,0,0,0,0,0,0,12,0,0,0,0,0,0,0,0,0,0,0,0,0,0,0
11011 0,18,22,29,12,24,26,30,16,25,27,32,22,28,29,32,18,27,28,30,23,30,30,31,27,31,30,32,29,32,31,32 0,13,13,14,14,15,15,16,13,14,14,15,15,16,16,17,13,14,14,15,15,16,16,17,14,15,15,16,16,17,17,18
00000 0,5,2,0,4,0,0,0,2,0,0,0,0,0,0,0,2,0,0,0,0,0,0,0,0,0,0,0,0,0,0,0 0,12,12,0,12,0,0,0,12,0,0,0,0,0,0,0,12,0,0,0,0,0,0,0,0,0,0,0,0,0,0,0
01010 0,19,19,26,18,0,29,0,21,27,29,32,32,0,35,0,15,0,28,0,0,0,0,0,28,0,34,0,0,0,0,0 0,28,19,29,28,0,29,0,19,29,20,30,29,0,30,0,28,0,29,0,0,0,0,0,29,0,30,0,0,0,0,0
00100 0,3,2,0,4,4,5,0,3,0,0,0,5,0,0,0,4,0,0,0,5,0,0,0,0,0,0,0,0,0,0,0 0,5,5,0,4,6,6,0,5,0,0,0,6,0,0,0,5,0,0,0,6,0,0,0,0,0,0,0,0,0,0,0
00000 0,5,1,0,4,0,0,0,2,0,0,0,0,0,0,0,1,0,0,0,0,0,0,0,0,0,0,0,0,0,0,0 0,6,6,0,6,0,0,0,6,0,0,0,0,0,0,0,6,0,0,0,0,0,0,0,0,0,0,0,0,0,0,0
00000 0,8,6,0,2,0,0,0,3,0,0,0,0,0,0,0,6,0,0,0,0,0,0,0,0,0,0,0,0,0,0,0 0,14,14,0,14,0,0,0,14,0,0,0,0,0,0,0,14,0,0,0,0,0,0,0,0,0,0,0,0,0,0,0
11111 0,22,21,29,26,32,34,35,19,31,29,35,33,36,37,38,24,32,31,35,35,36,37,37,30,34,34,36,37,37,38,38 0,12,12,13,12,13,13,14,12,13,13,14,13,14,14,15,12,13,13,14,13,14,14,15,13,14,14,15,14,15,15,16
00000 0,6,8,0,8,0,0,0,7,0,0,0,0,0,0,0,11,0,0,0,0,0,0,0,0,0,0,0,0,0,0,0 0,14,14,0,14,0,0,0,14,0,0,0,0,0,0,0,14,0,0,0,0,0,0,0,0,0,0,0,0,0,0,0
00111 0,20,15,0,24,35,31,0,21,29,27,0,36,39,38,0,22,30,30,0,33,37,36,0,32,35,35,0,39,40,40,0 0,21,21,0,16,22,22,0,16,22,22,0,17,23,23,0,16,22,22,0,17,23,23,0,17,23,23,0,18,24,24,0
00000 0,5,2,0,8,0,0,0,7,0,0,0,0,0,0,0,8,0,0,0,0,0,0,0,0,0,0,0,0,0,0,0 0,16,16,0,16,0,0,0,16,0,0,0,0,0,0,0,16,0,0,0,0,0,0,0,0,0,0,0,0,0,0,0
00000 0,7,5,0,9,0,0,0,6,0,0,0,0,0,0,0,6,0,0,0,0,0,0,0,0,0,0,0,0,0,0,0 0,20,20,0,20,0,0,0,20,0,0,0,0,0,0,0,20,0,0,0,0,0,0,0,0,0,0,0,0,0,0,0
11111 0,28,22,35,19,33,29,37,28,39,36,42,38,43,42,44,19,31,29,36,27,35,33,38,34,39,39,42,41,43,43,44 0,8,8,9,8,9,9,10,8,9,9,10,9,10,10,11,8,9,9,10,9,10,10,11,9,10,10,11,10,11,11,12
11111 0,23,23,31,19,30,30,34,16,30,32,36,27,34,36,38,21,34,35,37,30,36,37,37,28,37,39,39,34,38,39,39 0,6,6,7,6,7,7,8,6,7,7,8,7,8,8,9,6,7,7,8,7,8,8,9,7,8,8,9,8,9,9,10
10010 0,23,22,33,18,35,0,0,20,33,33,39,29,39,0,0,21,32,0,0,0,0,0,0,32,37,0,0,0,0,0,0 0,19,28,29,28,29,0,0,19,20,29,30,29,30,0,0,28,29,0,0,0,0,0,0,29,30,0,0,0,0,0,0
00000 0,7,8,0,8,0,0,0,6,0,0,0,0,0,0,0,10,0,0,0,0,0,0,0,0,0,0,0,0,0,0,0 0,20,20,0,20,0,0,0,20,0,0,0,0,0,0,0,20,0,0,0,0,0,0,0,0,0,0,0,0,0,0,0
00000 0,7,6,0,6,0,0,0,8,0,0,0,0,0,0,0,7,0,0,0,0,0,0,0,0,0,0,0,0,0,0,0 0,12,12,0,12,0,0,0,12,0,0,0,0,0,0,0,12,0,0,0,0,0,0,0,0,0,0,0,0,0,0,0
10000 0,9,5,12,9,12,0,0,8,11,0,0,0,0,0,0,8,11,0,0,0,0,0,0,0,0,0,0,0,0,0,0 0,6,11,12,11,12,0,0,11,12,0,0,0,0,0,0,11,12,0,0,0,0,0,0,0,0,0,0,0,0,0,0
01000 0,12,12,16,11,0,15,0,9,0,16,0,0,0,0,0,11,0,15,0,0,0,0,0,0,0,0,0,0,0,0,0 0,13,12,14,13,0,14,0,13,0,14,0,0,0,0,0,13,0,14,0,0,0,0,0,0,0,0,0,0,0,0,0
01000 0,5,6,8,2,0,8,0,4,0,8,0,0,0,0,0,6,0,8,0,0,0,0,0,0,0,0,0,0,0,0,0 0,7,6,8,6,0,8,0,7,0,8,0,0,0,0,0,7,0,8,0,0,0,0,0,0,0,0,0,0,0,0,0
01101 0,2,4,6,5,5,7,7,4,0,6,0,6,0,7,0,4,5,6,7,8,8,8,8,7,0,8,0,8,0,8,0 0,4,4,6,4,6,5,7,5,0,6,0,6,0,7,0,4,6,5,7,5,7,6,8,6,0,7,0,7,0,8,0
00000 0,4,4,0,7,0,0,0,4,0,0,0,0,0,0,0,7,0,0,0,0,0,0,0,0,0,0,0,0,0,0,0 0,10,10,0,10,0,0,0,10,0,0,0,0,0,0,0,10,0,0,0,0,0,0,0,0,0,0,0,0,0,0,0
01000 0,17,23,28,18,0,30,0,20,0,31,0,0,0,0,0,16,0,27,0,0,0,0,0,0,0,0,0,0,0,0,0 0,21,12,22,21,0,22,0,21,0,22,0,0,0,0,0,21,0,22,0,0,0,0,0,0,0,0,0,0,0,0,0
11111 0,24,19,33,22,34,32,37,19,29,28,35,32,37,36,38,22,32,32,36,29,36,37,38,29,35,35,38,35,38,39,39 0,8,8,9,8,9,9,10,8,9,9,10,9,10,10,11,8,9,9,10,9,10,10,11,9,10,10,11,10,11,11,12
11111 0,19,15,24,15,25,23,28,21,27,24,27,26,29,27,29,14,23,23,27,22,26,27,29,25,28,28,28,29,30,30,30 0,14,14,15,14,15,15,16,14,15,15,16,15,16,16,17,14,15,15,16,15,16,16,17,15,16,16,17,16,17,17,18
00000 0,14,12,0,15,0,0,0,14,0,0,0,0,0,0,0,16,0,0,0,0,0,0,0,0,0,0,0,0,0,0,0 0,20,20,0,20,0,0,0,20,0,0,0,0,0,0,0,20,0,0,0,0,0,0,0,0,0,0,0,0,0,0,0
00000 0,6,6,0,4,0,0,0,5,0,0,0,0,0,0,0,4,0,0,0,0,0,0,0,0,0,0,0,0,0,0,0 0,10,10,0,10,0,0,0,10,0,0,0,0,0,0,0,10,0,0,0,0,0,0,0,0,0,0,0,0,0,0,0
00111 0,4,5,0,8,9,10,0,8,11,11,0,13,14,14,0,14,15,14,0,14,15,14,0,15,16,15,0,15,16,15,0 0,9,9,0,8,10,10,0,8,10,10,0,9,11,11,0,8,10,10,0,9,11,11,0,9,11,11,0,10,12,12,0
00000 0,11,9,0,14,0,0,0,15,0,0,0,0,0,0,0,9,0,0,0,0,0,0,0,0,0,0,0,0,0,0,0 0,16,16,0,16,0,0,0,16,0,0,0,0,0,0,0,16,0,0,0,0,0,0,0,0,0,0,0,0,0,0,0
00000 0,2,2,0,3,0,0,0,3,0,0,0,0,0,0,0,4,0,0,0,0,0,0,0,0,0,0,0,0,0,0,0 0,16,16,0,16,0,0,0,16,0,0,0,0,0,0,0,16,0,0,0,0,0,0,0,0,0,0,0,0,0,0,0
00000 0,3,3,0,2,0,0,0,4,0,0,0,0,0,0,0,5,0,0,0,0,0,0,0,0,0,0,0,0,0,0,0 0,10,10,0,10,0,0,0,10,0,0,0,0,0,0,0,10,0,0,0,0,0,0,0,0,0,0,0,0,0,0,0
00000 0,12,12,0,13,0,0,0,15,0,0,0,0,0,0,0,13,0,0,0,0,0,0,0,0,0,0,0,0,0,0,0 0,20,20,0,20,0,0,0,20,0,0,0,0,0,0,0,20,0,0,0,0,0,0,0,0,0,0,0,0,0,0,0
11111 0,15,15,22,13,19,18,23,15,20,22,24,21,22,23,24,10,18,18,23,14,20,18,23,20,22,23,24,22,23,23,24 0,6,6,7,6,7,7,8,6,7,7,8,7,8,8,9,6,7,7,8,7,8,8,9,7,8,8,9,8,9,9,10
00101 0,12,10,0,15,19,17,0,10,0,0,0,20,0,0,0,15,23,19,0,22,25,23,0,20,0,0,0,24,0,0,0 0,18,18,0,13,19,19,0,18,0,0,0,19,0,0,0,13,19,19,0,14,20,20,0,19,0,0,0,20,0,0,0
10000 0,22,17,26,18,30,0,0,18,28,0,0,0,0,0,0,16,28,0,0,0,0,0,0,0,0,0,0,0,0,0,0 0,14,23,24,23,24,0,0,23,24,0,0,0,0,0,0,23,24,0,0,0,0,0,0,0,0,0,0,0,0,0,0
00000 0,17,12,0,11,0,0,0,13,0,0,0,0,0,0,0,15,0,0,0,0,0,0,0,0,0,0,0,0,0,0,0 0,20,20,0,20,0,0,0,20,0,0,0,0,0,0,0,20,0,0,0,0,0,0,0,0,0,0,0,0,0,0,0
01111 0,13,16,24,17,22,24,28,19,26,26,30,25,29,28,31,19,27,27,31,27,29,31,32,26,31,29,31,30,32,31,32 0,16,15,17,15,17,16,18,15,17,16,18,16,18,17,19,15,17,16,18,16,18,17,19,16,18,17,19,17,19,18,20
01000 0,21,24,29,16,0,29,0,18,0,29,0,0,0,0,0,16,0,30,0,0,0,0,0,0,0,0,0,0,0,0,0 0,29,20,30,29,0,30,0,29,0,30,0,0,0,0,0,29,0,30,0,0,0,0,0,0,0,0,0,0,0,0,0
01000 0,22,23,33,22,0,35,0,17,0,32,0,0,0,0,0,19,0,31,0,0,0,0,0,0,0,0,0,0,0,0,0 0,29,20,30,29,0,30,0,29,0,30,0,0,0,0,0,29,0,30,0,0,0,0,0,0,0,0,0,0,0,0,0
11111 0,16,24,25,18,25,27,27,18,24,28,29,27,29,29,29,15,24,27,28,23,27,28,28,21,26,28,29,27,29,29,29 0,14,14,15,14,15,15,16,14,15,15,16,15,16,16,17,14,15,15,16,15,16,16,17,15,16,16,17,16,17,17,18
00000 0,3,6,0,5,0,0,0,6,0,0,0,0,0,0,0,5,0,0,0,0,0,0,0,0,0,0,0,0,0,0,0 0,10,10,0,10,0,0,0,10,0,0,0,0,0,0,0,10,0,0,0,0,0,0,0,0,0,0,0,0,0,0,0
01100 0,18,20,30,20,29,30,36,22,0,32,0,31,0,38,0,20,0,31,0,29,0,37,0,0,0,0,0,0,0,0,0 0,22,17,23,17,23,18,24,22,0,23,0,23,0,24,0,22,0,23,0,23,0,24,0,0,0,0,0,0,0,0,0
00000 0,2,6,0,2,0,0,0,5,0,0,0,0,0,0,0,4,0,0,0,0,0,0,0,0,0,0,0,0,0,0,0 0,10,10,0,10,0,0,0,10,0,0,0,0,0,0,0,10,0,0,0,0,0,0,0,0,0,0,0,0,0,0,0
00000 0,8,9,0,8,0,0,0,10,0,0,0,0,0,0,0,9,0,0,0,0,0,0,0,0,0,0,0,0,0,0,0 0,16,16,0,16,0,0,0,16,0,0,0,0,0,0,0,16,0,0,0,0,0,0,0,0,0,0,0,0,0,0,0
01000 0,11,14,20,11,0,19,0,8,0,19,0,0,0,0,0,5,0,17,0,0,0,0,0,0,0,0,0,0,0,0,0 0,15,10,16,15,0,16,0,15,0,16,0,0,0,0,0,15,0,16,0,0,0,0,0,0,0,0,0,0,0,0,0
01010 0,13,11,16,6,0,14,0,11,16,16,17,12,0,17,0,12,0,16,0,0,0,0,0,17,0,18,0,0,0,0,0 0,16,11,17,16,0,17,0,11,17,12,18,17,0,18,0,16,0,17,0,0,0,0,0,17,0,18,0,0,0,0,0
11111 0,23,17,31,21,33,30,36,21,32,31,37,29,35,34,37,16,29,28,34,30,38,35,39,29,36,36,39,35,39,37,39 0,6,6,7,6,7,7,8,6,7,7,8,7,8,8,9,6,7,7,8,7,8,8,9,7,8,8,9,8,9,9,10
00000 0,6,4,0,6,0,0,0,4,0,0,0,0,0,0,0,7,0,0,0,0,0,0,0,0,0,0,0,0,0,0,0 0,12,12,0,12,0,0,0,12,0,0,0,0,0,0,0,12,0,0,0,0,0,0,0,0,0,0,0,0,0,0,0
10010 0,22,8,24,15,27,0,0,19,28,22,29,25,30,0,0,17,25,0,0,0,0,0,0,24,29,0,0,0,0,0,0 0,19,28,29,28,29,0,0,19,20,29,30,29,30,0,0,28,29,0,0,0,0,0,0,29,30,0,0,0,0,0,0
00000 0,10,6,0,8,0,0,0,8,0,0,0,0,0,0,0,8,0,0,0,0,0,0,0,0,0,0,0,0,0,0,0 0,16,16,0,16,0,0,0,16,0,0,0,0,0,0,0,16,0,0,0,0,0,0,0,0,0,0,0,0,0,0,0
00100 0,7,6,0,8,10,10,0,4,0,0,0,10,0,0,0,7,0,0,0,10,0,0,0,0,0,0,0,0,0,0,0 0,11,11,0,6,12,12,0,11,0,0,0,12,0,0,0,11,0,0,0,12,0,0,0,0,0,0,0,0,0,0,0
01000 0,5,8,10,6,0,11,0,7,0,10,0,0,0,0,0,6,0,11,0,0,0,0,0,0,0,0,0,0,0,0,0 0,11,6,12,11,0,12,0,11,0,12,0,0,0,0,0,11,0,12,0,0,0,0,0,0,0,0,0,0,0,0,0
00000 0,11,12,0,13,0,0,0,14,0,0,0,0,0,0,0,12,0,0,0,0,0,0,0,0,0,0,0,0,0,0,0 0,16,16,0,16,0,0,0,16,0,0,0,0,0,0,0,16,0,0,0,0,0,0,0,0,0,0,0,0,0,0,0
00000 0,3,2,0,3,0,0,0,1,0,0,0,0,0,0,0,2,0,0,0,0,0,0,0,0,0,0,0,0,0,0,0 0,8,8,0,8,0,0,0,8,0,0,0,0,0,0,0,8,0,0,0,0,0,0,0,0,0,0,0,0,0,0,0
10000 0,14,13,18,12,17,0,0,12,20,0,0,0,0,0,0,11,19,0,0,0,0,0,0,0,0,0,0,0,0,0,0 0,14,23,24,23,24,0,0,23,24,0,0,0,0,0,0,23,24,0,0,0,0,0,0,0,0,0,0,0,0,0,0
00000 0,2,3,0,2,0,0,0,3,0,0,0,0,0,0,0,5,0,0,0,0,0,0,0,0,0,0,0,0,0,0,0 0,8,8,0,8,0,0,0,8,0,0,0,0,0,0,0,8,0,0,0,0,0,0,0,0,0,0,0,0,0,0,0
00001 0,18,25,0,20,0,0,0,26,0,0,0,0,0,0,0,22,28,37,0,32,0,0,0,35,0,0,0,0,0,0,0 0,27,27,0,27,0,0,0,27,0,0,0,0,0,0,0,18,28,28,0,28,0,0,0,28,0,0,0,0,0,0,0
10000 0,16,15,24,16,23,0,0,13,23,0,0,0,0,0,0,10,23,0,0,0,0,0,0,0,0,0,0,0,0,0,0 0,12,21,22,21,22,0,0,21,22,0,0,0,0,0,0,21,22,0,0,0,0,0,0,0,0,0,0,0,0,0,0
00001 0,8,10,0,9,0,0,0,12,0,0,0,0,0,0,0,13,18,16,0,16,0,0,0,18,0,0,0,0,0,0,0 0,19,19,0,19,0,0,0,19,0,0,0,0,0,0,0,10,20,20,0,20,0,0,0,20,0,0,0,0,0,0,0
11111 0,19,17,27,18,28,28,32,22,31,28,33,31,36,36,38,22,29,32,35,30,34,36,37,31,34,35,36,35,36,38,38 0,6,6,7,6,7,7,8,6,7,7,8,7,8,8,9,6,7,7,8,7,8,8,9,7,8,8,9,8,9,9,10
00010 0,17,15,0,15,0,0,0,17,26,23,0,27,0,0,0,14,0,0,0,0,0,0,0,24,0,0,0,0,0,0,0 0,25,25,0,25,0,0,0,16,26,26,0,26,0,0,0,25,0,0,0,0,0,0,0,26,0,0,0,0,0,0,0
00001 0,21,21,0,20,0,0,0,21,0,0,0,0,0,0,0,23,36,34,0,31,0,0,0,32,0,0,0,0,0,0,0 0,25,25,0,25,0,0,0,25,0,0,0,0,0,0,0,16,26,26,0,26,0,0,0,26,0,0,0,0,0,0,0
00010 0,12,13,0,10,0,0,0,15,21,19,0,17,0,0,0,13,0,0,0,0,0,0,0,18,0,0,0,0,0,0,0 0,19,19,0,19,0,0,0,14,20,20,0,20,0,0,0,19,0,0,0,0,0,0,0,20,0,0,0,0,0,0,0
00001 0,18,9,0,14,0,0,0,13,0,0,0,0,0,0,0,13,24,17,0,22,0,0,0,18,0,0,0,0,0,0,0 0,21,21,0,21,0,0,0,21,0,0,0,0,0,0,0,12,22,22,0,22,0,0,0,22,0,0,0,0,0,0,0
00000 0,7,2,0,5,0,0,0,6,0,0,0,0,0,0,0,2,0,0,0,0,0,0,0,0,0,0,0,0,0,0,0 0,12,12,0,12,0,0,0,12,0,0,0,0,0,0,0,12,0,0,0,0,0,0,0,0,0,0,0,0,0,0,0
01000 0,9,16,17,16,0,22,0,12,0,21,0,0,0,0,0,10,0,19,0,0,0,0,0,0,0,0,0,0,0,0,0 0,21,16,22,21,0,22,0,21,0,22,0,0,0,0,0,21,0,22,0,0,0,0,0,0,0,0,0,0,0,0,0
11111 0,16,15,22,17,23,24,25,17,24,20,25,24,26,26,27,18,25,25,28,24,26,28,28,23,27,26,28,26,27,28,28 0,8,8,9,8,9,9,10,8,9,9,10,9,10,10,11,8,9,9,10,9,10,10,11,9,10,10,11,10,11,11,12
00000 0,2,5,0,6,0,0,0,4,0,0,0,0,0,0,0,4,0,0,0,0,0,0,0,0,0,0,0,0,0,0,0 0,8,8,0,8,0,0,0,8,0,0,0,0,0,0,0,8,0,0,0,0,0,0,0,0,0,0,0,0,0,0,0
11111 0,18,17,28,17,26,23,32,15,25,23,29,25,30,28,33,19,27,25,29,27,30,29,32,24,29,28,30,30,32,31,33 0,10,10,11,10,11,11,12,10,11,11,12,11,12,12,13,10,11,11,12,11,12,12,13,11,12,12,13,12,13,13,14
00011 0,2,3,0,3,0,0,0,6,6,7,0,6,0,0,0,5,5,6,0,5,0,0,0,7,7,7,0,7,0,0,0 0,6,6,0,6,0,0,0,5,7,7,0,7,0,0,0,5,7,7,0,7,0,0,0,6,8,8,0,8,0,0,0
11111 0,22,19,28,16,29,26,31,20,30,28,33,28,32,33,34,17,30,26,32,25,34,31,35,25,33,32,35,31,35,35,36 0,10,10,11,10,11,11,12,10,11,11,12,11,12,12,13,10,11,11,12,11,12,12,13,11,12,12,13,12,13,13,14
00000 0,6,7,0,6,0,0,0,6,0,0,0,0,0,0,0,5,0,0,0,0,0,0,0,0,0,0,0,0,0,0,0 0,14,14,0,14,0,0,0,14,0,0,0,0,0,0,0,14,0,0,0,0,0,0,0,0,0,0,0,0,0,0,0
01110 0,8,11,15,13,17,17,19,13,17,17,19,16,18,19,20,7,0,14,0,16,0,18,0,15,0,18,0,18,0,20,0 0,11,10,12,10,12,11,13,10,12,11,13,11,13,12,14,11,0,12,0,12,0,13,0,12,0,13,0,13,0,14,0
00000 0,10,11,0,11,0,0,0,11,0,0,0,0,0,0,0,6,0,0,0,0,0,0,0,0,0,0,0,0,0,0,0 0,12,12,0,12,0,0,0,12,0,0,0,0,0,0,0,12,0,0,0,0,0,0,0,0,0,0,0,0,0,0,0
01000 0,15,18,25,14,0,25,0,15,0,23,0,0,0,0,0,14,0,25,0,0,0,0,0,0,0,0,0,0,0,0,0 0,21,16,22,21,0,22,0,21,0,22,0,0,0,0,0,21,0,22,0,0,0,0,0,0,0,0,0,0,0,0,0
00000 0,8,3,0,6,0,0,0,5,0,0,0,0,0,0,0,3,0,0,0,0,0,0,0,0,0,0,0,0,0,0,0 0,16,16,0,16,0,0,0,16,0,0,0,0,0,0,0,16,0,0,0,0,0,0,0,0,0,0,0,0,0,0,0
00000 0,1,5,0,6,0,0,0,2,0,0,0,0,0,0,0,3,0,0,0,0,0,0,0,0,0,0,0,0,0,0,0 0,8,8,0,8,0,0,0,8,0,0,0,0,0,0,0,8,0,0,0,0,0,0,0,0,0,0,0,0,0,0,0
11111 0,17,16,27,15,25,23,30,14,25,22,28,20,27,26,30,17,24,24,28,23,28,27,30,22,27,27,29,24,28,28,30 0,10,10,11,10,11,11,12,10,11,11,12,11,12,12,13,10,11,11,12,11,12,12,13,11,12,12,13,12,13,13,14
00000 0,6,5,0,3,0,0,0,6,0,0,0,0,0,0,0,2,0,0,0,0,0,0,0,0,0,0,0,0,0,0,0 0,14,14,0,14,0,0,0,14,0,0,0,0,0,0,0,14,0,0,0,0,0,0,0,0,0,0,0,0,0,0,0
00000 0,4,6,0,9,0,0,0,10,0,0,0,0,0,0,0,5,0,0,0,0,0,0,0,0,0,0,0,0,0,0,0 0,14,14,0,14,0,0,0,14,0,0,0,0,0,0,0,14,0,0,0,0,0,0,0,0,0,0,0,0,0,0,0
00000 0,10,8,0,7,0,0,0,6,0,0,0,0,0,0,0,6,0,0,0,0,0,0,0,0,0,0,0,0,0,0,0 0,14,14,0,14,0,0,0,14,0,0,0,0,0,0,0,14,0,0,0,0,0,0,0,0,0,0,0,0,0,0,0
10000 0,21,23,29,16,27,0,0,17,28,0,0,0,0,0,0,15,28,0,0,0,0,0,0,0,0,0,0,0,0,0,0 0,18,27,28,27,28,0,0,27,28,0,0,0,0,0,0,27,28,0,0,0,0,0,0,0,0,0,0,0,0,0,0
10000 0,21,14,27,13,25,0,0,17,28,0,0,0,0,0,0,15,27,0,0,0,0,0,0,0,0,0,0,0,0,0,0 0,14,23,24,23,24,0,0,23,24,0,0,0,0,0,0,23,24,0,0,0,0,0,0,0,0,0,0,0,0,0,0
00000 0,4,9,0,10,0,0,0,10,0,0,0,0,0,0,0,9,0,0,0,0,0,0,0,0,0,0,0,0,0,0,0 0,14,14,0,14,0,0,0,14,0,0,0,0,0,0,0,14,0,0,0,0,0,0,0,0,0,0,0,0,0,0,0
00100 0,15,12,0,15,25,20,0,19,0,0,0,25,0,0,0,16,0,0,0,22,0,0,0,0,0,0,0,0,0,0,0 0,19,19,0,10,20,20,0,19,0,0,0,20,0,0,0,19,0,0,0,20,0,0,0,0,0,0,0,0,0,0,0
11000 0,15,19,26,11,22,26,30,17,23,27,30,0,0,0,0,19,25,28,32,0,0,0,0,0,0,0,0,0,0,0,0 0,13,13,14,18,19,19,20,18,19,19,20,0,0,0,0,18,19,19,20,0,0,0,0,0,0,0,0,0,0,0,0
01000 0,10,16,24,14,0,23,0,13,0,21,0,0,0,0,0,12,0,22,0,0,0,0,0,0,0,0,0,0,0,0,0 0,17,12,18,17,0,18,0,17,0,18,0,0,0,0,0,17,0,18,0,0,0,0,0,0,0,0,0,0,0,0,0
00000 0,5,7,0,4,0,0,0,2,0,0,0,0,0,0,0,5,0,0,0,0,0,0,0,0,0,0,0,0,0,0,0 0,10,10,0,10,0,0,0,10,0,0,0,0,0,0,0,10,0,0,0,0,0,0,0,0,0,0,0,0,0,0,0
11111 0,19,20,28,18,25,27,32,19,27,26,31,26,30,28,32,19,27,27,31,27,31,30,33,26,30,31,33,30,32,31,33 0,6,6,7,6,7,7,8,6,7,7,8,7,8,8,9,6,7,7,8,7,8,8,9,7,8,8,9,8,9,9,10
11100 0,16,14,26,14,25,22,32,13,22,21,29,20,27,26,32,19,26,25,30,28,32,30,34,0,0,0,0,0,0,0,0 0,14,14,15,14,15,15,16,15,16,16,17,16,17,17,18,15,16,16,17,16,17,17,18,0,0,0,0,0,0,0,0
00010 0,13,15,0,20,0,0,0,17,22,26,0,28,0,0,0,23,0,0,0,0,0,0,0,29,0,0,0,0,0,0,0 0,21,21,0,21,0,0,0,12,22,22,0,22,0,0,0,21,0,0,0,0,0,0,0,22,0,0,0,0,0,0,0
00010 0,18,8,0,10,0,0,0,17,26,20,0,23,0,0,0,14,0,0,0,0,0,0,0,23,0,0,0,0,0,0,0 0,25,25,0,25,0,0,0,16,26,26,0,26,0,0,0,25,0,0,0,0,0,0,0,26,0,0,0,0,0,0,0
01101 0,6,8,10,10,11,13,13,3,0,9,0,11,0,14,0,8,11,10,11,13,13,13,13,9,0,11,0,14,0,14,0 0,7,6,8,6,8,7,9,7,0,8,0,8,0,9,0,6,8,7,9,7,9,8,10,8,0,9,0,9,0,10,0
01101 0,3,4,5,4,6,5,6,3,0,4,0,5,0,5,0,5,6,7,7,7,7,7,7,6,0,7,0,7,0,7,0 0,5,4,6,4,6,5,7,5,0,6,0,6,0,7,0,4,6,5,7,5,7,6,8,6,0,7,0,7,0,8,0
00000 0,4,4,0,2,0,0,0,4,0,0,0,0,0,0,0,4,0,0,0,0,0,0,0,0,0,0,0,0,0,0,0 0,12,12,0,12,0,0,0,12,0,0,0,0,0,0,0,12,0,0,0,0,0,0,0,0,0,0,0,0,0,0,0
11111 0,10,16,22,14,18,22,25,13,18,20,24,19,23,24,27,14,18,23,26,22,23,26,27,20,22,25,27,24,25,27,28 0,8,8,9,8,9,9,10,8,9,9,10,9,10,10,11,8,9,9,10,9,10,10,11,9,10,10,11,10,11,11,12
11111 0,7,11,14,12,16,16,18,11,15,16,19,18,20,18,20,12,14,17,18,17,18,19,19,17,18,20,21,21,21,21,21 0,6,6,7,6,7,7,8,6,7,7,8,7,8,8,9,6,7,7,8,7,8,8,9,7,8,8,9,8,9,9,10
01010 0,0,2,0,3,0,4,0,3,0,5,0,4,0,5,0,4,0,4,0,0,0,0,0,5,0,5,0,0,0,0,0 0,0,2,0,4,0,5,0,2,0,4,0,5,0,6,0,4,0,5,0,0,0,0,0,5,0,6,0,0,0,0,0
00000 0,5,8,0,7,0,0,0,5,0,0,0,0,0,0,0,9,0,0,0,0,0,0,0,0,0,0,0,0,0,0,0 0,14,14,0,14,0,0,0,14,0,0,0,0,0,0,0,14,0,0,0,0,0,0,0,0,0,0,0,0,0,0,0
10100 0,22,17,30,22,34,30,37,19,30,0,0,31,36,0,0,20,33,0,0,32,38,0,0,0,0,0,0,0,0,0,0 0,21,26,27,21,22,27,28,26,27,0,0,27,28,0,0,26,27,0,0,27,28,0,0,0,0,0,0,0,0,0,0
10000 0,20,20,30,17,28,0,0,16,29,0,0,0,0,0,0,21,28,0,0,0,0,0,0,0,0,0,0,0,0,0,0 0,16,21,22,21,22,0,0,21,22,0,0,0,0,0,0,21,22,0,0,0,0,0,0,0,0,0,0,0,0,0,0
11111 0,15,15,20,14,21,21,24,10,20,18,22,18,23,21,24,13,22,22,24,18,24,23,25,16,23,22,24,21,25,23,25 0,8,8,9,8,9,9,10,8,9,9,10,9,10,10,11,8,9,9,10,9,10,10,11,9,10,10,11,10,11,11,12
11101 0,11,16,20,13,20,21,23,10,19,23,25,19,24,26,26,12,15,19,21,20,22,23,24,20,22,24,25,24,25,26,26 0,11,11,12,11,12,12,13,12,13,13,14,13,14,14,15,11,12,12,13,12,13,13,14,13,14,14,15,14,15,15,16
00000 0,3,4,0,5,0,0,0,4,0,0,0,0,0,0,0,2,0,0,0,0,0,0,0,0,0,0,0,0,0,0,0 0,10,10,0,10,0,0,0,10,0,0,0,0,0,0,0,10,0,0,0,0,0,0,0,0,0,0,0,0,0,0,0
00000 0,2,5,0,5,0,0,0,8,0,0,0,0,0,0,0,4,0,0,0,0,0,0,0,0,0,0,0,0,0,0,0 0,10,10,0,10,0,0,0,10,0,0,0,0,0,0,0,10,0,0,0,0,0,0,0,0,0,0,0,0,0,0,0
00000 0,6,9,0,11,0,0,0,11,0,0,0,0,0,0,0,13,0,0,0,0,0,0,0,0,0,0,0,0,0,0,0 0,14,14,0,14,0,0,0,14,0,0,0,0,0,0,0,14,0,0,0,0,0,0,0,0,0,0,0,0,0,0,0
00000 0,14,8,0,13,0,0,0,13,0,0,0,0,0,0,0,11,0,0,0,0,0,0,0,0,0,0,0,0,0,0,0 0,16,16,0,16,0,0,0,16,0,0,0,0,0,0,0,16,0,0,0,0,0,0,0,0,0,0,0,0,0,0,0
11000 0,19,16,24,16,22,23,24,11,23,21,24,0,0,0,0,9,21,19,24,0,0,0,0,0,0,0,0,0,0,0,0 0,13,13,14,18,19,19,20,18,19,19,20,0,0,0,0,18,19,19,20,0,0,0,0,0,0,0,0,0,0,0,0
00000 0,6,6,0,7,0,0,0,7,0,0,0,0,0,0,0,6,0,0,0,0,0,0,0,0,0,0,0,0,0,0,0 0,18,18,0,18,0,0,0,18,0,0,0,0,0,0,0,18,0,0,0,0,0,0,0,0,0,0,0,0,0,0,0
00001 0,18,21,0,18,0,0,0,12,0,0,0,0,0,0,0,18,31,32,0,29,0,0,0,24,0,0,0,0,0,0,0 0,25,25,0,25,0,0,0,25,0,0,0,0,0,0,0,16,26,26,0,26,0,0,0,26,0,0,0,0,0,0,0
00000 0,5,2,0,4,0,0,0,1,0,0,0,0,0,0,0,1,0,0,0,0,0,0,0,0,0,0,0,0,0,0,0 0,18,18,0,18,0,0,0,18,0,0,0,0,0,0,0,18,0,0,0,0,0,0,0,0,0,0,0,0,0,0,0
00001 0,16,12,0,12,0,0,0,18,0,0,0,0,0,0,0,25,30,32,0,29,0,0,0,32,0,0,0,0,0,0,0 0,21,21,0,21,0,0,0,21,0,0,0,0,0,0,0,16,22,22,0,22,0,0,0,22,0,0,0,0,0,0,0
01101 0,9,14,19,13,15,19,21,10,0,16,0,17,0,20,0,15,17,17,19,19,21,19,21,17,0,18,0,20,0,20,0 0,11,10,12,10,12,11,13,11,0,12,0,12,0,13,0,10,12,11,13,11,13,12,14,12,0,13,0,13,0,14,0
10100 0,21,19,29,23,34,30,36,23,33,0,0,36,39,0,0,25,35,0,0,34,40,0,0,0,0,0,0,0,0,0,0 0,19,24,25,19,20,25,26,24,25,0,0,25,26,0,0,24,25,0,0,25,26,0,0,0,0,0,0,0,0,0,0
00100 0,14,15,0,14,19,20,0,12,0,0,0,20,0,0,0,11,0,0,0,19,0,0,0,0,0,0,0,0,0,0,0 0,17,17,0,12,18,18,0,17,0,0,0,18,0,0,0,17,0,0,0,18,0,0,0,0,0,0,0,0,0,0,0
11111 0,22,19,32,19,29,28,34,15,29,24,35,27,33,30,35,15,28,27,35,27,32,33,36,23,32,28,36,32,35,33,36 0,6,6,7,6,7,7,8,6,7,7,8,7,8,8,9,6,7,7,8,7,8,8,9,7,8,8,9,8,9,9,10
00000 0,7,5,0,7,0,0,0,6,0,0,0,0,0,0,0,5,0,0,0,0,0,0,0,0,0,0,0,0,0,0,0 0,10,10,0,10,0,0,0,10,0,0,0,0,0,0,0,10,0,0,0,0,0,0,0,0,0,0,0,0,0,0,0
11111 0,23,22,31,28,34,38,39,22,29,30,33,35,37,38,39,19,28,30,35,34,37,40,41,30,33,35,37,38,39,40,41 0,16,16,17,16,17,17,18,16,17,17,18,17,18,18,19,16,17,17,18,17,18,18,19,17,18,18,19,18,19,19,20
01000 0,15,18,23,16,0,25,0,14,0,24,0,0,0,0,0,13,0,22,0,0,0,0,0,0,0,0,0,0,0,0,0 0,21,12,22,21,0,22,0,21,0,22,0,0,0,0,0,21,0,22,0,0,0,0,0,0,0,0,0,0,0,0,0
01000 0,16,19,25,19,0,26,0,17,0,29,0,0,0,0,0,16,0,28,0,0,0,0,0,0,0,0,0,0,0,0,0 0,27,18,28,27,0,28,0,27,0,28,0,0,0,0,0,27,0,28,0,0,0,0,0,0,0,0,0,0,0,0,0
00000 0,3,2,0,5,0,0,0,5,0,0,0,0,0,0,0,4,0,0,0,0,0,0,0,0,0,0,0,0,0,0,0 0,8,8,0,8,0,0,0,8,0,0,0,0,0,0,0,8,0,0,0,0,0,0,0,0,0,0,0,0,0,0,0
00000 0,2,3,0,4,0,0,0,2,0,0,0,0,0,0,0,2,0,0,0,0,0,0,0,0,0,0,0,0,0,0,0 0,14,14,0,14,0,0,0,14,0,0,0,0,0,0,0,14,0,0,0,0,0,0,0,0,0,0,0,0,0,0,0
00111 0,9,10,0,12,16,17,0,12,16,15,0,19,21,19,0,14,17,19,0,20,21,21,0,18,20,21,0,22,22,22,0 0,13,13,0,12,14,14,0,12,14,14,0,13,15,15,0,12,14,14,0,13,15,15,0,13,15,15,0,14,16,16,0
11111 0,10,16,19,12,17,21,23,19,22,24,25,22,25,26,27,15,20,23,24,24,25,27,27,27,27,28,28,30,30,30,30 0,8,8,9,8,9,9,10,8,9,9,10,9,10,10,11,8,9,9,10,9,10,10,11,9,10,10,11,10,11,11,12
00000 0,3,4,0,6,0,0,0,1,0,0,0,0,0,0,0,6,0,0,0,0,0,0,0,0,0,0,0,0,0,0,0 0,14,14,0,14,0,0,0,14,0,0,0,0,0,0,0,14,0,0,0,0,0,0,0,0,0,0,0,0,0,0,0
00000 0,6,5,0,7,0,0,0,9,0,0,0,0,0,0,0,6,0,0,0,0,0,0,0,0,0,0,0,0,0,0,0 0,12,12,0,12,0,0,0,12,0,0,0,0,0,0,0,12,0,0,0,0,0,0,0,0,0,0,0,0,0,0,0
00000 0,3,5,0,4,0,0,0,6,0,0,0,0,0,0,0,5,0,0,0,0,0,0,0,0,0,0,0,0,0,0,0 0,16,16,0,16,0,0,0,16,0,0,0,0,0,0,0,16,0,0,0,0,0,0,0,0,0,0,0,0,0,0,0
00010 0,13,15,0,16,0,0,0,20,24,25,0,27,0,0,0,9,0,0,0,0,0,0,0,23,0,0,0,0,0,0,0 0,21,21,0,21,0,0,0,16,22,22,0,22,0,0,0,21,0,0,0,0,0,0,0,22,0,0,0,0,0,0,0
01001 0,16,19,26,18,0,30,0,17,0,25,0,0,0,0,0,21,28,30,32,25,0,33,0,28,0,31,0,0,0,0,0 0,24,19,25,24,0,25,0,24,0,25,0,0,0,0,0,19,25,20,26,25,0,26,0,25,0,26,0,0,0,0,0
01000 0,8,13,13,9,0,14,0,6,0,15,0,0,0,0,0,7,0,15,0,0,0,0,0,0,0,0,0,0,0,0,0 0,15,10,16,15,0,16,0,15,0,16,0,0,0,0,0,15,0,16,0,0,0,0,0,0,0,0,0,0,0,0,0
01010 0,12,15,21,10,0,21,0,13,20,19,23,17,0,22,0,16,0,21,0,0,0,0,0,19,0,22,0,0,0,0,0 0,14,13,15,14,0,15,0,13,15,14,16,15,0,16,0,14,0,15,0,0,0,0,0,15,0,16,0,0,0,0,0
00000 0,3,2,0,2,0,0,0,2,0,0,0,0,0,0,0,2,0,0,0,0,0,0,0,0,0,0,0,0,0,0,0 0,4,4,0,4,0,0,0,4,0,0,0,0,0,0,0,4,0,0,0,0,0,0,0,0,0,0,0,0,0,0,0
10100 0,18,13,25,19,24,23,27,17,25,0,0,25,27,0,0,11,22,0,0,22,26,0,0,0,0,0,0,0,0,0,0 0,17,22,23,17,18,23,24,22,23,0,0,23,24,0,0,22,23,0,0,23,24,0,0,0,0,0,0,0,0,0,0
11111 0,13,20,25,22,27,34,34,22,29,32,35,31,34,38,38,24,29,32,34,31,33,37,37,30,34,35,37,34,36,38,38 0,12,12,13,12,13,13,14,12,13,13,14,13,14,14,15,12,13,13,14,13,14,14,15,13,14,14,15,14,15,15,16
01000 0,7,12,14,9,0,15,0,9,0,17,0,0,0,0,0,9,0,14,0,0,0,0,0,0,0,0,0,0,0,0,0 0,11,10,12,11,0,12,0,11,0,12,0,0,0,0,0,11,0,12,0,0,0,0,0,0,0,0,0,0,0,0,0
00011 0,13,9,0,8,0,0,0,9,18,15,0,14,0,0,0,14,20,18,0,16,0,0,0,18,22,21,0,20,0,0,0 0,10,10,0,10,0,0,0,9,11,11,0,11,0,0,0,9,11,11,0,11,0,0,0,10,12,12,0,12,0,0,0
10010 0,24,17,30,12,28,0,0,21,32,30,34,27,34,0,0,22,32,0,0,0,0,0,0,28,34,0,0,0,0,0,0 0,19,24,25,24,25,0,0,19,20,25,26,25,26,0,0,24,25,0,0,0,0,0,0,25,26,0,0,0,0,0,0
00000 0,7,3,0,6,0,0,0,6,0,0,0,0,0,0,0,5,0,0,0,0,0,0,0,0,0,0,0,0,0,0,0 0,10,10,0,10,0,0,0,10,0,0,0,0,0,0,0,10,0,0,0,0,0,0,0,0,0,0,0,0,0,0,0
11111 0,19,16,25,17,29,26,31,23,29,28,30,30,34,33,34,22,30,28,33,29,32,31,34,33,36,34,36,35,36,35,36 0,8,8,9,8,9,9,10,8,9,9,10,9,10,10,11,8,9,9,10,9,10,10,11,9,10,10,11,10,11,11,12
11110 0,13,12,17,11,16,16,18,10,17,18,19,16,19,20,20,7,13,14,17,14,16,17,18,14,17,18,19,18,19,20,20 0,9,9,10,9,10,10,11,9,10,10,11,10,11,11,12,10,11,11,12,11,12,12,13,11,12,12,13,12,13,13,14
11000 0,16,20,28,17,28,28,33,15,26,26,32,0,0,0,0,16,25,29,34,0,0,0,0,0,0,0,0,0,0,0,0 0,13,13,14,18,19,19,20,18,19,19,20,0,0,0,0,18,19,19,20,0,0,0,0,0,0,0,0,0,0,0,0
11110 0,14,11,19,13,19,19,22,14,20,21,24,19,23,24,25,8,18,15,20,17,21,21,23,20,24,23,25,23,25,26,26 0,9,9,10,9,10,10,11,9,10,10,11,10,11,11,12,10,11,11,12,11,12,12,13,11,12,12,13,12,13,13,14
10100 0,22,20,33,21,36,34,42,17,28,0,0,30,38,0,0,26,35,0,0,37,43,0,0,0,0,0,0,0,0,0,0 0,17,22,23,17,18,23,24,22,23,0,0,23,24,0,0,22,23,0,0,23,24,0,0,0,0,0,0,0,0,0,0
00010 0,17,17,0,18,0,0,0,18,26,27,0,27,0,0,0,19,0,0,0,0,0,0,0,26,0,0,0,0,0,0,0 0,19,19,0,19,0,0,0,14,20,20,0,20,0,0,0,19,0,0,0,0,0,0,0,20,0,0,0,0,0,0,0
00000 0,7,8,0,5,0,0,0,6,0,0,0,0,0,0,0,4,0,0,0,0,0,0,0,0,0,0,0,0,0,0,0 0,10,10,0,10,0,0,0,10,0,0,0,0,0,0,0,10,0,0,0,0,0,0,0,0,0,0,0,0,0,0,0
01000 0,9,14,15,10,0,16,0,8,0,15,0,0,0,0,0,8,0,17,0,0,0,0,0,0,0,0,0,0,0,0,0 0,11,10,12,11,0,12,0,11,0,12,0,0,0,0,0,11,0,12,0,0,0,0,0,0,0,0,0,0,0,0,0
00000 0,9,6,0,3,0,0,0,7,0,0,0,0,0,0,0,4,0,0,0,0,0,0,0,0,0,0,0,0,0,0,0 0,10,10,0,10,0,0,0,10,0,0,0,0,0,0,0,10,0,0,0,0,0,0,0,0,0,0,0,0,0,0,0
00011 0,14,18,0,17,0,0,0,20,25,25,0,28,0,0,0,19,25,28,0,24,0,0,0,26,30,29,0,29,0,0,0 0,20,20,0,20,0,0,0,15,21,21,0,21,0,0,0,15,21,21,0,21,0,0,0,16,22,22,0,22,0,0,0
00000 0,4,3,0,6,0,0,0,5,0,0,0,0,0,0,0,7,0,0,0,0,0,0,0,0,0,0,0,0,0,0,0 0,10,10,0,10,0,0,0,10,0,0,0,0,0,0,0,10,0,0,0,0,0,0,0,0,0,0,0,0,0,0,0
00000 0,3,2,0,4,0,0,0,2,0,0,0,0,0,0,0,3,0,0,0,0,0,0,0,0,0,0,0,0,0,0,0 0,8,8,0,8,0,0,0,8,0,0,0,0,0,0,0,8,0,0,0,0,0,0,0,0,0,0,0,0,0,0,0
11111 0,10,12,17,11,16,15,18,12,16,17,19,17,19,18,20,13,18,19,21,18,20,20,21,20,22,22,22,22,22,22,22 0,10,10,11,10,11,11,12,10,11,11,12,11,12,12,13,10,11,11,12,11,12,12,13,11,12,12,13,12,13,13,14
10010 0,23,15,29,24,30,0,0,22,32,27,34,30,34,0,0,17,32,0,0,0,0,0,0,30,35,0,0,0,0,0,0 0,19,24,25,24,25,0,0,19,20,25,26,25,26,0,0,24,25,0,0,0,0,0,0,25,26,0,0,0,0,0,0
11111 0,24,25,35,19,34,33,39,18,30,30,36,27,35,36,39,22,33,34,39,29,37,36,40,28,35,36,39,33,38,38,40 0,6,6,7,6,7,7,8,6,7,7,8,7,8,8,9,6,7,7,8,7,8,8,9,7,8,8,9,8,9,9,10
11111 0,24,22,32,27,36,35,40,21,32,32,38,34,39,40,42,20,29,30,33,32,37,38,40,29,35,37,39,35,39,41,42 0,12,12,13,12,13,13,14,12,13,13,14,13,14,14,15,12,13,13,14,13,14,14,15,13,14,14,15,14,15,15,16
11011 0,8,11,13,3,9,12,13,10,13,13,14,12,14,14,14,7,11,12,14,9,11,13,14,13,15,14,15,14,15,15,15 0,7,7,8,8,9,9,10,7,8,8,9,9,10,10,11,7,8,8,9,9,10,10,11,8,9,9,10,10,11,11,12
01000 0,8,9,12,6,0,12,0,7,0,13,0,0,0,0,0,6,0,12,0,0,0,0,0,0,0,0,0,0,0,0,0 0,13,8,14,13,0,14,0,13,0,14,0,0,0,0,0,13,0,14,0,0,0,0,0,0,0,0,0,0,0,0,0
10010 0,24,19,31,19,30,0,0,24,35,32,38,32,37,0,0,20,33,0,0,0,0,0,0,34,39,0,0,0,0,0,0 0,21,30,31,30,31,0,0,21,22,31,32,31,32,0,0,30,31,0,0,0,0,0,0,31,32,0,0,0,0,0,0
00000 0,3,3,0,2,0,0,0,3,0,0,0,0,0,0,0,2,0,0,0,0,0,0,0,0,0,0,0,0,0,0,0 0,18,18,0,18,0,0,0,18,0,0,0,0,0,0,0,18,0,0,0,0,0,0,0,0,0,0,0,0,0,0,0
00000 0,5,5,0,4,0,0,0,1,0,0,0,0,0,0,0,2,0,0,0,0,0,0,0,0,0,0,0,0,0,0,0 0,18,18,0,18,0,0,0,18,0,0,0,0,0,0,0,18,0,0,0,0,0,0,0,0,0,0,0,0,0,0,0
00000 0,2,2,0,4,0,0,0,4,0,0,0,0,0,0,0,1,0,0,0,0,0,0,0,0,0,0,0,0,0,0,0 0,12,12,0,12,0,0,0,12,0,0,0,0,0,0,0,12,0,0,0,0,0,0,0,0,0,0,0,0,0,0,0
10000 0,19,19,31,13,24,0,0,20,29,0,0,0,0,0,0,16,28,0,0,0,0,0,0,0,0,0,0,0,0,0,0 0,16,25,26,25,26,0,0,25,26,0,0,0,0,0,0,25,26,0,0,0,0,0,0,0,0,0,0,0,0,0,0
01000 0,12,14,20,10,0,21,0,14,0,20,0,0,0,0,0,13,0,17,0,0,0,0,0,0,0,0,0,0,0,0,0 0,19,14,20,19,0,20,0,19,0,20,0,0,0,0,0,19,0,20,0,0,0,0,0,0,0,0,0,0,0,0,0
00000 0,2,1,0,3,0,0,0,2,0,0,0,0,0,0,0,3,0,0,0,0,0,0,0,0,0,0,0,0,0,0,0 0,20,20,0,20,0,0,0,20,0,0,0,0,0,0,0,20,0,0,0,0,0,0,0,0,0,0,0,0,0,0,0
00111 0,14,13,0,19,22,25,0,20,25,26,0,27,28,29,0,16,22,21,0,24,26,27,0,25,28,27,0,28,29,29,0 0,15,15,0,14,16,16,0,14,16,16,0,15,17,17,0,14,16,16,0,15,17,17,0,15,17,17,0,16,18,18,0
00000 0,4,8,0,9,0,0,0,7,0,0,0,0,0,0,0,5,0,0,0,0,0,0,0,0,0,0,0,0,0,0,0 0,12,12,0,12,0,0,0,12,0,0,0,0,0,0,0,12,0,0,0,0,0,0,0,0,0,0,0,0,0,0,0
11111 0,21,25,36,26,35,36,41,20,29,34,39,36,38,42,42,22,32,33,39,35,40,39,42,32,36,38,40,41,42,43,43 0,12,12,13,12,13,13,14,12,13,13,14,13,14,14,15,12,13,13,14,13,14,14,15,13,14,14,15,14,15,15,16
10100 0,16,13,23,15,24,25,29,14,23,0,0,22,27,0,0,15,23,0,0,21,25,0,0,0,0,0,0,0,0,0,0 0,15,20,21,15,16,21,22,20,21,0,0,21,22,0,0,20,21,0,0,21,22,0,0,0,0,0,0,0,0,0,0
00101 0,13,12,0,17,23,21,0,12,0,0,0,22,0,0,0,16,22,23,0,26,28,27,0,23,0,0,0,28,0,0,0 0,20,20,0,15,21,21,0,20,0,0,0,21,0,0,0,15,21,21,0,16,22,22,0,21,0,0,0,22,0,0,0
10000 0,18,13,23,18,27,0,0,14,22,0,0,0,0,0,0,14,24,0,0,0,0,0,0,0,0,0,0,0,0,0,0 0,18,27,28,27,28,0,0,27,28,0,0,0,0,0,0,27,28,0,0,0,0,0,0,0,0,0,0,0,0,0,0
11100 0,16,14,21,14,22,22,26,13,21,19,23,19,24,23,26,11,21,20,24,20,25,25,27,0,0,0,0,0,0,0,0 0,14,14,15,14,15,15,16,15,16,16,17,16,17,17,18,15,16,16,17,16,17,17,18,0,0,0,0,0,0,0,0
10001 0,13,11,18,11,16,0,0,10,17,0,0,0,0,0,0,14,19,18,20,18,20,0,0,17,21,0,0,0,0,0,0 0,11,12,13,12,13,0,0,12,13,0,0,0,0,0,0,11,12,13,14,13,14,0,0,13,14,0,0,0,0,0,0
00000 0,1,3,0,2,0,0,0,0,0,0,0,0,0,0,0,4,0,0,0,0,0,0,0,0,0,0,0,0,0,0,0 0,6,6,0,6,0,0,0,0,0,0,0,0,0,0,0,6,0,0,0,0,0,0,0,0,0,0,0,0,0,0,0
10001 0,8,5,10,7,9,0,0,6,10,0,0,0,0,0,0,10,12,11,13,11,12,0,0,13,13,0,0,0,0,0,0 0,7,8,9,8,9,0,0,8,9,0,0,0,0,0,0,7,8,9,10,9,10,0,0,9,10,0,0,0,0,0,0
10010 0,7,4,7,8,11,0,0,7,11,9,11,10,12,0,0,6,10,0,0,0,0,0,0,10,13,0,0,0,0,0,0 0,7,8,9,8,9,0,0,7,8,9,10,9,10,0,0,8,9,0,0,0,0,0,0,9,10,0,0,0,0,0,0
11011 0,18,15,26,13,24,20,28,17,26,19,27,23,29,24,29,15,24,22,28,23,28,25,29,23,28,25,29,27,30,28,30 0,15,15,16,16,17,17,18,15,16,16,17,17,18,18,19,15,16,16,17,17,18,18,19,16,17,17,18,18,19,19,20
11000 0,14,15,22,8,16,19,23,12,18,20,23,0,0,0,0,12,19,19,22,0,0,0,0,0,0,0,0,0,0,0,0 0,13,13,14,18,19,19,20,18,19,19,20,0,0,0,0,18,19,19,20,0,0,0,0,0,0,0,0,0,0,0,0
10001 0,10,6,12,8,12,0,0,7,12,0,0,0,0,0,0,12,13,13,14,13,13,0,0,12,13,0,0,0,0,0,0 0,9,10,11,10,11,0,0,10,11,0,0,0,0,0,0,9,10,11,12,11,12,0,0,11,12,0,0,0,0,0,0
10100 0,15,19,23,17,26,27,28,14,21,0,0,24,28,0,0,13,22,0,0,21,28,0,0,0,0,0,0,0,0,0,0 0,13,18,19,13,14,19,20,18,19,0,0,19,20,0,0,18,19,0,0,19,20,0,0,0,0,0,0,0,0,0,0
11111 0,18,19,27,20,28,30,34,27,32,30,33,35,36,36,37,18,28,31,35,28,34,36,39,35,37,37,38,39,40,40,41 0,16,16,17,16,17,17,18,16,17,17,18,17,18,18,19,16,17,17,18,17,18,18,19,17,18,18,19,18,19,19,20
00000 0,6,4,0,8,0,0,0,7,0,0,0,0,0,0,0,7,0,0,0,0,0,0,0,0,0,0,0,0,0,0,0 0,12,12,0,12,0,0,0,12,0,0,0,0,0,0,0,12,0,0,0,0,0,0,0,0,0,0,0,0,0,0,0
11111 0,17,10,21,16,24,21,26,15,24,16,24,24,28,24,28,18,24,23,26,25,27,27,28,27,28,27,28,28,29,28,29 0,6,6,7,6,7,7,8,6,7,7,8,7,8,8,9,6,7,7,8,7,8,8,9,7,8,8,9,8,9,9,10
11111 0,17,19,25,25,29,30,31,13,22,25,28,29,30,32,32,15,22,26,30,30,31,32,33,21,26,30,32,32,32,34,34 0,10,10,11,10,11,11,12,10,11,11,12,11,12,12,13,10,11,11,12,11,12,12,13,11,12,12,13,12,13,13,14
10000 0,12,10,18,12,19,0,0,12,20,0,0,0,0,0,0,14,18,0,0,0,0,0,0,0,0,0,0,0,0,0,0 0,12,17,18,17,18,0,0,17,18,0,0,0,0,0,0,17,18,0,0,0,0,0,0,0,0,0,0,0,0,0,0
11111 0,15,10,19,10,19,15,21,16,21,19,22,18,21,20,22,13,17,19,20,17,19,21,21,20,21,21,22,21,21,22,22 0,10,10,11,10,11,11,12,10,11,11,12,11,12,12,13,10,11,11,12,11,12,12,13,11,12,12,13,12,13,13,14
00011 0,18,17,0,14,0,0,0,20,29,30,0,25,0,0,0,23,29,30,0,28,0,0,0,30,33,34,0,32,0,0,0 0,24,24,0,24,0,0,0,19,25,25,0,25,0,0,0,19,25,25,0,25,0,0,0,20,26,26,0,26,0,0,0
10000 0,21,11,26,16,28,0,0,18,29,0,0,0,0,0,0,12,25,0,0,0,0,0,0,0,0,0,0,0,0,0,0 0,16,25,26,25,26,0,0,25,26,0,0,0,0,0,0,25,26,0,0,0,0,0,0,0,0,0,0,0,0,0,0
00000 0,4,3,0,3,0,0,0,3,0,0,0,0,0,0,0,4,0,0,0,0,0,0,0,0,0,0,0,0,0,0,0 0,6,6,0,6,0,0,0,6,0,0,0,0,0,0,0,6,0,0,0,0,0,0,0,0,0,0,0,0,0,0,0
00000 0,2,5,0,5,0,0,0,6,0,0,0,0,0,0,0,3,0,0,0,0,0,0,0,0,0,0,0,0,0,0,0 0,16,16,0,16,0,0,0,16,0,0,0,0,0,0,0,16,0,0,0,0,0,0,0,0,0,0,0,0,0,0,0
00010 0,8,16,0,15,0,0,0,16,18,21,0,21,0,0,0,12,0,0,0,0,0,0,0,23,0,0,0,0,0,0,0 0,17,17,0,17,0,0,0,12,18,18,0,18,0,0,0,17,0,0,0,0,0,0,0,18,0,0,0,0,0,0,0
11111 0,15,10,19,14,23,19,24,11,20,17,23,18,24,22,25,11,20,17,23,17,23,21,24,13,21,19,24,19,24,23,25 0,8,8,9,8,9,9,10,8,9,9,10,9,10,10,11,8,9,9,10,9,10,10,11,9,10,10,11,10,11,11,12
11111 0,15,12,16,8,18,15,18,12,19,18,20,16,21,20,21,15,22,21,22,17,23,22,23,22,24,24,24,22,24,24,24 0,8,8,9,8,9,9,10,8,9,9,10,9,10,10,11,8,9,9,10,9,10,10,11,9,10,10,11,10,11,11,12
11111 0,25,22,33,18,30,31,37,26,37,36,42,34,39,41,43,17,31,34,37,24,33,36,39,35,40,42,43,37,41,43,44 0,12,12,13,12,13,13,14,12,13,13,14,13,14,14,15,12,13,13,14,13,14,14,15,13,14,14,15,14,15,15,16
00110 0,17,19,0,22,30,28,0,21,28,28,0,32,36,34,0,19,0,0,0,34,0,0,0,30,0,0,0,38,0,0,0 0,22,22,0,17,23,23,0,17,23,23,0,18,24,24,0,22,0,0,0,23,0,0,0,23,0,0,0,24,0,0,0
00100 0,8,11,0,10,15,15,0,9,0,0,0,14,0,0,0,8,0,0,0,15,0,0,0,0,0,0,0,0,0,0,0 0,13,13,0,8,14,14,0,13,0,0,0,14,0,0,0,13,0,0,0,14,0,0,0,0,0,0,0,0,0,0,0
00000 0,16,11,0,12,0,0,0,17,0,0,0,0,0,0,0,15,0,0,0,0,0,0,0,0,0,0,0,0,0,0,0 0,18,18,0,18,0,0,0,18,0,0,0,0,0,0,0,18,0,0,0,0,0,0,0,0,0,0,0,0,0,0,0
11111 0,10,10,14,16,18,18,19,12,18,19,20,21,22,22,22,10,17,15,18,17,19,19,20,16,21,20,21,21,22,22,22 0,8,8,9,8,9,9,10,8,9,9,10,9,10,10,11,8,9,9,10,9,10,10,11,9,10,10,11,10,11,11,12
11011 0,14,12,19,15,21,19,22,11,17,17,21,23,23,23,23,13,20,21,23,19,23,23,24,21,23,24,25,25,25,25,25 0,11,11,12,12,13,13,14,11,12,12,13,13,14,14,15,11,12,12,13,13,14,14,15,12,13,13,14,14,15,15,16
00000 0,4,1,0,3,0,0,0,2,0,0,0,0,0,0,0,2,0,0,0,0,0,0,0,0,0,0,0,0,0,0,0 0,10,10,0,10,0,0,0,10,0,0,0,0,0,0,0,10,0,0,0,0,0,0,0,0,0,0,0,0,0,0,0
00000 0,4,6,0,6,0,0,0,5,0,0,0,0,0,0,0,4,0,0,0,0,0,0,0,0,0,0,0,0,0,0,0 0,12,12,0,12,0,0,0,12,0,0,0,0,0,0,0,12,0,0,0,0,0,0,0,0,0,0,0,0,0,0,0
11100 0,11,12,14,11,15,16,17,10,15,16,16,15,17,17,17,9,16,17,17,14,17,18,18,0,0,0,0,0,0,0,0 0,10,10,11,10,11,11,12,11,12,12,13,12,13,13,14,11,12,12,13,12,13,13,14,0,0,0,0,0,0,0,0
11000 0,13,15,20,13,21,22,25,12,20,22,25,0,0,0,0,12,21,20,24,0,0,0,0,0,0,0,0,0,0,0,0 0,13,13,14,18,19,19,20,18,19,19,20,0,0,0,0,18,19,19,20,0,0,0,0,0,0,0,0,0,0,0,0
00001 0,15,19,0,24,0,0,0,15,0,0,0,0,0,0,0,21,28,32,0,31,0,0,0,29,0,0,0,0,0,0,0 0,25,25,0,25,0,0,0,25,0,0,0,0,0,0,0,16,26,26,0,26,0,0,0,26,0,0,0,0,0,0,0
11111 0,17,17,22,19,23,24,25,16,22,24,26,25,26,28,28,18,24,23,25,23,24,25,25,25,27,27,28,27,27,28,28 0,12,12,13,12,13,13,14,12,13,13,14,13,14,14,15,12,13,13,14,13,14,14,15,13,14,14,15,14,15,15,16
00100 0,7,11,0,12,15,18,0,11,0,0,0,17,0,0,0,13,0,0,0,19,0,0,0,0,0,0,0,0,0,0,0 0,17,17,0,12,18,18,0,17,0,0,0,18,0,0,0,17,0,0,0,18,0,0,0,0,0,0,0,0,0,0,0
00100 0,8,13,0,12,17,17,0,10,0,0,0,18,0,0,0,11,0,0,0,18,0,0,0,0,0,0,0,0,0,0,0 0,17,17,0,12,18,18,0,17,0,0,0,18,0,0,0,17,0,0,0,18,0,0,0,0,0,0,0,0,0,0,0
11111 0,8,17,18,7,12,18,19,13,14,19,19,16,17,20,20,11,16,20,21,14,18,20,21,19,19,21,21,20,20,21,21 0,6,6,7,6,7,7,8,6,7,7,8,7,8,8,9,6,7,7,8,7,8,8,9,7,8,8,9,8,9,9,10
11001 0,19,18,28,14,24,26,32,21,28,28,31,0,0,0,0,20,27,28,31,27,29,32,33,29,30,32,32,0,0,0,0 0,18,18,19,23,24,24,25,23,24,24,25,0,0,0,0,18,19,19,20,24,25,25,26,24,25,25,26,0,0,0,0
10001 0,19,13,25,17,27,0,0,15,26,0,0,0,0,0,0,22,27,26,29,26,29,0,0,27,30,0,0,0,0,0,0 0,19,28,29,28,29,0,0,28,29,0,0,0,0,0,0,19,20,29,30,29,30,0,0,29,30,0,0,0,0,0,0
00000 0,10,10,0,7,0,0,0,12,0,0,0,0,0,0,0,11,0,0,0,0,0,0,0,0,0,0,0,0,0,0,0 0,16,16,0,16,0,0,0,16,0,0,0,0,0,0,0,16,0,0,0,0,0,0,0,0,0,0,0,0,0,0,0
00010 0,6,9,0,10,0,0,0,12,13,14,0,15,0,0,0,9,0,0,0,0,0,0,0,14,0,0,0,0,0,0,0 0,21,21,0,21,0,0,0,12,22,22,0,22,0,0,0,21,0,0,0,0,0,0,0,22,0,0,0,0,0,0,0
00000 0,6,6,0,5,0,0,0,4,0,0,0,0,0,0,0,6,0,0,0,0,0,0,0,0,0,0,0,0,0,0,0 0,14,14,0,14,0,0,0,14,0,0,0,0,0,0,0,14,0,0,0,0,0,0,0,0,0,0,0,0,0,0,0
00100 0,17,16,0,20,28,26,0,24,0,0,0,30,0,0,0,17,0,0,0,28,0,0,0,0,0,0,0,0,0,0,0 0,27,27,0,18,28,28,0,27,0,0,0,28,0,0,0,27,0,0,0,28,0,0,0,0,0,0,0,0,0,0,0
00000 0,6,9,0,7,0,0,0,6,0,0,0,0,0,0,0,10,0,0,0,0,0,0,0,0,0,0,0,0,0,0,0 0,18,18,0,18,0,0,0,18,0,0,0,0,0,0,0,18,0,0,0,0,0,0,0,0,0,0,0,0,0,0,0
00000 0,3,4,0,8,0,0,0,3,0,0,0,0,0,0,0,5,0,0,0,0,0,0,0,0,0,0,0,0,0,0,0 0,10,10,0,10,0,0,0,10,0,0,0,0,0,0,0,10,0,0,0,0,0,0,0,0,0,0,0,0,0,0,0
00000 0,6,4,0,6,0,0,0,4,0,0,0,0,0,0,0,5,0,0,0,0,0,0,0,0,0,0,0,0,0,0,0 0,16,16,0,16,0,0,0,16,0,0,0,0,0,0,0,16,0,0,0,0,0,0,0,0,0,0,0,0,0,0,0
11111 0,12,12,20,14,19,21,23,10,17,15,21,17,20,21,23,8,14,18,21,19,21,24,24,15,19,19,22,21,22,24,24 0,6,6,7,6,7,7,8,6,7,7,8,7,8,8,9,6,7,7,8,7,8,8,9,7,8,8,9,8,9,9,10
00001 0,7,6,0,7,0,0,0,7,0,0,0,0,0,0,0,8,9,10,0,11,0,0,0,10,0,0,0,0,0,0,0 0,9,9,0,9,0,0,0,9,0,0,0,0,0,0,0,8,10,10,0,10,0,0,0,10,0,0,0,0,0,0,0
00000 0,4,5,0,8,0,0,0,8,0,0,0,0,0,0,0,5,0,0,0,0,0,0,0,0,0,0,0,0,0,0,0 0,12,12,0,12,0,0,0,12,0,0,0,0,0,0,0,12,0,0,0,0,0,0,0,0,0,0,0,0,0,0,0
01000 0,18,22,30,20,0,32,0,20,0,30,0,0,0,0,0,19,0,30,0,0,0,0,0,0,0,0,0,0,0,0,0 0,27,18,28,27,0,28,0,27,0,28,0,0,0,0,0,27,0,28,0,0,0,0,0,0,0,0,0,0,0,0,0
01000 0,5,8,8,6,0,9,0,4,0,9,0,0,0,0,0,6,0,9,0,0,0,0,0,0,0,0,0,0,0,0,0 0,13,8,14,13,0,14,0,13,0,14,0,0,0,0,0,13,0,14,0,0,0,0,0,0,0,0,0,0,0,0,0
00000 0,5,4,0,3,0,0,0,5,0,0,0,0,0,0,0,6,0,0,0,0,0,0,0,0,0,0,0,0,0,0,0 0,12,12,0,12,0,0,0,12,0,0,0,0,0,0,0,12,0,0,0,0,0,0,0,0,0,0,0,0,0,0,0
00010 0,15,11,0,15,0,0,0,16,24,21,0,24,0,0,0,10,0,0,0,0,0,0,0,21,0,0,0,0,0,0,0 0,21,21,0,21,0,0,0,16,22,22,0,22,0,0,0,21,0,0,0,0,0,0,0,22,0,0,0,0,0,0,0
00000 0,3,1,0,2,0,0,0,2,0,0,0,0,0,0,0,4,0,0,0,0,0,0,0,0,0,0,0,0,0,0,0 0,12,12,0,12,0,0,0,12,0,0,0,0,0,0,0,12,0,0,0,0,0,0,0,0,0,0,0,0,0,0,0
00000 0,12,10,0,8,0,0,0,12,0,0,0,0,0,0,0,10,0,0,0,0,0,0,0,0,0,0,0,0,0,0,0 0,14,14,0,14,0,0,0,14,0,0,0,0,0,0,0,14,0,0,0,0,0,0,0,0,0,0,0,0,0,0,0
00000 0,5,5,0,7,0,0,0,6,0,0,0,0,0,0,0,7,0,0,0,0,0,0,0,0,0,0,0,0,0,0,0 0,14,14,0,14,0,0,0,14,0,0,0,0,0,0,0,14,0,0,0,0,0,0,0,0,0,0,0,0,0,0,0
00000 0,3,2,0,2,0,0,0,2,0,0,0,0,0,0,0,4,0,0,0,0,0,0,0,0,0,0,0,0,0,0,0 0,14,14,0,14,0,0,0,14,0,0,0,0,0,0,0,14,0,0,0,0,0,0,0,0,0,0,0,0,0,0,0
00000 0,5,7,0,7,0,0,0,6,0,0,0,0,0,0,0,6,0,0,0,0,0,0,0,0,0,0,0,0,0,0,0 0,8,8,0,8,0,0,0,8,0,0,0,0,0,0,0,8,0,0,0,0,0,0,0,0,0,0,0,0,0,0,0
01100 0,5,13,17,14,17,19,22,10,0,18,0,19,0,22,0,11,0,19,0,21,0,23,0,0,0,0,0,0,0,0,0 0,12,11,13,11,13,12,14,12,0,13,0,13,0,14,0,12,0,13,0,13,0,14,0,0,0,0,0,0,0,0,0
00000 0,2,3,0,2,0,0,0,4,0,0,0,0,0,0,0,4,0,0,0,0,0,0,0,0,0,0,0,0,0,0,0 0,14,14,0,14,0,0,0,14,0,0,0,0,0,0,0,14,0,0,0,0,0,0,0,0,0,0,0,0,0,0,0
00000 0,4,5,0,5,0,0,0,5,0,0,0,0,0,0,0,6,0,0,0,0,0,0,0,0,0,0,0,0,0,0,0 0,8,8,0,8,0,0,0,8,0,0,0,0,0,0,0,8,0,0,0,0,0,0,0,0,0,0,0,0,0,0,0
00000 0,13,11,0,8,0,0,0,10,0,0,0,0,0,0,0,10,0,0,0,0,0,0,0,0,0,0,0,0,0,0,0 0,16,16,0,16,0,0,0,16,0,0,0,0,0,0,0,16,0,0,0,0,0,0,0,0,0,0,0,0,0,0,0
00000 0,7,4,0,4,0,0,0,5,0,0,0,0,0,0,0,5,0,0,0,0,0,0,0,0,0,0,0,0,0,0,0 0,10,10,0,10,0,0,0,10,0,0,0,0,0,0,0,10,0,0,0,0,0,0,0,0,0,0,0,0,0,0,0
10000 0,11,11,17,9,15,0,0,7,15,0,0,0,0,0,0,9,15,0,0,0,0,0,0,0,0,0,0,0,0,0,0 0,10,19,20,19,20,0,0,19,20,0,0,0,0,0,0,19,20,0,0,0,0,0,0,0,0,0,0,0,0,0,0
01000 0,11,13,19,9,0,18,0,10,0,16,0,0,0,0,0,10,0,17,0,0,0,0,0,0,0,0,0,0,0,0,0 0,15,10,16,15,0,16,0,15,0,16,0,0,0,0,0,15,0,16,0,0,0,0,0,0,0,0,0,0,0,0,0
00000 0,7,8,0,5,0,0,0,3,0,0,0,0,0,0,0,7,0,0,0,0,0,0,0,0,0,0,0,0,0,0,0 0,16,16,0,16,0,0,0,16,0,0,0,0,0,0,0,16,0,0,0,0,0,0,0,0,0,0,0,0,0,0,0
00001 0,23,17,0,17,0,0,0,20,0,0,0,0,0,0,0,23,32,27,0,31,0,0,0,32,0,0,0,0,0,0,0 0,29,29,0,29,0,0,0,29,0,0,0,0,0,0,0,20,30,30,0,30,0,0,0,30,0,0,0,0,0,0,0
11111 0,19,18,28,20,26,25,30,17,26,23,29,24,29,27,31,17,25,25,31,27,30,30,33,25,28,28,31,29,31,31,33 0,16,16,17,16,17,17,18,16,17,17,18,17,18,18,19,16,17,17,18,17,18,18,19,17,18,18,19,18,19,19,20
01100 0,11,12,15,12,17,17,18,12,0,17,0,17,0,18,0,8,0,14,0,16,0,18,0,0,0,0,0,0,0,0,0 0,16,11,17,11,17,12,18,16,0,17,0,17,0,18,0,16,0,17,0,17,0,18,0,0,0,0,0,0,0,0,0
00100 0,14,14,0,16,24,22,0,17,0,0,0,25,0,0,0,16,0,0,0,22,0,0,0,0,0,0,0,0,0,0,0 0,19,19,0,10,20,20,0,19,0,0,0,20,0,0,0,19,0,0,0,20,0,0,0,0,0,0,0,0,0,0,0
01011 0,15,23,30,20,0,30,0,20,29,32,38,30,0,35,0,23,31,35,37,35,0,38,0,33,36,39,40,38,0,40,0 0,25,20,26,25,0,26,0,20,26,21,27,26,0,27,0,20,26,21,27,26,0,27,0,21,27,22,28,27,0,28,0
00000 0,6,6,0,4,0,0,0,7,0,0,0,0,0,0,0,5,0,0,0,0,0,0,0,0,0,0,0,0,0,0,0 0,14,14,0,14,0,0,0,14,0,0,0,0,0,0,0,14,0,0,0,0,0,0,0,0,0,0,0,0,0,0,0
00100 0,18,13,0,20,29,26,0,13,0,0,0,26,0,0,0,11,0,0,0,24,0,0,0,0,0,0,0,0,0,0,0 0,21,21,0,16,22,22,0,21,0,0,0,22,0,0,0,21,0,0,0,22,0,0,0,0,0,0,0,0,0,0,0
00000 0,3,2,0,3,0,0,0,3,0,0,0,0,0,0,0,5,0,0,0,0,0,0,0,0,0,0,0,0,0,0,0 0,8,8,0,8,0,0,0,8,0,0,0,0,0,0,0,8,0,0,0,0,0,0,0,0,0,0,0,0,0,0,0
00001 0,12,14,0,15,0,0,0,16,0,0,0,0,0,0,0,21,23,24,0,25,0,0,0,24,0,0,0,0,0,0,0 0,17,17,0,17,0,0,0,17,0,0,0,0,0,0,0,12,18,18,0,18,0,0,0,18,0,0,0,0,0,0,0
11100 0,10,5,12,7,11,11,12,4,10,8,12,9,11,12,12,4,10,7,12,10,11,12,12,0,0,0,0,0,0,0,0 0,4,4,5,4,5,5,6,5,6,6,7,6,7,7,8,5,6,6,7,6,7,7,8,0,0,0,0,0,0,0,0
10011 0,13,9,19,15,21,0,0,12,17,18,21,21,23,0,0,10,19,16,23,18,22,0,0,19,22,23,25,23,24,0,0 0,10,11,12,11,12,0,0,10,11,12,13,12,13,0,0,10,11,12,13,12,13,0,0,11,12,13,14,13,14,0,0
11100 0,23,20,33,20,31,31,38,23,32,30,36,28,36,35,40,24,35,34,40,33,39,39,41,0,0,0,0,0,0,0,0 0,18,18,19,18,19,19,20,23,24,24,25,24,25,25,26,23,24,24,25,24,25,25,26,0,0,0,0,0,0,0,0
00011 0,13,15,0,16,0,0,0,18,25,22,0,23,0,0,0,17,20,22,0,22,0,0,0,24,26,25,0,25,0,0,0 0,22,22,0,22,0,0,0,17,23,23,0,23,0,0,0,17,23,23,0,23,0,0,0,18,24,24,0,24,0,0,0
11000 0,21,21,32,17,26,27,33,21,29,30,34,0,0,0,0,20,30,30,36,0,0,0,0,0,0,0,0,0,0,0,0 0,21,21,22,30,31,31,32,30,31,31,32,0,0,0,0,30,31,31,32,0,0,0,0,0,0,0,0,0,0,0,0
11110 0,6,5,8,5,8,7,9,5,9,7,9,8,10,9,10,4,8,9,10,8,9,10,10,7,10,9,10,9,10,10,10 0,5,5,6,5,6,6,7,5,6,6,7,6,7,7,8,5,7,7,8,7,8,8,9,7,8,8,9,8,9,9,10
00000 0,7,4,0,8,0,0,0,5,0,0,0,0,0,0,0,6,0,0,0,0,0,0,0,0,0,0,0,0,0,0,0 0,10,10,0,10,0,0,0,10,0,0,0,0,0,0,0,10,0,0,0,0,0,0,0,0,0,0,0,0,0,0,0
00000 0,8,10,0,5,0,0,0,11,0,0,0,0,0,0,0,5,0,0,0,0,0,0,0,0,0,0,0,0,0,0,0 0,12,12,0,12,0,0,0,12,0,0,0,0,0,0,0,12,0,0,0,0,0,0,0,0,0,0,0,0,0,0,0
00000 0,3,6,0,5,0,0,0,6,0,0,0,0,0,0,0,6,0,0,0,0,0,0,0,0,0,0,0,0,0,0,0 0,18,18,0,18,0,0,0,18,0,0,0,0,0,0,0,18,0,0,0,0,0,0,0,0,0,0,0,0,0,0,0
00011 0,11,10,0,10,0,0,0,14,17,16,0,19,0,0,0,12,15,16,0,16,0,0,0,19,20,20,0,20,0,0,0 0,12,12,0,12,0,0,0,11,13,13,0,13,0,0,0,11,13,13,0,13,0,0,0,12,14,14,0,14,0,0,0
10001 0,17,12,21,12,22,0,0,11,22,0,0,0,0,0,0,14,23,20,25,20,25,0,0,18,24,0,0,0,0,0,0 0,13,14,15,14,15,0,0,14,15,0,0,0,0,0,0,13,14,15,16,15,16,0,0,15,16,0,0,0,0,0,0
00100 0,8,8,0,10,14,12,0,7,0,0,0,14,0,0,0,5,0,0,0,13,0,0,0,0,0,0,0,0,0,0,0 0,15,15,0,10,16,16,0,15,0,0,0,16,0,0,0,15,0,0,0,16,0,0,0,0,0,0,0,0,0,0,0
00000 0,4,4,0,5,0,0,0,4,0,0,0,0,0,0,0,5,0,0,0,0,0,0,0,0,0,0,0,0,0,0,0 0,10,10,0,10,0,0,0,10,0,0,0,0,0,0,0,10,0,0,0,0,0,0,0,0,0,0,0,0,0,0,0
00010 0,5,5,0,3,0,0,0,8,9,9,0,9,0,0,0,5,0,0,0,0,0,0,0,9,0,0,0,0,0,0,0 0,9,9,0,9,0,0,0,8,10,10,0,10,0,0,0,9,0,0,0,0,0,0,0,10,0,0,0,0,0,0,0
00100 0,8,9,0,13,15,17,0,7,0,0,0,15,0,0,0,8,0,0,0,16,0,0,0,0,0,0,0,0,0,0,0 0,17,17,0,12,18,18,0,17,0,0,0,18,0,0,0,17,0,0,0,18,0,0,0,0,0,0,0,0,0,0,0
11111 0,22,23,34,26,35,34,39,23,31,34,39,36,39,41,42,25,37,33,40,36,42,38,42,38,41,40,42,42,44,43,44 0,14,14,15,14,15,15,16,14,15,15,16,15,16,16,17,14,15,15,16,15,16,16,17,15,16,16,17,16,17,17,18
11111 0,9,6,11,10,12,12,14,6,11,8,12,11,13,12,14,9,12,11,13,14,14,15,15,13,14,13,14,15,15,15,15 0,6,6,7,6,7,7,8,6,7,7,8,7,8,8,9,6,7,7,8,7,8,8,9,7,8,8,9,8,9,9,10
00000 0,5,4,0,3,0,0,0,3,0,0,0,0,0,0,0,4,0,0,0,0,0,0,0,0,0,0,0,0,0,0,0 0,16,16,0,16,0,0,0,16,0,0,0,0,0,0,0,16,0,0,0,0,0,0,0,0,0,0,0,0,0,0,0
00111 0,13,16,0,20,29,25,0,19,24,28,0,29,31,30,0,18,25,26,0,28,32,30,0,29,31,32,0,33,33,33,0 0,23,23,0,18,24,24,0,18,24,24,0,19,25,25,0,18,24,24,0,19,25,25,0,19,25,25,0,20,26,26,0
00000 0,3,4,0,4,0,0,0,2,0,0,0,0,0,0,0,5,0,0,0,0,0,0,0,0,0,0,0,0,0,0,0 0,8,8,0,8,0,0,0,8,0,0,0,0,0,0,0,8,0,0,0,0,0,0,0,0,0,0,0,0,0,0,0
00001 0,6,9,0,8,0,0,0,4,0,0,0,0,0,0,0,10,11,12,0,13,0,0,0,11,0,0,0,0,0,0,0 0,11,11,0,11,0,0,0,11,0,0,0,0,0,0,0,6,12,12,0,12,0,0,0,12,0,0,0,0,0,0,0
11001 0,22,24,33,16,27,32,35,19,30,33,37,0,0,0,0,22,32,33,38,29,34,36,39,30,35,37,39,0,0,0,0 0,16,16,17,21,22,22,23,21,22,22,23,0,0,0,0,16,17,17,18,22,23,23,24,22,23,23,24,0,0,0,0
00000 0,10,11,0,9,0,0,0,6,0,0,0,0,0,0,0,8,0,0,0,0,0,0,0,0,0,0,0,0,0,0,0 0,18,18,0,18,0,0,0,18,0,0,0,0,0,0,0,18,0,0,0,0,0,0,0,0,0,0,0,0,0,0,0
00100 0,19,13,0,16,29,22,0,13,0,0,0,23,0,0,0,14,0,0,0,24,0,0,0,0,0,0,0,0,0,0,0 0,25,25,0,16,26,26,0,25,0,0,0,26,0,0,0,25,0,0,0,26,0,0,0,0,0,0,0,0,0,0,0
10110 0,4,5,6,2,6,7,8,3,6,6,7,5,8,8,9,8,9,0,0,8,9,0,0,9,10,0,0,9,10,0,0 0,3,4,5,2,5,6,7,3,4,5,6,5,6,7,8,5,6,0,0,6,7,0,0,6,7,0,0,7,8,0,0
00100 0,11,15,0,17,19,22,0,11,0,0,0,23,0,0,0,14,0,0,0,23,0,0,0,0,0,0,0,0,0,0,0 0,19,19,0,10,20,20,0,19,0,0,0,20,0,0,0,19,0,0,0,20,0,0,0,0,0,0,0,0,0,0,0
01000 0,18,24,29,20,0,30,0,20,0,30,0,0,0,0,0,16,0,29,0,0,0,0,0,0,0,0,0,0,0,0,0 0,23,14,24,23,0,24,0,23,0,24,0,0,0,0,0,23,0,24,0,0,0,0,0,0,0,0,0,0,0,0,0
00001 0,13,19,0,17,0,0,0,18,0,0,0,0,0,0,0,20,25,27,0,26,0,0,0,27,0,0,0,0,0,0,0 0,23,23,0,23,0,0,0,23,0,0,0,0,0,0,0,14,24,24,0,24,0,0,0,24,0,0,0,0,0,0,0
10000 0,14,12,20,12,20,0,0,14,20,0,0,0,0,0,0,14,22,0,0,0,0,0,0,0,0,0,0,0,0,0,0 0,12,17,18,17,18,0,0,17,18,0,0,0,0,0,0,17,18,0,0,0,0,0,0,0,0,0,0,0,0,0,0
00111 0,11,14,0,17,22,23,0,15,21,21,0,23,25,25,0,16,22,23,0,22,26,25,0,23,26,25,0,25,27,26,0 0,15,15,0,14,16,16,0,14,16,16,0,15,17,17,0,14,16,16,0,15,17,17,0,15,17,17,0,16,18,18,0
10000 0,12,10,17,9,14,0,0,10,16,0,0,0,0,0,0,11,18,0,0,0,0,0,0,0,0,0,0,0,0,0,0 0,12,21,22,21,22,0,0,21,22,0,0,0,0,0,0,21,22,0,0,0,0,0,0,0,0,0,0,0,0,0,0
01010 0,14,18,22,16,0,24,0,15,23,24,27,22,0,27,0,9,0,22,0,0,0,0,0,20,0,27,0,0,0,0,0 0,16,11,17,16,0,17,0,11,17,12,18,17,0,18,0,16,0,17,0,0,0,0,0,17,0,18,0,0,0,0,0
00011 0,11,14,0,9,0,0,0,14,19,20,0,17,0,0,0,13,20,20,0,19,0,0,0,22,25,25,0,23,0,0,0 0,18,18,0,18,0,0,0,13,19,19,0,19,0,0,0,13,19,19,0,19,0,0,0,14,20,20,0,20,0,0,0
01000 0,7,19,21,14,0,22,0,14,0,23,0,0,0,0,0,11,0,22,0,0,0,0,0,0,0,0,0,0,0,0,0 0,21,16,22,21,0,22,0,21,0,22,0,0,0,0,0,21,0,22,0,0,0,0,0,0,0,0,0,0,0,0,0
00000 0,4,7,0,10,0,0,0,12,0,0,0,0,0,0,0,11,0,0,0,0,0,0,0,0,0,0,0,0,0,0,0 0,16,16,0,16,0,0,0,16,0,0,0,0,0,0,0,16,0,0,0,0,0,0,0,0,0,0,0,0,0,0,0
10000 0,9,5,10,5,9,0,0,5,11,0,0,0,0,0,0,4,11,0,0,0,0,0,0,0,0,0,0,0,0,0,0 0,6,11,12,11,12,0,0,11,12,0,0,0,0,0,0,11,12,0,0,0,0,0,0,0,0,0,0,0,0,0,0
00010 0,21,23,0,18,0,0,0,24,32,34,0,33,0,0,0,20,0,0,0,0,0,0,0,30,0,0,0,0,0,0,0 0,25,25,0,25,0,0,0,16,26,26,0,26,0,0,0,25,0,0,0,0,0,0,0,26,0,0,0,0,0,0,0
00000 0,7,3,0,3,0,0,0,6,0,0,0,0,0,0,0,3,0,0,0,0,0,0,0,0,0,0,0,0,0,0,0 0,10,10,0,10,0,0,0,10,0,0,0,0,0,0,0,10,0,0,0,0,0,0,0,0,0,0,0,0,0,0,0
00001 0,15,20,0,14,0,0,0,14,0,0,0,0,0,0,0,19,26,26,0,24,0,0,0,25,0,0,0,0,0,0,0 0,23,23,0,23,0,0,0,23,0,0,0,0,0,0,0,14,24,24,0,24,0,0,0,24,0,0,0,0,0,0,0
10000 0,17,19,25,15,24,0,0,15,24,0,0,0,0,0,0,12,23,0,0,0,0,0,0,0,0,0,0,0,0,0,0 0,14,23,24,23,24,0,0,23,24,0,0,0,0,0,0,23,24,0,0,0,0,0,0,0,0,0,0,0,0,0,0
00000 0,5,4,0,5,0,0,0,7,0,0,0,0,0,0,0,7,0,0,0,0,0,0,0,0,0,0,0,0,0,0,0 0,10,10,0,10,0,0,0,10,0,0,0,0,0,0,0,10,0,0,0,0,0,0,0,0,0,0,0,0,0,0,0
01111 0,15,22,28,20,29,28,32,19,27,30,33,30,34,33,35,19,28,32,34,30,35,35,36,25,32,33,35,34,37,36,37 0,16,15,17,15,17,16,18,15,17,16,18,16,18,17,19,15,17,16,18,16,18,17,19,16,18,17,19,17,19,18,20
11111 0,19,19,28,19,30,28,33,18,26,24,30,29,34,31,35,20,30,31,34,29,36,35,37,31,33,33,35,36,38,36,38 0,16,16,17,16,17,17,18,16,17,17,18,17,18,18,19,16,17,17,18,17,18,18,19,17,18,18,19,18,19,19,20
00101 0,8,11,0,15,17,21,0,10,0,0,0,18,0,0,0,12,17,17,0,21,22,23,0,19,0,0,0,22,0,0,0 0,16,16,0,11,17,17,0,16,0,0,0,17,0,0,0,11,17,17,0,12,18,18,0,17,0,0,0,18,0,0,0
11111 0,13,18,23,15,21,24,26,16,22,24,27,24,26,27,28,13,19,21,25,22,23,25,26,18,22,25,27,26,26,28,28 0,6,6,7,6,7,7,8,6,7,7,8,7,8,8,9,6,7,7,8,7,8,8,9,7,8,8,9,8,9,9,10
01001 0,21,27,36,23,0,38,0,20,0,37,0,0,0,0,0,27,36,33,40,38,0,41,0,35,0,38,0,0,0,0,0 0,34,25,35,34,0,35,0,34,0,35,0,0,0,0,0,25,35,26,36,35,0,36,0,35,0,36,0,0,0,0,0
11111 0,25,23,31,22,33,33,38,23,33,34,37,32,36,37,39,19,32,34,37,31,36,38,40,31,37,39,40,36,38,39,40 0,6,6,7,6,7,7,8,6,7,7,8,7,8,8,9,6,7,7,8,7,8,8,9,7,8,8,9,8,9,9,10
00100 0,5,5,0,10,11,11,0,7,0,0,0,11,0,0,0,8,0,0,0,11,0,0,0,0,0,0,0,0,0,0,0 0,9,9,0,8,10,10,0,9,0,0,0,10,0,0,0,9,0,0,0,10,0,0,0,0,0,0,0,0,0,0,0
00000 0,8,9,0,7,0,0,0,8,0,0,0,0,0,0,0,11,0,0,0,0,0,0,0,0,0,0,0,0,0,0,0 0,14,14,0,14,0,0,0,14,0,0,0,0,0,0,0,14,0,0,0,0,0,0,0,0,0,0,0,0,0,0,0
01000 0,8,14,18,8,0,15,0,11,0,19,0,0,0,0,0,11,0,19,0,0,0,0,0,0,0,0,0,0,0,0,0 0,13,8,14,13,0,14,0,13,0,14,0,0,0,0,0,13,0,14,0,0,0,0,0,0,0,0,0,0,0,0,0
10000 0,14,8,15,8,16,0,0,10,16,0,0,0,0,0,0,11,16,0,0,0,0,0,0,0,0,0,0,0,0,0,0 0,12,13,14,13,14,0,0,13,14,0,0,0,0,0,0,13,14,0,0,0,0,0,0,0,0,0,0,0,0,0,0
00011 0,10,11,0,11,0,0,0,14,18,20,0,18,0,0,0,13,18,18,0,18,0,0,0,19,22,22,0,21,0,0,0 0,14,14,0,14,0,0,0,13,15,15,0,15,0,0,0,13,15,15,0,15,0,0,0,14,16,16,0,16,0,0,0
00000 0,6,7,0,8,0,0,0,8,0,0,0,0,0,0,0,5,0,0,0,0,0,0,0,0,0,0,0,0,0,0,0 0,14,14,0,14,0,0,0,14,0,0,0,0,0,0,0,14,0,0,0,0,0,0,0,0,0,0,0,0,0,0,0
00000 0,4,4,0,3,0,0,0,5,0,0,0,0,0,0,0,6,0,0,0,0,0,0,0,0,0,0,0,0,0,0,0 0,20,20,0,20,0,0,0,20,0,0,0,0,0,0,0,20,0,0,0,0,0,0,0,0,0,0,0,0,0,0,0
00000 0,5,5,0,5,0,0,0,4,0,0,0,0,0,0,0,3,0,0,0,0,0,0,0,0,0,0,0,0,0,0,0 0,10,10,0,10,0,0,0,10,0,0,0,0,0,0,0,10,0,0,0,0,0,0,0,0,0,0,0,0,0,0,0
00000 0,3,2,0,2,0,0,0,2,0,0,0,0,0,0,0,4,0,0,0,0,0,0,0,0,0,0,0,0,0,0,0 0,6,6,0,6,0,0,0,6,0,0,0,0,0,0,0,6,0,0,0,0,0,0,0,0,0,0,0,0,0,0,0
00000 0,4,4,0,4,0,0,0,3,0,0,0,0,0,0,0,5,0,0,0,0,0,0,0,0,0,0,0,0,0,0,0 0,14,14,0,14,0,0,0,14,0,0,0,0,0,0,0,14,0,0,0,0,0,0,0,0,0,0,0,0,0,0,0
00001 0,13,10,0,8,0,0,0,12,0,0,0,0,0,0,0,15,20,19,0,18,0,0,0,20,0,0,0,0,0,0,0 0,17,17,0,17,0,0,0,17,0,0,0,0,0,0,0,12,18,18,0,18,0,0,0,18,0,0,0,0,0,0,0
00000 0,4,4,0,5,0,0,0,4,0,0,0,0,0,0,0,2,0,0,0,0,0,0,0,0,0,0,0,0,0,0,0 0,16,16,0,16,0,0,0,16,0,0,0,0,0,0,0,16,0,0,0,0,0,0,0,0,0,0,0,0,0,0,0
00000 0,4,3,0,4,0,0,0,4,0,0,0,0,0,0,0,3,0,0,0,0,0,0,0,0,0,0,0,0,0,0,0 0,12,12,0,12,0,0,0,12,0,0,0,0,0,0,0,12,0,0,0,0,0,0,0,0,0,0,0,0,0,0,0
10000 0,24,18,30,17,28,0,0,17,30,0,0,0,0,0,0,20,30,0,0,0,0,0,0,0,0,0,0,0,0,0,0 0,20,29,30,29,30,0,0,29,30,0,0,0,0,0,0,29,30,0,0,0,0,0,0,0,0,0,0,0,0,0,0
00000 0,8,10,0,7,0,0,0,5,0,0,0,0,0,0,0,6,0,0,0,0,0,0,0,0,0,0,0,0,0,0,0 0,16,16,0,16,0,0,0,16,0,0,0,0,0,0,0,16,0,0,0,0,0,0,0,0,0,0,0,0,0,0,0
00000 0,3,4,0,3,0,0,0,6,0,0,0,0,0,0,0,4,0,0,0,0,0,0,0,0,0,0,0,0,0,0,0 0,12,12,0,12,0,0,0,12,0,0,0,0,0,0,0,12,0,0,0,0,0,0,0,0,0,0,0,0,0,0,0
01000 0,16,23,27,13,0,24,0,17,0,29,0,0,0,0,0,15,0,28,0,0,0,0,0,0,0,0,0,0,0,0,0 0,19,14,20,19,0,20,0,19,0,20,0,0,0,0,0,19,0,20,0,0,0,0,0,0,0,0,0,0,0,0,0
01000 0,11,11,16,7,0,15,0,13,0,16,0,0,0,0,0,6,0,14,0,0,0,0,0,0,0,0,0,0,0,0,0 0,13,8,14,13,0,14,0,13,0,14,0,0,0,0,0,13,0,14,0,0,0,0,0,0,0,0,0,0,0,0,0
11111 0,20,12,23,15,26,20,27,16,25,24,27,23,27,26,28,19,25,24,27,25,28,27,28,25,28,28,29,28,29,29,29 0,6,6,7,6,7,7,8,6,7,7,8,7,8,8,9,6,7,7,8,7,8,8,9,7,8,8,9,8,9,9,10
00100 0,18,15,0,19,30,26,0,15,0,0,0,28,0,0,0,20,0,0,0,30,0,0,0,0,0,0,0,0,0,0,0 0,21,21,0,12,22,22,0,21,0,0,0,22,0,0,0,21,0,0,0,22,0,0,0,0,0,0,0,0,0,0,0
00100 0,15,12,0,23,27,28,0,18,0,0,0,28,0,0,0,11,0,0,0,26,0,0,0,0,0,0,0,0,0,0,0 0,19,19,0,14,20,20,0,19,0,0,0,20,0,0,0,19,0,0,0,20,0,0,0,0,0,0,0,0,0,0,0
00000 0,4,2,0,2,0,0,0,4,0,0,0,0,0,0,0,4,0,0,0,0,0,0,0,0,0,0,0,0,0,0,0 0,10,10,0,10,0,0,0,10,0,0,0,0,0,0,0,10,0,0,0,0,0,0,0,0,0,0,0,0,0,0,0
00010 0,21,21,0,24,0,0,0,25,32,31,0,34,0,0,0,20,0,0,0,0,0,0,0,34,0,0,0,0,0,0,0 0,29,29,0,29,0,0,0,20,30,30,0,30,0,0,0,29,0,0,0,0,0,0,0,30,0,0,0,0,0,0,0
00110 0,15,19,0,20,27,26,0,20,28,29,0,28,31,31,0,10,0,0,0,23,0,0,0,23,0,0,0,30,0,0,0 0,28,28,0,19,29,29,0,19,29,29,0,20,30,30,0,28,0,0,0,29,0,0,0,29,0,0,0,30,0,0,0
00011 0,13,16,0,17,0,0,0,18,23,26,0,24,0,0,0,18,25,22,0,26,0,0,0,28,30,29,0,29,0,0,0 0,20,20,0,20,0,0,0,15,21,21,0,21,0,0,0,15,21,21,0,21,0,0,0,16,22,22,0,22,0,0,0
11111 0,22,20,30,18,31,26,32,18,28,29,33,28,34,32,34,27,34,34,37,35,37,36,37,32,35,36,37,37,37,37,37 0,6,6,7,6,7,7,8,6,7,7,8,7,8,8,9,6,7,7,8,7,8,8,9,7,8,8,9,8,9,9,10
11111 0,14,15,20,13,19,21,24,14,19,20,23,19,21,23,25,10,17,19,23,17,20,22,25,16,20,21,24,19,21,23,25 0,6,6,7,6,7,7,8,6,7,7,8,7,8,8,9,6,7,7,8,7,8,8,9,7,8,8,9,8,9,9,10
00000 0,5,3,0,2,0,0,0,2,0,0,0,0,0,0,0,2,0,0,0,0,0,0,0,0,0,0,0,0,0,0,0 0,12,12,0,12,0,0,0,12,0,0,0,0,0,0,0,12,0,0,0,0,0,0,0,0,0,0,0,0,0,0,0
01110 0,17,18,26,20,29,32,35,25,33,35,38,33,37,39,40,19,0,28,0,28,0,35,0,31,0,38,0,34,0,39,0 0,23,18,24,18,24,19,25,18,24,19,25,19,25,20,26,23,0,24,0,24,0,25,0,24,0,25,0,25,0,26,0
00000 0,3,3,0,3,0,0,0,3,0,0,0,0,0,0,0,3,0,0,0,0,0,0,0,0,0,0,0,0,0,0,0 0,12,12,0,12,0,0,0,12,0,0,0,0,0,0,0,12,0,0,0,0,0,0,0,0,0,0,0,0,0,0,0
11111 0,15,22,26,16,23,26,28,17,24,29,31,25,29,32,33,18,26,30,32,26,30,31,32,30,33,35,35,31,34,35,35 0,12,12,13,12,13,13,14,12,13,13,14,13,14,14,15,12,13,13,14,13,14,14,15,13,14,14,15,14,15,15,16
00000 0,8,6,0,5,0,0,0,2,0,0,0,0,0,0,0,7,0,0,0,0,0,0,0,0,0,0,0,0,0,0,0 0,14,14,0,14,0,0,0,14,0,0,0,0,0,0,0,14,0,0,0,0,0,0,0,0,0,0,0,0,0,0,0
11111 0,23,23,30,24,36,33,38,22,33,35,37,33,38,38,39,20,33,33,36,31,38,36,38,32,37,39,39,36,39,39,39 0,10,10,11,10,11,11,12,10,11,11,12,11,12,12,13,10,11,11,12,11,12,12,13,11,12,12,13,12,13,13,14
00000 0,3,3,0,4,0,0,0,2,0,0,0,0,0,0,0,1,0,0,0,0,0,0,0,0,0,0,0,0,0,0,0 0,8,8,0,8,0,0,0,8,0,0,0,0,0,0,0,8,0,0,0,0,0,0,0,0,0,0,0,0,0,0,0
00000 0,8,7,0,6,0,0,0,7,0,0,0,0,0,0,0,5,0,0,0,0,0,0,0,0,0,0,0,0,0,0,0 0,12,12,0,12,0,0,0,12,0,0,0,0,0,0,0,12,0,0,0,0,0,0,0,0,0,0,0,0,0,0,0
00010 0,8,8,0,5,0,0,0,14,16,15,0,15,0,0,0,9,0,0,0,0,0,0,0,17,0,0,0,0,0,0,0 0,23,23,0,23,0,0,0,14,24,24,0,24,0,0,0,23,0,0,0,0,0,0,0,24,0,0,0,0,0,0,0
00000 0,7,7,0,8,0,0,0,4,0,0,0,0,0,0,0,5,0,0,0,0,0,0,0,0,0,0,0,0,0,0,0 0,16,16,0,16,0,0,0,16,0,0,0,0,0,0,0,16,0,0,0,0,0,0,0,0,0,0,0,0,0,0,0
00000 0,5,3,0,5,0,0,0,5,0,0,0,0,0,0,0,6,0,0,0,0,0,0,0,0,0,0,0,0,0,0,0 0,18,18,0,18,0,0,0,18,0,0,0,0,0,0,0,18,0,0,0,0,0,0,0,0,0,0,0,0,0,0,0
01000 0,4,4,6,3,0,5,0,2,0,5,0,0,0,0,0,4,0,6,0,0,0,0,0,0,0,0,0,0,0,0,0 0,5,4,6,5,0,6,0,5,0,6,0,0,0,0,0,5,0,6,0,0,0,0,0,0,0,0,0,0,0,0,0
10000 0,17,9,21,14,24,0,0,16,24,0,0,0,0,0,0,15,23,0,0,0,0,0,0,0,0,0,0,0,0,0,0 0,12,21,22,21,22,0,0,21,22,0,0,0,0,0,0,21,22,0,0,0,0,0,0,0,0,0,0,0,0,0,0
00000 0,13,15,0,10,0,0,0,8,0,0,0,0,0,0,0,12,0,0,0,0,0,0,0,0,0,0,0,0,0,0,0 0,18,18,0,18,0,0,0,18,0,0,0,0,0,0,0,18,0,0,0,0,0,0,0,0,0,0,0,0,0,0,0
00001 0,20,17,0,16,0,0,0,19,0,0,0,0,0,0,0,20,31,28,0,27,0,0,0,31,0,0,0,0,0,0,0 0,21,21,0,21,0,0,0,21,0,0,0,0,0,0,0,12,22,22,0,22,0,0,0,22,0,0,0,0,0,0,0
00000 0,1,1,0,1,0,0,0,2,0,0,0,0,0,0,0,4,0,0,0,0,0,0,0,0,0,0,0,0,0,0,0 0,12,12,0,12,0,0,0,12,0,0,0,0,0,0,0,12,0,0,0,0,0,0,0,0,0,0,0,0,0,0,0
11100 0,18,16,27,25,33,32,38,25,32,30,34,38,38,40,40,18,27,28,34,31,36,36,40,0,0,0,0,0,0,0,0 0,16,16,17,16,17,17,18,21,22,22,23,22,23,23,24,21,22,22,23,22,23,23,24,0,0,0,0,0,0,0,0
01010 0,11,12,16,9,0,16,0,14,15,19,19,16,0,20,0,9,0,16,0,0,0,0,0,16,0,19,0,0,0,0,0 0,12,11,13,12,0,13,0,11,13,12,14,13,0,14,0,12,0,13,0,0,0,0,0,13,0,14,0,0,0,0,0
00000 0,15,18,0,19,0,0,0,16,0,0,0,0,0,0,0,12,0,0,0,0,0,0,0,0,0,0,0,0,0,0,0 0,20,20,0,20,0,0,0,20,0,0,0,0,0,0,0,20,0,0,0,0,0,0,0,0,0,0,0,0,0,0,0
00000 0,9,7,0,9,0,0,0,9,0,0,0,0,0,0,0,9,0,0,0,0,0,0,0,0,0,0,0,0,0,0,0 0,14,14,0,14,0,0,0,14,0,0,0,0,0,0,0,14,0,0,0,0,0,0,0,0,0,0,0,0,0,0,0
00000 0,7,7,0,4,0,0,0,7,0,0,0,0,0,0,0,5,0,0,0,0,0,0,0,0,0,0,0,0,0,0,0 0,8,8,0,8,0,0,0,8,0,0,0,0,0,0,0,8,0,0,0,0,0,0,0,0,0,0,0,0,0,0,0
00101 0,26,25,0,27,34,33,0,17,0,0,0,34,0,0,0,25,36,32,0,33,38,37,0,30,0,0,0,37,0,0,0 0,26,26,0,21,27,27,0,26,0,0,0,27,0,0,0,21,27,27,0,22,28,28,0,27,0,0,0,28,0,0,0
00000 0,2,5,0,3,0,0,0,4,0,0,0,0,0,0,0,5,0,0,0,0,0,0,0,0,0,0,0,0,0,0,0 0,18,18,0,18,0,0,0,18,0,0,0,0,0,0,0,18,0,0,0,0,0,0,0,0,0,0,0,0,0,0,0
00001 0,13,21,0,19,0,0,0,19,0,0,0,0,0,0,0,19,27,32,0,28,0,0,0,29,0,0,0,0,0,0,0 0,21,21,0,21,0,0,0,21,0,0,0,0,0,0,0,16,22,22,0,22,0,0,0,22,0,0,0,0,0,0,0
11111 0,26,24,34,26,34,34,37,21,36,34,39,32,38,37,39,25,35,32,37,33,37,37,38,36,40,39,40,38,40,40,40 0,12,12,13,12,13,13,14,12,13,13,14,13,14,14,15,12,13,13,14,13,14,14,15,13,14,14,15,14,15,15,16
00001 0,9,11,0,9,0,0,0,9,0,0,0,0,0,0,0,12,15,16,0,15,0,0,0,14,0,0,0,0,0,0,0 0,15,15,0,15,0,0,0,15,0,0,0,0,0,0,0,10,16,16,0,16,0,0,0,16,0,0,0,0,0,0,0
11111 0,20,19,31,27,36,35,41,24,31,32,38,39,41,41,43,24,35,33,40,35,40,40,43,35,39,40,43,42,42,44,44 0,14,14,15,14,15,15,16,14,15,15,16,15,16,16,17,14,15,15,16,15,16,16,17,15,16,16,17,16,17,17,18
00000 0,9,8,0,8,0,0,0,4,0,0,0,0,0,0,0,7,0,0,0,0,0,0,0,0,0,0,0,0,0,0,0 0,12,12,0,12,0,0,0,12,0,0,0,0,0,0,0,12,0,0,0,0,0,0,0,0,0,0,0,0,0,0,0
11111 0,19,22,33,20,28,31,36,17,29,28,35,30,35,35,38,24,32,34,39,31,36,37,40,32,37,37,40,37,40,39,41 0,16,16,17,16,17,17,18,16,17,17,18,17,18,18,19,16,17,17,18,17,18,18,19,17,18,18,19,18,19,19,20
00000 0,2,4,0,5,0,0,0,2,0,0,0,0,0,0,0,2,0,0,0,0,0,0,0,0,0,0,0,0,0,0,0 0,8,8,0,8,0,0,0,8,0,0,0,0,0,0,0,8,0,0,0,0,0,0,0,0,0,0,0,0,0,0,0
01100 0,14,15,21,16,24,22,26,16,0,22,0,21,0,24,0,14,0,22,0,21,0,24,0,0,0,0,0,0,0,0,0 0,20,15,21,15,21,16,22,20,0,21,0,21,0,22,0,20,0,21,0,21,0,22,0,0,0,0,0,0,0,0,0
00100 0,15,14,0,22,30,29,0,17,0,0,0,30,0,0,0,18,0,0,0,26,0,0,0,0,0,0,0,0,0,0,0 0,25,25,0,16,26,26,0,25,0,0,0,26,0,0,0,25,0,0,0,26,0,0,0,0,0,0,0,0,0,0,0
00000 0,8,6,0,6,0,0,0,6,0,0,0,0,0,0,0,5,0,0,0,0,0,0,0,0,0,0,0,0,0,0,0 0,10,10,0,10,0,0,0,10,0,0,0,0,0,0,0,10,0,0,0,0,0,0,0,0,0,0,0,0,0,0,0
11111 0,27,23,35,27,39,37,41,26,38,34,40,35,42,41,43,17,37,31,40,35,42,41,43,31,40,37,42,38,43,42,44 0,10,10,11,10,11,11,12,10,11,11,12,11,12,12,13,10,11,11,12,11,12,12,13,11,12,12,13,12,13,13,14
00000 0,7,4,0,7,0,0,0,4,0,0,0,0,0,0,0,6,0,0,0,0,0,0,0,0,0,0,0,0,0,0,0 0,12,12,0,12,0,0,0,12,0,0,0,0,0,0,0,12,0,0,0,0,0,0,0,0,0,0,0,0,0,0,0
00000 0,4,7,0,6,0,0,0,6,0,0,0,0,0,0,0,6,0,0,0,0,0,0,0,0,0,0,0,0,0,0,0 0,10,10,0,10,0,0,0,10,0,0,0,0,0,0,0,10,0,0,0,0,0,0,0,0,0,0,0,0,0,0,0
00000 0,10,9,0,7,0,0,0,10,0,0,0,0,0,0,0,6,0,0,0,0,0,0,0,0,0,0,0,0,0,0,0 0,14,14,0,14,0,0,0,14,0,0,0,0,0,0,0,14,0,0,0,0,0,0,0,0,0,0,0,0,0,0,0
10010 0,21,22,30,17,30,0,0,24,33,34,37,29,36,0,0,20,31,0,0,0,0,0,0,33,38,0,0,0,0,0,0 0,21,30,31,30,31,0,0,21,22,31,32,31,32,0,0,30,31,0,0,0,0,0,0,31,32,0,0,0,0,0,0
10000 0,18,20,27,15,25,0,0,14,25,0,0,0,0,0,0,13,23,0,0,0,0,0,0,0,0,0,0,0,0,0,0 0,10,19,20,19,20,0,0,19,20,0,0,0,0,0,0,19,20,0,0,0,0,0,0,0,0,0,0,0,0,0,0
00000 0,5,5,0,4,0,0,0,5,0,0,0,0,0,0,0,2,0,0,0,0,0,0,0,0,0,0,0,0,0,0,0 0,10,10,0,10,0,0,0,10,0,0,0,0,0,0,0,10,0,0,0,0,0,0,0,0,0,0,0,0,0,0,0
00000 0,13,15,0,13,0,0,0,12,0,0,0,0,0,0,0,13,0,0,0,0,0,0,0,0,0,0,0,0,0,0,0 0,16,16,0,16,0,0,0,16,0,0,0,0,0,0,0,16,0,0,0,0,0,0,0,0,0,0,0,0,0,0,0
00010 0,14,13,0,9,0,0,0,15,22,21,0,18,0,0,0,13,0,0,0,0,0,0,0,22,0,0,0,0,0,0,0 0,19,19,0,19,0,0,0,14,20,20,0,20,0,0,0,19,0,0,0,0,0,0,0,20,0,0,0,0,0,0,0
00000 0,10,6,0,5,0,0,0,9,0,0,0,0,0,0,0,8,0,0,0,0,0,0,0,0,0,0,0,0,0,0,0 0,12,12,0,12,0,0,0,12,0,0,0,0,0,0,0,12,0,0,0,0,0,0,0,0,0,0,0,0,0,0,0
00100 0,10,9,0,12,17,15,0,8,0,0,0,16,0,0,0,12,0,0,0,17,0,0,0,0,0,0,0,0,0,0,0 0,13,13,0,12,14,14,0,13,0,0,0,14,0,0,0,13,0,0,0,14,0,0,0,0,0,0,0,0,0,0,0
00001 0,3,5,0,3,0,0,0,5,0,0,0,0,0,0,0,6,6,7,0,7,0,0,0,8,0,0,0,0,0,0,0 0,7,7,0,7,0,0,0,7,0,0,0,0,0,0,0,6,8,8,0,8,0,0,0,8,0,0,0,0,0,0,0
11111 0,16,14,24,17,25,21,26,18,23,25,27,25,28,27,28,20,26,25,29,26,29,27,29,27,28,30,30,29,30,30,30 0,14,14,15,14,15,15,16,14,15,15,16,15,16,16,17,14,15,15,16,15,16,16,17,15,16,16,17,16,17,17,18
00001 0,10,9,0,10,0,0,0,10,0,0,0,0,0,0,0,15,19,19,0,18,0,0,0,18,0,0,0,0,0,0,0 0,15,15,0,15,0,0,0,15,0,0,0,0,0,0,0,10,16,16,0,16,0,0,0,16,0,0,0,0,0,0,0
11000 0,19,16,25,11,22,21,25,12,23,20,26,0,0,0,0,15,24,21,26,0,0,0,0,0,0,0,0,0,0,0,0 0,11,11,12,16,17,17,18,16,17,17,18,0,0,0,0,16,17,17,18,0,0,0,0,0,0,0,0,0,0,0,0
00000 0,2,3,0,3,0,0,0,2,0,0,0,0,0,0,0,1,0,0,0,0,0,0,0,0,0,0,0,0,0,0,0 0,4,4,0,4,0,0,0,4,0,0,0,0,0,0,0,4,0,0,0,0,0,0,0,0,0,0,0,0,0,0,0
00000 0,5,7,0,6,0,0,0,4,0,0,0,0,0,0,0,7,0,0,0,0,0,0,0,0,0,0,0,0,0,0,0 0,14,14,0,14,0,0,0,14,0,0,0,0,0,0,0,14,0,0,0,0,0,0,0,0,0,0,0,0,0,0,0
11111 0,18,24,33,23,31,34,38,22,27,37,39,33,36,39,40,22,27,34,36,30,33,38,38,31,33,40,40,35,37,40,40 0,14,14,15,14,15,15,16,14,15,15,16,15,16,16,17,14,15,15,16,15,16,16,17,15,16,16,17,16,17,17,18
10000 0,6,4,7,2,6,0,0,4,7,0,0,0,0,0,0,4,7,0,0,0,0,0,0,0,0,0,0,0,0,0,0 0,6,7,8,7,8,0,0,7,8,0,0,0,0,0,0,7,8,0,0,0,0,0,0,0,0,0,0,0,0,0,0
11111 0,12,16,19,12,16,20,21,8,16,17,20,15,18,20,21,13,18,20,21,18,20,20,21,16,19,20,21,19,20,20,21 0,6,6,7,6,7,7,8,6,7,7,8,7,8,8,9,6,7,7,8,7,8,8,9,7,8,8,9,8,9,9,10
11111 0,18,13,26,16,24,22,28,20,27,23,28,25,29,26,30,16,26,20,29,23,29,25,30,27,30,27,30,28,31,28,31 0,6,6,7,6,7,7,8,6,7,7,8,7,8,8,9,6,7,7,8,7,8,8,9,7,8,8,9,8,9,9,10
10110 0,8,6,11,6,10,10,12,6,11,10,12,10,13,12,13,5,9,0,0,8,10,0,0,8,12,0,0,11,13,0,0 0,6,7,8,6,7,8,9,6,7,8,9,7,8,9,10,7,8,0,0,8,9,0,0,8,9,0,0,9,10,0,0
10000 0,19,16,25,13,27,0,0,14,27,0,0,0,0,0,0,19,29,0,0,0,0,0,0,0,0,0,0,0,0,0,0 0,14,23,24,23,24,0,0,23,24,0,0,0,0,0,0,23,24,0,0,0,0,0,0,0,0,0,0,0,0,0,0
00000 0,8,5,0,6,0,0,0,3,0,0,0,0,0,0,0,7,0,0,0,0,0,0,0,0,0,0,0,0,0,0,0 0,14,14,0,14,0,0,0,14,0,0,0,0,0,0,0,14,0,0,0,0,0,0,0,0,0,0,0,0,0,0,0
00000 0,13,14,0,14,0,0,0,12,0,0,0,0,0,0,0,12,0,0,0,0,0,0,0,0,0,0,0,0,0,0,0 0,20,20,0,20,0,0,0,20,0,0,0,0,0,0,0,20,0,0,0,0,0,0,0,0,0,0,0,0,0,0,0
10000 0,8,6,11,5,10,0,0,7,10,0,0,0,0,0,0,7,11,0,0,0,0,0,0,0,0,0,0,0,0,0,0 0,8,9,10,9,10,0,0,9,10,0,0,0,0,0,0,9,10,0,0,0,0,0,0,0,0,0,0,0,0,0,0
00000 0,7,4,0,6,0,0,0,5,0,0,0,0,0,0,0,5,0,0,0,0,0,0,0,0,0,0,0,0,0,0,0 0,14,14,0,14,0,0,0,14,0,0,0,0,0,0,0,14,0,0,0,0,0,0,0,0,0,0,0,0,0,0,0
11110 0,23,25,37,21,35,32,40,24,34,34,41,34,41,38,43,20,32,35,41,31,39,39,43,35,38,40,43,40,42,42,44 0,21,21,22,21,22,22,23,21,22,22,23,22,23,23,24,26,27,27,28,27,28,28,29,27,28,28,29,28,29,29,30
10000 0,22,16,30,18,29,0,0,18,31,0,0,0,0,0,0,18,32,0,0,0,0,0,0,0,0,0,0,0,0,0,0 0,12,21,22,21,22,0,0,21,22,0,0,0,0,0,0,21,22,0,0,0,0,0,0,0,0,0,0,0,0,0,0
00100 0,14,16,0,17,23,23,0,15,0,0,0,25,0,0,0,12,0,0,0,23,0,0,0,0,0,0,0,0,0,0,0 0,25,25,0,16,26,26,0,25,0,0,0,26,0,0,0,25,0,0,0,26,0,0,0,0,0,0,0,0,0,0,0
01000 0,11,16,21,14,0,19,0,16,0,22,0,0,0,0,0,12,0,19,0,0,0,0,0,0,0,0,0,0,0,0,0 0,25,16,26,25,0,26,0,25,0,26,0,0,0,0,0,25,0,26,0,0,0,0,0,0,0,0,0,0,0,0,0
11111 0,11,11,19,6,16,14,21,15,20,21,24,18,23,22,25,15,19,19,23,17,20,20,23,23,24,24,25,23,24,24,25 0,6,6,7,6,7,7,8,6,7,7,8,7,8,8,9,6,7,7,8,7,8,8,9,7,8,8,9,8,9,9,10
00011 0,15,14,0,11,0,0,0,16,22,22,0,21,0,0,0,16,23,20,0,18,0,0,0,22,24,24,0,23,0,0,0 0,20,20,0,20,0,0,0,15,21,21,0,21,0,0,0,15,21,21,0,21,0,0,0,16,22,22,0,22,0,0,0
00001 0,6,6,0,4,0,0,0,4,0,0,0,0,0,0,0,9,10,10,0,9,0,0,0,10,0,0,0,0,0,0,0 0,11,11,0,11,0,0,0,11,0,0,0,0,0,0,0,6,12,12,0,12,0,0,0,12,0,0,0,0,0,0,0
00100 0,4,6,0,8,9,8,0,3,0,0,0,9,0,0,0,4,0,0,0,8,0,0,0,0,0,0,0,0,0,0,0 0,9,9,0,8,10,10,0,9,0,0,0,10,0,0,0,9,0,0,0,10,0,0,0,0,0,0,0,0,0,0,0
10100 0,15,9,20,14,20,18,23,12,21,0,0,18,24,0,0,11,22,0,0,22,27,0,0,0,0,0,0,0,0,0,0 0,13,18,19,13,14,19,20,18,19,0,0,19,20,0,0,18,19,0,0,19,20,0,0,0,0,0,0,0,0,0,0
10010 0,12,6,13,8,14,0,0,10,14,12,14,14,16,0,0,9,14,0,0,0,0,0,0,13,15,0,0,0,0,0,0 0,9,10,11,10,11,0,0,9,10,11,12,11,12,0,0,10,11,0,0,0,0,0,0,11,12,0,0,0,0,0,0
11111 0,16,15,23,16,23,24,27,16,22,22,27,22,24,25,27,15,23,23,26,22,26,26,27,23,25,26,27,26,26,27,27 0,8,8,9,8,9,9,10,8,9,9,10,9,10,10,11,8,9,9,10,9,10,10,11,9,10,10,11,10,11,11,12
10000 0,21,18,28,19,28,0,0,14,27,0,0,0,0,0,0,12,26,0,0,0,0,0,0,0,0,0,0,0,0,0,0 0,18,27,28,27,28,0,0,27,28,0,0,0,0,0,0,27,28,0,0,0,0,0,0,0,0,0,0,0,0,0,0
00001 0,14,11,0,14,0,0,0,9,0,0,0,0,0,0,0,14,20,19,0,19,0,0,0,18,0,0,0,0,0,0,0 0,15,15,0,15,0,0,0,15,0,0,0,0,0,0,0,10,16,16,0,16,0,0,0,16,0,0,0,0,0,0,0
10010 0,9,7,11,5,10,0,0,8,13,11,13,10,13,0,0,4,10,0,0,0,0,0,0,10,13,0,0,0,0,0,0 0,7,8,9,8,9,0,0,7,8,9,10,9,10,0,0,8,9,0,0,0,0,0,0,9,10,0,0,0,0,0,0
10010 0,21,20,30,19,28,0,0,19,29,28,34,28,33,0,0,21,30,0,0,0,0,0,0,31,34,0,0,0,0,0,0 0,19,28,29,28,29,0,0,19,20,29,30,29,30,0,0,28,29,0,0,0,0,0,0,29,30,0,0,0,0,0,0
00000 0,9,9,0,10,0,0,0,9,0,0,0,0,0,0,0,8,0,0,0,0,0,0,0,0,0,0,0,0,0,0,0 0,16,16,0,16,0,0,0,16,0,0,0,0,0,0,0,16,0,0,0,0,0,0,0,0,0,0,0,0,0,0,0
00001 0,7,6,0,6,0,0,0,9,0,0,0,0,0,0,0,7,13,11,0,12,0,0,0,13,0,0,0,0,0,0,0 0,11,11,0,11,0,0,0,11,0,0,0,0,0,0,0,6,12,12,0,12,0,0,0,12,0,0,0,0,0,0,0
00000 0,4,3,0,4,0,0,0,3,0,0,0,0,0,0,0,3,0,0,0,0,0,0,0,0,0,0,0,0,0,0,0 0,10,10,0,10,0,0,0,10,0,0,0,0,0,0,0,10,0,0,0,0,0,0,0,0,0,0,0,0,0,0,0
00000 0,8,12,0,13,0,0,0,11,0,0,0,0,0,0,0,8,0,0,0,0,0,0,0,0,0,0,0,0,0,0,0 0,16,16,0,16,0,0,0,16,0,0,0,0,0,0,0,16,0,0,0,0,0,0,0,0,0,0,0,0,0,0,0
11111 0,19,16,26,17,27,24,31,19,29,26,31,29,34,30,34,18,28,27,31,26,31,29,32,25,32,31,33,32,34,33,34 0,16,16,17,16,17,17,18,16,17,17,18,17,18,18,19,16,17,17,18,17,18,18,19,17,18,18,19,18,19,19,20
00000 0,3,5,0,5,0,0,0,9,0,0,0,0,0,0,0,3,0,0,0,0,0,0,0,0,0,0,0,0,0,0,0 0,16,16,0,16,0,0,0,16,0,0,0,0,0,0,0,16,0,0,0,0,0,0,0,0,0,0,0,0,0,0,0
00001 0,9,18,0,20,0,0,0,18,0,0,0,0,0,0,0,20,22,27,0,28,0,0,0,26,0,0,0,0,0,0,0 0,21,21,0,21,0,0,0,21,0,0,0,0,0,0,0,12,22,22,0,22,0,0,0,22,0,0,0,0,0,0,0
10001 0,13,15,23,10,20,0,0,14,19,0,0,0,0,0,0,12,19,21,25,18,23,0,0,20,24,0,0,0,0,0,0 0,11,16,17,16,17,0,0,16,17,0,0,0,0,0,0,11,12,17,18,17,18,0,0,17,18,0,0,0,0,0,0
00000 0,10,11,0,13,0,0,0,13,0,0,0,0,0,0,0,8,0,0,0,0,0,0,0,0,0,0,0,0,0,0,0 0,18,18,0,18,0,0,0,18,0,0,0,0,0,0,0,18,0,0,0,0,0,0,0,0,0,0,0,0,0,0,0
00000 0,9,8,0,8,0,0,0,5,0,0,0,0,0,0,0,6,0,0,0,0,0,0,0,0,0,0,0,0,0,0,0 0,14,14,0,14,0,0,0,14,0,0,0,0,0,0,0,14,0,0,0,0,0,0,0,0,0,0,0,0,0,0,0
01001 0,15,27,35,19,0,34,0,18,0,32,0,0,0,0,0,24,33,32,37,32,0,36,0,31,0,35,0,0,0,0,0 0,26,21,27,26,0,27,0,26,0,27,0,0,0,0,0,21,27,22,28,27,0,28,0,27,0,28,0,0,0,0,0
11111 0,16,20,31,21,27,30,36,24,30,31,36,35,37,37,39,23,28,29,34,33,36,36,39,30,33,33,36,36,38,37,39 0,8,8,9,8,9,9,10,8,9,9,10,9,10,10,11,8,9,9,10,9,10,10,11,9,10,10,11,10,11,11,12
01101 0,8,13,15,13,16,19,20,10,0,16,0,16,0,20,0,10,14,17,19,17,19,21,22,15,0,19,0,18,0,21,0 0,11,10,12,10,12,11,13,11,0,12,0,12,0,13,0,10,12,11,13,11,13,12,14,12,0,13,0,13,0,14,0
11101 0,18,15,24,16,27,23,29,18,25,25,29,26,30,28,31,19,28,26,30,24,31,29,32,26,29,30,31,29,31,31,32 0,15,15,16,15,16,16,17,16,17,17,18,17,18,18,19,15,16,16,17,16,17,17,18,17,18,18,19,18,19,19,20
00000 0,9,6,0,9,0,0,0,9,0,0,0,0,0,0,0,9,0,0,0,0,0,0,0,0,0,0,0,0,0,0,0 0,10,10,0,10,0,0,0,10,0,0,0,0,0,0,0,10,0,0,0,0,0,0,0,0,0,0,0,0,0,0,0
10001 0,23,20,29,20,27,0,0,17,31,0,0,0,0,0,0,21,31,28,34,29,32,0,0,28,35,0,0,0,0,0,0 0,19,28,29,28,29,0,0,28,29,0,0,0,0,0,0,19,20,29,30,29,30,0,0,29,30,0,0,0,0,0,0
01001 0,7,11,12,5,0,12,0,8,0,12,0,0,0,0,0,12,13,14,14,13,0,14,0,14,0,14,0,0,0,0,0 0,10,9,11,10,0,11,0,10,0,11,0,0,0,0,0,9,11,10,12,11,0,12,0,11,0,12,0,0,0,0,0
00000 0,6,5,0,7,0,0,0,6,0,0,0,0,0,0,0,5,0,0,0,0,0,0,0,0,0,0,0,0,0,0,0 0,12,12,0,12,0,0,0,12,0,0,0,0,0,0,0,12,0,0,0,0,0,0,0,0,0,0,0,0,0,0,0
10000 0,13,17,21,11,18,0,0,13,22,0,0,0,0,0,0,13,20,0,0,0,0,0,0,0,0,0,0,0,0,0,0 0,10,19,20,19,20,0,0,19,20,0,0,0,0,0,0,19,20,0,0,0,0,0,0,0,0,0,0,0,0,0,0
11111 0,20,22,28,15,26,26,30,21,29,32,34,26,32,32,34,18,29,31,34,25,31,34,35,31,35,38,38,33,36,38,38 0,12,12,13,12,13,13,14,12,13,13,14,13,14,14,15,12,13,13,14,13,14,14,15,13,14,14,15,14,15,15,16
00000 0,1,3,0,1,0,0,0,2,0,0,0,0,0,0,0,3,0,0,0,0,0,0,0,0,0,0,0,0,0,0,0 0,14,14,0,14,0,0,0,14,0,0,0,0,0,0,0,14,0,0,0,0,0,0,0,0,0,0,0,0,0,0,0
00110 0,18,25,0,24,31,36,0,25,36,36,0,35,40,41,0,20,0,0,0,34,0,0,0,33,0,0,0,40,0,0,0 0,32,32,0,23,33,33,0,23,33,33,0,24,34,34,0,32,0,0,0,33,0,0,0,33,0,0,0,34,0,0,0
01000 0,14,15,22,16,0,23,0,8,0,19,0,0,0,0,0,14,0,23,0,0,0,0,0,0,0,0,0,0,0,0,0 0,19,10,20,19,0,20,0,19,0,20,0,0,0,0,0,19,0,20,0,0,0,0,0,0,0,0,0,0,0,0,0
11111 0,15,18,25,14,20,25,27,14,23,22,28,23,25,27,28,18,22,24,27,23,24,28,28,23,26,25,28,26,26,28,28 0,12,12,13,12,13,13,14,12,13,13,14,13,14,14,15,12,13,13,14,13,14,14,15,13,14,14,15,14,15,15,16
00000 0,6,7,0,5,0,0,0,5,0,0,0,0,0,0,0,6,0,0,0,0,0,0,0,0,0,0,0,0,0,0,0 0,8,8,0,8,0,0,0,8,0,0,0,0,0,0,0,8,0,0,0,0,0,0,0,0,0,0,0,0,0,0,0
00001 0,14,17,0,16,0,0,0,11,0,0,0,0,0,0,0,15,23,24,0,21,0,0,0,22,0,0,0,0,0,0,0 0,23,23,0,23,0,0,0,23,0,0,0,0,0,0,0,14,24,24,0,24,0,0,0,24,0,0,0,0,0,0,0
00100 0,10,9,0,12,16,16,0,7,0,0,0,14,0,0,0,12,0,0,0,18,0,0,0,0,0,0,0,0,0,0,0 0,13,13,0,12,14,14,0,13,0,0,0,14,0,0,0,13,0,0,0,14,0,0,0,0,0,0,0,0,0,0,0
00000 0,5,6,0,5,0,0,0,5,0,0,0,0,0,0,0,6,0,0,0,0,0,0,0,0,0,0,0,0,0,0,0 0,12,12,0,12,0,0,0,12,0,0,0,0,0,0,0,12,0,0,0,0,0,0,0,0,0,0,0,0,0,0,0
11111 0,12,15,21,12,19,21,24,15,19,21,23,22,23,25,25,12,20,22,26,19,24,26,28,22,25,26,28,27,27,29,29 0,8,8,9,8,9,9,10,8,9,9,10,9,10,10,11,8,9,9,10,9,10,10,11,9,10,10,11,10,11,11,12
00000 0,4,6,0,6,0,0,0,7,0,0,0,0,0,0,0,6,0,0,0,0,0,0,0,0,0,0,0,0,0,0,0 0,12,12,0,12,0,0,0,12,0,0,0,0,0,0,0,12,0,0,0,0,0,0,0,0,0,0,0,0,0,0,0
00000 0,17,19,0,19,0,0,0,18,0,0,0,0,0,0,0,17,0,0,0,0,0,0,0,0,0,0,0,0,0,0,0 0,20,20,0,20,0,0,0,20,0,0,0,0,0,0,0,20,0,0,0,0,0,0,0,0,0,0,0,0,0,0,0
00000 0,9,4,0,9,0,0,0,8,0,0,0,0,0,0,0,8,0,0,0,0,0,0,0,0,0,0,0,0,0,0,0 0,14,14,0,14,0,0,0,14,0,0,0,0,0,0,0,14,0,0,0,0,0,0,0,0,0,0,0,0,0,0,0
00000 0,3,4,0,4,0,0,0,3,0,0,0,0,0,0,0,4,0,0,0,0,0,0,0,0,0,0,0,0,0,0,0 0,20,20,0,20,0,0,0,20,0,0,0,0,0,0,0,20,0,0,0,0,0,0,0,0,0,0,0,0,0,0,0
10000 0,14,10,20,11,20,0,0,16,22,0,0,0,0,0,0,13,22,0,0,0,0,0,0,0,0,0,0,0,0,0,0 0,12,21,22,21,22,0,0,21,22,0,0,0,0,0,0,21,22,0,0,0,0,0,0,0,0,0,0,0,0,0,0
00100 0,10,6,0,11,12,13,0,6,0,0,0,13,0,0,0,6,0,0,0,12,0,0,0,0,0,0,0,0,0,0,0 0,19,19,0,10,20,20,0,19,0,0,0,20,0,0,0,19,0,0,0,20,0,0,0,0,0,0,0,0,0,0,0
11111 0,18,19,25,24,32,31,34,19,29,31,33,31,36,35,36,17,27,26,31,31,35,34,36,30,35,35,37,35,37,36,37 0,12,12,13,12,13,13,14,12,13,13,14,13,14,14,15,12,13,13,14,13,14,14,15,13,14,14,15,14,15,15,16
11111 0,22,23,35,17,30,29,37,17,29,30,38,26,33,33,38,25,35,33,40,31,36,36,40,32,38,35,40,35,38,37,40 0,6,6,7,6,7,7,8,6,7,7,8,7,8,8,9,6,7,7,8,7,8,8,9,7,8,8,9,8,9,9,10
00000 0,5,4,0,5,0,0,0,6,0,0,0,0,0,0,0,5,0,0,0,0,0,0,0,0,0,0,0,0,0,0,0 0,8,8,0,8,0,0,0,8,0,0,0,0,0,0,0,8,0,0,0,0,0,0,0,0,0,0,0,0,0,0,0
10000 0,10,7,11,8,11,0,0,8,11,0,0,0,0,0,0,7,12,0,0,0,0,0,0,0,0,0,0,0,0,0,0 0,8,9,10,9,10,0,0,9,10,0,0,0,0,0,0,9,10,0,0,0,0,0,0,0,0,0,0,0,0,0,0
00000 0,5,3,0,5,0,0,0,4,0,0,0,0,0,0,0,6,0,0,0,0,0,0,0,0,0,0,0,0,0,0,0 0,8,8,0,8,0,0,0,8,0,0,0,0,0,0,0,8,0,0,0,0,0,0,0,0,0,0,0,0,0,0,0
00000 0,12,6,0,12,0,0,0,7,0,0,0,0,0,0,0,10,0,0,0,0,0,0,0,0,0,0,0,0,0,0,0 0,16,16,0,16,0,0,0,16,0,0,0,0,0,0,0,16,0,0,0,0,0,0,0,0,0,0,0,0,0,0,0
11111 0,25,23,33,21,31,33,38,21,37,34,40,32,38,38,41,27,38,34,40,34,39,39,41,35,42,38,42,39,42,41,42 0,10,10,11,10,11,11,12,10,11,11,12,11,12,12,13,10,11,11,12,11,12,12,13,11,12,12,13,12,13,13,14
11111 0,19,20,29,20,30,33,37,20,32,31,35,32,41,39,42,32,36,36,37,37,40,40,41,35,39,39,40,40,43,43,44 0,10,10,11,10,11,11,12,10,11,11,12,11,12,12,13,10,11,11,12,11,12,12,13,11,12,12,13,12,13,13,14
00100 0,17,16,0,16,24,24,0,10,0,0,0,20,0,0,0,13,0,0,0,22,0,0,0,0,0,0,0,0,0,0,0 0,21,21,0,12,22,22,0,21,0,0,0,22,0,0,0,21,0,0,0,22,0,0,0,0,0,0,0,0,0,0,0
00000 0,4,6,0,5,0,0,0,4,0,0,0,0,0,0,0,3,0,0,0,0,0,0,0,0,0,0,0,0,0,0,0 0,10,10,0,10,0,0,0,10,0,0,0,0,0,0,0,10,0,0,0,0,0,0,0,0,0,0,0,0,0,0,0
00000 0,3,3,0,2,0,0,0,1,0,0,0,0,0,0,0,3,0,0,0,0,0,0,0,0,0,0,0,0,0,0,0 0,20,20,0,20,0,0,0,20,0,0,0,0,0,0,0,20,0,0,0,0,0,0,0,0,0,0,0,0,0,0,0
01010 0,16,19,25,16,0,29,0,20,29,28,32,29,0,34,0,18,0,27,0,0,0,0,0,26,0,32,0,0,0,0,0 0,28,19,29,28,0,29,0,19,29,20,30,29,0,30,0,28,0,29,0,0,0,0,0,29,0,30,0,0,0,0,0
01001 0,7,9,13,8,0,12,0,5,0,12,0,0,0,0,0,11,15,14,17,15,0,16,0,12,0,15,0,0,0,0,0 0,10,9,11,10,0,11,0,10,0,11,0,0,0,0,0,9,11,10,12,11,0,12,0,11,0,12,0,0,0,0,0
00000 0,1,2,0,2,0,0,0,3,0,0,0,0,0,0,0,2,0,0,0,0,0,0,0,0,0,0,0,0,0,0,0 0,18,18,0,18,0,0,0,18,0,0,0,0,0,0,0,18,0,0,0,0,0,0,0,0,0,0,0,0,0,0,0
10000 0,16,9,19,9,16,0,0,11,20,0,0,0,0,0,0,12,20,0,0,0,0,0,0,0,0,0,0,0,0,0,0 0,16,21,22,21,22,0,0,21,22,0,0,0,0,0,0,21,22,0,0,0,0,0,0,0,0,0,0,0,0,0,0
00100 0,18,19,0,21,29,32,0,21,0,0,0,29,0,0,0,16,0,0,0,27,0,0,0,0,0,0,0,0,0,0,0 0,29,29,0,20,30,30,0,29,0,0,0,30,0,0,0,29,0,0,0,30,0,0,0,0,0,0,0,0,0,0,0
00000 0,8,7,0,6,0,0,0,5,0,0,0,0,0,0,0,6,0,0,0,0,0,0,0,0,0,0,0,0,0,0,0 0,10,10,0,10,0,0,0,10,0,0,0,0,0,0,0,10,0,0,0,0,0,0,0,0,0,0,0,0,0,0,0
00000 0,5,5,0,6,0,0,0,6,0,0,0,0,0,0,0,2,0,0,0,0,0,0,0,0,0,0,0,0,0,0,0 0,20,20,0,20,0,0,0,20,0,0,0,0,0,0,0,20,0,0,0,0,0,0,0,0,0,0,0,0,0,0,0
00000 0,8,10,0,6,0,0,0,7,0,0,0,0,0,0,0,10,0,0,0,0,0,0,0,0,0,0,0,0,0,0,0 0,16,16,0,16,0,0,0,16,0,0,0,0,0,0,0,16,0,0,0,0,0,0,0,0,0,0,0,0,0,0,0
11111 0,7,9,14,14,17,16,18,12,15,15,17,18,19,18,19,11,14,18,19,19,20,20,20,16,17,19,19,20,20,20,20 0,6,6,7,6,7,7,8,6,7,7,8,7,8,8,9,6,7,7,8,7,8,8,9,7,8,8,9,8,9,9,10
11111 0,16,16,24,18,25,25,27,15,23,22,26,23,28,27,28,11,21,19,25,20,26,25,27,19,25,24,27,24,28,27,28 0,6,6,7,6,7,7,8,6,7,7,8,7,8,8,9,6,7,7,8,7,8,8,9,7,8,8,9,8,9,9,10
11111 0,20,14,27,14,25,21,28,10,23,20,28,20,27,25,29,15,24,20,27,22,26,25,28,19,25,23,28,26,27,28,29 0,10,10,11,10,11,11,12,10,11,11,12,11,12,12,13,10,11,11,12,11,12,12,13,11,12,12,13,12,13,13,14
10010 0,24,20,32,19,33,0,0,23,35,31,36,32,40,0,0,21,33,0,0,0,0,0,0,33,39,0,0,0,0,0,0 0,19,24,25,24,25,0,0,19,20,25,26,25,26,0,0,24,25,0,0,0,0,0,0,25,26,0,0,0,0,0,0
01000 0,9,10,14,6,0,12,0,9,0,12,0,0,0,0,0,8,0,13,0,0,0,0,0,0,0,0,0,0,0,0,0 0,11,10,12,11,0,12,0,11,0,12,0,0,0,0,0,11,0,12,0,0,0,0,0,0,0,0,0,0,0,0,0
00000 0,3,3,0,4,0,0,0,3,0,0,0,0,0,0,0,4,0,0,0,0,0,0,0,0,0,0,0,0,0,0,0 0,16,16,0,16,0,0,0,16,0,0,0,0,0,0,0,16,0,0,0,0,0,0,0,0,0,0,0,0,0,0,0
00000 0,5,6,0,3,0,0,0,6,0,0,0,0,0,0,0,6,0,0,0,0,0,0,0,0,0,0,0,0,0,0,0 0,18,18,0,18,0,0,0,18,0,0,0,0,0,0,0,18,0,0,0,0,0,0,0,0,0,0,0,0,0,0,0
00000 0,3,4,0,2,0,0,0,3,0,0,0,0,0,0,0,2,0,0,0,0,0,0,0,0,0,0,0,0,0,0,0 0,16,16,0,16,0,0,0,16,0,0,0,0,0,0,0,16,0,0,0,0,0,0,0,0,0,0,0,0,0,0,0
00110 0,6,8,0,8,9,11,0,7,9,9,0,11,11,12,0,4,0,0,0,10,0,0,0,10,0,0,0,13,0,0,0 0,8,8,0,7,9,9,0,7,9,9,0,8,10,10,0,8,0,0,0,9,0,0,0,9,0,0,0,10,0,0,0
01000 0,13,21,25,23,0,32,0,16,0,34,0,0,0,0,0,15,0,27,0,0,0,0,0,0,0,0,0,0,0,0,0 0,29,20,30,29,0,30,0,29,0,30,0,0,0,0,0,29,0,30,0,0,0,0,0,0,0,0,0,0,0,0,0
00001 0,21,13,0,14,0,0,0,14,0,0,0,0,0,0,0,14,26,20,0,23,0,0,0,23,0,0,0,0,0,0,0 0,19,19,0,19,0,0,0,19,0,0,0,0,0,0,0,14,20,20,0,20,0,0,0,20,0,0,0,0,0,0,0
00000 0,7,4,0,9,0,0,0,5,0,0,0,0,0,0,0,9,0,0,0,0,0,0,0,0,0,0,0,0,0,0,0 0,12,12,0,12,0,0,0,12,0,0,0,0,0,0,0,12,0,0,0,0,0,0,0,0,0,0,0,0,0,0,0
10100 0,20,16,23,13,24,21,25,7,24,0,0,16,25,0,0,10,24,0,0,18,25,0,0,0,0,0,0,0,0,0,0 0,11,16,17,11,12,17,18,16,17,0,0,17,18,0,0,16,17,0,0,17,18,0,0,0,0,0,0,0,0,0,0
00000 0,5,8,0,3,0,0,0,7,0,0,0,0,0,0,0,7,0,0,0,0,0,0,0,0,0,0,0,0,0,0,0 0,20,20,0,20,0,0,0,20,0,0,0,0,0,0,0,20,0,0,0,0,0,0,0,0,0,0,0,0,0,0,0
00000 0,7,8,0,5,0,0,0,6,0,0,0,0,0,0,0,9,0,0,0,0,0,0,0,0,0,0,0,0,0,0,0 0,10,10,0,10,0,0,0,10,0,0,0,0,0,0,0,10,0,0,0,0,0,0,0,0,0,0,0,0,0,0,0
00101 0,19,24,0,26,32,37,0,21,0,0,0,35,0,0,0,21,29,34,0,36,40,41,0,31,0,0,0,40,0,0,0 0,24,24,0,19,25,25,0,24,0,0,0,25,0,0,0,19,25,25,0,20,26,26,0,25,0,0,0,26,0,0,0
00000 0,7,7,0,7,0,0,0,6,0,0,0,0,0,0,0,7,0,0,0,0,0,0,0,0,0,0,0,0,0,0,0 0,10,10,0,10,0,0,0,10,0,0,0,0,0,0,0,10,0,0,0,0,0,0,0,0,0,0,0,0,0,0,0
11111 0,23,24,34,25,34,37,41,24,37,36,41,37,41,42,44,22,34,35,39,34,40,41,43,32,39,39,41,39,42,43,44 0,6,6,7,6,7,7,8,6,7,7,8,7,8,8,9,6,7,7,8,7,8,8,9,7,8,8,9,8,9,9,10
10111 0,26,20,34,25,37,34,42,24,36,34,40,37,40,42,44,25,36,37,40,36,41,41,43,36,40,41,42,41,42,44,44 0,23,28,29,23,24,29,30,23,24,29,30,24,25,30,31,23,24,29,30,24,25,30,31,24,25,30,31,25,26,31,32
00100 0,13,11,0,14,22,20,0,11,0,0,0,20,0,0,0,12,0,0,0,18,0,0,0,0,0,0,0,0,0,0,0 0,21,21,0,12,22,22,0,21,0,0,0,22,0,0,0,21,0,0,0,22,0,0,0,0,0,0,0,0,0,0,0
11101 0,13,10,17,10,16,14,18,7,17,15,20,14,19,16,20,7,15,15,18,14,17,18,19,14,19,20,21,18,20,20,21 0,7,7,8,7,8,8,9,8,9,9,10,9,10,10,11,7,8,8,9,8,9,9,10,9,10,10,11,10,11,11,12
00000 0,2,2,0,3,0,0,0,1,0,0,0,0,0,0,0,1,0,0,0,0,0,0,0,0,0,0,0,0,0,0,0 0,8,8,0,8,0,0,0,8,0,0,0,0,0,0,0,8,0,0,0,0,0,0,0,0,0,0,0,0,0,0,0
00001 0,7,8,0,7,0,0,0,7,0,0,0,0,0,0,0,9,12,12,0,10,0,0,0,14,0,0,0,0,0,0,0 0,9,9,0,9,0,0,0,9,0,0,0,0,0,0,0,8,10,10,0,10,0,0,0,10,0,0,0,0,0,0,0
00000 0,5,5,0,5,0,0,0,5,0,0,0,0,0,0,0,2,0,0,0,0,0,0,0,0,0,0,0,0,0,0,0 0,12,12,0,12,0,0,0,12,0,0,0,0,0,0,0,12,0,0,0,0,0,0,0,0,0,0,0,0,0,0,0
00000 0,6,3,0,6,0,0,0,4,0,0,0,0,0,0,0,5,0,0,0,0,0,0,0,0,0,0,0,0,0,0,0 0,18,18,0,18,0,0,0,18,0,0,0,0,0,0,0,18,0,0,0,0,0,0,0,0,0,0,0,0,0,0,0
01111 0,14,25,28,17,26,31,33,19,25,28,30,28,33,32,34,19,26,29,31,29,32,34,35,30,31,31,32,34,35,34,35 0,16,15,17,15,17,16,18,15,17,16,18,16,18,17,19,15,17,16,18,16,18,17,19,16,18,17,19,17,19,18,20
00000 0,6,9,0,4,0,0,0,5,0,0,0,0,0,0,0,6,0,0,0,0,0,0,0,0,0,0,0,0,0,0,0 0,20,20,0,20,0,0,0,20,0,0,0,0,0,0,0,20,0,0,0,0,0,0,0,0,0,0,0,0,0,0,0
00000 0,7,10,0,3,0,0,0,10,0,0,0,0,0,0,0,9,0,0,0,0,0,0,0,0,0,0,0,0,0,0,0 0,20,20,0,20,0,0,0,20,0,0,0,0,0,0,0,20,0,0,0,0,0,0,0,0,0,0,0,0,0,0,0
00000 0,1,2,0,4,0,0,0,2,0,0,0,0,0,0,0,4,0,0,0,0,0,0,0,0,0,0,0,0,0,0,0 0,12,12,0,12,0,0,0,12,0,0,0,0,0,0,0,12,0,0,0,0,0,0,0,0,0,0,0,0,0,0,0
00010 0,17,15,0,13,0,0,0,17,27,26,0,25,0,0,0,17,0,0,0,0,0,0,0,23,0,0,0,0,0,0,0 0,19,19,0,19,0,0,0,10,20,20,0,20,0,0,0,19,0,0,0,0,0,0,0,20,0,0,0,0,0,0,0
00000 0,18,14,0,11,0,0,0,15,0,0,0,0,0,0,0,14,0,0,0,0,0,0,0,0,0,0,0,0,0,0,0 0,20,20,0,20,0,0,0,20,0,0,0,0,0,0,0,20,0,0,0,0,0,0,0,0,0,0,0,0,0,0,0
01100 0,13,17,22,24,28,29,31,25,0,31,0,29,0,32,0,18,0,26,0,29,0,33,0,0,0,0,0,0,0,0,0 0,22,17,23,17,23,18,24,22,0,23,0,23,0,24,0,22,0,23,0,23,0,24,0,0,0,0,0,0,0,0,0
00000 0,7,7,0,7,0,0,0,3,0,0,0,0,0,0,0,6,0,0,0,0,0,0,0,0,0,0,0,0,0,0,0 0,16,16,0,16,0,0,0,16,0,0,0,0,0,0,0,16,0,0,0,0,0,0,0,0,0,0,0,0,0,0,0
11111 0,19,23,29,16,24,28,31,16,26,26,30,27,30,31,32,22,28,30,32,28,30,32,33,28,31,31,32,33,33,33,33 0,14,14,15,14,15,15,16,14,15,15,16,15,16,16,17,14,15,15,16,15,16,16,17,15,16,16,17,16,17,17,18
00000 0,19,11,0,12,0,0,0,16,0,0,0,0,0,0,0,10,0,0,0,0,0,0,0,0,0,0,0,0,0,0,0 0,20,20,0,20,0,0,0,20,0,0,0,0,0,0,0,20,0,0,0,0,0,0,0,0,0,0,0,0,0,0,0
10000 0,19,18,29,16,27,0,0,12,23,0,0,0,0,0,0,15,26,0,0,0,0,0,0,0,0,0,0,0,0,0,0 0,16,25,26,25,26,0,0,25,26,0,0,0,0,0,0,25,26,0,0,0,0,0,0,0,0,0,0,0,0,0,0
00000 0,13,10,0,9,0,0,0,9,0,0,0,0,0,0,0,8,0,0,0,0,0,0,0,0,0,0,0,0,0,0,0 0,16,16,0,16,0,0,0,16,0,0,0,0,0,0,0,16,0,0,0,0,0,0,0,0,0,0,0,0,0,0,0
10011 0,8,7,12,8,11,0,0,9,14,13,16,13,15,0,0,8,11,11,14,14,14,0,0,14,16,15,17,17,17,0,0 0,8,9,10,9,10,0,0,8,9,10,11,10,11,0,0,8,9,10,11,10,11,0,0,9,10,11,12,11,12,0,0
10001 0,11,12,19,11,18,0,0,8,13,0,0,0,0,0,0,14,20,21,23,18,23,0,0,17,20,0,0,0,0,0,0 0,11,16,17,16,17,0,0,16,17,0,0,0,0,0,0,11,12,17,18,17,18,0,0,17,18,0,0,0,0,0,0
00000 0,2,5,0,3,0,0,0,4,0,0,0,0,0,0,0,3,0,0,0,0,0,0,0,0,0,0,0,0,0,0,0 0,14,14,0,14,0,0,0,14,0,0,0,0,0,0,0,14,0,0,0,0,0,0,0,0,0,0,0,0,0,0,0
11000 0,3,3,4,4,5,4,5,3,4,4,5,0,0,0,0,2,4,3,4,0,0,0,0,0,0,0,0,0,0,0,0 0,3,3,4,4,5,5,6,4,5,5,6,0,0,0,0,4,5,5,6,0,0,0,0,0,0,0,0,0,0,0,0
10101 0,29,21,35,24,37,35,41,18,34,0,0,33,40,0,0,25,34,34,38,35,39,41,42,31,36,0,0,37,41,0,0 0,24,29,30,24,25,30,31,29,30,0,0,30,31,0,0,24,25,30,31,25,26,31,32,30,31,0,0,31,32,0,0
01000 0,9,12,15,10,0,17,0,9,0,17,0,0,0,0,0,9,0,15,0,0,0,0,0,0,0,0,0,0,0,0,0 0,15,10,16,15,0,16,0,15,0,16,0,0,0,0,0,15,0,16,0,0,0,0,0,0,0,0,0,0,0,0,0
00000 0,6,5,0,5,0,0,0,3,0,0,0,0,0,0,0,6,0,0,0,0,0,0,0,0,0,0,0,0,0,0,0 0,16,16,0,16,0,0,0,16,0,0,0,0,0,0,0,16,0,0,0,0,0,0,0,0,0,0,0,0,0,0,0
11000 0,21,22,28,18,27,26,31,19,28,29,31,0,0,0,0,15,28,29,31,0,0,0,0,0,0,0,0,0,0,0,0 0,17,17,18,22,23,23,24,22,23,23,24,0,0,0,0,22,23,23,24,0,0,0,0,0,0,0,0,0,0,0,0
00000 0,3,3,0,3,0,0,0,3,0,0,0,0,0,0,0,4,0,0,0,0,0,0,0,0,0,0,0,0,0,0,0 0,10,10,0,10,0,0,0,10,0,0,0,0,0,0,0,10,0,0,0,0,0,0,0,0,0,0,0,0,0,0,0
00000 0,9,16,0,7,0,0,0,11,0,0,0,0,0,0,0,8,0,0,0,0,0,0,0,0,0,0,0,0,0,0,0 0,18,18,0,18,0,0,0,18,0,0,0,0,0,0,0,18,0,0,0,0,0,0,0,0,0,0,0,0,0,0,0
00001 0,11,7,0,8,0,0,0,10,0,0,0,0,0,0,0,12,14,15,0,13,0,0,0,13,0,0,0,0,0,0,0 0,19,19,0,19,0,0,0,19,0,0,0,0,0,0,0,10,20,20,0,20,0,0,0,20,0,0,0,0,0,0,0
00000 0,1,4,0,5,0,0,0,5,0,0,0,0,0,0,0,2,0,0,0,0,0,0,0,0,0,0,0,0,0,0,0 0,6,6,0,6,0,0,0,6,0,0,0,0,0,0,0,6,0,0,0,0,0,0,0,0,0,0,0,0,0,0,0
11111 0,19,27,36,26,36,35,41,28,34,37,42,36,41,39,43,28,34,37,40,37,42,40,43,34,38,39,42,38,42,40,43 0,10,10,11,10,11,11,12,10,11,11,12,11,12,12,13,10,11,11,12,11,12,12,13,11,12,12,13,12,13,13,14
00000 0,4,5,0,4,0,0,0,4,0,0,0,0,0,0,0,4,0,0,0,0,0,0,0,0,0,0,0,0,0,0,0 0,8,8,0,8,0,0,0,8,0,0,0,0,0,0,0,8,0,0,0,0,0,0,0,0,0,0,0,0,0,0,0
00000 0,4,5,0,4,0,0,0,1,0,0,0,0,0,0,0,5,0,0,0,0,0,0,0,0,0,0,0,0,0,0,0 0,10,10,0,10,0,0,0,10,0,0,0,0,0,0,0,10,0,0,0,0,0,0,0,0,0,0,0,0,0,0,0
00000 0,6,4,0,5,0,0,0,7,0,0,0,0,0,0,0,5,0,0,0,0,0,0,0,0,0,0,0,0,0,0,0 0,16,16,0,16,0,0,0,16,0,0,0,0,0,0,0,16,0,0,0,0,0,0,0,0,0,0,0,0,0,0,0
00000 0,3,4,0,2,0,0,0,4,0,0,0,0,0,0,0,6,0,0,0,0,0,0,0,0,0,0,0,0,0,0,0 0,8,8,0,8,0,0,0,8,0,0,0,0,0,0,0,8,0,0,0,0,0,0,0,0,0,0,0,0,0,0,0
11110 0,7,10,13,12,14,15,16,9,10,13,14,14,14,16,16,7,11,12,14,16,17,16,17,12,13,14,15,17,17,17,17 0,7,7,8,7,8,8,9,7,8,8,9,8,9,9,10,8,9,9,10,9,10,10,11,9,10,10,11,10,11,11,12
10101 0,20,19,33,20,32,32,39,23,30,0,0,35,38,0,0,24,34,31,40,35,39,38,42,35,39,0,0,41,43,0,0 0,18,23,24,18,19,24,25,23,24,0,0,24,25,0,0,18,19,24,25,19,20,25,26,24,25,0,0,25,26,0,0
00100 0,14,13,0,16,22,19,0,10,0,0,0,21,0,0,0,12,0,0,0,20,0,0,0,0,0,0,0,0,0,0,0 0,19,19,0,10,20,20,0,19,0,0,0,20,0,0,0,19,0,0,0,20,0,0,0,0,0,0,0,0,0,0,0
00000 0,15,10,0,11,0,0,0,11,0,0,0,0,0,0,0,14,0,0,0,0,0,0,0,0,0,0,0,0,0,0,0 0,16,16,0,16,0,0,0,16,0,0,0,0,0,0,0,16,0,0,0,0,0,0,0,0,0,0,0,0,0,0,0
00000 0,15,15,0,13,0,0,0,13,0,0,0,0,0,0,0,15,0,0,0,0,0,0,0,0,0,0,0,0,0,0,0 0,16,16,0,16,0,0,0,16,0,0,0,0,0,0,0,16,0,0,0,0,0,0,0,0,0,0,0,0,0,0,0
11111 0,17,15,24,20,27,28,32,12,22,21,27,22,29,29,33,22,30,27,33,32,35,34,36,27,32,30,34,32,35,34,36 0,12,12,13,12,13,13,14,12,13,13,14,13,14,14,15,12,13,13,14,13,14,14,15,13,14,14,15,14,15,15,16
00000 0,6,8,0,9,0,0,0,6,0,0,0,0,0,0,0,10,0,0,0,0,0,0,0,0,0,0,0,0,0,0,0 0,20,20,0,20,0,0,0,20,0,0,0,0,0,0,0,20,0,0,0,0,0,0,0,0,0,0,0,0,0,0,0
11111 0,9,12,16,9,14,17,19,6,13,17,20,12,16,20,21,11,14,17,18,15,17,20,20,13,16,19,20,16,18,21,21 0,6,6,7,6,7,7,8,6,7,7,8,7,8,8,9,6,7,7,8,7,8,8,9,7,8,8,9,8,9,9,10
00000 0,5,5,0,2,0,0,0,3,0,0,0,0,0,0,0,3,0,0,0,0,0,0,0,0,0,0,0,0,0,0,0 0,6,6,0,6,0,0,0,6,0,0,0,0,0,0,0,6,0,0,0,0,0,0,0,0,0,0,0,0,0,0,0
01000 0,10,14,16,10,0,17,0,10,0,17,0,0,0,0,0,11,0,17,0,0,0,0,0,0,0,0,0,0,0,0,0 0,19,14,20,19,0,20,0,19,0,20,0,0,0,0,0,19,0,20,0,0,0,0,0,0,0,0,0,0,0,0,0
01011 0,1,5,6,4,0,6,0,4,5,7,8,6,0,7,0,6,6,8,8,8,0,8,0,8,8,9,9,9,0,9,0 0,3,4,6,5,0,6,0,4,6,5,7,6,0,7,0,4,6,5,7,6,0,7,0,5,7,6,8,7,0,8,0
00000 0,2,4,0,3,0,0,0,3,0,0,0,0,0,0,0,3,0,0,0,0,0,0,0,0,0,0,0,0,0,0,0 0,10,10,0,10,0,0,0,10,0,0,0,0,0,0,0,10,0,0,0,0,0,0,0,0,0,0,0,0,0,0,0
01000 0,13,17,22,14,0,23,0,15,0,23,0,0,0,0,0,10,0,21,0,0,0,0,0,0,0,0,0,0,0,0,0 0,19,14,20,19,0,20,0,19,0,20,0,0,0,0,0,19,0,20,0,0,0,0,0,0,0,0,0,0,0,0,0
00000 0,5,1,0,5,0,0,0,3,0,0,0,0,0,0,0,2,0,0,0,0,0,0,0,0,0,0,0,0,0,0,0 0,8,8,0,8,0,0,0,8,0,0,0,0,0,0,0,8,0,0,0,0,0,0,0,0,0,0,0,0,0,0,0
00000 0,3,3,0,2,0,0,0,3,0,0,0,0,0,0,0,3,0,0,0,0,0,0,0,0,0,0,0,0,0,0,0 0,8,8,0,8,0,0,0,8,0,0,0,0,0,0,0,8,0,0,0,0,0,0,0,0,0,0,0,0,0,0,0
11111 0,20,20,31,23,35,34,38,19,30,29,35,33,40,38,41,25,32,34,37,36,39,41,41,31,35,37,38,39,41,42,42 0,6,6,7,6,7,7,8,6,7,7,8,7,8,8,9,6,7,7,8,7,8,8,9,7,8,8,9,8,9,9,10
01000 0,11,12,20,14,0,21,0,12,0,18,0,0,0,0,0,11,0,19,0,0,0,0,0,0,0,0,0,0,0,0,0 0,15,10,16,15,0,16,0,15,0,16,0,0,0,0,0,15,0,16,0,0,0,0,0,0,0,0,0,0,0,0,0
11101 0,13,12,17,13,18,19,20,8,19,20,23,16,21,22,23,11,19,18,21,18,21,21,22,14,21,21,23,19,22,22,23 0,9,9,10,9,10,10,11,10,11,11,12,11,12,12,13,9,10,10,11,10,11,11,12,11,12,12,13,12,13,13,14
00010 0,20,19,0,18,0,0,0,19,28,29,0,29,0,0,0,18,0,0,0,0,0,0,0,30,0,0,0,0,0,0,0 0,25,25,0,25,0,0,0,16,26,26,0,26,0,0,0,25,0,0,0,0,0,0,0,26,0,0,0,0,0,0,0
00001 0,14,12,0,9,0,0,0,8,0,0,0,0,0,0,0,12,20,21,0,16,0,0,0,17,0,0,0,0,0,0,0 0,17,17,0,17,0,0,0,17,0,0,0,0,0,0,0,12,18,18,0,18,0,0,0,18,0,0,0,0,0,0,0
00010 0,11,15,0,13,0,0,0,20,24,24,0,24,0,0,0,16,0,0,0,0,0,0,0,26,0,0,0,0,0,0,0 0,19,19,0,19,0,0,0,14,20,20,0,20,0,0,0,19,0,0,0,0,0,0,0,20,0,0,0,0,0,0,0
01001 0,13,16,23,12,0,20,0,10,0,21,0,0,0,0,0,17,24,24,27,22,0,26,0,21,0,26,0,0,0,0,0 0,20,15,21,20,0,21,0,20,0,21,0,0,0,0,0,15,21,16,22,21,0,22,0,21,0,22,0,0,0,0,0
01001 0,12,25,29,19,0,32,0,21,0,32,0,0,0,0,0,23,30,34,36,29,0,38,0,32,0,37,0,0,0,0,0 0,30,21,31,30,0,31,0,30,0,31,0,0,0,0,0,21,31,22,32,31,0,32,0,31,0,32,0,0,0,0,0
00000 0,10,6,0,7,0,0,0,7,0,0,0,0,0,0,0,11,0,0,0,0,0,0,0,0,0,0,0,0,0,0,0 0,14,14,0,14,0,0,0,14,0,0,0,0,0,0,0,14,0,0,0,0,0,0,0,0,0,0,0,0,0,0,0
11110 0,10,12,16,11,14,17,18,12,15,18,18,16,17,19,19,8,16,17,20,15,17,20,20,16,18,20,20,17,18,20,20 0,9,9,10,9,10,10,11,9,10,10,11,10,11,11,12,10,11,11,12,11,12,12,13,11,12,12,13,12,13,13,14
00000 0,4,4,0,6,0,0,0,5,0,0,0,0,0,0,0,6,0,0,0,0,0,0,0,0,0,0,0,0,0,0,0 0,8,8,0,8,0,0,0,8,0,0,0,0,0,0,0,8,0,0,0,0,0,0,0,0,0,0,0,0,0,0,0
00000 0,8,8,0,8,0,0,0,8,0,0,0,0,0,0,0,10,0,0,0,0,0,0,0,0,0,0,0,0,0,0,0 0,16,16,0,16,0,0,0,16,0,0,0,0,0,0,0,16,0,0,0,0,0,0,0,0,0,0,0,0,0,0,0
11010 0,4,5,6,3,5,5,6,3,7,6,7,5,7,6,7,5,7,7,7,0,0,0,0,5,7,7,7,0,0,0,0 0,3,4,5,5,6,6,7,3,5,5,6,6,7,7,8,5,6,6,7,0,0,0,0,6,7,7,8,0,0,0,0
00101 0,1,3,0,4,4,4,0,2,0,0,0,5,0,0,0,4,5,5,0,5,5,5,0,4,0,0,0,5,0,0,0 0,3,4,0,3,5,5,0,4,0,0,0,5,0,0,0,3,5,5,0,4,6,6,0,5,0,0,0,6,0,0,0
01001 0,14,16,21,15,0,23,0,14,0,22,0,0,0,0,0,14,21,22,24,24,0,27,0,23,0,26,0,0,0,0,0 0,16,11,17,16,0,17,0,16,0,17,0,0,0,0,0,11,17,12,18,17,0,18,0,17,0,18,0,0,0,0,0
00000 0,11,8,0,9,0,0,0,5,0,0,0,0,0,0,0,7,0,0,0,0,0,0,0,0,0,0,0,0,0,0,0 0,12,12,0,12,0,0,0,12,0,0,0,0,0,0,0,12,0,0,0,0,0,0,0,0,0,0,0,0,0,0,0
11111 0,20,21,30,19,28,28,33,18,29,31,36,27,34,34,38,18,29,30,36,27,33,34,37,27,34,35,38,30,36,36,39 0,12,12,13,12,13,13,14,12,13,13,14,13,14,14,15,12,13,13,14,13,14,14,15,13,14,14,15,14,15,15,16
00000 0,12,7,0,12,0,0,0,8,0,0,0,0,0,0,0,14,0,0,0,0,0,0,0,0,0,0,0,0,0,0,0 0,16,16,0,16,0,0,0,16,0,0,0,0,0,0,0,16,0,0,0,0,0,0,0,0,0,0,0,0,0,0,0
11111 0,13,15,18,15,20,21,23,17,24,24,26,23,27,26,28,16,23,23,25,21,24,25,26,24,28,27,28,27,29,28,29 0,6,6,7,6,7,7,8,6,7,7,8,7,8,8,9,6,7,7,8,7,8,8,9,7,8,8,9,8,9,9,10
00010 0,14,11,0,12,0,0,0,18,21,22,0,20,0,0,0,12,0,0,0,0,0,0,0,21,0,0,0,0,0,0,0 0,17,17,0,17,0,0,0,12,18,18,0,18,0,0,0,17,0,0,0,0,0,0,0,18,0,0,0,0,0,0,0
11111 0,20,17,28,13,26,24,32,19,28,27,31,24,31,29,33,20,29,30,33,27,32,34,35,30,34,33,34,31,35,34,35 0,6,6,7,6,7,7,8,6,7,7,8,7,8,8,9,6,7,7,8,7,8,8,9,7,8,8,9,8,9,9,10
11011 0,7,8,12,5,10,10,13,8,11,10,13,11,13,12,14,8,12,14,15,10,13,14,15,13,14,15,16,14,15,15,16 0,7,7,8,8,9,9,10,7,8,8,9,9,10,10,11,7,8,8,9,9,10,10,11,8,9,9,10,10,11,11,12
00000 0,13,9,0,10,0,0,0,13,0,0,0,0,0,0,0,11,0,0,0,0,0,0,0,0,0,0,0,0,0,0,0 0,16,16,0,16,0,0,0,16,0,0,0,0,0,0,0,16,0,0,0,0,0,0,0,0,0,0,0,0,0,0,0
11001 0,23,24,34,19,31,30,36,12,27,26,34,0,0,0,0,25,33,35,38,32,37,37,39,28,34,35,38,0,0,0,0 0,16,16,17,21,22,22,23,21,22,22,23,0,0,0,0,16,17,17,18,22,23,23,24,22,23,23,24,0,0,0,0
00000 0,2,3,0,2,0,0,0,2,0,0,0,0,0,0,0,7,0,0,0,0,0,0,0,0,0,0,0,0,0,0,0 0,10,10,0,10,0,0,0,10,0,0,0,0,0,0,0,10,0,0,0,0,0,0,0,0,0,0,0,0,0,0,0
01100 0,12,18,21,16,20,22,24,11,0,20,0,20,0,22,0,9,0,21,0,21,0,25,0,0,0,0,0,0,0,0,0 0,16,11,17,11,17,12,18,16,0,17,0,17,0,18,0,16,0,17,0,17,0,18,0,0,0,0,0,0,0,0,0
00000 0,5,7,0,6,0,0,0,3,0,0,0,0,0,0,0,4,0,0,0,0,0,0,0,0,0,0,0,0,0,0,0 0,16,16,0,16,0,0,0,16,0,0,0,0,0,0,0,16,0,0,0,0,0,0,0,0,0,0,0,0,0,0,0
11111 0,15,12,20,13,19,21,23,14,21,19,23,19,22,23,24,16,21,22,23,20,22,24,24,21,23,24,24,22,23,24,24 0,6,6,7,6,7,7,8,6,7,7,8,7,8,8,9,6,7,7,8,7,8,8,9,7,8,8,9,8,9,9,10
11111 0,15,22,30,22,29,32,36,20,25,32,33,31,32,36,36,19,29,26,32,31,35,34,37,29,32,34,35,35,35,37,37 0,10,10,11,10,11,11,12,10,11,11,12,11,12,12,13,10,11,11,12,11,12,12,13,11,12,12,13,12,13,13,14
00000 0,12,10,0,9,0,0,0,7,0,0,0,0,0,0,0,7,0,0,0,0,0,0,0,0,0,0,0,0,0,0,0 0,16,16,0,16,0,0,0,16,0,0,0,0,0,0,0,16,0,0,0,0,0,0,0,0,0,0,0,0,0,0,0
00000 0,4,6,0,3,0,0,0,2,0,0,0,0,0,0,0,6,0,0,0,0,0,0,0,0,0,0,0,0,0,0,0 0,8,8,0,8,0,0,0,8,0,0,0,0,0,0,0,8,0,0,0,0,0,0,0,0,0,0,0,0,0,0,0
11011 0,15,17,24,11,22,24,28,16,21,24,25,23,26,29,29,15,25,25,30,17,25,26,30,25,27,30,30,26,27,30,30 0,15,15,16,16,17,17,18,15,16,16,17,17,18,18,19,15,16,16,17,17,18,18,19,16,17,17,18,18,19,19,20
00000 0,4,6,0,5,0,0,0,7,0,0,0,0,0,0,0,7,0,0,0,0,0,0,0,0,0,0,0,0,0,0,0 0,20,20,0,20,0,0,0,20,0,0,0,0,0,0,0,20,0,0,0,0,0,0,0,0,0,0,0,0,0,0,0
10111 0,22,25,33,23,35,35,40,28,36,37,40,38,42,42,43,23,31,32,36,33,38,38,41,36,40,40,42,42,43,43,44 0,21,26,27,21,22,27,28,21,22,27,28,22,23,28,29,21,22,27,28,22,23,28,29,22,23,28,29,23,24,29,30
10101 0,23,18,30,25,34,34,37,18,31,0,0,32,38,0,0,22,30,31,36,33,36,37,39,30,36,0,0,38,40,0,0 0,22,27,28,22,23,28,29,27,28,0,0,28,29,0,0,22,23,28,29,23,24,29,30,28,29,0,0,29,30,0,0
11111 0,16,19,25,16,21,24,26,18,22,27,27,23,25,28,28,17,25,24,28,24,28,28,29,25,27,28,28,27,29,29,29 0,14,14,15,14,15,15,16,14,15,15,16,15,16,16,17,14,15,15,16,15,16,16,17,15,16,16,17,16,17,17,18
11110 0,14,15,25,19,27,24,30,14,22,23,28,24,29,28,31,12,21,20,26,24,30,26,30,22,27,26,29,27,31,29,31 0,13,13,14,13,14,14,15,13,14,14,15,14,15,15,16,14,15,15,16,15,16,16,17,15,16,16,17,16,17,17,18
00100 0,11,11,0,13,19,18,0,11,0,0,0,17,0,0,0,13,0,0,0,19,0,0,0,0,0,0,0,0,0,0,0 0,15,15,0,10,16,16,0,15,0,0,0,16,0,0,0,15,0,0,0,16,0,0,0,0,0,0,0,0,0,0,0
11100 0,13,12,21,16,22,21,26,9,15,18,22,20,23,24,26,15,20,22,26,20,23,24,27,0,0,0,0,0,0,0,0 0,12,12,13,12,13,13,14,13,14,14,15,14,15,15,16,13,14,14,15,14,15,15,16,0,0,0,0,0,0,0,0
11010 0,15,16,23,8,18,21,25,14,22,24,28,17,23,25,28,9,21,20,26,0,0,0,0,19,25,25,28,0,0,0,0 0,10,10,11,11,12,12,13,10,11,11,12,12,13,13,14,11,12,12,13,0,0,0,0,12,13,13,14,0,0,0,0
11111 0,23,27,34,20,33,38,40,20,33,32,36,30,38,39,40,21,34,35,39,31,38,41,41,32,40,38,41,36,40,41,41 0,6,6,7,6,7,7,8,6,7,7,8,7,8,8,9,6,7,7,8,7,8,8,9,7,8,8,9,8,9,9,10
01000 0,2,7,7,3,0,8,0,6,0,9,0,0,0,0,0,5,0,9,0,0,0,0,0,0,0,0,0,0,0,0,0 0,11,6,12,11,0,12,0,11,0,12,0,0,0,0,0,11,0,12,0,0,0,0,0,0,0,0,0,0,0,0,0
10000 0,19,12,26,22,29,0,0,19,31,0,0,0,0,0,0,19,30,0,0,0,0,0,0,0,0,0,0,0,0,0,0 0,16,21,22,21,22,0,0,21,22,0,0,0,0,0,0,21,22,0,0,0,0,0,0,0,0,0,0,0,0,0,0
11111 0,22,21,34,25,35,36,41,20,31,33,38,38,41,43,43,16,31,28,39,32,37,38,42,30,38,37,42,42,43,44,44 0,10,10,11,10,11,11,12,10,11,11,12,11,12,12,13,10,11,11,12,11,12,12,13,11,12,12,13,12,13,13,14
00000 0,12,15,0,10,0,0,0,10,0,0,0,0,0,0,0,13,0,0,0,0,0,0,0,0,0,0,0,0,0,0,0 0,16,16,0,16,0,0,0,16,0,0,0,0,0,0,0,16,0,0,0,0,0,0,0,0,0,0,0,0,0,0,0
10000 0,13,7,14,10,16,0,0,6,15,0,0,0,0,0,0,8,15,0,0,0,0,0,0,0,0,0,0,0,0,0,0 0,10,15,16,15,16,0,0,15,16,0,0,0,0,0,0,15,16,0,0,0,0,0,0,0,0,0,0,0,0,0,0
00000 0,17,11,0,14,0,0,0,13,0,0,0,0,0,0,0,13,0,0,0,0,0,0,0,0,0,0,0,0,0,0,0 0,18,18,0,18,0,0,0,18,0,0,0,0,0,0,0,18,0,0,0,0,0,0,0,0,0,0,0,0,0,0,0
11111 0,14,15,21,17,22,23,25,16,22,23,25,23,25,26,26,16,19,21,22,22,23,24,25,23,24,26,26,25,25,26,26 0,14,14,15,14,15,15,16,14,15,15,16,15,16,16,17,14,15,15,16,15,16,16,17,15,16,16,17,16,17,17,18
00000 0,7,5,0,4,0,0,0,6,0,0,0,0,0,0,0,6,0,0,0,0,0,0,0,0,0,0,0,0,0,0,0 0,16,16,0,16,0,0,0,16,0,0,0,0,0,0,0,16,0,0,0,0,0,0,0,0,0,0,0,0,0,0,0
00010 0,16,12,0,11,0,0,0,18,23,22,0,22,0,0,0,16,0,0,0,0,0,0,0,22,0,0,0,0,0,0,0 0,19,19,0,19,0,0,0,14,20,20,0,20,0,0,0,19,0,0,0,0,0,0,0,20,0,0,0,0,0,0,0
00100 0,11,16,0,19,23,23,0,12,0,0,0,23,0,0,0,13,0,0,0,25,0,0,0,0,0,0,0,0,0,0,0 0,21,21,0,16,22,22,0,21,0,0,0,22,0,0,0,21,0,0,0,22,0,0,0,0,0,0,0,0,0,0,0
00010 0,18,17,0,12,0,0,0,21,29,29,0,27,0,0,0,18,0,0,0,0,0,0,0,27,0,0,0,0,0,0,0 0,27,27,0,27,0,0,0,18,28,28,0,28,0,0,0,27,0,0,0,0,0,0,0,28,0,0,0,0,0,0,0
00000 0,2,3,0,5,0,0,0,4,0,0,0,0,0,0,0,5,0,0,0,0,0,0,0,0,0,0,0,0,0,0,0 0,12,12,0,12,0,0,0,12,0,0,0,0,0,0,0,12,0,0,0,0,0,0,0,0,0,0,0,0,0,0,0
11111 0,24,24,35,23,35,37,41,21,32,33,39,32,38,41,43,26,35,35,41,37,40,43,44,34,38,40,43,38,40,43,44 0,14,14,15,14,15,15,16,14,15,15,16,15,16,16,17,14,15,15,16,15,16,16,17,15,16,16,17,16,17,17,18
11100 0,12,10,15,10,16,14,17,9,15,12,16,15,17,15,17,9,15,13,16,15,18,16,18,0,0,0,0,0,0,0,0 0,10,10,11,10,11,11,12,11,12,12,13,12,13,13,14,11,12,12,13,12,13,13,14,0,0,0,0,0,0,0,0
00000 0,10,7,0,7,0,0,0,11,0,0,0,0,0,0,0,8,0,0,0,0,0,0,0,0,0,0,0,0,0,0,0 0,16,16,0,16,0,0,0,16,0,0,0,0,0,0,0,16,0,0,0,0,0,0,0,0,0,0,0,0,0,0,0
11111 0,24,25,34,16,28,32,35,17,30,29,35,26,33,34,36,20,31,32,36,27,33,36,37,27,35,33,36,32,36,36,37 0,8,8,9,8,9,9,10,8,9,9,10,9,10,10,11,8,9,9,10,9,10,10,11,9,10,10,11,10,11,11,12
10000 0,15,14,19,11,18,0,0,12,19,0,0,0,0,0,0,8,19,0,0,0,0,0,0,0,0,0,0,0,0,0,0 0,10,15,16,15,16,0,0,15,16,0,0,0,0,0,0,15,16,0,0,0,0,0,0,0,0,0,0,0,0,0,0
00101 0,10,14,0,15,19,20,0,12,0,0,0,22,0,0,0,15,20,22,0,23,25,24,0,16,0,0,0,24,0,0,0 0,20,20,0,15,21,21,0,20,0,0,0,21,0,0,0,15,21,21,0,16,22,22,0,21,0,0,0,22,0,0,0
01111 0,13,15,19,11,18,21,22,13,15,21,21,18,20,24,24,12,17,23,23,17,21,25,25,16,18,24,24,20,22,26,26 0,12,11,13,11,13,12,14,11,13,12,14,12,14,13,15,11,13,12,14,12,14,13,15,12,14,13,15,13,15,14,16
10010 0,20,13,25,20,30,0,0,23,30,28,32,32,36,0,0,16,28,0,0,0,0,0,0,31,35,0,0,0,0,0,0 0,19,24,25,24,25,0,0,19,20,25,26,25,26,0,0,24,25,0,0,0,0,0,0,25,26,0,0,0,0,0,0
10000 0,16,11,20,15,23,0,0,13,22,0,0,0,0,0,0,10,25,0,0,0,0,0,0,0,0,0,0,0,0,0,0 0,10,19,20,19,20,0,0,19,20,0,0,0,0,0,0,19,20,0,0,0,0,0,0,0,0,0,0,0,0,0,0
01000 0,13,12,18,7,0,16,0,8,0,15,0,0,0,0,0,8,0,16,0,0,0,0,0,0,0,0,0,0,0,0,0 0,21,12,22,21,0,22,0,21,0,22,0,0,0,0,0,21,0,22,0,0,0,0,0,0,0,0,0,0,0,0,0
00010 0,14,13,0,13,0,0,0,20,25,22,0,25,0,0,0,14,0,0,0,0,0,0,0,25,0,0,0,0,0,0,0 0,25,25,0,25,0,0,0,16,26,26,0,26,0,0,0,25,0,0,0,0,0,0,0,26,0,0,0,0,0,0,0
10000 0,18,11,21,12,23,0,0,11,22,0,0,0,0,0,0,15,23,0,0,0,0,0,0,0,0,0,0,0,0,0,0 0,16,21,22,21,22,0,0,21,22,0,0,0,0,0,0,21,22,0,0,0,0,0,0,0,0,0,0,0,0,0,0
00110 0,9,10,0,21,23,22,0,15,18,20,0,25,25,26,0,11,0,0,0,25,0,0,0,19,0,0,0,28,0,0,0 0,14,14,0,13,15,15,0,13,15,15,0,14,16,16,0,14,0,0,0,15,0,0,0,15,0,0,0,16,0,0,0
11111 0,17,18,23,16,24,23,25,14,23,19,24,22,26,24,26,15,21,23,26,24,26,26,27,21,25,23,26,26,27,26,27 0,12,12,13,12,13,13,14,12,13,13,14,13,14,14,15,12,13,13,14,13,14,14,15,13,14,14,15,14,15,15,16
11111 0,19,19,25,18,25,28,31,24,31,32,33,31,33,35,35,21,27,29,30,29,31,33,34,29,32,34,34,32,33,35,35 0,14,14,15,14,15,15,16,14,15,15,16,15,16,16,17,14,15,15,16,15,16,16,17,15,16,16,17,16,17,17,18
11111 0,14,13,21,19,24,23,26,14,22,19,26,25,27,26,28,14,21,21,24,23,26,26,27,21,24,23,26,26,27,27,28 0,10,10,11,10,11,11,12,10,11,11,12,11,12,12,13,10,11,11,12,11,12,12,13,11,12,12,13,12,13,13,14
00100 0,6,3,0,8,11,8,0,7,0,0,0,12,0,0,0,6,0,0,0,9,0,0,0,0,0,0,0,0,0,0,0 0,13,13,0,8,14,14,0,13,0,0,0,14,0,0,0,13,0,0,0,14,0,0,0,0,0,0,0,0,0,0,0
10000 0,3,2,3,0,0,0,0,1,4,0,0,0,0,0,0,2,4,0,0,0,0,0,0,0,0,0,0,0,0,0,0 0,2,3,4,0,0,0,0,2,4,0,0,0,0,0,0,3,4,0,0,0,0,0,0,0,0,0,0,0,0,0,0
00000 0,8,9,0,10,0,0,0,11,0,0,0,0,0,0,0,9,0,0,0,0,0,0,0,0,0,0,0,0,0,0,0 0,14,14,0,14,0,0,0,14,0,0,0,0,0,0,0,14,0,0,0,0,0,0,0,0,0,0,0,0,0,0,0
00000 0,4,9,0,9,0,0,0,9,0,0,0,0,0,0,0,8,0,0,0,0,0,0,0,0,0,0,0,0,0,0,0 0,12,12,0,12,0,0,0,12,0,0,0,0,0,0,0,12,0,0,0,0,0,0,0,0,0,0,0,0,0,0,0
00010 0,10,10,0,14,0,0,0,12,16,16,0,19,0,0,0,10,0,0,0,0,0,0,0,17,0,0,0,0,0,0,0 0,13,13,0,13,0,0,0,12,14,14,0,14,0,0,0,13,0,0,0,0,0,0,0,14,0,0,0,0,0,0,0
00000 0,3,3,0,3,0,0,0,6,0,0,0,0,0,0,0,5,0,0,0,0,0,0,0,0,0,0,0,0,0,0,0 0,8,8,0,8,0,0,0,8,0,0,0,0,0,0,0,8,0,0,0,0,0,0,0,0,0,0,0,0,0,0,0
11111 0,22,19,32,23,34,30,38,16,27,28,36,30,36,34,39,21,31,29,36,27,36,33,39,28,33,33,37,32,37,35,39 0,8,8,9,8,9,9,10,8,9,9,10,9,10,10,11,8,9,9,10,9,10,10,11,9,10,10,11,10,11,11,12
10000 0,8,9,12,5,12,0,0,7,12,0,0,0,0,0,0,10,12,0,0,0,0,0,0,0,0,0,0,0,0,0,0 0,6,11,12,11,12,0,0,11,12,0,0,0,0,0,0,11,12,0,0,0,0,0,0,0,0,0,0,0,0,0,0
01010 0,9,11,16,10,0,16,0,11,17,17,21,16,0,19,0,9,0,17,0,0,0,0,0,14,0,20,0,0,0,0,0 0,16,11,17,16,0,17,0,11,17,12,18,17,0,18,0,16,0,17,0,0,0,0,0,17,0,18,0,0,0,0,0
00000 0,8,7,0,6,0,0,0,6,0,0,0,0,0,0,0,4,0,0,0,0,0,0,0,0,0,0,0,0,0,0,0 0,12,12,0,12,0,0,0,12,0,0,0,0,0,0,0,12,0,0,0,0,0,0,0,0,0,0,0,0,0,0,0
11110 0,9,13,17,14,17,20,20,9,12,16,18,19,19,21,21,10,15,16,19,17,18,20,20,16,18,18,20,20,20,21,21 0,9,9,10,9,10,10,11,9,10,10,11,10,11,11,12,10,11,11,12,11,12,12,13,11,12,12,13,12,13,13,14
00000 0,12,12,0,8,0,0,0,10,0,0,0,0,0,0,0,13,0,0,0,0,0,0,0,0,0,0,0,0,0,0,0 0,14,14,0,14,0,0,0,14,0,0,0,0,0,0,0,14,0,0,0,0,0,0,0,0,0,0,0,0,0,0,0
11111 0,20,21,32,23,32,30,36,21,30,30,36,35,37,37,39,19,27,30,35,31,34,35,37,30,34,35,38,37,37,39,39 0,8,8,9,8,9,9,10,8,9,9,10,9,10,10,11,8,9,9,10,9,10,10,11,9,10,10,11,10,11,11,12
10010 0,15,13,21,9,18,0,0,17,21,24,25,19,23,0,0,12,21,0,0,0,0,0,0,20,23,0,0,0,0,0,0 0,15,20,21,20,21,0,0,15,16,21,22,21,22,0,0,20,21,0,0,0,0,0,0,21,22,0,0,0,0,0,0
00001 0,10,7,0,7,0,0,0,6,0,0,0,0,0,0,0,8,13,11,0,12,0,0,0,11,0,0,0,0,0,0,0 0,11,11,0,11,0,0,0,11,0,0,0,0,0,0,0,6,12,12,0,12,0,0,0,12,0,0,0,0,0,0,0
00001 0,12,15,0,13,0,0,0,10,0,0,0,0,0,0,0,19,22,23,0,23,0,0,0,21,0,0,0,0,0,0,0 0,27,27,0,27,0,0,0,27,0,0,0,0,0,0,0,18,28,28,0,28,0,0,0,28,0,0,0,0,0,0,0
00000 0,10,7,0,10,0,0,0,14,0,0,0,0,0,0,0,10,0,0,0,0,0,0,0,0,0,0,0,0,0,0,0 0,16,16,0,16,0,0,0,16,0,0,0,0,0,0,0,16,0,0,0,0,0,0,0,0,0,0,0,0,0,0,0
11111 0,19,14,24,19,26,25,29,21,27,29,31,27,30,31,32,25,32,30,34,32,34,33,35,32,33,35,35,34,34,35,35 0,12,12,13,12,13,13,14,12,13,13,14,13,14,14,15,12,13,13,14,13,14,14,15,13,14,14,15,14,15,15,16
00001 0,8,8,0,10,0,0,0,8,0,0,0,0,0,0,0,11,14,15,0,17,0,0,0,16,0,0,0,0,0,0,0 0,13,13,0,13,0,0,0,13,0,0,0,0,0,0,0,8,14,14,0,14,0,0,0,14,0,0,0,0,0,0,0
11111 0,21,22,31,15,27,28,34,22,30,31,35,24,31,31,35,17,27,28,32,24,31,32,35,27,32,33,35,29,33,33,35 0,10,10,11,10,11,11,12,10,11,11,12,11,12,12,13,10,11,11,12,11,12,12,13,11,12,12,13,12,13,13,14
00100 0,20,23,0,25,31,32,0,19,0,0,0,37,0,0,0,21,0,0,0,32,0,0,0,0,0,0,0,0,0,0,0 0,25,25,0,16,26,26,0,25,0,0,0,26,0,0,0,25,0,0,0,26,0,0,0,0,0,0,0,0,0,0,0
00101 0,9,10,0,15,18,18,0,8,0,0,0,17,0,0,0,13,19,19,0,21,22,22,0,16,0,0,0,21,0,0,0 0,18,18,0,13,19,19,0,18,0,0,0,19,0,0,0,13,19,19,0,14,20,20,0,19,0,0,0,20,0,0,0
00010 0,12,13,0,14,0,0,0,18,23,22,0,25,0,0,0,20,0,0,0,0,0,0,0,25,0,0,0,0,0,0,0 0,21,21,0,21,0,0,0,12,22,22,0,22,0,0,0,21,0,0,0,0,0,0,0,22,0,0,0,0,0,0,0
11111 0,10,11,17,13,16,20,21,13,17,19,20,17,20,22,23,16,19,19,20,22,23,24,24,19,21,21,21,23,24,24,24 0,10,10,11,10,11,11,12,10,11,11,12,11,12,12,13,10,11,11,12,11,12,12,13,11,12,12,13,12,13,13,14
11111 0,8,10,13,10,14,12,15,8,12,14,16,14,16,15,17,13,15,16,18,15,17,16,18,15,17,17,19,16,18,17,19 0,8,8,9,8,9,9,10,8,9,9,10,9,10,10,11,8,9,9,10,9,10,10,11,9,10,10,11,10,11,11,12
11111 0,14,16,21,10,20,20,24,15,18,21,22,19,22,23,24,12,20,21,24,14,22,22,25,21,23,25,25,22,24,25,25 0,10,10,11,10,11,11,12,10,11,11,12,11,12,12,13,10,11,11,12,11,12,12,13,11,12,12,13,12,13,13,14
00000 0,9,7,0,10,0,0,0,11,0,0,0,0,0,0,0,13,0,0,0,0,0,0,0,0,0,0,0,0,0,0,0 0,18,18,0,18,0,0,0,18,0,0,0,0,0,0,0,18,0,0,0,0,0,0,0,0,0,0,0,0,0,0,0
11110 0,12,10,16,4,14,14,18,5,14,12,17,7,15,14,18,11,16,15,17,13,17,17,18,12,16,15,17,14,17,17,18 0,5,4,6,4,6,6,7,5,6,6,7,6,7,7,8,6,7,7,8,7,8,8,9,7,8,8,9,8,9,9,10
00010 0,15,11,0,14,0,0,0,16,25,22,0,22,0,0,0,16,0,0,0,0,0,0,0,25,0,0,0,0,0,0,0 0,19,19,0,19,0,0,0,14,20,20,0,20,0,0,0,19,0,0,0,0,0,0,0,20,0,0,0,0,0,0,0
00000 0,12,16,0,11,0,0,0,8,0,0,0,0,0,0,0,15,0,0,0,0,0,0,0,0,0,0,0,0,0,0,0 0,20,20,0,20,0,0,0,20,0,0,0,0,0,0,0,20,0,0,0,0,0,0,0,0,0,0,0,0,0,0,0
00000 0,6,7,0,3,0,0,0,5,0,0,0,0,0,0,0,6,0,0,0,0,0,0,0,0,0,0,0,0,0,0,0 0,10,10,0,10,0,0,0,10,0,0,0,0,0,0,0,10,0,0,0,0,0,0,0,0,0,0,0,0,0,0,0
11111 0,24,17,30,27,33,31,35,20,33,29,34,34,37,36,37,20,31,28,33,31,35,35,37,31,36,35,36,36,38,38,38 0,8,8,9,8,9,9,10,8,9,9,10,9,10,10,11,8,9,9,10,9,10,10,11,9,10,10,11,10,11,11,12
01111 0,11,13,20,15,20,23,25,14,22,20,25,21,24,25,26,20,23,23,25,26,27,28,28,26,28,27,28,27,28,28,28 0,14,13,15,13,15,14,16,13,15,14,16,14,16,15,17,13,15,14,16,14,16,15,17,14,16,15,17,15,17,16,18
00100 0,13,12,0,16,18,16,0,9,0,0,0,19,0,0,0,10,0,0,0,18,0,0,0,0,0,0,0,0,0,0,0 0,23,23,0,14,24,24,0,23,0,0,0,24,0,0,0,23,0,0,0,24,0,0,0,0,0,0,0,0,0,0,0
01011 0,4,9,11,6,0,11,0,8,9,12,13,9,0,12,0,9,10,12,13,10,0,13,0,11,12,13,14,11,0,13,0 0,7,6,8,7,0,8,0,6,8,7,9,8,0,9,0,6,8,7,9,8,0,9,0,7,9,8,10,9,0,10,0
00001 0,19,22,0,20,0,0,0,19,0,0,0,0,0,0,0,18,29,32,0,27,0,0,0,26,0,0,0,0,0,0,0 0,27,27,0,27,0,0,0,27,0,0,0,0,0,0,0,18,28,28,0,28,0,0,0,28,0,0,0,0,0,0,0
00000 0,2,1,0,1,0,0,0,0,0,0,0,0,0,0,0,3,0,0,0,0,0,0,0,0,0,0,0,0,0,0,0 0,16,16,0,16,0,0,0,0,0,0,0,0,0,0,0,16,0,0,0,0,0,0,0,0,0,0,0,0,0,0,0
00000 0,5,8,0,5,0,0,0,5,0,0,0,0,0,0,0,7,0,0,0,0,0,0,0,0,0,0,0,0,0,0,0 0,20,20,0,20,0,0,0,20,0,0,0,0,0,0,0,20,0,0,0,0,0,0,0,0,0,0,0,0,0,0,0
00000 0,4,3,0,5,0,0,0,6,0,0,0,0,0,0,0,7,0,0,0,0,0,0,0,0,0,0,0,0,0,0,0 0,12,12,0,12,0,0,0,12,0,0,0,0,0,0,0,12,0,0,0,0,0,0,0,0,0,0,0,0,0,0,0
00010 0,9,9,0,7,0,0,0,12,14,15,0,13,0,0,0,7,0,0,0,0,0,0,0,14,0,0,0,0,0,0,0 0,21,21,0,21,0,0,0,12,22,22,0,22,0,0,0,21,0,0,0,0,0,0,0,22,0,0,0,0,0,0,0
00001 0,24,22,0,20,0,0,0,22,0,0,0,0,0,0,0,18,32,29,0,29,0,0,0,32,0,0,0,0,0,0,0 0,23,23,0,23,0,0,0,23,0,0,0,0,0,0,0,14,24,24,0,24,0,0,0,24,0,0,0,0,0,0,0
00001 0,18,18,0,23,0,0,0,17,0,0,0,0,0,0,0,20,28,32,0,33,0,0,0,27,0,0,0,0,0,0,0 0,29,29,0,29,0,0,0,29,0,0,0,0,0,0,0,20,30,30,0,30,0,0,0,30,0,0,0,0,0,0,0
00100 0,9,13,0,16,18,22,0,15,0,0,0,21,0,0,0,11,0,0,0,19,0,0,0,0,0,0,0,0,0,0,0 0,19,19,0,14,20,20,0,19,0,0,0,20,0,0,0,19,0,0,0,20,0,0,0,0,0,0,0,0,0,0,0
01010 0,18,20,27,14,0,24,0,27,31,34,35,30,0,34,0,13,0,27,0,0,0,0,0,29,0,34,0,0,0,0,0 0,24,19,25,24,0,25,0,19,25,20,26,25,0,26,0,24,0,25,0,0,0,0,0,25,0,26,0,0,0,0,0
00000 0,9,10,0,12,0,0,0,9,0,0,0,0,0,0,0,10,0,0,0,0,0,0,0,0,0,0,0,0,0,0,0 0,14,14,0,14,0,0,0,14,0,0,0,0,0,0,0,14,0,0,0,0,0,0,0,0,0,0,0,0,0,0,0
01101 0,12,23,26,22,28,33,35,17,0,32,0,30,0,37,0,22,27,32,34,34,37,39,40,31,0,37,0,37,0,40,0 0,25,20,26,20,26,21,27,25,0,26,0,26,0,27,0,20,26,21,27,21,27,22,28,26,0,27,0,27,0,28,0
11111 0,25,15,29,16,31,26,33,17,30,24,32,25,33,30,34,21,32,28,33,28,36,33,36,28,33,31,34,32,36,34,36 0,6,6,7,6,7,7,8,6,7,7,8,7,8,8,9,6,7,7,8,7,8,8,9,7,8,8,9,8,9,9,10
10000 0,19,21,27,28,34,0,0,18,30,0,0,0,0,0,0,22,32,0,0,0,0,0,0,0,0,0,0,0,0,0,0 0,18,27,28,27,28,0,0,27,28,0,0,0,0,0,0,27,28,0,0,0,0,0,0,0,0,0,0,0,0,0,0
00000 0,7,7,0,9,0,0,0,8,0,0,0,0,0,0,0,7,0,0,0,0,0,0,0,0,0,0,0,0,0,0,0 0,16,16,0,16,0,0,0,16,0,0,0,0,0,0,0,16,0,0,0,0,0,0,0,0,0,0,0,0,0,0,0
00100 0,20,20,0,25,30,34,0,16,0,0,0,35,0,0,0,24,0,0,0,32,0,0,0,0,0,0,0,0,0,0,0 0,25,25,0,16,26,26,0,25,0,0,0,26,0,0,0,25,0,0,0,26,0,0,0,0,0,0,0,0,0,0,0
00010 0,16,14,0,16,0,0,0,20,28,25,0,26,0,0,0,17,0,0,0,0,0,0,0,30,0,0,0,0,0,0,0 0,27,27,0,27,0,0,0,18,28,28,0,28,0,0,0,27,0,0,0,0,0,0,0,28,0,0,0,0,0,0,0
00100 0,14,15,0,19,25,26,0,16,0,0,0,27,0,0,0,18,0,0,0,30,0,0,0,0,0,0,0,0,0,0,0 0,27,27,0,18,28,28,0,27,0,0,0,28,0,0,0,27,0,0,0,28,0,0,0,0,0,0,0,0,0,0,0
00100 0,17,14,0,17,27,28,0,18,0,0,0,27,0,0,0,17,0,0,0,25,0,0,0,0,0,0,0,0,0,0,0 0,19,19,0,14,20,20,0,19,0,0,0,20,0,0,0,19,0,0,0,20,0,0,0,0,0,0,0,0,0,0,0
00010 0,9,12,0,19,0,0,0,16,22,24,0,25,0,0,0,15,0,0,0,0,0,0,0,22,0,0,0,0,0,0,0 0,19,19,0,19,0,0,0,10,20,20,0,20,0,0,0,19,0,0,0,0,0,0,0,20,0,0,0,0,0,0,0
00010 0,11,12,0,13,0,0,0,17,19,21,0,22,0,0,0,14,0,0,0,0,0,0,0,21,0,0,0,0,0,0,0 0,25,25,0,25,0,0,0,16,26,26,0,26,0,0,0,25,0,0,0,0,0,0,0,26,0,0,0,0,0,0,0
10001 0,21,15,28,21,30,0,0,17,30,0,0,0,0,0,0,29,35,37,37,34,37,0,0,33,37,0,0,0,0,0,0 0,17,22,23,22,23,0,0,22,23,0,0,0,0,0,0,17,18,23,24,23,24,0,0,23,24,0,0,0,0,0,0
10100 0,21,15,25,22,29,30,32,19,27,0,0,28,33,0,0,20,31,0,0,30,33,0,0,0,0,0,0,0,0,0,0 0,21,26,27,21,22,27,28,26,27,0,0,27,28,0,0,26,27,0,0,27,28,0,0,0,0,0,0,0,0,0,0
11111 0,18,15,24,13,24,19,26,17,28,24,31,24,31,27,32,13,24,22,27,22,27,25,28,21,29,26,31,28,32,29,32 0,8,8,9,8,9,9,10,8,9,9,10,9,10,10,11,8,9,9,10,9,10,10,11,9,10,10,11,10,11,11,12
00001 0,15,14,0,14,0,0,0,12,0,0,0,0,0,0,0,18,24,22,0,25,0,0,0,23,0,0,0,0,0,0,0 0,21,21,0,21,0,0,0,21,0,0,0,0,0,0,0,16,22,22,0,22,0,0,0,22,0,0,0,0,0,0,0
11011 0,19,18,30,13,24,24,32,15,27,24,34,21,28,28,34,27,33,35,37,30,34,36,38,34,36,37,38,34,36,37,38 0,15,15,16,16,17,17,18,15,16,16,17,17,18,18,19,15,16,16,17,17,18,18,19,16,17,17,18,18,19,19,20
10000 0,14,9,17,9,17,0,0,10,18,0,0,0,0,0,0,13,19,0,0,0,0,0,0,0,0,0,0,0,0,0,0 0,14,19,20,19,20,0,0,19,20,0,0,0,0,0,0,19,20,0,0,0,0,0,0,0,0,0,0,0,0,0,0
00010 0,4,8,0,10,0,0,0,14,14,16,0,18,0,0,0,12,0,0,0,0,0,0,0,18,0,0,0,0,0,0,0 0,21,21,0,21,0,0,0,12,22,22,0,22,0,0,0,21,0,0,0,0,0,0,0,22,0,0,0,0,0,0,0
00000 0,3,5,0,6,0,0,0,2,0,0,0,0,0,0,0,4,0,0,0,0,0,0,0,0,0,0,0,0,0,0,0 0,14,14,0,14,0,0,0,14,0,0,0,0,0,0,0,14,0,0,0,0,0,0,0,0,0,0,0,0,0,0,0
00000 0,2,3,0,4,0,0,0,4,0,0,0,0,0,0,0,3,0,0,0,0,0,0,0,0,0,0,0,0,0,0,0 0,8,8,0,8,0,0,0,8,0,0,0,0,0,0,0,8,0,0,0,0,0,0,0,0,0,0,0,0,0,0,0
00010 0,13,13,0,13,0,0,0,12,22,21,0,19,0,0,0,17,0,0,0,0,0,0,0,22,0,0,0,0,0,0,0 0,19,19,0,19,0,0,0,10,20,20,0,20,0,0,0,19,0,0,0,0,0,0,0,20,0,0,0,0,0,0,0
00001 0,9,9,0,8,0,0,0,8,0,0,0,0,0,0,0,13,14,15,0,15,0,0,0,15,0,0,0,0,0,0,0 0,19,19,0,19,0,0,0,19,0,0,0,0,0,0,0,10,20,20,0,20,0,0,0,20,0,0,0,0,0,0,0
11111 0,25,17,30,19,29,27,33,17,33,27,36,27,35,33,37,16,30,28,35,27,32,33,36,26,35,33,38,32,36,36,38 0,6,6,7,6,7,7,8,6,7,7,8,7,8,8,9,6,7,7,8,7,8,8,9,7,8,8,9,8,9,9,10
00100 0,10,14,0,15,19,22,0,19,0,0,0,24,0,0,0,10,0,0,0,18,0,0,0,0,0,0,0,0,0,0,0 0,17,17,0,12,18,18,0,17,0,0,0,18,0,0,0,17,0,0,0,18,0,0,0,0,0,0,0,0,0,0,0
00111 0,12,11,0,21,25,23,0,17,19,21,0,26,27,27,0,12,20,19,0,23,26,25,0,23,25,26,0,27,28,28,0 0,13,13,0,12,14,14,0,12,14,14,0,13,15,15,0,12,14,14,0,13,15,15,0,13,15,15,0,14,16,16,0
11111 0,24,14,28,23,30,28,33,14,29,24,32,30,33,33,35,17,31,24,32,30,35,32,35,23,33,28,34,33,36,34,36 0,10,10,11,10,11,11,12,10,11,11,12,11,12,12,13,10,11,11,12,11,12,12,13,11,12,12,13,12,13,13,14
11100 0,18,21,26,19,26,25,28,15,25,28,29,25,29,29,30,14,23,25,28,24,27,27,28,0,0,0,0,0,0,0,0 0,18,18,19,18,19,19,20,23,24,24,25,24,25,25,26,23,24,24,25,24,25,25,26,0,0,0,0,0,0,0,0
01110 0,23,20,32,24,34,33,38,20,30,31,35,35,39,39,40,25,0,32,0,34,0,38,0,32,0,38,0,38,0,41,0 0,23,18,24,18,24,19,25,18,24,19,25,19,25,20,26,23,0,24,0,24,0,25,0,24,0,25,0,25,0,26,0
00100 0,12,12,0,15,21,22,0,21,0,0,0,25,0,0,0,14,0,0,0,23,0,0,0,0,0,0,0,0,0,0,0 0,17,17,0,12,18,18,0,17,0,0,0,18,0,0,0,17,0,0,0,18,0,0,0,0,0,0,0,0,0,0,0
11111 0,18,20,28,19,27,29,33,19,26,31,33,28,31,34,35,17,26,28,32,27,32,32,35,26,30,35,36,31,33,35,36 0,16,16,17,16,17,17,18,16,17,17,18,17,18,18,19,16,17,17,18,17,18,18,19,17,18,18,19,18,19,19,20
00000 0,11,11,0,9,0,0,0,6,0,0,0,0,0,0,0,11,0,0,0,0,0,0,0,0,0,0,0,0,0,0,0 0,18,18,0,18,0,0,0,18,0,0,0,0,0,0,0,18,0,0,0,0,0,0,0,0,0,0,0,0,0,0,0
00000 0,3,5,0,8,0,0,0,4,0,0,0,0,0,0,0,6,0,0,0,0,0,0,0,0,0,0,0,0,0,0,0 0,14,14,0,14,0,0,0,14,0,0,0,0,0,0,0,14,0,0,0,0,0,0,0,0,0,0,0,0,0,0,0
11000 0,23,27,38,17,33,34,43,21,34,37,42,0,0,0,0,27,34,34,39,0,0,0,0,0,0,0,0,0,0,0,0 0,21,21,22,30,31,31,32,30,31,31,32,0,0,0,0,30,31,31,32,0,0,0,0,0,0,0,0,0,0,0,0
00001 0,23,19,0,21,0,0,0,15,0,0,0,0,0,0,0,19,31,29,0,32,0,0,0,27,0,0,0,0,0,0,0 0,23,23,0,23,0,0,0,23,0,0,0,0,0,0,0,14,24,24,0,24,0,0,0,24,0,0,0,0,0,0,0
00000 0,9,8,0,6,0,0,0,3,0,0,0,0,0,0,0,9,0,0,0,0,0,0,0,0,0,0,0,0,0,0,0 0,12,12,0,12,0,0,0,12,0,0,0,0,0,0,0,12,0,0,0,0,0,0,0,0,0,0,0,0,0,0,0
00000 0,7,7,0,8,0,0,0,12,0,0,0,0,0,0,0,6,0,0,0,0,0,0,0,0,0,0,0,0,0,0,0 0,18,18,0,18,0,0,0,18,0,0,0,0,0,0,0,18,0,0,0,0,0,0,0,0,0,0,0,0,0,0,0
00000 0,6,3,0,2,0,0,0,4,0,0,0,0,0,0,0,2,0,0,0,0,0,0,0,0,0,0,0,0,0,0,0 0,18,18,0,18,0,0,0,18,0,0,0,0,0,0,0,18,0,0,0,0,0,0,0,0,0,0,0,0,0,0,0
10010 0,21,20,33,18,28,0,0,23,34,32,38,32,37,0,0,14,27,0,0,0,0,0,0,29,35,0,0,0,0,0,0 0,19,24,25,24,25,0,0,19,20,25,26,25,26,0,0,24,25,0,0,0,0,0,0,25,26,0,0,0,0,0,0
11111 0,18,17,25,17,25,26,30,15,24,23,27,25,28,28,30,16,26,23,29,25,30,28,31,24,29,28,30,29,31,30,31 0,12,12,13,12,13,13,14,12,13,13,14,13,14,14,15,12,13,13,14,13,14,14,15,13,14,14,15,14,15,15,16
11111 0,24,16,28,16,30,26,33,20,32,26,34,28,34,31,35,22,30,28,31,27,33,32,34,30,35,33,35,33,36,35,36 0,8,8,9,8,9,9,10,8,9,9,10,9,10,10,11,8,9,9,10,9,10,10,11,9,10,10,11,10,11,11,12
01100 0,10,13,19,13,18,20,24,12,0,20,0,19,0,24,0,13,0,18,0,19,0,22,0,0,0,0,0,0,0,0,0 0,14,13,15,13,15,14,16,14,0,15,0,15,0,16,0,14,0,15,0,15,0,16,0,0,0,0,0,0,0,0,0
01100 0,12,14,20,14,21,21,25,10,0,19,0,19,0,24,0,9,0,20,0,18,0,24,0,0,0,0,0,0,0,0,0 0,16,11,17,11,17,12,18,16,0,17,0,17,0,18,0,16,0,17,0,17,0,18,0,0,0,0,0,0,0,0,0
00000 0,5,2,0,4,0,0,0,6,0,0,0,0,0,0,0,6,0,0,0,0,0,0,0,0,0,0,0,0,0,0,0 0,10,10,0,10,0,0,0,10,0,0,0,0,0,0,0,10,0,0,0,0,0,0,0,0,0,0,0,0,0,0,0
00000 0,2,5,0,8,0,0,0,4,0,0,0,0,0,0,0,8,0,0,0,0,0,0,0,0,0,0,0,0,0,0,0 0,16,16,0,16,0,0,0,16,0,0,0,0,0,0,0,16,0,0,0,0,0,0,0,0,0,0,0,0,0,0,0
00000 0,8,2,0,6,0,0,0,6,0,0,0,0,0,0,0,4,0,0,0,0,0,0,0,0,0,0,0,0,0,0,0 0,18,18,0,18,0,0,0,18,0,0,0,0,0,0,0,18,0,0,0,0,0,0,0,0,0,0,0,0,0,0,0
00000 0,3,2,0,6,0,0,0,4,0,0,0,0,0,0,0,5,0,0,0,0,0,0,0,0,0,0,0,0,0,0,0 0,10,10,0,10,0,0,0,10,0,0,0,0,0,0,0,10,0,0,0,0,0,0,0,0,0,0,0,0,0,0,0
00010 0,6,7,0,7,0,0,0,7,10,10,0,10,0,0,0,5,0,0,0,0,0,0,0,9,0,0,0,0,0,0,0 0,11,11,0,11,0,0,0,6,12,12,0,12,0,0,0,11,0,0,0,0,0,0,0,12,0,0,0,0,0,0,0
00000 0,13,9,0,8,0,0,0,14,0,0,0,0,0,0,0,13,0,0,0,0,0,0,0,0,0,0,0,0,0,0,0 0,18,18,0,18,0,0,0,18,0,0,0,0,0,0,0,18,0,0,0,0,0,0,0,0,0,0,0,0,0,0,0
00000 0,2,4,0,1,0,0,0,3,0,0,0,0,0,0,0,4,0,0,0,0,0,0,0,0,0,0,0,0,0,0,0 0,6,6,0,6,0,0,0,6,0,0,0,0,0,0,0,6,0,0,0,0,0,0,0,0,0,0,0,0,0,0,0
10000 0,16,17,24,14,25,0,0,17,28,0,0,0,0,0,0,21,30,0,0,0,0,0,0,0,0,0,0,0,0,0,0 0,12,21,22,21,22,0,0,21,22,0,0,0,0,0,0,21,22,0,0,0,0,0,0,0,0,0,0,0,0,0,0
01001 0,9,15,19,13,0,18,0,10,0,17,0,0,0,0,0,15,18,21,22,20,0,21,0,18,0,21,0,0,0,0,0 0,16,11,17,16,0,17,0,16,0,17,0,0,0,0,0,11,17,12,18,17,0,18,0,17,0,18,0,0,0,0,0
10000 0,10,10,16,8,14,0,0,10,15,0,0,0,0,0,0,9,14,0,0,0,0,0,0,0,0,0,0,0,0,0,0 0,10,15,16,15,16,0,0,15,16,0,0,0,0,0,0,15,16,0,0,0,0,0,0,0,0,0,0,0,0,0,0
00000 0,10,9,0,10,0,0,0,5,0,0,0,0,0,0,0,8,0,0,0,0,0,0,0,0,0,0,0,0,0,0,0 0,16,16,0,16,0,0,0,16,0,0,0,0,0,0,0,16,0,0,0,0,0,0,0,0,0,0,0,0,0,0,0
00000 0,11,10,0,8,0,0,0,10,0,0,0,0,0,0,0,6,0,0,0,0,0,0,0,0,0,0,0,0,0,0,0 0,20,20,0,20,0,0,0,20,0,0,0,0,0,0,0,20,0,0,0,0,0,0,0,0,0,0,0,0,0,0,0
00000 0,8,9,0,7,0,0,0,5,0,0,0,0,0,0,0,5,0,0,0,0,0,0,0,0,0,0,0,0,0,0,0 0,10,10,0,10,0,0,0,10,0,0,0,0,0,0,0,10,0,0,0,0,0,0,0,0,0,0,0,0,0,0,0
00000 0,10,7,0,9,0,0,0,12,0,0,0,0,0,0,0,7,0,0,0,0,0,0,0,0,0,0,0,0,0,0,0 0,16,16,0,16,0,0,0,16,0,0,0,0,0,0,0,16,0,0,0,0,0,0,0,0,0,0,0,0,0,0,0
10110 0,18,11,22,18,24,22,26,15,24,18,25,24,26,24,26,8,20,0,0,22,25,0,0,21,26,0,0,26,27,0,0 0,12,13,14,12,13,14,15,12,13,14,15,13,14,15,16,13,14,0,0,14,15,0,0,14,15,0,0,15,16,0,0
00100 0,16,17,0,22,29,29,0,13,0,0,0,26,0,0,0,11,0,0,0,25,0,0,0,0,0,0,0,0,0,0,0 0,21,21,0,12,22,22,0,21,0,0,0,22,0,0,0,21,0,0,0,22,0,0,0,0,0,0,0,0,0,0,0
01001 0,23,24,33,16,0,32,0,23,0,32,0,0,0,0,0,26,32,34,37,35,0,39,0,33,0,37,0,0,0,0,0 0,26,21,27,26,0,27,0,26,0,27,0,0,0,0,0,21,27,22,28,27,0,28,0,27,0,28,0,0,0,0,0
00110 0,5,6,0,7,8,10,0,7,10,9,0,11,11,11,0,6,0,0,0,8,0,0,0,10,0,0,0,11,0,0,0 0,8,8,0,7,9,9,0,7,9,9,0,8,10,10,0,8,0,0,0,9,0,0,0,9,0,0,0,10,0,0,0
01110 0,17,24,31,18,30,33,39,21,30,32,35,29,36,36,39,22,0,32,0,27,0,35,0,29,0,35,0,33,0,37,0 0,23,18,24,18,24,19,25,18,24,19,25,19,25,20,26,23,0,24,0,24,0,25,0,24,0,25,0,25,0,26,0
11001 0,22,23,31,20,34,34,39,23,35,33,39,0,0,0,0,18,31,33,36,32,38,40,41,32,39,39,41,0,0,0,0 0,18,18,19,23,24,24,25,23,24,24,25,0,0,0,0,18,19,19,20,24,25,25,26,24,25,25,26,0,0,0,0
10100 0,21,21,30,14,27,26,33,16,26,0,0,22,29,0,0,14,27,0,0,22,31,0,0,0,0,0,0,0,0,0,0 0,13,18,19,13,14,19,20,18,19,0,0,19,20,0,0,18,19,0,0,19,20,0,0,0,0,0,0,0,0,0,0
00000 0,1,2,0,4,0,0,0,4,0,0,0,0,0,0,0,2,0,0,0,0,0,0,0,0,0,0,0,0,0,0,0 0,6,6,0,6,0,0,0,6,0,0,0,0,0,0,0,6,0,0,0,0,0,0,0,0,0,0,0,0,0,0,0
01000 0,15,16,22,11,0,19,0,14,0,23,0,0,0,0,0,14,0,24,0,0,0,0,0,0,0,0,0,0,0,0,0 0,19,14,20,19,0,20,0,19,0,20,0,0,0,0,0,19,0,20,0,0,0,0,0,0,0,0,0,0,0,0,0
00000 0,6,5,0,3,0,0,0,6,0,0,0,0,0,0,0,2,0,0,0,0,0,0,0,0,0,0,0,0,0,0,0 0,10,10,0,10,0,0,0,10,0,0,0,0,0,0,0,10,0,0,0,0,0,0,0,0,0,0,0,0,0,0,0
11100 0,5,6,7,5,8,7,8,3,6,8,8,7,8,8,8,4,7,7,8,6,8,7,8,0,0,0,0,0,0,0,0 0,4,4,5,4,5,5,6,5,6,6,7,6,7,7,8,5,6,6,7,6,7,7,8,0,0,0,0,0,0,0,0
10000 0,10,6,12,5,11,0,0,5,12,0,0,0,0,0,0,7,13,0,0,0,0,0,0,0,0,0,0,0,0,0,0 0,8,13,14,13,14,0,0,13,14,0,0,0,0,0,0,13,14,0,0,0,0,0,0,0,0,0,0,0,0,0,0
00100 0,20,18,0,27,36,35,0,23,0,0,0,37,0,0,0,20,0,0,0,36,0,0,0,0,0,0,0,0,0,0,0 0,27,27,0,18,28,28,0,27,0,0,0,28,0,0,0,27,0,0,0,28,0,0,0,0,0,0,0,0,0,0,0
10011 0,14,12,22,10,19,0,0,19,22,24,26,24,26,0,0,15,23,20,25,20,25,0,0,24,26,26,27,26,28,0,0 0,12,13,14,13,14,0,0,12,13,14,15,14,15,0,0,12,13,14,15,14,15,0,0,13,14,15,16,15,16,0,0
01000 0,14,15,21,14,0,24,0,10,0,22,0,0,0,0,0,14,0,22,0,0,0,0,0,0,0,0,0,0,0,0,0 0,17,12,18,17,0,18,0,17,0,18,0,0,0,0,0,17,0,18,0,0,0,0,0,0,0,0,0,0,0,0,0
00000 0,5,5,0,5,0,0,0,2,0,0,0,0,0,0,0,6,0,0,0,0,0,0,0,0,0,0,0,0,0,0,0 0,12,12,0,12,0,0,0,12,0,0,0,0,0,0,0,12,0,0,0,0,0,0,0,0,0,0,0,0,0,0,0
00111 0,15,13,0,21,28,26,0,19,24,23,0,27,30,28,0,22,27,25,0,29,30,30,0,28,30,28,0,30,31,30,0 0,23,23,0,18,24,24,0,18,24,24,0,19,25,25,0,18,24,24,0,19,25,25,0,19,25,25,0,20,26,26,0
00000 0,6,7,0,7,0,0,0,9,0,0,0,0,0,0,0,8,0,0,0,0,0,0,0,0,0,0,0,0,0,0,0 0,10,10,0,10,0,0,0,10,0,0,0,0,0,0,0,10,0,0,0,0,0,0,0,0,0,0,0,0,0,0,0
01000 0,8,13,17,9,0,19,0,12,0,20,0,0,0,0,0,11,0,18,0,0,0,0,0,0,0,0,0,0,0,0,0 0,19,10,20,19,0,20,0,19,0,20,0,0,0,0,0,19,0,20,0,0,0,0,0,0,0,0,0,0,0,0,0
11111 0,26,22,35,23,36,30,37,25,36,34,41,37,41,40,42,19,33,28,38,30,38,33,39,32,41,37,43,38,42,41,43 0,12,12,13,12,13,13,14,12,13,13,14,13,14,14,15,12,13,13,14,13,14,14,15,13,14,14,15,14,15,15,16
11111 0,10,10,14,11,15,12,16,10,14,14,15,15,16,15,16,7,12,13,14,15,16,15,16,12,14,15,15,16,16,16,16 0,6,6,7,6,7,7,8,6,7,7,8,7,8,8,9,6,7,7,8,7,8,8,9,7,8,8,9,8,9,9,10
00100 0,12,11,0,12,19,18,0,13,0,0,0,20,0,0,0,11,0,0,0,19,0,0,0,0,0,0,0,0,0,0,0 0,19,19,0,10,20,20,0,19,0,0,0,20,0,0,0,19,0,0,0,20,0,0,0,0,0,0,0,0,0,0,0
00001 0,10,6,0,10,0,0,0,6,0,0,0,0,0,0,0,10,14,15,0,16,0,0,0,13,0,0,0,0,0,0,0 0,15,15,0,15,0,0,0,15,0,0,0,0,0,0,0,10,16,16,0,16,0,0,0,16,0,0,0,0,0,0,0
00000 0,5,11,0,11,0,0,0,10,0,0,0,0,0,0,0,11,0,0,0,0,0,0,0,0,0,0,0,0,0,0,0 0,12,12,0,12,0,0,0,12,0,0,0,0,0,0,0,12,0,0,0,0,0,0,0,0,0,0,0,0,0,0,0
01010 0,13,19,27,16,0,24,0,16,25,23,29,21,0,26,0,14,0,22,0,0,0,0,0,22,0,26,0,0,0,0,0 0,20,15,21,20,0,21,0,15,21,16,22,21,0,22,0,20,0,21,0,0,0,0,0,21,0,22,0,0,0,0,0
00000 0,3,4,0,4,0,0,0,5,0,0,0,0,0,0,0,1,0,0,0,0,0,0,0,0,0,0,0,0,0,0,0 0,18,18,0,18,0,0,0,18,0,0,0,0,0,0,0,18,0,0,0,0,0,0,0,0,0,0,0,0,0,0,0
00000 0,4,5,0,4,0,0,0,8,0,0,0,0,0,0,0,6,0,0,0,0,0,0,0,0,0,0,0,0,0,0,0 0,18,18,0,18,0,0,0,18,0,0,0,0,0,0,0,18,0,0,0,0,0,0,0,0,0,0,0,0,0,0,0
11111 0,15,17,21,17,20,22,23,15,22,21,23,23,23,24,24,18,22,24,24,22,22,24,24,22,24,24,24,24,24,24,24 0,10,10,11,10,11,11,12,10,11,11,12,11,12,12,13,10,11,11,12,11,12,12,13,11,12,12,13,12,13,13,14
11111 0,20,21,31,17,29,29,35,20,27,33,34,29,33,36,36,19,28,27,33,27,33,32,36,30,32,35,35,33,35,36,36 0,14,14,15,14,15,15,16,14,15,15,16,15,16,16,17,14,15,15,16,15,16,16,17,15,16,16,17,16,17,17,18
00000 0,3,3,0,3,0,0,0,4,0,0,0,0,0,0,0,3,0,0,0,0,0,0,0,0,0,0,0,0,0,0,0 0,16,16,0,16,0,0,0,16,0,0,0,0,0,0,0,16,0,0,0,0,0,0,0,0,0,0,0,0,0,0,0
11111 0,20,23,34,24,32,33,39,20,31,32,39,33,36,38,41,23,31,34,39,34,37,41,42,33,37,40,43,39,39,43,43 0,8,8,9,8,9,9,10,8,9,9,10,9,10,10,11,8,9,9,10,9,10,10,11,9,10,10,11,10,11,11,12
11111 0,10,11,18,15,18,19,21,11,17,19,22,19,21,22,23,10,16,18,22,19,20,22,23,15,19,21,23,21,21,23,23 0,10,10,11,10,11,11,12,10,11,11,12,11,12,12,13,10,11,11,12,11,12,12,13,11,12,12,13,12,13,13,14
11010 0,23,20,30,16,27,25,31,19,29,27,32,25,30,30,33,17,28,28,32,0,0,0,0,26,32,31,34,0,0,0,0 0,16,16,17,21,22,22,23,16,17,17,18,22,23,23,24,21,22,22,23,0,0,0,0,22,23,23,24,0,0,0,0
01011 0,21,21,30,18,0,28,0,22,32,33,36,30,0,35,0,25,31,32,36,34,0,36,0,33,35,37,38,37,0,38,0 0,25,20,26,25,0,26,0,20,26,21,27,26,0,27,0,20,26,21,27,26,0,27,0,21,27,22,28,27,0,28,0
00011 0,18,20,0,17,0,0,0,24,32,34,0,31,0,0,0,25,33,33,0,30,0,0,0,34,38,38,0,37,0,0,0 0,26,26,0,26,0,0,0,21,27,27,0,27,0,0,0,21,27,27,0,27,0,0,0,22,28,28,0,28,0,0,0
00010 0,14,11,0,11,0,0,0,18,23,24,0,20,0,0,0,12,0,0,0,0,0,0,0,22,0,0,0,0,0,0,0 0,25,25,0,25,0,0,0,16,26,26,0,26,0,0,0,25,0,0,0,0,0,0,0,26,0,0,0,0,0,0,0
00100 0,12,18,0,20,22,26,0,10,0,0,0,24,0,0,0,16,0,0,0,25,0,0,0,0,0,0,0,0,0,0,0 0,21,21,0,16,22,22,0,21,0,0,0,22,0,0,0,21,0,0,0,22,0,0,0,0,0,0,0,0,0,0,0
10110 0,18,9,21,14,23,20,25,10,21,15,23,18,24,21,25,10,20,0,0,19,24,0,0,16,22,0,0,20,24,0,0 0,10,11,12,10,11,12,13,10,11,12,13,11,12,13,14,11,12,0,0,12,13,0,0,12,13,0,0,13,14,0,0
11111 0,23,24,31,16,32,30,34,23,31,36,36,29,36,38,38,19,33,32,37,28,38,35,38,32,37,39,39,35,40,40,40 0,14,14,15,14,15,15,16,14,15,15,16,15,16,16,17,14,15,15,16,15,16,16,17,15,16,16,17,16,17,17,18
00000 0,4,3,0,3,0,0,0,2,0,0,0,0,0,0,0,5,0,0,0,0,0,0,0,0,0,0,0,0,0,0,0 0,10,10,0,10,0,0,0,10,0,0,0,0,0,0,0,10,0,0,0,0,0,0,0,0,0,0,0,0,0,0,0
00000 0,5,6,0,4,0,0,0,8,0,0,0,0,0,0,0,3,0,0,0,0,0,0,0,0,0,0,0,0,0,0,0 0,10,10,0,10,0,0,0,10,0,0,0,0,0,0,0,10,0,0,0,0,0,0,0,0,0,0,0,0,0,0,0
10000 0,10,10,16,9,15,0,0,9,13,0,0,0,0,0,0,8,14,0,0,0,0,0,0,0,0,0,0,0,0,0,0 0,8,13,14,13,14,0,0,13,14,0,0,0,0,0,0,13,14,0,0,0,0,0,0,0,0,0,0,0,0,0,0
00000 0,2,3,0,1,0,0,0,5,0,0,0,0,0,0,0,0,0,0,0,0,0,0,0,0,0,0,0,0,0,0,0 0,10,10,0,10,0,0,0,10,0,0,0,0,0,0,0,0,0,0,0,0,0,0,0,0,0,0,0,0,0,0,0
11001 0,20,21,33,17,29,25,35,23,28,31,34,0,0,0,0,20,29,32,36,30,35,34,38,31,34,35,36,0,0,0,0 0,20,20,21,25,26,26,27,25,26,26,27,0,0,0,0,20,21,21,22,26,27,27,28,26,27,27,28,0,0,0,0
10000 0,6,5,8,5,8,0,0,3,8,0,0,0,0,0,0,5,7,0,0,0,0,0,0,0,0,0,0,0,0,0,0 0,6,7,8,7,8,0,0,7,8,0,0,0,0,0,0,7,8,0,0,0,0,0,0,0,0,0,0,0,0,0,0
10000 0,12,8,15,8,15,0,0,6,13,0,0,0,0,0,0,8,14,0,0,0,0,0,0,0,0,0,0,0,0,0,0 0,12,17,18,17,18,0,0,17,18,0,0,0,0,0,0,17,18,0,0,0,0,0,0,0,0,0,0,0,0,0,0
10010 0,21,18,28,19,28,0,0,21,28,27,31,29,31,0,0,17,27,0,0,0,0,0,0,29,31,0,0,0,0,0,0 0,21,26,27,26,27,0,0,21,22,27,28,27,28,0,0,26,27,0,0,0,0,0,0,27,28,0,0,0,0,0,0
00100 0,15,14,0,16,23,23,0,15,0,0,0,21,0,0,0,16,0,0,0,24,0,0,0,0,0,0,0,0,0,0,0 0,21,21,0,16,22,22,0,21,0,0,0,22,0,0,0,21,0,0,0,22,0,0,0,0,0,0,0,0,0,0,0
00101 0,12,15,0,17,23,21,0,14,0,0,0,22,0,0,0,19,24,24,0,23,27,26,0,24,0,0,0,25,0,0,0 0,20,20,0,15,21,21,0,20,0,0,0,21,0,0,0,15,21,21,0,16,22,22,0,21,0,0,0,22,0,0,0
00000 0,8,8,0,8,0,0,0,9,0,0,0,0,0,0,0,13,0,0,0,0,0,0,0,0,0,0,0,0,0,0,0 0,16,16,0,16,0,0,0,16,0,0,0,0,0,0,0,16,0,0,0,0,0,0,0,0,0,0,0,0,0,0,0
00000 0,2,1,0,2,0,0,0,2,0,0,0,0,0,0,0,2,0,0,0,0,0,0,0,0,0,0,0,0,0,0,0 0,12,12,0,12,0,0,0,12,0,0,0,0,0,0,0,12,0,0,0,0,0,0,0,0,0,0,0,0,0,0,0
01000 0,11,12,16,9,0,14,0,10,0,18,0,0,0,0,0,10,0,15,0,0,0,0,0,0,0,0,0,0,0,0,0 0,13,12,14,13,0,14,0,13,0,14,0,0,0,0,0,13,0,14,0,0,0,0,0,0,0,0,0,0,0,0,0
00001 0,4,2,0,5,0,0,0,3,0,0,0,0,0,0,0,6,8,6,0,7,0,0,0,7,0,0,0,0,0,0,0 0,11,11,0,11,0,0,0,11,0,0,0,0,0,0,0,6,12,12,0,12,0,0,0,12,0,0,0,0,0,0,0
00001 0,17,13,0,6,0,0,0,16,0,0,0,0,0,0,0,11,21,20,0,15,0,0,0,22,0,0,0,0,0,0,0 0,19,19,0,19,0,0,0,19,0,0,0,0,0,0,0,10,20,20,0,20,0,0,0,20,0,0,0,0,0,0,0
00010 0,21,20,0,9,0,0,0,22,31,31,0,25,0,0,0,22,0,0,0,0,0,0,0,30,0,0,0,0,0,0,0 0,29,29,0,29,0,0,0,20,30,30,0,30,0,0,0,29,0,0,0,0,0,0,0,30,0,0,0,0,0,0,0
00000 0,5,4,0,5,0,0,0,7,0,0,0,0,0,0,0,3,0,0,0,0,0,0,0,0,0,0,0,0,0,0,0 0,12,12,0,12,0,0,0,12,0,0,0,0,0,0,0,12,0,0,0,0,0,0,0,0,0,0,0,0,0,0,0
00000 0,14,12,0,12,0,0,0,12,0,0,0,0,0,0,0,16,0,0,0,0,0,0,0,0,0,0,0,0,0,0,0 0,18,18,0,18,0,0,0,18,0,0,0,0,0,0,0,18,0,0,0,0,0,0,0,0,0,0,0,0,0,0,0
00000 0,9,12,0,17,0,0,0,11,0,0,0,0,0,0,0,11,0,0,0,0,0,0,0,0,0,0,0,0,0,0,0 0,18,18,0,18,0,0,0,18,0,0,0,0,0,0,0,18,0,0,0,0,0,0,0,0,0,0,0,0,0,0,0
00110 0,19,18,0,23,33,34,0,23,31,30,0,33,36,36,0,17,0,0,0,30,0,0,0,30,0,0,0,36,0,0,0 0,32,32,0,23,33,33,0,23,33,33,0,24,34,34,0,32,0,0,0,33,0,0,0,33,0,0,0,34,0,0,0
10100 0,23,16,31,27,38,33,41,23,36,0,0,36,41,0,0,20,32,0,0,35,39,0,0,0,0,0,0,0,0,0,0 0,21,30,31,21,22,31,32,30,31,0,0,31,32,0,0,30,31,0,0,31,32,0,0,0,0,0,0,0,0,0,0
00000 0,1,4,0,1,0,0,0,2,0,0,0,0,0,0,0,0,0,0,0,0,0,0,0,0,0,0,0,0,0,0,0 0,20,20,0,20,0,0,0,20,0,0,0,0,0,0,0,0,0,0,0,0,0,0,0,0,0,0,0,0,0,0,0
11111 0,22,20,31,16,28,28,33,21,32,29,36,27,33,34,36,24,31,31,35,29,34,34,36,32,36,35,37,33,36,36,37 0,14,14,15,14,15,15,16,14,15,15,16,15,16,16,17,14,15,15,16,15,16,16,17,15,16,16,17,16,17,17,18
00000 0,5,4,0,6,0,0,0,6,0,0,0,0,0,0,0,4,0,0,0,0,0,0,0,0,0,0,0,0,0,0,0 0,14,14,0,14,0,0,0,14,0,0,0,0,0,0,0,14,0,0,0,0,0,0,0,0,0,0,0,0,0,0,0
10010 0,23,18,31,16,32,0,0,22,28,30,34,30,35,0,0,21,33,0,0,0,0,0,0,31,34,0,0,0,0,0,0 0,21,26,27,26,27,0,0,21,22,27,28,27,28,0,0,26,27,0,0,0,0,0,0,27,28,0,0,0,0,0,0
00000 0,6,9,0,7,0,0,0,11,0,0,0,0,0,0,0,7,0,0,0,0,0,0,0,0,0,0,0,0,0,0,0 0,20,20,0,20,0,0,0,20,0,0,0,0,0,0,0,20,0,0,0,0,0,0,0,0,0,0,0,0,0,0,0
10100 0,9,6,13,10,15,12,17,10,12,0,0,14,16,0,0,7,12,0,0,12,15,0,0,0,0,0,0,0,0,0,0 0,9,10,11,9,10,11,12,10,11,0,0,11,12,0,0,10,11,0,0,11,12,0,0,0,0,0,0,0,0,0,0
11110 0,7,8,9,8,10,10,11,7,9,10,11,10,11,11,12,6,11,12,13,11,13,13,14,12,13,14,15,13,14,14,15 0,7,7,8,7,8,8,9,7,8,8,9,8,9,9,10,8,9,9,10,9,10,10,11,9,10,10,11,10,11,11,12
00010 0,10,17,0,13,0,0,0,14,20,25,0,22,0,0,0,18,0,0,0,0,0,0,0,25,0,0,0,0,0,0,0 0,23,23,0,23,0,0,0,14,24,24,0,24,0,0,0,23,0,0,0,0,0,0,0,24,0,0,0,0,0,0,0
00100 0,9,10,0,13,16,17,0,7,0,0,0,16,0,0,0,9,0,0,0,17,0,0,0,0,0,0,0,0,0,0,0 0,19,19,0,10,20,20,0,19,0,0,0,20,0,0,0,19,0,0,0,20,0,0,0,0,0,0,0,0,0,0,0
00000 0,4,3,0,4,0,0,0,5,0,0,0,0,0,0,0,5,0,0,0,0,0,0,0,0,0,0,0,0,0,0,0 0,8,8,0,8,0,0,0,8,0,0,0,0,0,0,0,8,0,0,0,0,0,0,0,0,0,0,0,0,0,0,0
00000 0,7,3,0,7,0,0,0,5,0,0,0,0,0,0,0,7,0,0,0,0,0,0,0,0,0,0,0,0,0,0,0 0,8,8,0,8,0,0,0,8,0,0,0,0,0,0,0,8,0,0,0,0,0,0,0,0,0,0,0,0,0,0,0
00000 0,4,6,0,5,0,0,0,7,0,0,0,0,0,0,0,4,0,0,0,0,0,0,0,0,0,0,0,0,0,0,0 0,10,10,0,10,0,0,0,10,0,0,0,0,0,0,0,10,0,0,0,0,0,0,0,0,0,0,0,0,0,0,0
01000 0,5,6,6,3,0,6,0,1,0,6,0,0,0,0,0,2,0,6,0,0,0,0,0,0,0,0,0,0,0,0,0 0,11,6,12,11,0,12,0,11,0,12,0,0,0,0,0,11,0,12,0,0,0,0,0,0,0,0,0,0,0,0,0
00100 0,17,11,0,17,25,22,0,13,0,0,0,22,0,0,0,13,0,0,0,23,0,0,0,0,0,0,0,0,0,0,0 0,21,21,0,12,22,22,0,21,0,0,0,22,0,0,0,21,0,0,0,22,0,0,0,0,0,0,0,0,0,0,0
10000 0,15,13,22,9,19,0,0,19,23,0,0,0,0,0,0,11,19,0,0,0,0,0,0,0,0,0,0,0,0,0,0 0,10,19,20,19,20,0,0,19,20,0,0,0,0,0,0,19,20,0,0,0,0,0,0,0,0,0,0,0,0,0,0
00000 0,6,5,0,6,0,0,0,7,0,0,0,0,0,0,0,3,0,0,0,0,0,0,0,0,0,0,0,0,0,0,0 0,12,12,0,12,0,0,0,12,0,0,0,0,0,0,0,12,0,0,0,0,0,0,0,0,0,0,0,0,0,0,0
10000 0,14,16,26,14,25,0,0,16,22,0,0,0,0,0,0,15,24,0,0,0,0,0,0,0,0,0,0,0,0,0,0 0,14,19,20,19,20,0,0,19,20,0,0,0,0,0,0,19,20,0,0,0,0,0,0,0,0,0,0,0,0,0,0
11111 0,13,12,21,16,21,23,27,19,27,25,30,28,32,32,35,24,31,29,35,28,32,32,35,30,35,33,37,32,35,35,37 0,6,6,7,6,7,7,8,6,7,7,8,7,8,8,9,6,7,7,8,7,8,8,9,7,8,8,9,8,9,9,10
11000 0,9,9,13,7,12,12,14,7,12,11,14,0,0,0,0,8,10,12,13,0,0,0,0,0,0,0,0,0,0,0,0 0,9,9,10,10,11,11,12,10,11,11,12,0,0,0,0,10,11,11,12,0,0,0,0,0,0,0,0,0,0,0,0
00110 0,17,13,0,18,26,26,0,20,29,27,0,26,33,32,0,14,0,0,0,26,0,0,0,29,0,0,0,32,0,0,0 0,20,20,0,15,21,21,0,15,21,21,0,16,22,22,0,20,0,0,0,21,0,0,0,21,0,0,0,22,0,0,0
00000 0,2,3,0,3,0,0,0,4,0,0,0,0,0,0,0,2,0,0,0,0,0,0,0,0,0,0,0,0,0,0,0 0,14,14,0,14,0,0,0,14,0,0,0,0,0,0,0,14,0,0,0,0,0,0,0,0,0,0,0,0,0,0,0
10000 0,22,19,35,22,31,0,0,19,30,0,0,0,0,0,0,22,30,0,0,0,0,0,0,0,0,0,0,0,0,0,0 0,16,25,26,25,26,0,0,25,26,0,0,0,0,0,0,25,26,0,0,0,0,0,0,0,0,0,0,0,0,0,0
00100 0,14,9,0,12,19,15,0,8,0,0,0,15,0,0,0,5,0,0,0,15,0,0,0,0,0,0,0,0,0,0,0 0,21,21,0,12,22,22,0,21,0,0,0,22,0,0,0,21,0,0,0,22,0,0,0,0,0,0,0,0,0,0,0
11010 0,26,20,36,19,33,30,38,21,37,30,41,32,41,36,42,18,33,27,37,0,0,0,0,29,40,35,42,0,0,0,0 0,20,20,21,25,26,26,27,20,21,21,22,26,27,27,28,25,26,26,27,0,0,0,0,26,27,27,28,0,0,0,0
00000 0,12,16,0,15,0,0,0,15,0,0,0,0,0,0,0,15,0,0,0,0,0,0,0,0,0,0,0,0,0,0,0 0,20,20,0,20,0,0,0,20,0,0,0,0,0,0,0,20,0,0,0,0,0,0,0,0,0,0,0,0,0,0,0
00000 0,3,4,0,3,0,0,0,4,0,0,0,0,0,0,0,2,0,0,0,0,0,0,0,0,0,0,0,0,0,0,0 0,6,6,0,6,0,0,0,6,0,0,0,0,0,0,0,6,0,0,0,0,0,0,0,0,0,0,0,0,0,0,0
00100 0,17,18,0,16,25,26,0,14,0,0,0,21,0,0,0,16,0,0,0,25,0,0,0,0,0,0,0,0,0,0,0 0,19,19,0,14,20,20,0,19,0,0,0,20,0,0,0,19,0,0,0,20,0,0,0,0,0,0,0,0,0,0,0
10010 0,21,26,35,18,30,0,0,20,31,35,39,32,38,0,0,19,32,0,0,0,0,0,0,29,37,0,0,0,0,0,0 0,19,24,25,24,25,0,0,19,20,25,26,25,26,0,0,24,25,0,0,0,0,0,0,25,26,0,0,0,0,0,0
00001 0,7,5,0,6,0,0,0,7,0,0,0,0,0,0,0,9,12,11,0,11,0,0,0,12,0,0,0,0,0,0,0 0,13,13,0,13,0,0,0,13,0,0,0,0,0,0,0,8,14,14,0,14,0,0,0,14,0,0,0,0,0,0,0
00100 0,20,18,0,25,31,30,0,15,0,0,0,30,0,0,0,22,0,0,0,32,0,0,0,0,0,0,0,0,0,0,0 0,23,23,0,14,24,24,0,23,0,0,0,24,0,0,0,23,0,0,0,24,0,0,0,0,0,0,0,0,0,0,0
10000 0,12,10,17,11,16,0,0,11,15,0,0,0,0,0,0,10,19,0,0,0,0,0,0,0,0,0,0,0,0,0,0 0,12,17,18,17,18,0,0,17,18,0,0,0,0,0,0,17,18,0,0,0,0,0,0,0,0,0,0,0,0,0,0
00100 0,10,11,0,11,17,16,0,9,0,0,0,18,0,0,0,14,0,0,0,17,0,0,0,0,0,0,0,0,0,0,0 0,19,19,0,10,20,20,0,19,0,0,0,20,0,0,0,19,0,0,0,20,0,0,0,0,0,0,0,0,0,0,0
01011 0,21,26,35,25,0,37,0,24,34,40,42,34,0,42,0,24,34,36,40,35,0,40,0,35,41,44,44,39,0,44,0 0,25,20,26,25,0,26,0,20,26,21,27,26,0,27,0,20,26,21,27,26,0,27,0,21,27,22,28,27,0,28,0
11111 0,15,12,17,13,20,19,22,16,21,21,22,22,24,24,25,11,18,18,20,17,21,21,23,21,23,23,24,24,25,25,26 0,10,10,11,10,11,11,12,10,11,11,12,11,12,12,13,10,11,11,12,11,12,12,13,11,12,12,13,12,13,13,14
00000 0,11,12,0,9,0,0,0,8,0,0,0,0,0,0,0,6,0,0,0,0,0,0,0,0,0,0,0,0,0,0,0 0,18,18,0,18,0,0,0,18,0,0,0,0,0,0,0,18,0,0,0,0,0,0,0,0,0,0,0,0,0,0,0
00000 0,2,2,0,3,0,0,0,3,0,0,0,0,0,0,0,2,0,0,0,0,0,0,0,0,0,0,0,0,0,0,0 0,8,8,0,8,0,0,0,8,0,0,0,0,0,0,0,8,0,0,0,0,0,0,0,0,0,0,0,0,0,0,0
11001 0,13,10,18,11,17,15,19,14,17,18,20,0,0,0,0,10,17,17,21,16,19,19,21,17,18,21,21,0,0,0,0 0,10,10,11,11,12,12,13,11,12,12,13,0,0,0,0,10,11,11,12,12,13,13,14,12,13,13,14,0,0,0,0
00000 0,2,3,0,0,0,0,0,3,0,0,0,0,0,0,0,3,0,0,0,0,0,0,0,0,0,0,0,0,0,0,0 0,20,20,0,0,0,0,0,20,0,0,0,0,0,0,0,20,0,0,0,0,0,0,0,0,0,0,0,0,0,0,0
00000 0,10,4,0,9,0,0,0,11,0,0,0,0,0,0,0,10,0,0,0,0,0,0,0,0,0,0,0,0,0,0,0 0,12,12,0,12,0,0,0,12,0,0,0,0,0,0,0,12,0,0,0,0,0,0,0,0,0,0,0,0,0,0,0
01001 0,18,26,32,15,0,34,0,16,0,32,0,0,0,0,0,24,28,33,34,27,0,34,0,29,0,34,0,0,0,0,0 0,24,19,25,24,0,25,0,24,0,25,0,0,0,0,0,19,25,20,26,25,0,26,0,25,0,26,0,0,0,0,0
10100 0,20,17,25,16,29,26,30,16,26,0,0,23,30,0,0,11,27,0,0,20,30,0,0,0,0,0,0,0,0,0,0 0,13,18,19,13,14,19,20,18,19,0,0,19,20,0,0,18,19,0,0,19,20,0,0,0,0,0,0,0,0,0,0
11111 0,23,25,33,26,36,37,39,25,32,34,36,35,39,39,39,27,35,33,37,37,39,39,39,37,38,39,39,38,39,39,39 0,10,10,11,10,11,11,12,10,11,11,12,11,12,12,13,10,11,11,12,11,12,12,13,11,12,12,13,12,13,13,14
00010 0,16,15,0,6,0,0,0,19,24,21,0,22,0,0,0,15,0,0,0,0,0,0,0,22,0,0,0,0,0,0,0 0,19,19,0,19,0,0,0,14,20,20,0,20,0,0,0,19,0,0,0,0,0,0,0,20,0,0,0,0,0,0,0
10000 0,20,16,29,13,27,0,0,20,31,0,0,0,0,0,0,20,30,0,0,0,0,0,0,0,0,0,0,0,0,0,0 0,14,23,24,23,24,0,0,23,24,0,0,0,0,0,0,23,24,0,0,0,0,0,0,0,0,0,0,0,0,0,0
01000 0,14,23,27,17,0,29,0,16,0,28,0,0,0,0,0,16,0,31,0,0,0,0,0,0,0,0,0,0,0,0,0 0,21,16,22,21,0,22,0,21,0,22,0,0,0,0,0,21,0,22,0,0,0,0,0,0,0,0,0,0,0,0,0
11111 0,19,19,31,22,31,34,38,19,29,29,35,32,37,37,40,21,35,32,39,30,37,38,40,29,38,36,41,36,40,40,42 0,8,8,9,8,9,9,10,8,9,9,10,9,10,10,11,8,9,9,10,9,10,10,11,9,10,10,11,10,11,11,12
10000 0,17,14,23,10,21,0,0,18,24,0,0,0,0,0,0,13,21,0,0,0,0,0,0,0,0,0,0,0,0,0,0 0,16,25,26,25,26,0,0,25,26,0,0,0,0,0,0,25,26,0,0,0,0,0,0,0,0,0,0,0,0,0,0
00000 0,9,6,0,6,0,0,0,12,0,0,0,0,0,0,0,8,0,0,0,0,0,0,0,0,0,0,0,0,0,0,0 0,14,14,0,14,0,0,0,14,0,0,0,0,0,0,0,14,0,0,0,0,0,0,0,0,0,0,0,0,0,0,0
10000 0,14,12,18,10,18,0,0,12,20,0,0,0,0,0,0,12,20,0,0,0,0,0,0,0,0,0,0,0,0,0,0 0,14,23,24,23,24,0,0,23,24,0,0,0,0,0,0,23,24,0,0,0,0,0,0,0,0,0,0,0,0,0,0
00000 0,7,8,0,3,0,0,0,7,0,0,0,0,0,0,0,4,0,0,0,0,0,0,0,0,0,0,0,0,0,0,0 0,16,16,0,16,0,0,0,16,0,0,0,0,0,0,0,16,0,0,0,0,0,0,0,0,0,0,0,0,0,0,0
11111 0,20,16,23,21,26,24,27,17,27,24,28,28,29,29,30,19,27,25,27,27,28,28,28,26,30,29,30,30,30,30,30 0,12,12,13,12,13,13,14,12,13,13,14,13,14,14,15,12,13,13,14,13,14,14,15,13,14,14,15,14,15,15,16
11111 0,19,15,26,17,26,27,30,14,27,22,30,23,29,28,31,16,26,24,30,24,29,29,31,22,30,26,31,26,30,29,31 0,14,14,15,14,15,15,16,14,15,15,16,15,16,16,17,14,15,15,16,15,16,16,17,15,16,16,17,16,17,17,18
00000 0,11,9,0,11,0,0,0,10,0,0,0,0,0,0,0,11,0,0,0,0,0,0,0,0,0,0,0,0,0,0,0 0,12,12,0,12,0,0,0,12,0,0,0,0,0,0,0,12,0,0,0,0,0,0,0,0,0,0,0,0,0,0,0
11000 0,22,26,33,25,30,35,36,17,28,32,36,0,0,0,0,18,32,32,36,0,0,0,0,0,0,0,0,0,0,0,0 0,19,19,20,24,25,25,26,24,25,25,26,0,0,0,0,24,25,25,26,0,0,0,0,0,0,0,0,0,0,0,0
10111 0,7,4,8,5,9,8,10,9,11,10,12,10,11,11,12,5,10,8,11,8,11,10,12,10,11,11,12,10,11,11,12 0,5,6,7,5,6,7,8,5,6,7,8,6,7,8,9,5,6,7,8,6,7,8,9,6,7,8,9,7,8,9,10
00110 0,12,10,0,16,21,18,0,16,21,18,0,22,24,23,0,6,0,0,0,18,0,0,0,17,0,0,0,22,0,0,0 0,18,18,0,13,19,19,0,13,19,19,0,14,20,20,0,18,0,0,0,19,0,0,0,19,0,0,0,20,0,0,0
00000 0,4,8,0,9,0,0,0,11,0,0,0,0,0,0,0,7,0,0,0,0,0,0,0,0,0,0,0,0,0,0,0 0,20,20,0,20,0,0,0,20,0,0,0,0,0,0,0,20,0,0,0,0,0,0,0,0,0,0,0,0,0,0,0
11000 0,21,28,35,16,32,31,38,17,29,34,38,0,0,0,0,25,35,36,39,0,0,0,0,0,0,0,0,0,0,0,0 0,21,21,22,30,31,31,32,30,31,31,32,0,0,0,0,30,31,31,32,0,0,0,0,0,0,0,0,0,0,0,0
11001 0,21,17,29,15,29,27,36,14,26,26,33,0,0,0,0,21,30,29,34,27,33,32,36,29,34,35,37,0,0,0,0 0,16,16,17,21,22,22,23,21,22,22,23,0,0,0,0,16,17,17,18,22,23,23,24,22,23,23,24,0,0,0,0
11111 0,14,17,27,20,28,27,32,20,28,31,37,29,34,35,38,23,29,28,33,29,33,32,35,31,34,35,37,34,36,37,38 0,6,6,7,6,7,7,8,6,7,7,8,7,8,8,9,6,7,7,8,7,8,8,9,7,8,8,9,8,9,9,10
10000 0,20,18,27,16,27,0,0,15,27,0,0,0,0,0,0,18,30,0,0,0,0,0,0,0,0,0,0,0,0,0,0 0,16,21,22,21,22,0,0,21,22,0,0,0,0,0,0,21,22,0,0,0,0,0,0,0,0,0,0,0,0,0,0
11111 0,14,14,23,15,20,20,25,12,22,16,24,20,24,21,25,14,20,20,24,22,24,23,25,17,22,20,24,22,24,23,25 0,8,8,9,8,9,9,10,8,9,9,10,9,10,10,11,8,9,9,10,9,10,10,11,9,10,10,11,10,11,11,12
00001 0,21,17,0,16,0,0,0,18,0,0,0,0,0,0,0,24,32,33,0,33,0,0,0,34,0,0,0,0,0,0,0 0,25,25,0,25,0,0,0,25,0,0,0,0,0,0,0,16,26,26,0,26,0,0,0,26,0,0,0,0,0,0,0
11010 0,12,12,18,13,17,19,21,15,20,22,24,19,21,23,24,8,18,16,21,0,0,0,0,17,22,22,24,0,0,0,0 0,12,12,13,13,14,14,15,12,13,13,14,14,15,15,16,13,14,14,15,0,0,0,0,14,15,15,16,0,0,0,0
01000 0,11,12,16,12,0,19,0,11,0,16,0,0,0,0,0,8,0,16,0,0,0,0,0,0,0,0,0,0,0,0,0 0,13,8,14,13,0,14,0,13,0,14,0,0,0,0,0,13,0,14,0,0,0,0,0,0,0,0,0,0,0,0,0
00000 0,11,9,0,10,0,0,0,11,0,0,0,0,0,0,0,13,0,0,0,0,0,0,0,0,0,0,0,0,0,0,0 0,14,14,0,14,0,0,0,14,0,0,0,0,0,0,0,14,0,0,0,0,0,0,0,0,0,0,0,0,0,0,0
00000 0,15,10,0,11,0,0,0,12,0,0,0,0,0,0,0,12,0,0,0,0,0,0,0,0,0,0,0,0,0,0,0 0,18,18,0,18,0,0,0,18,0,0,0,0,0,0,0,18,0,0,0,0,0,0,0,0,0,0,0,0,0,0,0
00000 0,10,10,0,7,0,0,0,9,0,0,0,0,0,0,0,8,0,0,0,0,0,0,0,0,0,0,0,0,0,0,0 0,14,14,0,14,0,0,0,14,0,0,0,0,0,0,0,14,0,0,0,0,0,0,0,0,0,0,0,0,0,0,0
10000 0,13,9,16,11,17,0,0,10,17,0,0,0,0,0,0,12,18,0,0,0,0,0,0,0,0,0,0,0,0,0,0 0,12,17,18,17,18,0,0,17,18,0,0,0,0,0,0,17,18,0,0,0,0,0,0,0,0,0,0,0,0,0,0
00000 0,6,8,0,9,0,0,0,6,0,0,0,0,0,0,0,9,0,0,0,0,0,0,0,0,0,0,0,0,0,0,0 0,10,10,0,10,0,0,0,10,0,0,0,0,0,0,0,10,0,0,0,0,0,0,0,0,0,0,0,0,0,0,0
01100 0,17,20,31,19,26,28,34,16,0,27,0,26,0,32,0,22,0,31,0,30,0,36,0,0,0,0,0,0,0,0,0 0,24,19,25,19,25,20,26,24,0,25,0,25,0,26,0,24,0,25,0,25,0,26,0,0,0,0,0,0,0,0,0
11111 0,12,16,20,16,18,21,22,15,18,20,22,21,22,22,23,15,18,22,22,20,20,23,23,23,23,24,24,24,24,24,24 0,12,12,13,12,13,13,14,12,13,13,14,13,14,14,15,12,13,13,14,13,14,14,15,13,14,14,15,14,15,15,16
01000 0,17,20,27,15,0,26,0,12,0,24,0,0,0,0,0,11,0,23,0,0,0,0,0,0,0,0,0,0,0,0,0 0,25,16,26,25,0,26,0,25,0,26,0,0,0,0,0,25,0,26,0,0,0,0,0,0,0,0,0,0,0,0,0
00000 0,4,3,0,3,0,0,0,5,0,0,0,0,0,0,0,4,0,0,0,0,0,0,0,0,0,0,0,0,0,0,0 0,18,18,0,18,0,0,0,18,0,0,0,0,0,0,0,18,0,0,0,0,0,0,0,0,0,0,0,0,0,0,0
00000 0,1,5,0,5,0,0,0,4,0,0,0,0,0,0,0,3,0,0,0,0,0,0,0,0,0,0,0,0,0,0,0 0,12,12,0,12,0,0,0,12,0,0,0,0,0,0,0,12,0,0,0,0,0,0,0,0,0,0,0,0,0,0,0
00010 0,16,15,0,12,0,0,0,20,24,25,0,24,0,0,0,12,0,0,0,0,0,0,0,24,0,0,0,0,0,0,0 0,17,17,0,17,0,0,0,12,18,18,0,18,0,0,0,17,0,0,0,0,0,0,0,18,0,0,0,0,0,0,0
01000 0,10,8,12,7,0,9,0,6,0,12,0,0,0,0,0,7,0,12,0,0,0,0,0,0,0,0,0,0,0,0,0 0,9,8,10,9,0,10,0,9,0,10,0,0,0,0,0,9,0,10,0,0,0,0,0,0,0,0,0,0,0,0,0
00001 0,16,20,0,22,0,0,0,21,0,0,0,0,0,0,0,26,30,34,0,35,0,0,0,33,0,0,0,0,0,0,0 0,25,25,0,25,0,0,0,25,0,0,0,0,0,0,0,16,26,26,0,26,0,0,0,26,0,0,0,0,0,0,0
00000 0,2,4,0,6,0,0,0,5,0,0,0,0,0,0,0,5,0,0,0,0,0,0,0,0,0,0,0,0,0,0,0 0,16,16,0,16,0,0,0,16,0,0,0,0,0,0,0,16,0,0,0,0,0,0,0,0,0,0,0,0,0,0,0
00000 0,15,13,0,14,0,0,0,12,0,0,0,0,0,0,0,14,0,0,0,0,0,0,0,0,0,0,0,0,0,0,0 0,20,20,0,20,0,0,0,20,0,0,0,0,0,0,0,20,0,0,0,0,0,0,0,0,0,0,0,0,0,0,0
11111 0,23,19,32,17,32,27,36,21,31,27,35,29,35,31,36,23,34,30,37,29,36,33,38,30,36,33,38,34,37,35,38 0,12,12,13,12,13,13,14,12,13,13,14,13,14,14,15,12,13,13,14,13,14,14,15,13,14,14,15,14,15,15,16
00101 0,9,12,0,17,19,23,0,13,0,0,0,24,0,0,0,15,21,21,0,24,26,26,0,20,0,0,0,26,0,0,0 0,16,16,0,11,17,17,0,16,0,0,0,17,0,0,0,11,17,17,0,12,18,18,0,17,0,0,0,18,0,0,0
00000 0,1,3,0,5,0,0,0,5,0,0,0,0,0,0,0,0,0,0,0,0,0,0,0,0,0,0,0,0,0,0,0 0,20,20,0,20,0,0,0,20,0,0,0,0,0,0,0,0,0,0,0,0,0,0,0,0,0,0,0,0,0,0,0
01001 0,16,21,27,15,0,28,0,17,0,26,0,0,0,0,0,24,27,31,31,28,0,34,0,28,0,32,0,0,0,0,0 0,28,19,29,28,0,29,0,28,0,29,0,0,0,0,0,19,29,20,30,29,0,30,0,29,0,30,0,0,0,0,0
11111 0,16,16,22,20,27,25,29,18,25,26,28,30,32,32,33,19,27,28,30,30,33,33,34,26,32,32,34,33,35,35,36 0,16,16,17,16,17,17,18,16,17,17,18,17,18,18,19,16,17,17,18,17,18,18,19,17,18,18,19,18,19,19,20
00010 0,13,16,0,13,0,0,0,16,21,20,0,23,0,0,0,14,0,0,0,0,0,0,0,22,0,0,0,0,0,0,0 0,19,19,0,19,0,0,0,10,20,20,0,20,0,0,0,19,0,0,0,0,0,0,0,20,0,0,0,0,0,0,0
11111 0,19,14,23,17,27,26,30,11,24,20,27,20,28,27,31,16,26,23,28,26,30,30,31,22,29,26,30,29,31,31,32 0,10,10,11,10,11,11,12,10,11,11,12,11,12,12,13,10,11,11,12,11,12,12,13,11,12,12,13,12,13,13,14
10001 0,12,7,14,10,15,0,0,7,16,0,0,0,0,0,0,13,17,14,18,15,18,0,0,17,18,0,0,0,0,0,0 0,11,12,13,12,13,0,0,12,13,0,0,0,0,0,0,11,12,13,14,13,14,0,0,13,14,0,0,0,0,0,0
10000 0,17,16,26,16,26,0,0,13,26,0,0,0,0,0,0,14,24,0,0,0,0,0,0,0,0,0,0,0,0,0,0 0,14,19,20,19,20,0,0,19,20,0,0,0,0,0,0,19,20,0,0,0,0,0,0,0,0,0,0,0,0,0,0
10101 0,23,13,27,18,30,25,32,20,30,0,0,26,32,0,0,22,31,25,32,27,34,30,35,29,34,0,0,31,35,0,0 0,16,21,22,16,17,22,23,21,22,0,0,22,23,0,0,16,17,22,23,17,18,23,24,22,23,0,0,23,24,0,0
00000 0,2,4,0,4,0,0,0,2,0,0,0,0,0,0,0,5,0,0,0,0,0,0,0,0,0,0,0,0,0,0,0 0,12,12,0,12,0,0,0,12,0,0,0,0,0,0,0,12,0,0,0,0,0,0,0,0,0,0,0,0,0,0,0
11111 0,8,10,13,14,17,16,17,8,13,13,15,17,18,18,18,9,12,14,15,15,17,16,17,13,15,17,17,17,18,18,18 0,6,6,7,6,7,7,8,6,7,7,8,7,8,8,9,6,7,7,8,7,8,8,9,7,8,8,9,8,9,9,10
01000 0,9,15,17,13,0,18,0,9,0,16,0,0,0,0,0,8,0,16,0,0,0,0,0,0,0,0,0,0,0,0,0 0,19,10,20,19,0,20,0,19,0,20,0,0,0,0,0,19,0,20,0,0,0,0,0,0,0,0,0,0,0,0,0
00100 0,12,11,0,19,22,22,0,11,0,0,0,24,0,0,0,14,0,0,0,26,0,0,0,0,0,0,0,0,0,0,0 0,23,23,0,14,24,24,0,23,0,0,0,24,0,0,0,23,0,0,0,24,0,0,0,0,0,0,0,0,0,0,0
11011 0,16,19,25,12,21,23,27,17,24,27,30,21,26,28,30,16,24,28,29,21,26,29,30,25,29,32,32,26,29,32,32 0,13,13,14,14,15,15,16,13,14,14,15,15,16,16,17,13,14,14,15,15,16,16,17,14,15,15,16,16,17,17,18
11000 0,24,21,34,18,29,28,35,20,29,30,35,0,0,0,0,16,31,31,37,0,0,0,0,0,0,0,0,0,0,0,0 0,21,21,22,26,27,27,28,26,27,27,28,0,0,0,0,26,27,27,28,0,0,0,0,0,0,0,0,0,0,0,0
01000 0,15,17,23,8,0,21,0,14,0,23,0,0,0,0,0,12,0,21,0,0,0,0,0,0,0,0,0,0,0,0,0 0,25,16,26,25,0,26,0,25,0,26,0,0,0,0,0,25,0,26,0,0,0,0,0,0,0,0,0,0,0,0,0
00000 0,5,2,0,5,0,0,0,5,0,0,0,0,0,0,0,3,0,0,0,0,0,0,0,0,0,0,0,0,0,0,0 0,14,14,0,14,0,0,0,14,0,0,0,0,0,0,0,14,0,0,0,0,0,0,0,0,0,0,0,0,0,0,0
11111 0,16,12,22,14,25,19,26,21,25,25,28,25,28,26,28,13,21,20,24,19,26,23,27,25,27,27,28,26,28,27,28 0,6,6,7,6,7,7,8,6,7,7,8,7,8,8,9,6,7,7,8,7,8,8,9,7,8,8,9,8,9,9,10
00000 0,4,9,0,8,0,0,0,5,0,0,0,0,0,0,0,6,0,0,0,0,0,0,0,0,0,0,0,0,0,0,0 0,14,14,0,14,0,0,0,14,0,0,0,0,0,0,0,14,0,0,0,0,0,0,0,0,0,0,0,0,0,0,0
11101 0,10,11,14,10,14,12,15,9,13,14,15,13,14,14,15,10,14,15,16,15,16,15,16,16,16,16,16,16,16,16,16 0,9,9,10,9,10,10,11,10,11,11,12,11,12,12,13,9,10,10,11,10,11,11,12,11,12,12,13,12,13,13,14
11100 0,10,11,17,14,18,18,20,7,14,15,19,16,19,20,21,10,15,17,20,17,19,20,21,0,0,0,0,0,0,0,0 0,10,10,11,10,11,11,12,11,12,12,13,12,13,13,14,11,12,12,13,12,13,13,14,0,0,0,0,0,0,0,0
00100 0,14,15,0,20,24,27,0,12,0,0,0,23,0,0,0,14,0,0,0,23,0,0,0,0,0,0,0,0,0,0,0 0,25,25,0,16,26,26,0,25,0,0,0,26,0,0,0,25,0,0,0,26,0,0,0,0,0,0,0,0,0,0,0
10010 0,19,13,25,16,27,0,0,17,26,25,30,28,31,0,0,18,28,0,0,0,0,0,0,26,30,0,0,0,0,0,0 0,17,22,23,22,23,0,0,17,18,23,24,23,24,0,0,22,23,0,0,0,0,0,0,23,24,0,0,0,0,0,0
00000 0,8,5,0,7,0,0,0,8,0,0,0,0,0,0,0,5,0,0,0,0,0,0,0,0,0,0,0,0,0,0,0 0,12,12,0,12,0,0,0,12,0,0,0,0,0,0,0,12,0,0,0,0,0,0,0,0,0,0,0,0,0,0,0
00000 0,4,4,0,2,0,0,0,3,0,0,0,0,0,0,0,2,0,0,0,0,0,0,0,0,0,0,0,0,0,0,0 0,18,18,0,18,0,0,0,18,0,0,0,0,0,0,0,18,0,0,0,0,0,0,0,0,0,0,0,0,0,0,0
11111 0,19,17,28,21,29,30,34,21,31,28,33,31,35,35,36,22,32,28,35,32,37,36,38,31,36,33,36,37,39,39,39 0,10,10,11,10,11,11,12,10,11,11,12,11,12,12,13,10,11,11,12,11,12,12,13,11,12,12,13,12,13,13,14
01000 0,17,14,23,14,0,21,0,13,0,19,0,0,0,0,0,17,0,22,0,0,0,0,0,0,0,0,0,0,0,0,0 0,19,14,20,19,0,20,0,19,0,20,0,0,0,0,0,19,0,20,0,0,0,0,0,0,0,0,0,0,0,0,0
10000 0,21,18,26,15,26,0,0,14,26,0,0,0,0,0,0,12,22,0,0,0,0,0,0,0,0,0,0,0,0,0,0 0,16,21,22,21,22,0,0,21,22,0,0,0,0,0,0,21,22,0,0,0,0,0,0,0,0,0,0,0,0,0,0
00010 0,12,12,0,10,0,0,0,17,19,21,0,18,0,0,0,5,0,0,0,0,0,0,0,17,0,0,0,0,0,0,0 0,19,19,0,19,0,0,0,14,20,20,0,20,0,0,0,19,0,0,0,0,0,0,0,20,0,0,0,0,0,0,0
01001 0,13,18,21,12,0,24,0,17,0,24,0,0,0,0,0,19,24,24,27,25,0,28,0,26,0,27,0,0,0,0,0 0,18,13,19,18,0,19,0,18,0,19,0,0,0,0,0,13,19,14,20,19,0,20,0,19,0,20,0,0,0,0,0
10000 0,21,17,28,21,28,0,0,19,29,0,0,0,0,0,0,20,29,0,0,0,0,0,0,0,0,0,0,0,0,0,0 0,16,25,26,25,26,0,0,25,26,0,0,0,0,0,0,25,26,0,0,0,0,0,0,0,0,0,0,0,0,0,0
00100 0,4,8,0,11,15,13,0,9,0,0,0,15,0,0,0,9,0,0,0,16,0,0,0,0,0,0,0,0,0,0,0 0,10,11,0,10,12,12,0,11,0,0,0,12,0,0,0,11,0,0,0,12,0,0,0,0,0,0,0,0,0,0,0
00000 0,8,8,0,10,0,0,0,8,0,0,0,0,0,0,0,9,0,0,0,0,0,0,0,0,0,0,0,0,0,0,0 0,14,14,0,14,0,0,0,14,0,0,0,0,0,0,0,14,0,0,0,0,0,0,0,0,0,0,0,0,0,0,0
00000 0,8,13,0,11,0,0,0,13,0,0,0,0,0,0,0,11,0,0,0,0,0,0,0,0,0,0,0,0,0,0,0 0,14,14,0,14,0,0,0,14,0,0,0,0,0,0,0,14,0,0,0,0,0,0,0,0,0,0,0,0,0,0,0
11111 0,16,23,29,23,30,31,34,13,21,27,32,28,32,33,35,19,27,30,33,30,33,34,35,25,29,31,34,31,33,34,35 0,6,6,7,6,7,7,8,6,7,7,8,7,8,8,9,6,7,7,8,7,8,8,9,7,8,8,9,8,9,9,10
10000 0,16,15,22,15,23,0,0,11,23,0,0,0,0,0,0,15,22,0,0,0,0,0,0,0,0,0,0,0,0,0,0 0,16,25,26,25,26,0,0,25,26,0,0,0,0,0,0,25,26,0,0,0,0,0,0,0,0,0,0,0,0,0,0
01100 0,12,13,17,15,20,21,22,13,0,20,0,17,0,22,0,12,0,19,0,19,0,24,0,0,0,0,0,0,0,0,0 0,18,13,19,13,19,14,20,18,0,19,0,19,0,20,0,18,0,19,0,19,0,20,0,0,0,0,0,0,0,0,0
11111 0,22,23,36,23,33,36,42,18,30,29,37,31,38,37,42,28,35,36,40,37,40,43,44,33,38,38,41,39,42,43,44 0,10,10,11,10,11,11,12,10,11,11,12,11,12,12,13,10,11,11,12,11,12,12,13,11,12,12,13,12,13,13,14
01000 0,5,6,7,5,0,8,0,6,0,9,0,0,0,0,0,4,0,7,0,0,0,0,0,0,0,0,0,0,0,0,0 0,11,6,12,11,0,12,0,11,0,12,0,0,0,0,0,11,0,12,0,0,0,0,0,0,0,0,0,0,0,0,0
11111 0,23,20,32,25,37,36,41,22,35,31,39,33,40,39,42,23,34,32,38,35,40,39,42,35,40,38,42,39,42,41,43 0,16,16,17,16,17,17,18,16,17,17,18,17,18,18,19,16,17,17,18,17,18,18,19,17,18,18,19,18,19,19,20
00000 0,5,3,0,5,0,0,0,3,0,0,0,0,0,0,0,6,0,0,0,0,0,0,0,0,0,0,0,0,0,0,0 0,12,12,0,12,0,0,0,12,0,0,0,0,0,0,0,12,0,0,0,0,0,0,0,0,0,0,0,0,0,0,0
00000 0,2,6,0,8,0,0,0,4,0,0,0,0,0,0,0,4,0,0,0,0,0,0,0,0,0,0,0,0,0,0,0 0,18,18,0,18,0,0,0,18,0,0,0,0,0,0,0,18,0,0,0,0,0,0,0,0,0,0,0,0,0,0,0
00110 0,9,8,0,12,14,15,0,13,15,17,0,16,17,18,0,10,0,0,0,17,0,0,0,15,0,0,0,18,0,0,0 0,16,16,0,11,17,17,0,11,17,17,0,12,18,18,0,16,0,0,0,17,0,0,0,17,0,0,0,18,0,0,0
00000 0,7,4,0,5,0,0,0,4,0,0,0,0,0,0,0,2,0,0,0,0,0,0,0,0,0,0,0,0,0,0,0 0,10,10,0,10,0,0,0,10,0,0,0,0,0,0,0,10,0,0,0,0,0,0,0,0,0,0,0,0,0,0,0
00000 0,7,7,0,7,0,0,0,6,0,0,0,0,0,0,0,9,0,0,0,0,0,0,0,0,0,0,0,0,0,0,0 0,12,12,0,12,0,0,0,12,0,0,0,0,0,0,0,12,0,0,0,0,0,0,0,0,0,0,0,0,0,0,0
00010 0,13,13,0,13,0,0,0,13,20,21,0,21,0,0,0,12,0,0,0,0,0,0,0,20,0,0,0,0,0,0,0 0,21,21,0,21,0,0,0,12,22,22,0,22,0,0,0,21,0,0,0,0,0,0,0,22,0,0,0,0,0,0,0
10010 0,6,5,9,3,8,0,0,6,9,7,9,7,10,0,0,3,7,0,0,0,0,0,0,6,9,0,0,0,0,0,0 0,5,6,7,6,7,0,0,5,6,7,8,7,8,0,0,6,7,0,0,0,0,0,0,7,8,0,0,0,0,0,0
00000 0,2,2,0,2,0,0,0,1,0,0,0,0,0,0,0,3,0,0,0,0,0,0,0,0,0,0,0,0,0,0,0 0,4,4,0,4,0,0,0,4,0,0,0,0,0,0,0,4,0,0,0,0,0,0,0,0,0,0,0,0,0,0,0
00001 0,15,11,0,15,0,0,0,16,0,0,0,0,0,0,0,17,23,23,0,26,0,0,0,24,0,0,0,0,0,0,0 0,25,25,0,25,0,0,0,25,0,0,0,0,0,0,0,16,26,26,0,26,0,0,0,26,0,0,0,0,0,0,0
11111 0,21,24,29,21,29,29,32,16,26,31,32,29,32,34,34,23,31,31,34,33,36,34,36,27,31,33,34,36,36,36,36 0,8,8,9,8,9,9,10,8,9,9,10,9,10,10,11,8,9,9,10,9,10,10,11,9,10,10,11,10,11,11,12
00000 0,9,12,0,9,0,0,0,11,0,0,0,0,0,0,0,11,0,0,0,0,0,0,0,0,0,0,0,0,0,0,0 0,20,20,0,20,0,0,0,20,0,0,0,0,0,0,0,20,0,0,0,0,0,0,0,0,0,0,0,0,0,0,0
00100 0,5,3,0,7,8,7,0,2,0,0,0,7,0,0,0,5,0,0,0,9,0,0,0,0,0,0,0,0,0,0,0 0,11,11,0,6,12,12,0,11,0,0,0,12,0,0,0,11,0,0,0,12,0,0,0,0,0,0,0,0,0,0,0
11111 0,25,20,33,25,34,30,36,18,33,30,39,33,40,36,41,27,36,34,39,35,40,38,40,33,39,37,41,37,41,39,41 0,10,10,11,10,11,11,12,10,11,11,12,11,12,12,13,10,11,11,12,11,12,12,13,11,12,12,13,12,13,13,14
10000 0,21,15,26,16,25,0,0,13,24,0,0,0,0,0,0,12,26,0,0,0,0,0,0,0,0,0,0,0,0,0,0 0,12,21,22,21,22,0,0,21,22,0,0,0,0,0,0,21,22,0,0,0,0,0,0,0,0,0,0,0,0,0,0
00000 0,12,9,0,8,0,0,0,9,0,0,0,0,0,0,0,11,0,0,0,0,0,0,0,0,0,0,0,0,0,0,0 0,18,18,0,18,0,0,0,18,0,0,0,0,0,0,0,18,0,0,0,0,0,0,0,0,0,0,0,0,0,0,0
11111 0,21,11,22,22,30,27,31,25,30,28,30,31,34,33,34,17,26,20,26,28,33,31,33,30,32,31,32,33,35,34,35 0,8,8,9,8,9,9,10,8,9,9,10,9,10,10,11,8,9,9,10,9,10,10,11,9,10,10,11,10,11,11,12
00001 0,13,17,0,15,0,0,0,17,0,0,0,0,0,0,0,20,25,29,0,28,0,0,0,25,0,0,0,0,0,0,0 0,29,29,0,29,0,0,0,29,0,0,0,0,0,0,0,20,30,30,0,30,0,0,0,30,0,0,0,0,0,0,0
10010 0,12,7,14,6,15,0,0,9,16,12,17,14,19,0,0,9,14,0,0,0,0,0,0,14,16,0,0,0,0,0,0 0,9,10,11,10,11,0,0,9,10,11,12,11,12,0,0,10,11,0,0,0,0,0,0,11,12,0,0,0,0,0,0
10101 0,13,8,14,9,16,14,17,7,16,0,0,12,18,0,0,10,16,16,17,14,17,18,18,12,17,0,0,15,18,0,0 0,8,9,10,8,9,10,11,9,10,0,0,10,11,0,0,8,9,10,11,9,10,11,12,10,11,0,0,11,12,0,0
00101 0,16,12,0,20,27,24,0,19,0,0,0,29,0,0,0,18,25,25,0,29,32,31,0,24,0,0,0,31,0,0,0 0,22,22,0,17,23,23,0,22,0,0,0,23,0,0,0,17,23,23,0,18,24,24,0,23,0,0,0,24,0,0,0
00010 0,4,6,0,8,0,0,0,10,10,11,0,12,0,0,0,8,0,0,0,0,0,0,0,15,0,0,0,0,0,0,0 0,19,19,0,19,0,0,0,10,20,20,0,20,0,0,0,19,0,0,0,0,0,0,0,20,0,0,0,0,0,0,0
00000 0,5,7,0,10,0,0,0,7,0,0,0,0,0,0,0,8,0,0,0,0,0,0,0,0,0,0,0,0,0,0,0 0,18,18,0,18,0,0,0,18,0,0,0,0,0,0,0,18,0,0,0,0,0,0,0,0,0,0,0,0,0,0,0
10100 0,23,16,29,21,33,28,34,17,26,0,0,28,34,0,0,18,30,0,0,29,35,0,0,0,0,0,0,0,0,0,0 0,19,28,29,19,20,29,30,28,29,0,0,29,30,0,0,28,29,0,0,29,30,0,0,0,0,0,0,0,0,0,0
00000 0,4,4,0,6,0,0,0,6,0,0,0,0,0,0,0,6,0,0,0,0,0,0,0,0,0,0,0,0,0,0,0 0,18,18,0,18,0,0,0,18,0,0,0,0,0,0,0,18,0,0,0,0,0,0,0,0,0,0,0,0,0,0,0
00001 0,5,8,0,7,0,0,0,9,0,0,0,0,0,0,0,10,11,12,0,13,0,0,0,13,0,0,0,0,0,0,0 0,13,13,0,13,0,0,0,13,0,0,0,0,0,0,0,8,14,14,0,14,0,0,0,14,0,0,0,0,0,0,0
10101 0,27,15,31,23,37,30,39,20,39,0,0,34,42,0,0,24,38,31,40,36,43,39,44,31,41,0,0,40,44,0,0 0,22,27,28,22,23,28,29,27,28,0,0,28,29,0,0,22,23,28,29,23,24,29,30,28,29,0,0,29,30,0,0
10001 0,11,12,20,14,20,0,0,14,17,0,0,0,0,0,0,16,22,21,26,21,25,0,0,22,25,0,0,0,0,0,0 0,11,16,17,16,17,0,0,16,17,0,0,0,0,0,0,11,12,17,18,17,18,0,0,17,18,0,0,0,0,0,0
00000 0,4,3,0,4,0,0,0,2,0,0,0,0,0,0,0,3,0,0,0,0,0,0,0,0,0,0,0,0,0,0,0 0,12,12,0,12,0,0,0,12,0,0,0,0,0,0,0,12,0,0,0,0,0,0,0,0,0,0,0,0,0,0,0
11000 0,5,4,9,4,8,5,9,4,6,7,9,0,0,0,0,2,6,5,9,0,0,0,0,0,0,0,0,0,0,0,0 0,4,4,6,6,7,7,8,6,7,7,8,0,0,0,0,6,7,7,8,0,0,0,0,0,0,0,0,0,0,0,0
00000 0,4,8,0,9,0,0,0,8,0,0,0,0,0,0,0,7,0,0,0,0,0,0,0,0,0,0,0,0,0,0,0 0,18,18,0,18,0,0,0,18,0,0,0,0,0,0,0,18,0,0,0,0,0,0,0,0,0,0,0,0,0,0,0
00101 0,11,12,0,13,19,19,0,12,0,0,0,19,0,0,0,13,18,19,0,19,23,22,0,19,0,0,0,23,0,0,0 0,18,18,0,13,19,19,0,18,0,0,0,19,0,0,0,13,19,19,0,14,20,20,0,19,0,0,0,20,0,0,0
00000 0,7,8,0,6,0,0,0,8,0,0,0,0,0,0,0,4,0,0,0,0,0,0,0,0,0,0,0,0,0,0,0 0,10,10,0,10,0,0,0,10,0,0,0,0,0,0,0,10,0,0,0,0,0,0,0,0,0,0,0,0,0,0,0
00000 0,7,5,0,8,0,0,0,8,0,0,0,0,0,0,0,6,0,0,0,0,0,0,0,0,0,0,0,0,0,0,0 0,10,10,0,10,0,0,0,10,0,0,0,0,0,0,0,10,0,0,0,0,0,0,0,0,0,0,0,0,0,0,0
11000 0,20,17,25,15,25,24,28,14,23,22,26,0,0,0,0,17,27,24,28,0,0,0,0,0,0,0,0,0,0,0,0 0,13,13,14,18,19,19,20,18,19,19,20,0,0,0,0,18,19,19,20,0,0,0,0,0,0,0,0,0,0,0,0
00000 0,1,4,0,3,0,0,0,4,0,0,0,0,0,0,0,2,0,0,0,0,0,0,0,0,0,0,0,0,0,0,0 0,16,16,0,16,0,0,0,16,0,0,0,0,0,0,0,16,0,0,0,0,0,0,0,0,0,0,0,0,0,0,0
11101 0,9,10,12,11,15,16,16,4,11,13,14,11,15,16,16,9,13,15,16,13,15,16,16,10,13,16,16,13,15,16,16 0,5,5,6,5,6,6,7,6,7,7,8,7,8,8,9,5,6,6,7,6,7,7,8,7,8,8,9,8,9,9,10
00001 0,15,12,0,12,0,0,0,17,0,0,0,0,0,0,0,16,23,22,0,22,0,0,0,25,0,0,0,0,0,0,0 0,19,19,0,19,0,0,0,19,0,0,0,0,0,0,0,14,20,20,0,20,0,0,0,20,0,0,0,0,0,0,0
11111 0,9,9,15,9,15,14,19,12,16,15,18,16,20,18,21,18,20,19,21,18,20,19,21,21,22,21,22,21,22,21,22 0,8,8,9,8,9,9,10,8,9,9,10,9,10,10,11,8,9,9,10,9,10,10,11,9,10,10,11,10,11,11,12
00000 0,3,4,0,7,0,0,0,7,0,0,0,0,0,0,0,3,0,0,0,0,0,0,0,0,0,0,0,0,0,0,0 0,14,14,0,14,0,0,0,14,0,0,0,0,0,0,0,14,0,0,0,0,0,0,0,0,0,0,0,0,0,0,0
00000 0,9,11,0,7,0,0,0,10,0,0,0,0,0,0,0,7,0,0,0,0,0,0,0,0,0,0,0,0,0,0,0 0,14,14,0,14,0,0,0,14,0,0,0,0,0,0,0,14,0,0,0,0,0,0,0,0,0,0,0,0,0,0,0
00001 0,2,2,0,2,0,0,0,3,0,0,0,0,0,0,0,4,4,5,0,5,0,0,0,5,0,0,0,0,0,0,0 0,5,5,0,5,0,0,0,5,0,0,0,0,0,0,0,4,6,6,0,6,0,0,0,6,0,0,0,0,0,0,0
10001 0,7,5,9,6,10,0,0,6,10,0,0,0,0,0,0,9,11,12,12,12,13,0,0,11,12,0,0,0,0,0,0 0,7,8,9,8,9,0,0,8,9,0,0,0,0,0,0,7,8,9,10,9,10,0,0,9,10,0,0,0,0,0,0
11001 0,17,23,29,24,30,29,33,21,27,30,33,0,0,0,0,16,28,32,34,31,34,34,35,31,34,35,36,0,0,0,0 0,16,16,17,21,22,22,23,21,22,22,23,0,0,0,0,16,17,17,18,22,23,23,24,22,23,23,24,0,0,0,0
00000 0,5,5,0,4,0,0,0,7,0,0,0,0,0,0,0,5,0,0,0,0,0,0,0,0,0,0,0,0,0,0,0 0,16,16,0,16,0,0,0,16,0,0,0,0,0,0,0,16,0,0,0,0,0,0,0,0,0,0,0,0,0,0,0
11111 0,23,12,26,19,30,24,32,22,31,27,32,29,34,31,35,20,31,26,32,27,35,30,35,28,35,31,35,31,36,32,36 0,6,6,7,6,7,7,8,6,7,7,8,7,8,8,9,6,7,7,8,7,8,8,9,7,8,8,9,8,9,9,10
11111 0,8,13,14,13,15,18,18,14,17,19,19,19,20,21,21,11,16,18,19,20,21,22,22,17,20,21,21,21,22,22,22 0,8,8,9,8,9,9,10,8,9,9,10,9,10,10,11,8,9,9,10,9,10,10,11,9,10,10,11,10,11,11,12
01000 0,12,21,26,17,0,27,0,18,0,26,0,0,0,0,0,17,0,27,0,0,0,0,0,0,0,0,0,0,0,0,0 0,25,16,26,25,0,26,0,25,0,26,0,0,0,0,0,25,0,26,0,0,0,0,0,0,0,0,0,0,0,0,0
10111 0,13,12,20,14,21,23,26,14,22,20,26,23,27,26,29,14,22,20,25,21,26,26,29,23,29,26,30,26,30,28,31 0,13,14,15,13,14,15,16,13,14,15,16,14,15,16,17,13,14,15,16,14,15,16,17,14,15,16,17,15,16,17,18
01000 0,7,13,15,8,0,15,0,7,0,14,0,0,0,0,0,8,0,15,0,0,0,0,0,0,0,0,0,0,0,0,0 0,11,10,12,11,0,12,0,11,0,12,0,0,0,0,0,11,0,12,0,0,0,0,0,0,0,0,0,0,0,0,0
11111 0,16,21,27,19,28,29,33,23,31,32,36,27,34,33,37,22,31,29,34,29,36,34,37,33,38,36,39,34,39,36,39 0,6,6,7,6,7,7,8,6,7,7,8,7,8,8,9,6,7,7,8,7,8,8,9,7,8,8,9,8,9,9,10
01010 0,20,24,33,21,0,32,0,27,37,38,42,37,0,41,0,17,0,33,0,0,0,0,0,35,0,41,0,0,0,0,0 0,32,23,33,32,0,33,0,23,33,24,34,33,0,34,0,32,0,33,0,0,0,0,0,33,0,34,0,0,0,0,0
11111 0,26,21,33,25,35,36,40,25,38,34,41,36,41,41,43,27,37,36,41,36,40,42,43,36,42,40,44,42,43,44,44 0,6,6,7,6,7,7,8,6,7,7,8,7,8,8,9,6,7,7,8,7,8,8,9,7,8,8,9,8,9,9,10
11111 0,15,23,28,19,26,31,34,26,29,34,34,31,32,35,35,20,25,31,31,28,32,35,35,31,33,35,35,33,34,35,35 0,12,12,13,12,13,13,14,12,13,13,14,13,14,14,15,12,13,13,14,13,14,14,15,13,14,14,15,14,15,15,16
10100 0,22,17,29,28,36,35,39,16,30,0,0,34,39,0,0,21,31,0,0,36,40,0,0,0,0,0,0,0,0,0,0 0,17,22,23,17,18,23,24,22,23,0,0,23,24,0,0,22,23,0,0,23,24,0,0,0,0,0,0,0,0,0,0
01001 0,11,13,18,12,0,20,0,8,0,16,0,0,0,0,0,13,20,19,22,17,0,21,0,20,0,22,0,0,0,0,0 0,14,13,15,14,0,15,0,14,0,15,0,0,0,0,0,13,15,14,16,15,0,16,0,15,0,16,0,0,0,0,0
10000 0,18,12,22,15,28,0,0,13,24,0,0,0,0,0,0,15,24,0,0,0,0,0,0,0,0,0,0,0,0,0,0 0,14,23,24,23,24,0,0,23,24,0,0,0,0,0,0,23,24,0,0,0,0,0,0,0,0,0,0,0,0,0,0
11111 0,15,15,24,17,24,26,29,15,22,23,26,25,29,28,29,15,20,24,27,25,27,30,30,22,24,27,28,29,30,30,30 0,6,6,7,6,7,7,8,6,7,7,8,7,8,8,9,6,7,7,8,7,8,8,9,7,8,8,9,8,9,9,10
00000 0,5,2,0,3,0,0,0,4,0,0,0,0,0,0,0,4,0,0,0,0,0,0,0,0,0,0,0,0,0,0,0 0,8,8,0,8,0,0,0,8,0,0,0,0,0,0,0,8,0,0,0,0,0,0,0,0,0,0,0,0,0,0,0
00001 0,16,13,0,17,0,0,0,14,0,0,0,0,0,0,0,22,26,24,0,24,0,0,0,25,0,0,0,0,0,0,0 0,29,29,0,29,0,0,0,29,0,0,0,0,0,0,0,20,30,30,0,30,0,0,0,30,0,0,0,0,0,0,0
00000 0,1,1,0,0,0,0,0,3,0,0,0,0,0,0,0,3,0,0,0,0,0,0,0,0,0,0,0,0,0,0,0 0,6,6,0,0,0,0,0,6,0,0,0,0,0,0,0,6,0,0,0,0,0,0,0,0,0,0,0,0,0,0,0
10110 0,6,3,8,7,9,8,10,7,12,8,12,10,12,10,12,5,8,0,0,11,11,0,0,9,12,0,0,12,12,0,0 0,6,7,8,6,7,8,9,6,7,8,9,7,8,9,10,7,8,0,0,8,9,0,0,8,9,0,0,9,10,0,0
01010 0,13,15,21,13,0,21,0,15,21,23,26,21,0,25,0,15,0,22,0,0,0,0,0,20,0,25,0,0,0,0,0 0,20,15,21,20,0,21,0,15,21,16,22,21,0,22,0,20,0,21,0,0,0,0,0,21,0,22,0,0,0,0,0
11000 0,26,23,32,21,33,31,36,24,35,34,36,0,0,0,0,22,33,36,38,0,0,0,0,0,0,0,0,0,0,0,0 0,23,23,24,32,33,33,34,32,33,33,34,0,0,0,0,32,33,33,34,0,0,0,0,0,0,0,0,0,0,0,0
01101 0,9,20,23,19,21,29,29,14,0,26,0,25,0,29,0,14,20,26,29,24,26,31,31,23,0,29,0,28,0,31,0 0,15,14,16,14,16,15,17,15,0,16,0,16,0,17,0,14,16,15,17,15,17,16,18,16,0,17,0,17,0,18,0
10100 0,10,8,14,9,15,11,16,7,14,0,0,12,17,0,0,8,14,0,0,14,17,0,0,0,0,0,0,0,0,0,0 0,9,10,11,9,10,11,12,10,11,0,0,11,12,0,0,10,11,0,0,11,12,0,0,0,0,0,0,0,0,0,0
00000 0,17,14,0,19,0,0,0,17,0,0,0,0,0,0,0,16,0,0,0,0,0,0,0,0,0,0,0,0,0,0,0 0,20,20,0,20,0,0,0,20,0,0,0,0,0,0,0,20,0,0,0,0,0,0,0,0,0,0,0,0,0,0,0
01000 0,3,6,8,4,0,7,0,6,0,9,0,0,0,0,0,3,0,8,0,0,0,0,0,0,0,0,0,0,0,0,0 0,11,6,12,11,0,12,0,11,0,12,0,0,0,0,0,11,0,12,0,0,0,0,0,0,0,0,0,0,0,0,0
00000 0,9,9,0,10,0,0,0,5,0,0,0,0,0,0,0,8,0,0,0,0,0,0,0,0,0,0,0,0,0,0,0 0,12,12,0,12,0,0,0,12,0,0,0,0,0,0,0,12,0,0,0,0,0,0,0,0,0,0,0,0,0,0,0
00000 0,9,7,0,6,0,0,0,6,0,0,0,0,0,0,0,9,0,0,0,0,0,0,0,0,0,0,0,0,0,0,0 0,20,20,0,20,0,0,0,20,0,0,0,0,0,0,0,20,0,0,0,0,0,0,0,0,0,0,0,0,0,0,0
01000 0,21,19,27,16,0,28,0,15,0,24,0,0,0,0,0,17,0,24,0,0,0,0,0,0,0,0,0,0,0,0,0 0,21,16,22,21,0,22,0,21,0,22,0,0,0,0,0,21,0,22,0,0,0,0,0,0,0,0,0,0,0,0,0
11111 0,22,14,25,19,29,25,30,20,32,25,32,27,33,29,33,19,29,25,30,27,31,30,32,29,34,31,34,33,34,33,34 0,14,14,15,14,15,15,16,14,15,15,16,15,16,16,17,14,15,15,16,15,16,16,17,15,16,16,17,16,17,17,18
00101 0,12,9,0,13,22,18,0,12,0,0,0,18,0,0,0,15,20,18,0,21,24,22,0,16,0,0,0,21,0,0,0 0,18,18,0,13,19,19,0,18,0,0,0,19,0,0,0,13,19,19,0,14,20,20,0,19,0,0,0,20,0,0,0
00100 0,15,13,0,16,21,20,0,12,0,0,0,22,0,0,0,14,0,0,0,21,0,0,0,0,0,0,0,0,0,0,0 0,25,25,0,16,26,26,0,25,0,0,0,26,0,0,0,25,0,0,0,26,0,0,0,0,0,0,0,0,0,0,0
10011 0,16,12,24,8,18,0,0,16,24,20,26,20,25,0,0,18,23,22,27,23,24,0,0,22,25,24,27,25,26,0,0 0,14,15,16,15,16,0,0,14,15,16,17,16,17,0,0,14,15,16,17,16,17,0,0,15,16,17,18,17,18,0,0
11000 0,30,28,38,22,37,35,40,17,37,32,41,0,0,0,0,17,35,33,40,0,0,0,0,0,0,0,0,0,0,0,0 0,19,19,20,28,29,29,30,28,29,29,30,0,0,0,0,28,29,29,30,0,0,0,0,0,0,0,0,0,0,0,0
10110 0,6,4,7,5,8,7,9,4,7,7,8,8,9,9,10,7,8,0,0,9,9,0,0,9,9,0,0,10,10,0,0 0,4,5,6,4,5,6,7,4,5,6,7,5,6,7,8,5,6,0,0,6,7,0,0,6,7,0,0,7,8,0,0
11000 0,12,11,15,10,15,16,17,10,15,15,17,0,0,0,0,11,16,15,17,0,0,0,0,0,0,0,0,0,0,0,0 0,11,11,12,16,17,17,18,16,17,17,18,0,0,0,0,16,17,17,18,0,0,0,0,0,0,0,0,0,0,0,0
00000 0,1,2,0,2,0,0,0,1,0,0,0,0,0,0,0,4,0,0,0,0,0,0,0,0,0,0,0,0,0,0,0 0,14,14,0,14,0,0,0,14,0,0,0,0,0,0,0,14,0,0,0,0,0,0,0,0,0,0,0,0,0,0,0
11111 0,18,20,26,21,30,29,32,18,27,27,31,27,31,31,32,17,23,28,29,27,31,32,33,25,29,31,32,29,32,32,33 0,14,14,15,14,15,15,16,14,15,15,16,15,16,16,17,14,15,15,16,15,16,16,17,15,16,16,17,16,17,17,18
00001 0,10,10,0,7,0,0,0,12,0,0,0,0,0,0,0,12,18,17,0,16,0,0,0,19,0,0,0,0,0,0,0 0,19,19,0,19,0,0,0,19,0,0,0,0,0,0,0,10,20,20,0,20,0,0,0,20,0,0,0,0,0,0,0
00000 0,19,18,0,10,0,0,0,14,0,0,0,0,0,0,0,14,0,0,0,0,0,0,0,0,0,0,0,0,0,0,0 0,20,20,0,20,0,0,0,20,0,0,0,0,0,0,0,20,0,0,0,0,0,0,0,0,0,0,0,0,0,0,0
00000 0,6,5,0,3,0,0,0,3,0,0,0,0,0,0,0,3,0,0,0,0,0,0,0,0,0,0,0,0,0,0,0 0,12,12,0,12,0,0,0,12,0,0,0,0,0,0,0,12,0,0,0,0,0,0,0,0,0,0,0,0,0,0,0
00011 0,17,15,0,14,0,0,0,15,22,24,0,22,0,0,0,14,22,21,0,24,0,0,0,23,26,28,0,29,0,0,0 0,16,16,0,16,0,0,0,11,17,17,0,17,0,0,0,11,17,17,0,17,0,0,0,12,18,18,0,18,0,0,0
10000 0,12,15,21,10,19,0,0,12,17,0,0,0,0,0,0,12,18,0,0,0,0,0,0,0,0,0,0,0,0,0,0 0,12,13,14,13,14,0,0,13,14,0,0,0,0,0,0,13,14,0,0,0,0,0,0,0,0,0,0,0,0,0,0
00001 0,13,15,0,14,0,0,0,13,0,0,0,0,0,0,0,17,22,21,0,21,0,0,0,21,0,0,0,0,0,0,0 0,21,21,0,21,0,0,0,21,0,0,0,0,0,0,0,16,22,22,0,22,0,0,0,22,0,0,0,0,0,0,0
11111 0,10,12,17,13,17,18,20,11,16,19,21,19,19,22,22,15,19,22,23,19,22,23,24,20,21,25,25,23,23,25,25 0,8,8,9,8,9,9,10,8,9,9,10,9,10,10,11,8,9,9,10,9,10,10,11,9,10,10,11,10,11,11,12
01100 0,13,15,22,20,23,24,26,16,0,24,0,26,0,29,0,17,0,23,0,26,0,27,0,0,0,0,0,0,0,0,0 0,20,15,21,15,21,16,22,20,0,21,0,21,0,22,0,20,0,21,0,21,0,22,0,0,0,0,0,0,0,0,0
10010 0,23,19,28,18,29,0,0,19,30,25,31,27,32,0,0,15,29,0,0,0,0,0,0,25,31,0,0,0,0,0,0 0,19,28,29,28,29,0,0,19,20,29,30,29,30,0,0,28,29,0,0,0,0,0,0,29,30,0,0,0,0,0,0
01001 0,24,21,37,22,0,32,0,25,0,34,0,0,0,0,0,23,34,34,43,34,0,40,0,31,0,39,0,0,0,0,0 0,30,21,31,30,0,31,0,30,0,31,0,0,0,0,0,21,31,22,32,31,0,32,0,31,0,32,0,0,0,0,0
00000 0,9,10,0,7,0,0,0,5,0,0,0,0,0,0,0,6,0,0,0,0,0,0,0,0,0,0,0,0,0,0,0 0,14,14,0,14,0,0,0,14,0,0,0,0,0,0,0,14,0,0,0,0,0,0,0,0,0,0,0,0,0,0,0
10000 0,15,9,20,11,19,0,0,10,20,0,0,0,0,0,0,12,19,0,0,0,0,0,0,0,0,0,0,0,0,0,0 0,14,23,24,23,24,0,0,23,24,0,0,0,0,0,0,23,24,0,0,0,0,0,0,0,0,0,0,0,0,0,0
00000 0,4,4,0,7,0,0,0,7,0,0,0,0,0,0,0,8,0,0,0,0,0,0,0,0,0,0,0,0,0,0,0 0,14,14,0,14,0,0,0,14,0,0,0,0,0,0,0,14,0,0,0,0,0,0,0,0,0,0,0,0,0,0,0
11111 0,11,10,14,15,18,18,19,12,15,16,16,18,19,19,19,15,18,19,20,18,20,20,21,18,19,20,20,21,21,21,21 0,6,6,7,6,7,7,8,6,7,7,8,7,8,8,9,6,7,7,8,7,8,8,9,7,8,8,9,8,9,9,10
11111 0,17,17,26,15,25,25,28,15,22,24,28,23,27,28,29,14,23,25,29,23,29,30,31,23,28,28,31,28,31,31,32 0,10,10,11,10,11,11,12,10,11,11,12,11,12,12,13,10,11,11,12,11,12,12,13,11,12,12,13,12,13,13,14
11111 0,16,21,27,15,25,29,33,16,27,27,32,23,32,32,36,20,26,29,31,25,30,32,34,29,34,34,36,31,35,35,37 0,14,14,15,14,15,15,16,14,15,15,16,15,16,16,17,14,15,15,16,15,16,16,17,15,16,16,17,16,17,17,18
01110 0,5,12,14,10,12,14,15,12,14,17,17,15,16,17,17,9,0,17,0,14,0,17,0,17,0,19,0,18,0,19,0 0,11,10,12,10,12,11,13,10,12,11,13,11,13,12,14,11,0,12,0,12,0,13,0,12,0,13,0,13,0,14,0
11111 0,19,16,29,18,29,25,34,20,28,30,35,30,35,35,39,19,26,27,33,29,34,33,37,29,31,33,35,35,37,37,39 0,16,16,17,16,17,17,18,16,17,17,18,17,18,18,19,16,17,17,18,17,18,18,19,17,18,18,19,18,19,19,20
10000 0,28,24,39,20,36,0,0,21,35,0,0,0,0,0,0,18,35,0,0,0,0,0,0,0,0,0,0,0,0,0,0 0,16,25,26,25,26,0,0,25,26,0,0,0,0,0,0,25,26,0,0,0,0,0,0,0,0,0,0,0,0,0,0
11111 0,24,22,34,23,36,32,39,24,34,33,38,35,39,39,41,18,28,31,35,32,37,38,40,30,35,35,38,38,39,40,41 0,16,16,17,16,17,17,18,16,17,17,18,17,18,18,19,16,17,17,18,17,18,18,19,17,18,18,19,18,19,19,20
00001 0,8,5,0,8,0,0,0,8,0,0,0,0,0,0,0,11,14,12,0,14,0,0,0,13,0,0,0,0,0,0,0 0,19,19,0,19,0,0,0,19,0,0,0,0,0,0,0,10,20,20,0,20,0,0,0,20,0,0,0,0,0,0,0
10010 0,15,15,22,15,26,0,0,20,28,26,31,27,33,0,0,19,26,0,0,0,0,0,0,27,32,0,0,0,0,0,0 0,13,18,19,18,19,0,0,13,14,19,20,19,20,0,0,18,19,0,0,0,0,0,0,19,20,0,0,0,0,0,0
10000 0,18,12,26,18,26,0,0,17,26,0,0,0,0,0,0,16,25,0,0,0,0,0,0,0,0,0,0,0,0,0,0 0,12,21,22,21,22,0,0,21,22,0,0,0,0,0,0,21,22,0,0,0,0,0,0,0,0,0,0,0,0,0,0
00000 0,7,6,0,6,0,0,0,8,0,0,0,0,0,0,0,8,0,0,0,0,0,0,0,0,0,0,0,0,0,0,0 0,10,10,0,10,0,0,0,10,0,0,0,0,0,0,0,10,0,0,0,0,0,0,0,0,0,0,0,0,0,0,0
10000 0,24,14,30,19,30,0,0,20,30,0,0,0,0,0,0,20,31,0,0,0,0,0,0,0,0,0,0,0,0,0,0 0,14,23,24,23,24,0,0,23,24,0,0,0,0,0,0,23,24,0,0,0,0,0,0,0,0,0,0,0,0,0,0
00001 0,15,14,0,17,0,0,0,15,0,0,0,0,0,0,0,19,25,25,0,30,0,0,0,26,0,0,0,0,0,0,0 0,19,19,0,19,0,0,0,19,0,0,0,0,0,0,0,14,20,20,0,20,0,0,0,20,0,0,0,0,0,0,0
00000 0,6,4,0,7,0,0,0,4,0,0,0,0,0,0,0,4,0,0,0,0,0,0,0,0,0,0,0,0,0,0,0 0,12,12,0,12,0,0,0,12,0,0,0,0,0,0,0,12,0,0,0,0,0,0,0,0,0,0,0,0,0,0,0
11111 0,22,20,31,25,34,29,35,21,32,30,36,34,39,35,39,21,29,34,36,33,36,35,37,30,35,38,39,39,40,39,40 0,14,14,15,14,15,15,16,14,15,15,16,15,16,16,17,14,15,15,16,15,16,16,17,15,16,16,17,16,17,17,18
00000 0,10,10,0,4,0,0,0,10,0,0,0,0,0,0,0,9,0,0,0,0,0,0,0,0,0,0,0,0,0,0,0 0,20,20,0,20,0,0,0,20,0,0,0,0,0,0,0,20,0,0,0,0,0,0,0,0,0,0,0,0,0,0,0
10000 0,9,6,12,11,15,0,0,7,12,0,0,0,0,0,0,8,15,0,0,0,0,0,0,0,0,0,0,0,0,0,0 0,6,11,12,11,12,0,0,11,12,0,0,0,0,0,0,11,12,0,0,0,0,0,0,0,0,0,0,0,0,0,0
00000 0,3,3,0,3,0,0,0,3,0,0,0,0,0,0,0,2,0,0,0,0,0,0,0,0,0,0,0,0,0,0,0 0,20,20,0,20,0,0,0,20,0,0,0,0,0,0,0,20,0,0,0,0,0,0,0,0,0,0,0,0,0,0,0
11100 0,12,12,18,12,18,18,20,8,16,16,20,15,19,18,20,6,14,14,18,15,19,19,20,0,0,0,0,0,0,0,0 0,10,10,11,10,11,11,12,11,12,12,13,12,13,13,14,11,12,12,13,12,13,13,14,0,0,0,0,0,0,0,0
01000 0,17,26,35,20,0,35,0,24,0,37,0,0,0,0,0,25,0,37,0,0,0,0,0,0,0,0,0,0,0,0,0 0,29,20,30,29,0,30,0,29,0,30,0,0,0,0,0,29,0,30,0,0,0,0,0,0,0,0,0,0,0,0,0
00010 0,5,7,0,5,0,0,0,6,7,11,0,7,0,0,0,6,0,0,0,0,0,0,0,11,0,0,0,0,0,0,0 0,11,11,0,11,0,0,0,6,12,12,0,12,0,0,0,11,0,0,0,0,0,0,0,12,0,0,0,0,0,0,0
11111 0,23,15,32,22,33,28,36,19,33,25,36,30,38,33,39,18,29,28,34,29,35,33,37,31,35,35,37,35,38,37,39 0,8,8,9,8,9,9,10,8,9,9,10,9,10,10,11,8,9,9,10,9,10,10,11,9,10,10,11,10,11,11,12
01000 0,19,24,31,14,0,28,0,21,0,32,0,0,0,0,0,21,0,32,0,0,0,0,0,0,0,0,0,0,0,0,0 0,29,20,30,29,0,30,0,29,0,30,0,0,0,0,0,29,0,30,0,0,0,0,0,0,0,0,0,0,0,0,0
00000 0,14,11,0,10,0,0,0,10,0,0,0,0,0,0,0,8,0,0,0,0,0,0,0,0,0,0,0,0,0,0,0 0,16,16,0,16,0,0,0,16,0,0,0,0,0,0,0,16,0,0,0,0,0,0,0,0,0,0,0,0,0,0,0
01110 0,9,14,19,12,16,18,20,12,17,17,20,17,19,18,20,9,0,16,0,17,0,19,0,16,0,18,0,19,0,19,0 0,11,10,12,10,12,11,13,10,12,11,13,11,13,12,14,11,0,12,0,12,0,13,0,12,0,13,0,13,0,14,0
00000 0,3,6,0,7,0,0,0,3,0,0,0,0,0,0,0,3,0,0,0,0,0,0,0,0,0,0,0,0,0,0,0 0,20,20,0,20,0,0,0,20,0,0,0,0,0,0,0,20,0,0,0,0,0,0,0,0,0,0,0,0,0,0,0
00000 0,2,2,0,4,0,0,0,3,0,0,0,0,0,0,0,5,0,0,0,0,0,0,0,0,0,0,0,0,0,0,0 0,16,16,0,16,0,0,0,16,0,0,0,0,0,0,0,16,0,0,0,0,0,0,0,0,0,0,0,0,0,0,0
00000 0,9,9,0,8,0,0,0,9,0,0,0,0,0,0,0,8,0,0,0,0,0,0,0,0,0,0,0,0,0,0,0 0,14,14,0,14,0,0,0,14,0,0,0,0,0,0,0,14,0,0,0,0,0,0,0,0,0,0,0,0,0,0,0
00000 0,11,14,0,11,0,0,0,12,0,0,0,0,0,0,0,12,0,0,0,0,0,0,0,0,0,0,0,0,0,0,0 0,20,20,0,20,0,0,0,20,0,0,0,0,0,0,0,20,0,0,0,0,0,0,0,0,0,0,0,0,0,0,0
01000 0,7,11,13,9,0,14,0,7,0,13,0,0,0,0,0,7,0,14,0,0,0,0,0,0,0,0,0,0,0,0,0 0,13,8,14,13,0,14,0,13,0,14,0,0,0,0,0,13,0,14,0,0,0,0,0,0,0,0,0,0,0,0,0
01000 0,16,19,24,14,0,24,0,13,0,23,0,0,0,0,0,12,0,24,0,0,0,0,0,0,0,0,0,0,0,0,0 0,27,18,28,27,0,28,0,27,0,28,0,0,0,0,0,27,0,28,0,0,0,0,0,0,0,0,0,0,0,0,0
01010 0,11,18,22,17,0,26,0,15,22,24,26,22,0,28,0,14,0,23,0,0,0,0,0,24,0,27,0,0,0,0,0 0,18,13,19,18,0,19,0,13,19,14,20,19,0,20,0,18,0,19,0,0,0,0,0,19,0,20,0,0,0,0,0
01000 0,12,16,22,16,0,24,0,15,0,23,0,0,0,0,0,15,0,22,0,0,0,0,0,0,0,0,0,0,0,0,0 0,25,16,26,25,0,26,0,25,0,26,0,0,0,0,0,25,0,26,0,0,0,0,0,0,0,0,0,0,0,0,0
00001 0,17,10,0,12,0,0,0,12,0,0,0,0,0,0,0,18,23,19,0,23,0,0,0,23,0,0,0,0,0,0,0 0,25,25,0,25,0,0,0,25,0,0,0,0,0,0,0,16,26,26,0,26,0,0,0,26,0,0,0,0,0,0,0
00000 0,5,6,0,6,0,0,0,2,0,0,0,0,0,0,0,4,0,0,0,0,0,0,0,0,0,0,0,0,0,0,0 0,12,12,0,12,0,0,0,12,0,0,0,0,0,0,0,12,0,0,0,0,0,0,0,0,0,0,0,0,0,0,0
00010 0,22,18,0,13,0,0,0,18,29,30,0,26,0,0,0,10,0,0,0,0,0,0,0,22,0,0,0,0,0,0,0 0,23,23,0,23,0,0,0,14,24,24,0,24,0,0,0,23,0,0,0,0,0,0,0,24,0,0,0,0,0,0,0
11111 0,18,27,35,20,30,31,37,23,28,37,39,33,34,39,40,19,29,33,38,30,37,34,39,33,36,40,41,38,39,40,41 0,16,16,17,16,17,17,18,16,17,17,18,17,18,18,19,16,17,17,18,17,18,18,19,17,18,18,19,18,19,19,20
00010 0,22,19,0,18,0,0,0,23,34,34,0,33,0,0,0,15,0,0,0,0,0,0,0,26,0,0,0,0,0,0,0 0,29,29,0,29,0,0,0,20,30,30,0,30,0,0,0,29,0,0,0,0,0,0,0,30,0,0,0,0,0,0,0
00100 0,8,8,0,12,15,15,0,14,0,0,0,15,0,0,0,12,0,0,0,16,0,0,0,0,0,0,0,0,0,0,0 0,13,13,0,12,14,14,0,13,0,0,0,14,0,0,0,13,0,0,0,14,0,0,0,0,0,0,0,0,0,0,0
10100 0,12,12,17,13,18,18,21,9,15,0,0,18,20,0,0,11,16,0,0,20,21,0,0,0,0,0,0,0,0,0,0 0,11,16,17,11,12,17,18,16,17,0,0,17,18,0,0,16,17,0,0,17,18,0,0,0,0,0,0,0,0,0,0
00010 0,4,8,0,6,0,0,0,10,11,12,0,11,0,0,0,9,0,0,0,0,0,0,0,12,0,0,0,0,0,0,0 0,15,15,0,15,0,0,0,10,16,16,0,16,0,0,0,15,0,0,0,0,0,0,0,16,0,0,0,0,0,0,0
00000 0,5,8,0,5,0,0,0,4,0,0,0,0,0,0,0,5,0,0,0,0,0,0,0,0,0,0,0,0,0,0,0 0,12,12,0,12,0,0,0,12,0,0,0,0,0,0,0,12,0,0,0,0,0,0,0,0,0,0,0,0,0,0,0
10010 0,15,13,21,14,24,0,0,16,23,24,28,21,27,0,0,9,20,0,0,0,0,0,0,19,25,0,0,0,0,0,0 0,13,18,19,18,19,0,0,13,14,19,20,19,20,0,0,18,19,0,0,0,0,0,0,19,20,0,0,0,0,0,0
11011 0,19,22,29,11,25,27,32,18,28,26,31,23,31,29,33,16,24,30,32,23,28,32,33,24,30,31,33,28,32,33,34 0,11,11,12,12,13,13,14,11,12,12,13,13,14,14,15,11,12,12,13,13,14,14,15,12,13,13,14,14,15,15,16
00000 0,6,5,0,6,0,0,0,3,0,0,0,0,0,0,0,8,0,0,0,0,0,0,0,0,0,0,0,0,0,0,0 0,20,20,0,20,0,0,0,20,0,0,0,0,0,0,0,20,0,0,0,0,0,0,0,0,0,0,0,0,0,0,0
10000 0,18,14,21,18,26,0,0,15,23,0,0,0,0,0,0,12,22,0,0,0,0,0,0,0,0,0,0,0,0,0,0 0,16,25,26,25,26,0,0,25,26,0,0,0,0,0,0,25,26,0,0,0,0,0,0,0,0,0,0,0,0,0,0
00000 0,8,10,0,9,0,0,0,3,0,0,0,0,0,0,0,5,0,0,0,0,0,0,0,0,0,0,0,0,0,0,0 0,14,14,0,14,0,0,0,14,0,0,0,0,0,0,0,14,0,0,0,0,0,0,0,0,0,0,0,0,0,0,0
00000 0,2,3,0,3,0,0,0,1,0,0,0,0,0,0,0,3,0,0,0,0,0,0,0,0,0,0,0,0,0,0,0 0,20,20,0,20,0,0,0,20,0,0,0,0,0,0,0,20,0,0,0,0,0,0,0,0,0,0,0,0,0,0,0
00111 0,17,13,0,25,29,30,0,24,27,30,0,35,35,38,0,21,28,26,0,33,34,34,0,30,32,33,0,37,37,38,0 0,23,23,0,18,24,24,0,18,24,24,0,19,25,25,0,18,24,24,0,19,25,25,0,19,25,25,0,20,26,26,0
01100 0,9,16,20,16,20,23,24,8,0,21,0,17,0,24,0,10,0,20,0,22,0,25,0,0,0,0,0,0,0,0,0 0,16,11,17,11,17,12,18,16,0,17,0,17,0,18,0,16,0,17,0,17,0,18,0,0,0,0,0,0,0,0,0
00000 0,4,3,0,1,0,0,0,5,0,0,0,0,0,0,0,3,0,0,0,0,0,0,0,0,0,0,0,0,0,0,0 0,6,6,0,6,0,0,0,6,0,0,0,0,0,0,0,6,0,0,0,0,0,0,0,0,0,0,0,0,0,0,0
10111 0,8,7,12,8,12,12,14,10,13,11,14,13,14,14,15,8,12,12,14,12,14,15,15,14,16,14,16,16,16,16,16 0,7,8,9,7,8,9,10,7,8,9,10,8,9,10,11,7,8,9,10,8,9,10,11,8,9,10,11,9,10,11,12
10111 0,11,8,13,12,18,15,18,9,14,12,15,14,19,16,19,9,15,14,15,16,18,18,18,15,17,17,17,17,19,19,19 0,9,10,11,9,10,11,12,9,10,11,12,10,11,12,13,9,10,11,12,10,11,12,13,10,11,12,13,11,12,13,14
11110 0,21,19,28,16,30,26,33,18,29,28,32,24,31,30,33,13,27,24,30,23,32,29,33,24,31,30,33,27,32,31,33 0,13,13,14,13,14,14,15,13,14,14,15,14,15,15,16,14,15,15,16,15,16,16,17,15,16,16,17,16,17,17,18
00011 0,23,21,0,24,0,0,0,25,35,34,0,34,0,0,0,20,33,31,0,33,0,0,0,36,41,40,0,39,0,0,0 0,24,24,0,24,0,0,0,19,25,25,0,25,0,0,0,19,25,25,0,25,0,0,0,20,26,26,0,26,0,0,0
11111 0,14,15,21,13,20,21,24,12,21,21,25,20,23,23,25,13,20,21,24,19,24,24,26,20,23,24,26,23,24,25,26 0,6,6,7,6,7,7,8,6,7,7,8,7,8,8,9,6,7,7,8,7,8,8,9,7,8,8,9,8,9,9,10
10000 0,24,16,30,17,30,0,0,14,26,0,0,0,0,0,0,14,30,0,0,0,0,0,0,0,0,0,0,0,0,0,0 0,16,21,22,21,22,0,0,21,22,0,0,0,0,0,0,21,22,0,0,0,0,0,0,0,0,0,0,0,0,0,0
00000 0,8,9,0,9,0,0,0,6,0,0,0,0,0,0,0,6,0,0,0,0,0,0,0,0,0,0,0,0,0,0,0 0,10,10,0,10,0,0,0,10,0,0,0,0,0,0,0,10,0,0,0,0,0,0,0,0,0,0,0,0,0,0,0
10100 0,9,2,10,9,13,10,14,6,12,0,0,12,15,0,0,11,13,0,0,14,15,0,0,0,0,0,0,0,0,0,0 0,9,10,11,9,10,11,12,10,11,0,0,11,12,0,0,10,11,0,0,11,12,0,0,0,0,0,0,0,0,0,0
00100 0,8,9,0,13,16,19,0,10,0,0,0,17,0,0,0,6,0,0,0,15,0,0,0,0,0,0,0,0,0,0,0 0,17,17,0,12,18,18,0,17,0,0,0,18,0,0,0,17,0,0,0,18,0,0,0,0,0,0,0,0,0,0,0
00100 0,16,16,0,15,23,22,0,14,0,0,0,24,0,0,0,15,0,0,0,24,0,0,0,0,0,0,0,0,0,0,0 0,23,23,0,14,24,24,0,23,0,0,0,24,0,0,0,23,0,0,0,24,0,0,0,0,0,0,0,0,0,0,0
10000 0,12,8,16,8,15,0,0,10,14,0,0,0,0,0,0,6,15,0,0,0,0,0,0,0,0,0,0,0,0,0,0 0,12,21,22,21,22,0,0,21,22,0,0,0,0,0,0,21,22,0,0,0,0,0,0,0,0,0,0,0,0,0,0
00010 0,8,10,0,14,0,0,0,12,17,19,0,21,0,0,0,15,0,0,0,0,0,0,0,18,0,0,0,0,0,0,0 0,17,17,0,17,0,0,0,12,18,18,0,18,0,0,0,17,0,0,0,0,0,0,0,18,0,0,0,0,0,0,0
00000 0,7,7,0,7,0,0,0,7,0,0,0,0,0,0,0,7,0,0,0,0,0,0,0,0,0,0,0,0,0,0,0 0,12,12,0,12,0,0,0,12,0,0,0,0,0,0,0,12,0,0,0,0,0,0,0,0,0,0,0,0,0,0,0
01000 0,21,22,30,22,0,34,0,21,0,35,0,0,0,0,0,19,0,32,0,0,0,0,0,0,0,0,0,0,0,0,0 0,23,14,24,23,0,24,0,23,0,24,0,0,0,0,0,23,0,24,0,0,0,0,0,0,0,0,0,0,0,0,0
11111 0,27,27,37,23,36,35,40,23,37,36,40,32,40,38,41,24,36,34,40,35,40,40,42,32,38,39,41,38,41,41,42 0,6,6,7,6,7,7,8,6,7,7,8,7,8,8,9,6,7,7,8,7,8,8,9,7,8,8,9,8,9,9,10
10000 0,15,10,18,9,19,0,0,9,19,0,0,0,0,0,0,7,18,0,0,0,0,0,0,0,0,0,0,0,0,0,0 0,12,13,14,13,14,0,0,13,14,0,0,0,0,0,0,13,14,0,0,0,0,0,0,0,0,0,0,0,0,0,0
11100 0,12,12,16,12,18,17,19,9,16,16,18,16,19,19,20,11,17,18,20,18,20,20,21,0,0,0,0,0,0,0,0 0,12,12,13,12,13,13,14,13,14,14,15,14,15,15,16,13,14,14,15,14,15,15,16,0,0,0,0,0,0,0,0
00000 0,3,5,0,3,0,0,0,4,0,0,0,0,0,0,0,6,0,0,0,0,0,0,0,0,0,0,0,0,0,0,0 0,10,10,0,10,0,0,0,10,0,0,0,0,0,0,0,10,0,0,0,0,0,0,0,0,0,0,0,0,0,0,0
11111 0,22,18,28,21,31,30,34,17,29,28,33,29,33,34,35,15,29,28,34,29,34,35,37,26,34,34,37,33,35,37,37 0,6,6,7,6,7,7,8,6,7,7,8,7,8,8,9,6,7,7,8,7,8,8,9,7,8,8,9,8,9,9,10
11111 0,13,13,19,7,14,17,20,8,16,16,20,12,16,18,20,11,18,17,19,16,19,20,20,15,20,19,20,18,20,20,20 0,6,6,7,6,7,7,8,6,7,7,8,7,8,8,9,6,7,7,8,7,8,8,9,7,8,8,9,8,9,9,10
00000 0,4,4,0,3,0,0,0,4,0,0,0,0,0,0,0,2,0,0,0,0,0,0,0,0,0,0,0,0,0,0,0 0,12,12,0,12,0,0,0,12,0,0,0,0,0,0,0,12,0,0,0,0,0,0,0,0,0,0,0,0,0,0,0
11111 0,17,20,26,20,28,29,32,19,27,29,31,28,31,31,32,17,22,28,30,26,29,30,32,25,28,30,31,31,32,31,32 0,8,8,9,8,9,9,10,8,9,9,10,9,10,10,11,8,9,9,10,9,10,10,11,9,10,10,11,10,11,11,12
00100 0,19,13,0,20,31,26,0,22,0,0,0,32,0,0,0,17,0,0,0,29,0,0,0,0,0,0,0,0,0,0,0 0,23,23,0,14,24,24,0,23,0,0,0,24,0,0,0,23,0,0,0,24,0,0,0,0,0,0,0,0,0,0,0
00000 0,2,4,0,3,0,0,0,4,0,0,0,0,0,0,0,5,0,0,0,0,0,0,0,0,0,0,0,0,0,0,0 0,14,14,0,14,0,0,0,14,0,0,0,0,0,0,0,14,0,0,0,0,0,0,0,0,0,0,0,0,0,0,0
01011 0,24,23,33,17,0,34,0,25,33,37,39,29,0,38,0,24,35,32,37,35,0,38,0,37,38,40,40,40,0,41,0 0,27,22,28,27,0,28,0,22,28,23,29,28,0,29,0,22,28,23,29,28,0,29,0,23,29,24,30,29,0,30,0
00100 0,19,15,0,20,24,29,0,16,0,0,0,27,0,0,0,19,0,0,0,27,0,0,0,0,0,0,0,0,0,0,0 0,29,29,0,20,30,30,0,29,0,0,0,30,0,0,0,29,0,0,0,30,0,0,0,0,0,0,0,0,0,0,0
00000 0,15,17,0,17,0,0,0,18,0,0,0,0,0,0,0,15,0,0,0,0,0,0,0,0,0,0,0,0,0,0,0 0,20,20,0,20,0,0,0,20,0,0,0,0,0,0,0,20,0,0,0,0,0,0,0,0,0,0,0,0,0,0,0
00000 0,11,9,0,6,0,0,0,6,0,0,0,0,0,0,0,9,0,0,0,0,0,0,0,0,0,0,0,0,0,0,0 0,18,18,0,18,0,0,0,18,0,0,0,0,0,0,0,18,0,0,0,0,0,0,0,0,0,0,0,0,0,0,0
01110 0,15,16,21,17,22,22,25,16,21,24,25,25,26,27,27,14,0,22,0,22,0,26,0,22,0,26,0,26,0,28,0 0,21,16,22,16,22,17,23,16,22,17,23,17,23,18,24,21,0,22,0,22,0,23,0,22,0,23,0,23,0,24,0
11111 0,20,17,26,20,31,28,35,19,28,28,32,27,33,31,35,14,26,24,31,24,32,30,35,25,31,32,34,30,34,33,35 0,6,6,7,6,7,7,8,6,7,7,8,7,8,8,9,6,7,7,8,7,8,8,9,7,8,8,9,8,9,9,10
00000 0,3,8,0,4,0,0,0,7,0,0,0,0,0,0,0,4,0,0,0,0,0,0,0,0,0,0,0,0,0,0,0 0,12,12,0,12,0,0,0,12,0,0,0,0,0,0,0,12,0,0,0,0,0,0,0,0,0,0,0,0,0,0,0
11111 0,16,18,25,15,23,27,29,17,26,23,29,26,29,28,30,15,26,23,28,24,30,29,31,23,29,27,31,28,30,29,31 0,8,8,9,8,9,9,10,8,9,9,10,9,10,10,11,8,9,9,10,9,10,10,11,9,10,10,11,10,11,11,12
00000 0,4,6,0,5,0,0,0,4,0,0,0,0,0,0,0,4,0,0,0,0,0,0,0,0,0,0,0,0,0,0,0 0,20,20,0,20,0,0,0,20,0,0,0,0,0,0,0,20,0,0,0,0,0,0,0,0,0,0,0,0,0,0,0
00000 0,9,11,0,16,0,0,0,18,0,0,0,0,0,0,0,16,0,0,0,0,0,0,0,0,0,0,0,0,0,0,0 0,20,20,0,20,0,0,0,20,0,0,0,0,0,0,0,20,0,0,0,0,0,0,0,0,0,0,0,0,0,0,0
11100 0,24,20,28,19,30,31,33,14,28,28,31,26,32,33,34,19,30,27,31,27,32,32,33,0,0,0,0,0,0,0,0 0,18,18,19,18,19,19,20,23,24,24,25,24,25,25,26,23,24,24,25,24,25,25,26,0,0,0,0,0,0,0,0
10101 0,17,12,20,18,23,23,25,13,23,0,0,23,26,0,0,16,25,23,27,24,26,27,27,21,26,0,0,25,27,0,0 0,16,21,22,16,17,22,23,21,22,0,0,22,23,0,0,16,17,22,23,17,18,23,24,22,23,0,0,23,24,0,0
00000 0,12,6,0,6,0,0,0,10,0,0,0,0,0,0,0,10,0,0,0,0,0,0,0,0,0,0,0,0,0,0,0 0,14,14,0,14,0,0,0,14,0,0,0,0,0,0,0,14,0,0,0,0,0,0,0,0,0,0,0,0,0,0,0
00000 0,4,7,0,12,0,0,0,10,0,0,0,0,0,0,0,10,0,0,0,0,0,0,0,0,0,0,0,0,0,0,0 0,16,16,0,16,0,0,0,16,0,0,0,0,0,0,0,16,0,0,0,0,0,0,0,0,0,0,0,0,0,0,0
01000 0,6,11,11,6,0,11,0,8,0,11,0,0,0,0,0,3,0,12,0,0,0,0,0,0,0,0,0,0,0,0,0 0,11,10,12,11,0,12,0,11,0,12,0,0,0,0,0,11,0,12,0,0,0,0,0,0,0,0,0,0,0,0,0
00000 0,4,1,0,4,0,0,0,4,0,0,0,0,0,0,0,4,0,0,0,0,0,0,0,0,0,0,0,0,0,0,0 0,12,12,0,12,0,0,0,12,0,0,0,0,0,0,0,12,0,0,0,0,0,0,0,0,0,0,0,0,0,0,0
11111 0,11,11,17,16,21,20,23,10,18,15,20,20,24,21,24,18,23,22,25,22,23,24,25,23,26,24,26,25,26,25,26 0,8,8,9,8,9,9,10,8,9,9,10,9,10,10,11,8,9,9,10,9,10,10,11,9,10,10,11,10,11,11,12
11111 0,20,18,31,18,27,30,34,21,31,30,36,32,36,36,38,24,34,31,38,32,37,36,39,30,36,35,39,36,39,38,40 0,14,14,15,14,15,15,16,14,15,15,16,15,16,16,17,14,15,15,16,15,16,16,17,15,16,16,17,16,17,17,18
11111 0,24,24,34,22,34,32,39,28,35,35,39,35,39,38,41,22,30,32,36,32,36,36,39,33,36,37,39,38,39,40,41 0,12,12,13,12,13,13,14,12,13,13,14,13,14,14,15,12,13,13,14,13,14,14,15,13,14,14,15,14,15,15,16
01101 0,5,13,13,9,11,16,16,5,0,13,0,13,0,16,0,10,13,15,15,15,16,17,17,12,0,15,0,16,0,17,0 0,9,8,10,8,10,9,11,9,0,10,0,10,0,11,0,8,10,9,11,9,11,10,12,10,0,11,0,11,0,12,0
00010 0,18,15,0,21,0,0,0,23,34,29,0,32,0,0,0,17,0,0,0,0,0,0,0,30,0,0,0,0,0,0,0 0,29,29,0,29,0,0,0,20,30,30,0,30,0,0,0,29,0,0,0,0,0,0,0,30,0,0,0,0,0,0,0
00000 0,11,13,0,12,0,0,0,11,0,0,0,0,0,0,0,14,0,0,0,0,0,0,0,0,0,0,0,0,0,0,0 0,20,20,0,20,0,0,0,20,0,0,0,0,0,0,0,20,0,0,0,0,0,0,0,0,0,0,0,0,0,0,0
00000 0,6,8,0,7,0,0,0,9,0,0,0,0,0,0,0,12,0,0,0,0,0,0,0,0,0,0,0,0,0,0,0 0,14,14,0,14,0,0,0,14,0,0,0,0,0,0,0,14,0,0,0,0,0,0,0,0,0,0,0,0,0,0,0
10101 0,21,16,26,20,30,25,31,19,28,0,0,30,34,0,0,21,31,25,32,30,34,31,34,29,33,0,0,33,35,0,0 0,18,23,24,18,19,24,25,23,24,0,0,24,25,0,0,18,19,24,25,19,20,25,26,24,25,0,0,25,26,0,0
00100 0,19,18,0,20,31,30,0,13,0,0,0,29,0,0,0,20,0,0,0,30,0,0,0,0,0,0,0,0,0,0,0 0,25,25,0,16,26,26,0,25,0,0,0,26,0,0,0,25,0,0,0,26,0,0,0,0,0,0,0,0,0,0,0
01000 0,6,9,11,7,0,11,0,7,0,10,0,0,0,0,0,2,0,10,0,0,0,0,0,0,0,0,0,0,0,0,0 0,13,8,14,13,0,14,0,13,0,14,0,0,0,0,0,13,0,14,0,0,0,0,0,0,0,0,0,0,0,0,0
11111 0,12,12,18,15,21,20,23,18,21,20,22,24,24,24,24,14,20,20,22,20,23,23,24,20,22,22,23,24,24,24,24 0,12,12,13,12,13,13,14,12,13,13,14,13,14,14,15,12,13,13,14,13,14,14,15,13,14,14,15,14,15,15,16
11001 0,20,20,29,19,29,28,32,18,29,29,34,0,0,0,0,21,29,31,35,31,35,34,37,32,36,36,38,0,0,0,0 0,16,16,17,21,22,22,23,21,22,22,23,0,0,0,0,16,17,17,18,22,23,23,24,22,23,23,24,0,0,0,0
00111 0,10,5,0,14,18,17,0,12,19,14,0,21,23,21,0,14,17,15,0,19,21,20,0,19,22,19,0,21,23,21,0 0,13,13,0,12,14,14,0,12,14,14,0,13,15,15,0,12,14,14,0,13,15,15,0,13,15,15,0,14,16,16,0
00001 0,12,12,0,18,0,0,0,20,0,0,0,0,0,0,0,23,26,26,0,29,0,0,0,29,0,0,0,0,0,0,0 0,29,29,0,29,0,0,0,29,0,0,0,0,0,0,0,20,30,30,0,30,0,0,0,30,0,0,0,0,0,0,0
11111 0,11,7,14,6,13,10,14,6,13,10,14,8,14,11,14,6,13,10,14,8,14,11,14,7,13,11,14,8,14,11,14 0,6,6,7,6,7,7,8,6,7,7,8,7,8,8,9,6,7,7,8,7,8,8,9,7,8,8,9,8,9,9,10
00001 0,2,3,0,4,0,0,0,4,0,0,0,0,0,0,0,5,6,7,0,6,0,0,0,6,0,0,0,0,0,0,0 0,5,5,0,5,0,0,0,5,0,0,0,0,0,0,0,4,6,6,0,6,0,0,0,6,0,0,0,0,0,0,0
01101 0,7,14,17,9,13,19,21,8,0,18,0,11,0,19,0,12,15,18,19,18,19,21,21,16,0,20,0,19,0,21,0 0,9,8,10,8,10,9,11,9,0,10,0,10,0,11,0,8,10,9,11,9,11,10,12,10,0,11,0,11,0,12,0
01101 0,4,6,8,6,10,10,12,9,0,11,0,10,0,11,0,9,9,11,11,12,12,13,13,12,0,13,0,13,0,13,0 0,6,6,8,6,8,7,9,7,0,8,0,8,0,9,0,6,8,7,9,7,9,8,10,8,0,9,0,9,0,10,0
10111 0,6,5,9,9,10,9,10,7,9,9,10,10,10,10,10,6,8,8,9,9,10,9,10,10,10,10,10,10,10,10,10 0,5,6,7,5,6,7,8,5,6,7,8,6,7,8,9,5,6,7,8,6,7,8,9,6,7,8,9,7,8,9,10
00000 0,3,5,0,4,0,0,0,5,0,0,0,0,0,0,0,5,0,0,0,0,0,0,0,0,0,0,0,0,0,0,0 0,20,20,0,20,0,0,0,20,0,0,0,0,0,0,0,20,0,0,0,0,0,0,0,0,0,0,0,0,0,0,0
01001 0,14,18,25,15,0,25,0,15,0,24,0,0,0,0,0,19,23,29,30,28,0,33,0,26,0,32,0,0,0,0,0 0,18,13,19,18,0,19,0,18,0,19,0,0,0,0,0,13,19,14,20,19,0,20,0,19,0,20,0,0,0,0,0
01101 0,6,9,11,8,12,14,15,5,0,11,0,10,0,16,0,9,13,16,17,12,16,17,18,13,0,18,0,14,0,19,0 0,7,6,8,6,8,7,9,7,0,8,0,8,0,9,0,6,8,7,9,7,9,8,10,8,0,9,0,9,0,10,0
00000 0,2,3,0,4,0,0,0,4,0,0,0,0,0,0,0,1,0,0,0,0,0,0,0,0,0,0,0,0,0,0,0 0,14,14,0,14,0,0,0,14,0,0,0,0,0,0,0,14,0,0,0,0,0,0,0,0,0,0,0,0,0,0,0
00000 0,4,8,0,7,0,0,0,7,0,0,0,0,0,0,0,3,0,0,0,0,0,0,0,0,0,0,0,0,0,0,0 0,10,10,0,10,0,0,0,10,0,0,0,0,0,0,0,10,0,0,0,0,0,0,0,0,0,0,0,0,0,0,0
00000 0,3,4,0,3,0,0,0,3,0,0,0,0,0,0,0,4,0,0,0,0,0,0,0,0,0,0,0,0,0,0,0 0,8,8,0,8,0,0,0,8,0,0,0,0,0,0,0,8,0,0,0,0,0,0,0,0,0,0,0,0,0,0,0
00000 0,15,13,0,17,0,0,0,14,0,0,0,0,0,0,0,14,0,0,0,0,0,0,0,0,0,0,0,0,0,0,0 0,20,20,0,20,0,0,0,20,0,0,0,0,0,0,0,20,0,0,0,0,0,0,0,0,0,0,0,0,0,0,0
00000 0,9,8,0,13,0,0,0,15,0,0,0,0,0,0,0,13,0,0,0,0,0,0,0,0,0,0,0,0,0,0,0 0,20,20,0,20,0,0,0,20,0,0,0,0,0,0,0,20,0,0,0,0,0,0,0,0,0,0,0,0,0,0,0
10000 0,18,12,20,13,19,0,0,14,20,0,0,0,0,0,0,7,19,0,0,0,0,0,0,0,0,0,0,0,0,0,0 0,10,19,20,19,20,0,0,19,20,0,0,0,0,0,0,19,20,0,0,0,0,0,0,0,0,0,0,0,0,0,0
00000 0,10,9,0,15,0,0,0,10,0,0,0,0,0,0,0,9,0,0,0,0,0,0,0,0,0,0,0,0,0,0,0 0,16,16,0,16,0,0,0,16,0,0,0,0,0,0,0,16,0,0,0,0,0,0,0,0,0,0,0,0,0,0,0
00000 0,2,2,0,3,0,0,0,5,0,0,0,0,0,0,0,3,0,0,0,0,0,0,0,0,0,0,0,0,0,0,0 0,20,20,0,20,0,0,0,20,0,0,0,0,0,0,0,20,0,0,0,0,0,0,0,0,0,0,0,0,0,0,0
00010 0,15,20,0,15,0,0,0,18,28,27,0,25,0,0,0,17,0,0,0,0,0,0,0,24,0,0,0,0,0,0,0 0,23,23,0,23,0,0,0,14,24,24,0,24,0,0,0,23,0,0,0,0,0,0,0,24,0,0,0,0,0,0,0
01111 0,9,13,19,15,18,22,23,15,18,22,23,20,21,24,24,20,23,23,26,27,27,28,28,25,25,28,28,27,27,28,28 0,10,9,11,9,11,10,12,9,11,10,12,10,12,11,13,9,11,10,12,10,12,11,13,10,12,11,13,11,13,12,14
00000 0,11,9,0,11,0,0,0,7,0,0,0,0,0,0,0,6,0,0,0,0,0,0,0,0,0,0,0,0,0,0,0 0,18,18,0,18,0,0,0,18,0,0,0,0,0,0,0,18,0,0,0,0,0,0,0,0,0,0,0,0,0,0,0
11111 0,20,23,32,22,31,35,38,21,28,31,35,32,34,39,39,21,33,29,36,31,36,38,39,28,35,33,37,36,38,40,40 0,16,16,17,16,17,17,18,16,17,17,18,17,18,18,19,16,17,17,18,17,18,18,19,17,18,18,19,18,19,19,20
00000 0,3,2,0,2,0,0,0,2,0,0,0,0,0,0,0,2,0,0,0,0,0,0,0,0,0,0,0,0,0,0,0 0,10,10,0,10,0,0,0,10,0,0,0,0,0,0,0,10,0,0,0,0,0,0,0,0,0,0,0,0,0,0,0
00100 0,15,17,0,16,23,24,0,14,0,0,0,24,0,0,0,13,0,0,0,25,0,0,0,0,0,0,0,0,0,0,0 0,25,25,0,16,26,26,0,25,0,0,0,26,0,0,0,25,0,0,0,26,0,0,0,0,0,0,0,0,0,0,0
00100 0,18,21,0,19,30,32,0,20,0,0,0,35,0,0,0,22,0,0,0,32,0,0,0,0,0,0,0,0,0,0,0 0,27,27,0,18,28,28,0,27,0,0,0,28,0,0,0,27,0,0,0,28,0,0,0,0,0,0,0,0,0,0,0
11111 0,24,19,34,23,31,30,36,24,35,28,37,35,39,36,39,24,34,33,40,32,37,37,40,36,40,38,41,39,41,40,41 0,14,14,15,14,15,15,16,14,15,15,16,15,16,16,17,14,15,15,16,15,16,16,17,15,16,16,17,16,17,17,18
11111 0,14,10,18,7,15,12,18,10,16,15,18,15,17,16,18,6,14,14,18,9,15,14,18,13,16,16,18,15,17,16,18 0,6,6,7,6,7,7,8,6,7,7,8,7,8,8,9,6,7,7,8,7,8,8,9,7,8,8,9,8,9,9,10
00001 0,5,6,0,10,0,0,0,5,0,0,0,0,0,0,0,6,11,10,0,11,0,0,0,10,0,0,0,0,0,0,0 0,6,11,0,11,0,0,0,11,0,0,0,0,0,0,0,6,12,12,0,12,0,0,0,12,0,0,0,0,0,0,0
00000 0,10,6,0,9,0,0,0,10,0,0,0,0,0,0,0,7,0,0,0,0,0,0,0,0,0,0,0,0,0,0,0 0,14,14,0,14,0,0,0,14,0,0,0,0,0,0,0,14,0,0,0,0,0,0,0,0,0,0,0,0,0,0,0
00000 0,4,8,0,7,0,0,0,6,0,0,0,0,0,0,0,5,0,0,0,0,0,0,0,0,0,0,0,0,0,0,0 0,10,10,0,10,0,0,0,10,0,0,0,0,0,0,0,10,0,0,0,0,0,0,0,0,0,0,0,0,0,0,0
00000 0,2,4,0,1,0,0,0,1,0,0,0,0,0,0,0,3,0,0,0,0,0,0,0,0,0,0,0,0,0,0,0 0,8,8,0,8,0,0,0,8,0,0,0,0,0,0,0,8,0,0,0,0,0,0,0,0,0,0,0,0,0,0,0
01011 0,11,16,22,13,0,24,0,14,21,22,26,19,0,25,0,17,19,23,24,25,0,28,0,23,24,27,27,27,0,29,0 0,15,14,16,15,0,16,0,14,16,15,17,16,0,17,0,14,16,15,17,16,0,17,0,15,17,16,18,17,0,18,0
11111 0,18,16,26,22,29,30,33,19,27,23,29,30,32,32,33,17,24,26,30,29,31,32,33,27,31,29,32,32,33,32,33 0,16,16,17,16,17,17,18,16,17,17,18,17,18,18,19,16,17,17,18,17,18,18,19,17,18,18,19,18,19,19,20
01010 0,18,26,32,19,0,31,0,21,31,38,41,34,0,40,0,22,0,35,0,0,0,0,0,30,0,39,0,0,0,0,0 0,26,21,27,26,0,27,0,21,27,22,28,27,0,28,0,26,0,27,0,0,0,0,0,27,0,28,0,0,0,0,0
00000 0,10,8,0,9,0,0,0,11,0,0,0,0,0,0,0,8,0,0,0,0,0,0,0,0,0,0,0,0,0,0,0 0,18,18,0,18,0,0,0,18,0,0,0,0,0,0,0,18,0,0,0,0,0,0,0,0,0,0,0,0,0,0,0
00000 0,5,5,0,4,0,0,0,2,0,0,0,0,0,0,0,4,0,0,0,0,0,0,0,0,0,0,0,0,0,0,0 0,6,6,0,6,0,0,0,6,0,0,0,0,0,0,0,6,0,0,0,0,0,0,0,0,0,0,0,0,0,0,0
00000 0,3,5,0,2,0,0,0,4,0,0,0,0,0,0,0,4,0,0,0,0,0,0,0,0,0,0,0,0,0,0,0 0,20,20,0,20,0,0,0,20,0,0,0,0,0,0,0,20,0,0,0,0,0,0,0,0,0,0,0,0,0,0,0
11111 0,16,17,23,17,26,27,31,18,25,27,28,26,30,31,32,22,28,27,31,27,30,30,32,28,29,32,32,30,30,32,32 0,16,16,17,16,17,17,18,16,17,17,18,17,18,18,19,16,17,17,18,17,18,18,19,17,18,18,19,18,19,19,20
00010 0,14,6,0,16,0,0,0,15,23,18,0,22,0,0,0,17,0,0,0,0,0,0,0,22,0,0,0,0,0,0,0 0,19,19,0,19,0,0,0,10,20,20,0,20,0,0,0,19,0,0,0,0,0,0,0,20,0,0,0,0,0,0,0
01000 0,14,15,22,13,0,24,0,21,0,24,0,0,0,0,0,16,0,24,0,0,0,0,0,0,0,0,0,0,0,0,0 0,17,12,18,17,0,18,0,17,0,18,0,0,0,0,0,17,0,18,0,0,0,0,0,0,0,0,0,0,0,0,0
00010 0,19,15,0,14,0,0,0,17,23,22,0,22,0,0,0,18,0,0,0,0,0,0,0,23,0,0,0,0,0,0,0 0,23,23,0,23,0,0,0,14,24,24,0,24,0,0,0,23,0,0,0,0,0,0,0,24,0,0,0,0,0,0,0
11111 0,9,7,11,11,13,13,14,9,14,14,16,16,17,17,18,7,13,12,14,14,16,15,16,12,15,15,16,17,18,17,18 0,6,6,7,6,7,7,8,6,7,7,8,7,8,8,9,6,7,7,8,7,8,8,9,7,8,8,9,8,9,9,10
11111 0,19,21,30,22,32,31,37,20,31,30,36,30,36,36,40,24,33,35,39,32,36,37,40,32,37,38,41,36,38,40,42 0,6,6,7,6,7,7,8,6,7,7,8,7,8,8,9,6,7,7,8,7,8,8,9,7,8,8,9,8,9,9,10
01010 0,16,18,26,15,0,23,0,17,21,25,27,22,0,26,0,12,0,25,0,0,0,0,0,21,0,27,0,0,0,0,0 0,22,17,23,22,0,23,0,17,23,18,24,23,0,24,0,22,0,23,0,0,0,0,0,23,0,24,0,0,0,0,0
10000 0,21,14,26,17,28,0,0,22,29,0,0,0,0,0,0,16,27,0,0,0,0,0,0,0,0,0,0,0,0,0,0 0,16,25,26,25,26,0,0,25,26,0,0,0,0,0,0,25,26,0,0,0,0,0,0,0,0,0,0,0,0,0,0
00011 0,9,5,0,8,0,0,0,11,15,12,0,14,0,0,0,12,14,13,0,13,0,0,0,15,16,15,0,15,0,0,0 0,16,16,0,16,0,0,0,11,17,17,0,17,0,0,0,11,17,17,0,17,0,0,0,12,18,18,0,18,0,0,0
00000 0,12,10,0,8,0,0,0,13,0,0,0,0,0,0,0,9,0,0,0,0,0,0,0,0,0,0,0,0,0,0,0 0,20,20,0,20,0,0,0,20,0,0,0,0,0,0,0,20,0,0,0,0,0,0,0,0,0,0,0,0,0,0,0
00010 0,21,21,0,22,0,0,0,27,36,36,0,38,0,0,0,19,0,0,0,0,0,0,0,33,0,0,0,0,0,0,0 0,29,29,0,29,0,0,0,20,30,30,0,30,0,0,0,29,0,0,0,0,0,0,0,30,0,0,0,0,0,0,0
01011 0,21,24,32,22,0,35,0,23,32,31,36,34,0,39,0,24,35,34,38,33,0,38,0,33,38,37,40,38,0,40,0 0,23,18,24,23,0,24,0,18,24,19,25,24,0,25,0,18,24,19,25,24,0,25,0,19,25,20,26,25,0,26,0
00010 0,9,7,0,3,0,0,0,11,13,13,0,12,0,0,0,9,0,0,0,0,0,0,0,13,0,0,0,0,0,0,0 0,11,11,0,11,0,0,0,10,12,12,0,12,0,0,0,11,0,0,0,0,0,0,0,12,0,0,0,0,0,0,0
10000 0,8,5,9,5,9,0,0,4,8,0,0,0,0,0,0,7,9,0,0,0,0,0,0,0,0,0,0,0,0,0,0 0,8,9,10,9,10,0,0,9,10,0,0,0,0,0,0,9,10,0,0,0,0,0,0,0,0,0,0,0,0,0,0
00100 0,18,11,0,17,24,23,0,18,0,0,0,24,0,0,0,15,0,0,0,24,0,0,0,0,0,0,0,0,0,0,0 0,19,19,0,10,20,20,0,19,0,0,0,20,0,0,0,19,0,0,0,20,0,0,0,0,0,0,0,0,0,0,0
01100 0,13,14,20,15,23,24,27,13,0,20,0,19,0,26,0,6,0,16,0,19,0,25,0,0,0,0,0,0,0,0,0 0,18,13,19,13,19,14,20,18,0,19,0,19,0,20,0,18,0,19,0,19,0,20,0,0,0,0,0,0,0,0,0
00010 0,8,8,0,9,0,0,0,10,13,13,0,15,0,0,0,13,0,0,0,0,0,0,0,16,0,0,0,0,0,0,0 0,15,15,0,15,0,0,0,10,16,16,0,16,0,0,0,15,0,0,0,0,0,0,0,16,0,0,0,0,0,0,0
11000 0,21,19,30,14,29,25,33,22,31,28,34,0,0,0,0,17,30,29,35,0,0,0,0,0,0,0,0,0,0,0,0 0,19,19,20,24,25,25,26,24,25,25,26,0,0,0,0,24,25,25,26,0,0,0,0,0,0,0,0,0,0,0,0
01100 0,12,19,22,22,23,27,27,15,0,28,0,26,0,30,0,15,0,24,0,24,0,27,0,0,0,0,0,0,0,0,0 0,24,19,25,19,25,20,26,24,0,25,0,25,0,26,0,24,0,25,0,25,0,26,0,0,0,0,0,0,0,0,0
00000 0,12,11,0,8,0,0,0,11,0,0,0,0,0,0,0,7,0,0,0,0,0,0,0,0,0,0,0,0,0,0,0 0,14,14,0,14,0,0,0,14,0,0,0,0,0,0,0,14,0,0,0,0,0,0,0,0,0,0,0,0,0,0,0
11010 0,20,20,32,18,30,29,35,19,27,31,36,28,34,34,37,15,29,28,35,0,0,0,0,30,34,37,39,0,0,0,0 0,18,18,19,23,24,24,25,18,19,19,20,24,25,25,26,23,24,24,25,0,0,0,0,24,25,25,26,0,0,0,0
10000 0,21,19,28,14,24,0,0,15,30,0,0,0,0,0,0,16,28,0,0,0,0,0,0,0,0,0,0,0,0,0,0 0,20,29,30,29,30,0,0,29,30,0,0,0,0,0,0,29,30,0,0,0,0,0,0,0,0,0,0,0,0,0,0
00100 0,12,5,0,13,17,13,0,5,0,0,0,14,0,0,0,11,0,0,0,17,0,0,0,0,0,0,0,0,0,0,0 0,21,21,0,12,22,22,0,21,0,0,0,22,0,0,0,21,0,0,0,22,0,0,0,0,0,0,0,0,0,0,0
11111 0,16,16,23,19,25,23,27,15,22,22,26,23,26,26,28,14,23,21,26,24,27,25,27,23,27,25,28,27,28,27,28 0,8,8,9,8,9,9,10,8,9,9,10,9,10,10,11,8,9,9,10,9,10,10,11,9,10,10,11,10,11,11,12
10001 0,14,12,21,12,21,0,0,12,22,0,0,0,0,0,0,13,22,21,27,18,25,0,0,21,27,0,0,0,0,0,0 0,13,14,15,14,15,0,0,14,15,0,0,0,0,0,0,13,14,15,16,15,16,0,0,15,16,0,0,0,0,0,0
01010 0,8,12,15,8,0,15,0,12,15,16,18,16,0,18,0,8,0,16,0,0,0,0,0,14,0,17,0,0,0,0,0 0,16,11,17,16,0,17,0,11,17,12,18,17,0,18,0,16,0,17,0,0,0,0,0,17,0,18,0,0,0,0,0
00000 0,7,4,0,4,0,0,0,10,0,0,0,0,0,0,0,4,0,0,0,0,0,0,0,0,0,0,0,0,0,0,0 0,16,16,0,16,0,0,0,16,0,0,0,0,0,0,0,16,0,0,0,0,0,0,0,0,0,0,0,0,0,0,0
11111 0,23,15,27,26,33,30,36,17,30,25,32,29,34,32,36,23,30,28,32,32,34,34,36,27,32,30,34,32,34,34,36 0,14,14,15,14,15,15,16,14,15,15,16,15,16,16,17,14,15,15,16,15,16,16,17,15,16,16,17,16,17,17,18
00000 0,6,6,0,7,0,0,0,7,0,0,0,0,0,0,0,5,0,0,0,0,0,0,0,0,0,0,0,0,0,0,0 0,12,12,0,12,0,0,0,12,0,0,0,0,0,0,0,12,0,0,0,0,0,0,0,0,0,0,0,0,0,0,0
11111 0,17,10,20,13,22,17,23,15,21,19,23,21,24,21,24,11,21,15,22,19,24,21,24,20,24,22,25,23,25,23,25 0,8,8,9,8,9,9,10,8,9,9,10,9,10,10,11,8,9,9,10,9,10,10,11,9,10,10,11,10,11,11,12
10001 0,13,9,15,9,18,0,0,7,18,0,0,0,0,0,0,14,19,20,21,19,21,0,0,16,20,0,0,0,0,0,0 0,13,14,15,14,15,0,0,14,15,0,0,0,0,0,0,13,14,15,16,15,16,0,0,15,16,0,0,0,0,0,0
00000 0,3,2,0,4,0,0,0,5,0,0,0,0,0,0,0,4,0,0,0,0,0,0,0,0,0,0,0,0,0,0,0 0,10,10,0,10,0,0,0,10,0,0,0,0,0,0,0,10,0,0,0,0,0,0,0,0,0,0,0,0,0,0,0
01000 0,15,17,24,15,0,24,0,13,0,24,0,0,0,0,0,15,0,23,0,0,0,0,0,0,0,0,0,0,0,0,0 0,19,10,20,19,0,20,0,19,0,20,0,0,0,0,0,19,0,20,0,0,0,0,0,0,0,0,0,0,0,0,0
10110 0,17,9,18,12,23,19,24,13,21,18,22,17,23,21,24,8,20,0,0,17,24,0,0,17,24,0,0,19,24,0,0 0,12,13,14,12,13,14,15,12,13,14,15,13,14,15,16,13,14,0,0,14,15,0,0,14,15,0,0,15,16,0,0
00000 0,8,10,0,8,0,0,0,11,0,0,0,0,0,0,0,5,0,0,0,0,0,0,0,0,0,0,0,0,0,0,0 0,14,14,0,14,0,0,0,14,0,0,0,0,0,0,0,14,0,0,0,0,0,0,0,0,0,0,0,0,0,0,0
00011 0,21,11,0,17,0,0,0,23,32,27,0,31,0,0,0,25,31,32,0,31,0,0,0,32,35,34,0,36,0,0,0 0,24,24,0,24,0,0,0,19,25,25,0,25,0,0,0,19,25,25,0,25,0,0,0,20,26,26,0,26,0,0,0
00010 0,16,14,0,16,0,0,0,19,22,25,0,24,0,0,0,13,0,0,0,0,0,0,0,25,0,0,0,0,0,0,0 0,17,17,0,17,0,0,0,12,18,18,0,18,0,0,0,17,0,0,0,0,0,0,0,18,0,0,0,0,0,0,0
01101 0,20,22,35,20,31,30,38,18,0,32,0,30,0,37,0,21,30,34,40,34,38,40,42,32,0,40,0,40,0,43,0 0,25,20,26,20,26,21,27,25,0,26,0,26,0,27,0,20,26,21,27,21,27,22,28,26,0,27,0,27,0,28,0
01111 0,6,9,13,9,12,15,16,8,11,12,15,13,14,16,17,7,10,13,14,12,14,16,16,13,14,14,15,16,16,17,17 0,8,7,9,7,9,8,10,7,9,8,10,8,10,9,11,7,9,8,10,8,10,9,11,8,10,9,11,9,11,10,12
00000 0,7,6,0,3,0,0,0,3,0,0,0,0,0,0,0,1,0,0,0,0,0,0,0,0,0,0,0,0,0,0,0 0,18,18,0,18,0,0,0,18,0,0,0,0,0,0,0,18,0,0,0,0,0,0,0,0,0,0,0,0,0,0,0
00000 0,11,8,0,12,0,0,0,7,0,0,0,0,0,0,0,15,0,0,0,0,0,0,0,0,0,0,0,0,0,0,0 0,18,18,0,18,0,0,0,18,0,0,0,0,0,0,0,18,0,0,0,0,0,0,0,0,0,0,0,0,0,0,0
00000 0,5,2,0,4,0,0,0,1,0,0,0,0,0,0,0,5,0,0,0,0,0,0,0,0,0,0,0,0,0,0,0 0,12,12,0,12,0,0,0,12,0,0,0,0,0,0,0,12,0,0,0,0,0,0,0,0,0,0,0,0,0,0,0
10001 0,12,11,17,9,16,0,0,9,18,0,0,0,0,0,0,15,19,19,20,19,21,0,0,17,20,0,0,0,0,0,0 0,11,16,17,16,17,0,0,16,17,0,0,0,0,0,0,11,12,17,18,17,18,0,0,17,18,0,0,0,0,0,0
10000 0,15,10,18,9,20,0,0,12,18,0,0,0,0,0,0,14,18,0,0,0,0,0,0,0,0,0,0,0,0,0,0 0,14,19,20,19,20,0,0,19,20,0,0,0,0,0,0,19,20,0,0,0,0,0,0,0,0,0,0,0,0,0,0
00000 0,9,4,0,10,0,0,0,8,0,0,0,0,0,0,0,6,0,0,0,0,0,0,0,0,0,0,0,0,0,0,0 0,14,14,0,14,0,0,0,14,0,0,0,0,0,0,0,14,0,0,0,0,0,0,0,0,0,0,0,0,0,0,0
10001 0,15,10,21,11,17,0,0,12,18,0,0,0,0,0,0,13,20,16,21,18,20,0,0,17,20,0,0,0,0,0,0 0,13,18,19,18,19,0,0,18,19,0,0,0,0,0,0,13,14,19,20,19,20,0,0,19,20,0,0,0,0,0,0
11111 0,13,9,16,17,24,21,25,13,18,20,20,22,24,25,25,13,18,15,19,23,26,24,26,21,22,23,23,25,26,26,26 0,6,6,7,6,7,7,8,6,7,7,8,7,8,8,9,6,7,7,8,7,8,8,9,7,8,8,9,8,9,9,10
11111 0,23,15,31,20,31,27,35,19,31,29,37,31,37,36,40,15,30,24,34,28,36,32,38,27,35,33,38,36,40,38,41 0,10,10,11,10,11,11,12,10,11,11,12,11,12,12,13,10,11,11,12,11,12,12,13,11,12,12,13,12,13,13,14
11100 0,11,12,15,9,16,15,17,6,11,13,15,12,16,16,17,6,12,13,16,12,16,15,17,0,0,0,0,0,0,0,0 0,8,8,9,8,9,9,10,9,10,10,11,10,11,11,12,9,10,10,11,10,11,11,12,0,0,0,0,0,0,0,0
00010 0,21,17,0,22,0,0,0,23,34,30,0,32,0,0,0,17,0,0,0,0,0,0,0,31,0,0,0,0,0,0,0 0,25,25,0,25,0,0,0,16,26,26,0,26,0,0,0,25,0,0,0,0,0,0,0,26,0,0,0,0,0,0,0
11001 0,16,19,26,15,25,28,30,23,29,27,30,0,0,0,0,19,25,28,32,26,29,31,33,31,33,31,33,0,0,0,0 0,16,16,17,21,22,22,23,21,22,22,23,0,0,0,0,16,17,17,18,22,23,23,24,22,23,23,24,0,0,0,0
11111 0,17,19,25,16,26,26,30,17,25,28,31,24,29,30,32,19,26,28,31,22,29,29,32,26,30,32,33,27,31,32,33 0,10,10,11,10,11,11,12,10,11,11,12,11,12,12,13,10,11,11,12,11,12,12,13,11,12,12,13,12,13,13,14
11111 0,8,12,15,11,15,15,17,12,14,16,17,17,18,18,19,11,15,15,17,15,17,17,18,18,19,18,19,19,20,19,20 0,6,6,7,6,7,7,8,6,7,7,8,7,8,8,9,6,7,7,8,7,8,8,9,7,8,8,9,8,9,9,10
11001 0,24,22,32,20,34,33,40,18,33,28,37,0,0,0,0,24,37,34,40,27,38,36,41,32,39,35,41,0,0,0,0 0,18,18,19,23,24,24,25,23,24,24,25,0,0,0,0,18,19,19,20,24,25,25,26,24,25,25,26,0,0,0,0
00000 0,4,4,0,3,0,0,0,4,0,0,0,0,0,0,0,5,0,0,0,0,0,0,0,0,0,0,0,0,0,0,0 0,14,14,0,14,0,0,0,14,0,0,0,0,0,0,0,14,0,0,0,0,0,0,0,0,0,0,0,0,0,0,0
11111 0,27,24,32,22,35,34,39,18,31,29,34,31,37,36,39,15,31,31,35,28,36,38,40,25,35,34,37,33,38,38,40 0,12,12,13,12,13,13,14,12,13,13,14,13,14,14,15,12,13,13,14,13,14,14,15,13,14,14,15,14,15,15,16
11100 0,13,13,18,13,18,15,19,11,16,17,19,17,19,17,19,11,17,18,20,19,20,19,20,0,0,0,0,0,0,0,0 0,12,12,13,12,13,13,14,13,14,14,15,14,15,15,16,13,14,14,15,14,15,15,16,0,0,0,0,0,0,0,0
00000 0,4,3,0,3,0,0,0,3,0,0,0,0,0,0,0,2,0,0,0,0,0,0,0,0,0,0,0,0,0,0,0 0,12,12,0,12,0,0,0,12,0,0,0,0,0,0,0,12,0,0,0,0,0,0,0,0,0,0,0,0,0,0,0
00000 0,7,5,0,8,0,0,0,4,0,0,0,0,0,0,0,9,0,0,0,0,0,0,0,0,0,0,0,0,0,0,0 0,12,12,0,12,0,0,0,12,0,0,0,0,0,0,0,12,0,0,0,0,0,0,0,0,0,0,0,0,0,0,0
11000 0,23,26,38,22,34,36,42,16,31,32,39,0,0,0,0,26,36,35,41,0,0,0,0,0,0,0,0,0,0,0,0 0,23,23,24,32,33,33,34,32,33,33,34,0,0,0,0,32,33,33,34,0,0,0,0,0,0,0,0,0,0,0,0
10000 0,18,13,21,13,20,0,0,9,20,0,0,0,0,0,0,12,20,0,0,0,0,0,0,0,0,0,0,0,0,0,0 0,14,23,24,23,24,0,0,23,24,0,0,0,0,0,0,23,24,0,0,0,0,0,0,0,0,0,0,0,0,0,0
00000 0,9,6,0,8,0,0,0,6,0,0,0,0,0,0,0,7,0,0,0,0,0,0,0,0,0,0,0,0,0,0,0 0,20,20,0,20,0,0,0,20,0,0,0,0,0,0,0,20,0,0,0,0,0,0,0,0,0,0,0,0,0,0,0
11101 0,24,23,34,22,34,33,39,22,37,36,41,30,39,39,42,21,35,33,40,30,38,37,41,33,42,42,44,37,42,43,44 0,21,21,22,21,22,22,23,26,27,27,28,27,28,28,29,21,22,22,23,22,23,23,24,27,28,28,29,28,29,29,30
00001 0,15,16,0,18,0,0,0,20,0,0,0,0,0,0,0,21,27,28,0,30,0,0,0,31,0,0,0,0,0,0,0 0,23,23,0,23,0,0,0,23,0,0,0,0,0,0,0,14,24,24,0,24,0,0,0,24,0,0,0,0,0,0,0
00000 0,4,4,0,5,0,0,0,4,0,0,0,0,0,0,0,3,0,0,0,0,0,0,0,0,0,0,0,0,0,0,0 0,8,8,0,8,0,0,0,8,0,0,0,0,0,0,0,8,0,0,0,0,0,0,0,0,0,0,0,0,0,0,0
00000 0,9,8,0,11,0,0,0,6,0,0,0,0,0,0,0,11,0,0,0,0,0,0,0,0,0,0,0,0,0,0,0 0,14,14,0,14,0,0,0,14,0,0,0,0,0,0,0,14,0,0,0,0,0,0,0,0,0,0,0,0,0,0,0
00000 0,3,4,0,2,0,0,0,2,0,0,0,0,0,0,0,2,0,0,0,0,0,0,0,0,0,0,0,0,0,0,0 0,12,12,0,12,0,0,0,12,0,0,0,0,0,0,0,12,0,0,0,0,0,0,0,0,0,0,0,0,0,0,0
00000 0,9,6,0,5,0,0,0,2,0,0,0,0,0,0,0,10,0,0,0,0,0,0,0,0,0,0,0,0,0,0,0 0,18,18,0,18,0,0,0,18,0,0,0,0,0,0,0,18,0,0,0,0,0,0,0,0,0,0,0,0,0,0,0
01000 0,7,11,13,8,0,13,0,6,0,13,0,0,0,0,0,6,0,13,0,0,0,0,0,0,0,0,0,0,0,0,0 0,9,8,10,9,0,10,0,9,0,10,0,0,0,0,0,9,0,10,0,0,0,0,0,0,0,0,0,0,0,0,0
00000 0,13,10,0,10,0,0,0,13,0,0,0,0,0,0,0,13,0,0,0,0,0,0,0,0,0,0,0,0,0,0,0 0,16,16,0,16,0,0,0,16,0,0,0,0,0,0,0,16,0,0,0,0,0,0,0,0,0,0,0,0,0,0,0
11110 0,9,9,15,10,15,15,17,17,21,17,21,19,21,19,21,11,14,14,16,16,18,17,18,20,21,20,21,20,21,20,21 0,9,9,10,9,10,10,11,9,10,10,11,10,11,11,12,10,11,11,12,11,12,12,13,11,12,12,13,12,13,13,14
00000 0,16,17,0,15,0,0,0,13,0,0,0,0,0,0,0,16,0,0,0,0,0,0,0,0,0,0,0,0,0,0,0 0,20,20,0,20,0,0,0,20,0,0,0,0,0,0,0,20,0,0,0,0,0,0,0,0,0,0,0,0,0,0,0
00000 0,9,6,0,6,0,0,0,9,0,0,0,0,0,0,0,8,0,0,0,0,0,0,0,0,0,0,0,0,0,0,0 0,10,10,0,10,0,0,0,10,0,0,0,0,0,0,0,10,0,0,0,0,0,0,0,0,0,0,0,0,0,0,0
00000 0,3,4,0,4,0,0,0,2,0,0,0,0,0,0,0,3,0,0,0,0,0,0,0,0,0,0,0,0,0,0,0 0,12,12,0,12,0,0,0,12,0,0,0,0,0,0,0,12,0,0,0,0,0,0,0,0,0,0,0,0,0,0,0
00000 0,5,3,0,5,0,0,0,4,0,0,0,0,0,0,0,4,0,0,0,0,0,0,0,0,0,0,0,0,0,0,0 0,12,12,0,12,0,0,0,12,0,0,0,0,0,0,0,12,0,0,0,0,0,0,0,0,0,0,0,0,0,0,0
11111 0,20,17,24,17,24,24,26,19,27,24,28,24,28,26,28,12,23,20,26,24,27,26,28,24,28,26,29,27,29,27,29 0,12,12,13,12,13,13,14,12,13,13,14,13,14,14,15,12,13,13,14,13,14,14,15,13,14,14,15,14,15,15,16
00000 0,6,3,0,3,0,0,0,4,0,0,0,0,0,0,0,1,0,0,0,0,0,0,0,0,0,0,0,0,0,0,0 0,20,20,0,20,0,0,0,20,0,0,0,0,0,0,0,20,0,0,0,0,0,0,0,0,0,0,0,0,0,0,0
10000 0,15,18,24,14,24,0,0,15,26,0,0,0,0,0,0,10,24,0,0,0,0,0,0,0,0,0,0,0,0,0,0 0,10,19,20,19,20,0,0,19,20,0,0,0,0,0,0,19,20,0,0,0,0,0,0,0,0,0,0,0,0,0,0
00100 0,13,9,0,17,22,18,0,9,0,0,0,19,0,0,0,12,0,0,0,22,0,0,0,0,0,0,0,0,0,0,0 0,23,23,0,14,24,24,0,23,0,0,0,24,0,0,0,23,0,0,0,24,0,0,0,0,0,0,0,0,0,0,0
11111 0,15,20,26,21,26,28,30,15,24,26,30,26,28,30,31,13,23,27,30,23,27,30,31,20,26,29,31,27,29,31,32 0,6,6,7,6,7,7,8,6,7,7,8,7,8,8,9,6,7,7,8,7,8,8,9,7,8,8,9,8,9,9,10
11111 0,19,26,33,24,32,37,39,20,28,31,35,33,37,39,40,16,30,30,37,31,35,37,39,31,37,34,38,38,40,39,40 0,14,14,15,14,15,15,16,14,15,15,16,15,16,16,17,14,15,15,16,15,16,16,17,15,16,16,17,16,17,17,18
11111 0,18,12,23,12,23,17,24,14,21,20,24,18,24,20,24,15,22,18,24,19,25,20,25,21,24,22,25,22,25,22,25 0,12,12,13,12,13,13,14,12,13,13,14,13,14,14,15,12,13,13,14,13,14,14,15,13,14,14,15,14,15,15,16
01010 0,11,14,19,12,0,20,0,15,20,22,24,19,0,23,0,10,0,15,0,0,0,0,0,21,0,23,0,0,0,0,0 0,18,13,19,18,0,19,0,13,19,14,20,19,0,20,0,18,0,19,0,0,0,0,0,19,0,20,0,0,0,0,0
00001 0,20,24,0,17,0,0,0,22,0,0,0,0,0,0,0,21,32,33,0,28,0,0,0,34,0,0,0,0,0,0,0 0,29,29,0,29,0,0,0,29,0,0,0,0,0,0,0,20,30,30,0,30,0,0,0,30,0,0,0,0,0,0,0
00000 0,3,3,0,3,0,0,0,2,0,0,0,0,0,0,0,2,0,0,0,0,0,0,0,0,0,0,0,0,0,0,0 0,16,16,0,16,0,0,0,16,0,0,0,0,0,0,0,16,0,0,0,0,0,0,0,0,0,0,0,0,0,0,0
01110 0,16,19,28,19,25,28,30,18,27,27,31,29,32,32,33,17,0,28,0,28,0,33,0,26,0,31,0,33,0,34,0 0,23,18,24,18,24,19,25,18,24,19,25,19,25,20,26,23,0,24,0,24,0,25,0,24,0,25,0,25,0,26,0
00110 0,9,6,0,13,17,15,0,14,18,17,0,19,20,20,0,11,0,0,0,18,0,0,0,18,0,0,0,20,0,0,0 0,16,16,0,11,17,17,0,11,17,17,0,12,18,18,0,16,0,0,0,17,0,0,0,17,0,0,0,18,0,0,0
00010 0,13,14,0,13,0,0,0,17,22,20,0,22,0,0,0,9,0,0,0,0,0,0,0,19,0,0,0,0,0,0,0 0,25,25,0,25,0,0,0,16,26,26,0,26,0,0,0,25,0,0,0,0,0,0,0,26,0,0,0,0,0,0,0
11110 0,14,13,19,21,24,24,25,13,19,18,22,24,25,24,25,10,18,18,21,24,25,25,25,19,21,23,24,25,25,25,25 0,11,11,12,11,12,12,13,11,12,12,13,12,13,13,14,12,13,13,14,13,14,14,15,13,14,14,15,14,15,15,16
10001 0,22,17,31,18,30,0,0,15,29,0,0,0,0,0,0,24,30,30,35,31,34,0,0,32,35,0,0,0,0,0,0 0,19,28,29,28,29,0,0,28,29,0,0,0,0,0,0,19,20,29,30,29,30,0,0,29,30,0,0,0,0,0,0
11101 0,27,24,37,24,38,33,40,20,37,32,42,36,43,39,43,27,39,37,42,37,42,40,42,36,43,41,44,42,44,44,44 0,21,21,22,21,22,22,23,26,27,27,28,27,28,28,29,21,22,22,23,22,23,23,24,27,28,28,29,28,29,29,30
10000 0,17,12,21,14,23,0,0,14,24,0,0,0,0,0,0,10,21,0,0,0,0,0,0,0,0,0,0,0,0,0,0 0,16,21,22,21,22,0,0,21,22,0,0,0,0,0,0,21,22,0,0,0,0,0,0,0,0,0,0,0,0,0,0
00000 0,8,8,0,8,0,0,0,9,0,0,0,0,0,0,0,8,0,0,0,0,0,0,0,0,0,0,0,0,0,0,0 0,14,14,0,14,0,0,0,14,0,0,0,0,0,0,0,14,0,0,0,0,0,0,0,0,0,0,0,0,0,0,0
00001 0,12,17,0,16,0,0,0,15,0,0,0,0,0,0,0,16,21,25,0,23,0,0,0,21,0,0,0,0,0,0,0 0,25,25,0,25,0,0,0,25,0,0,0,0,0,0,0,16,26,26,0,26,0,0,0,26,0,0,0,0,0,0,0
10000 0,23,12,28,13,29,0,0,20,29,0,0,0,0,0,0,20,30,0,0,0,0,0,0,0,0,0,0,0,0,0,0 0,16,21,22,21,22,0,0,21,22,0,0,0,0,0,0,21,22,0,0,0,0,0,0,0,0,0,0,0,0,0,0
00000 0,10,12,0,11,0,0,0,15,0,0,0,0,0,0,0,12,0,0,0,0,0,0,0,0,0,0,0,0,0,0,0 0,20,20,0,20,0,0,0,20,0,0,0,0,0,0,0,20,0,0,0,0,0,0,0,0,0,0,0,0,0,0,0
10101 0,18,15,24,22,27,28,31,17,26,0,0,30,33,0,0,24,30,27,31,30,31,31,32,32,34,0,0,35,35,0,0 0,18,23,24,18,19,24,25,23,24,0,0,24,25,0,0,18,19,24,25,19,20,25,26,24,25,0,0,25,26,0,0
11100 0,14,15,21,21,26,25,28,12,22,23,27,26,29,29,31,16,25,23,28,24,28,27,29,0,0,0,0,0,0,0,0 0,14,14,15,14,15,15,16,15,16,16,17,16,17,17,18,15,16,16,17,16,17,17,18,0,0,0,0,0,0,0,0
01010 0,9,13,16,12,0,17,0,13,16,16,18,16,0,17,0,12,0,15,0,0,0,0,0,15,0,16,0,0,0,0,0 0,18,13,19,18,0,19,0,13,19,14,20,19,0,20,0,18,0,19,0,0,0,0,0,19,0,20,0,0,0,0,0
01000 0,11,13,16,6,0,15,0,8,0,18,0,0,0,0,0,11,0,16,0,0,0,0,0,0,0,0,0,0,0,0,0 0,15,10,16,15,0,16,0,15,0,16,0,0,0,0,0,15,0,16,0,0,0,0,0,0,0,0,0,0,0,0,0
01100 0,6,11,14,11,13,16,17,8,0,14,0,14,0,17,0,10,0,14,0,14,0,16,0,0,0,0,0,0,0,0,0 0,16,11,17,11,17,12,18,16,0,17,0,17,0,18,0,16,0,17,0,17,0,18,0,0,0,0,0,0,0,0,0
01110 0,13,16,22,17,24,23,26,14,20,21,24,21,25,24,26,13,0,22,0,21,0,24,0,19,0,25,0,23,0,25,0 0,15,14,16,14,16,15,17,14,16,15,17,15,17,16,18,15,0,16,0,16,0,17,0,16,0,17,0,17,0,18,0
00110 0,8,8,0,9,15,14,0,10,16,11,0,15,19,16,0,5,0,0,0,12,0,0,0,13,0,0,0,16,0,0,0 0,10,10,0,9,11,11,0,9,11,11,0,10,12,12,0,10,0,0,0,11,0,0,0,11,0,0,0,12,0,0,0
00000 0,4,4,0,8,0,0,0,8,0,0,0,0,0,0,0,5,0,0,0,0,0,0,0,0,0,0,0,0,0,0,0 0,16,16,0,16,0,0,0,16,0,0,0,0,0,0,0,16,0,0,0,0,0,0,0,0,0,0,0,0,0,0,0
11001 0,22,24,32,23,30,32,34,22,30,33,36,0,0,0,0,22,33,34,38,33,38,37,39,32,36,38,39,0,0,0,0 0,22,22,23,27,28,28,29,27,28,28,29,0,0,0,0,22,23,23,24,28,29,29,30,28,29,29,30,0,0,0,0
00000 0,13,11,0,10,0,0,0,13,0,0,0,0,0,0,0,10,0,0,0,0,0,0,0,0,0,0,0,0,0,0,0 0,16,16,0,16,0,0,0,16,0,0,0,0,0,0,0,16,0,0,0,0,0,0,0,0,0,0,0,0,0,0,0
00000 0,2,1,0,4,0,0,0,0,0,0,0,0,0,0,0,4,0,0,0,0,0,0,0,0,0,0,0,0,0,0,0 0,12,12,0,12,0,0,0,0,0,0,0,0,0,0,0,12,0,0,0,0,0,0,0,0,0,0,0,0,0,0,0
11011 0,6,8,10,5,9,10,11,7,10,9,11,10,12,11,12,5,9,11,12,7,10,11,12,11,12,12,13,12,13,12,13 0,5,5,6,6,7,7,8,5,6,6,7,7,8,8,9,5,6,6,7,7,8,8,9,6,7,7,8,8,9,9,10
11111 0,22,27,35,23,33,37,40,25,35,37,40,33,39,40,42,16,29,32,36,30,36,39,40,33,40,39,41,37,41,41,42 0,10,10,11,10,11,11,12,10,11,11,12,11,12,12,13,10,11,11,12,11,12,12,13,11,12,12,13,12,13,13,14
01100 0,8,17,22,17,21,24,27,15,0,24,0,25,0,28,0,9,0,19,0,21,0,24,0,0,0,0,0,0,0,0,0 0,18,13,19,13,19,14,20,18,0,19,0,19,0,20,0,18,0,19,0,19,0,20,0,0,0,0,0,0,0,0,0
10000 0,12,9,16,11,16,0,0,11,14,0,0,0,0,0,0,10,15,0,0,0,0,0,0,0,0,0,0,0,0,0,0 0,8,13,14,13,14,0,0,13,14,0,0,0,0,0,0,13,14,0,0,0,0,0,0,0,0,0,0,0,0,0,0
01000 0,19,20,30,20,0,31,0,19,0,29,0,0,0,0,0,18,0,30,0,0,0,0,0,0,0,0,0,0,0,0,0 0,27,18,28,27,0,28,0,27,0,28,0,0,0,0,0,27,0,28,0,0,0,0,0,0,0,0,0,0,0,0,0
01000 0,22,20,27,14,0,27,0,17,0,28,0,0,0,0,0,17,0,28,0,0,0,0,0,0,0,0,0,0,0,0,0 0,29,20,30,29,0,30,0,29,0,30,0,0,0,0,0,29,0,30,0,0,0,0,0,0,0,0,0,0,0,0,0
00000 0,6,6,0,9,0,0,0,4,0,0,0,0,0,0,0,6,0,0,0,0,0,0,0,0,0,0,0,0,0,0,0 0,20,20,0,20,0,0,0,20,0,0,0,0,0,0,0,20,0,0,0,0,0,0,0,0,0,0,0,0,0,0,0
00000 0,12,13,0,15,0,0,0,13,0,0,0,0,0,0,0,13,0,0,0,0,0,0,0,0,0,0,0,0,0,0,0 0,16,16,0,16,0,0,0,16,0,0,0,0,0,0,0,16,0,0,0,0,0,0,0,0,0,0,0,0,0,0,0
00001 0,9,9,0,8,0,0,0,12,0,0,0,0,0,0,0,16,21,20,0,19,0,0,0,20,0,0,0,0,0,0,0 0,19,19,0,19,0,0,0,19,0,0,0,0,0,0,0,10,20,20,0,20,0,0,0,20,0,0,0,0,0,0,0
00000 0,10,11,0,11,0,0,0,11,0,0,0,0,0,0,0,4,0,0,0,0,0,0,0,0,0,0,0,0,0,0,0 0,20,20,0,20,0,0,0,20,0,0,0,0,0,0,0,20,0,0,0,0,0,0,0,0,0,0,0,0,0,0,0
11111 0,24,16,30,14,29,24,33,17,29,26,33,25,33,31,35,18,29,27,32,25,32,31,35,29,34,32,35,33,36,35,37 0,6,6,7,6,7,7,8,6,7,7,8,7,8,8,9,6,7,7,8,7,8,8,9,7,8,8,9,8,9,9,10
11111 0,10,14,20,12,18,20,24,18,21,22,24,21,24,24,26,10,16,19,23,17,22,22,26,21,24,24,26,22,25,25,27 0,8,8,9,8,9,9,10,8,9,9,10,9,10,10,11,8,9,9,10,9,10,10,11,9,10,10,11,10,11,11,12
10000 0,9,6,11,6,10,0,0,5,10,0,0,0,0,0,0,7,11,0,0,0,0,0,0,0,0,0,0,0,0,0,0 0,8,9,10,9,10,0,0,9,10,0,0,0,0,0,0,9,10,0,0,0,0,0,0,0,0,0,0,0,0,0,0
11111 0,22,19,31,24,31,31,35,19,29,30,35,31,35,35,37,22,32,32,37,32,35,37,38,31,36,38,39,35,37,39,39 0,10,10,11,10,11,11,12,10,11,11,12,11,12,12,13,10,11,11,12,11,12,12,13,11,12,12,13,12,13,13,14
00000 0,1,3,0,4,0,0,0,2,0,0,0,0,0,0,0,5,0,0,0,0,0,0,0,0,0,0,0,0,0,0,0 0,14,14,0,14,0,0,0,14,0,0,0,0,0,0,0,14,0,0,0,0,0,0,0,0,0,0,0,0,0,0,0
11111 0,16,17,26,16,23,26,30,16,25,21,27,23,28,26,30,17,25,27,31,27,30,33,34,27,31,30,32,31,33,33,34 0,8,8,9,8,9,9,10,8,9,9,10,9,10,10,11,8,9,9,10,9,10,10,11,9,10,10,11,10,11,11,12
01001 0,18,18,26,16,0,24,0,17,0,25,0,0,0,0,0,15,24,28,30,23,0,29,0,24,0,30,0,0,0,0,0 0,18,13,19,18,0,19,0,18,0,19,0,0,0,0,0,13,19,14,20,19,0,20,0,19,0,20,0,0,0,0,0
10010 0,24,21,34,14,30,0,0,26,35,32,38,30,37,0,0,23,35,0,0,0,0,0,0,36,40,0,0,0,0,0,0 0,23,32,33,32,33,0,0,23,24,33,34,33,34,0,0,32,33,0,0,0,0,0,0,33,34,0,0,0,0,0,0
11111 0,17,21,27,23,30,29,33,20,29,29,32,31,36,34,36,23,28,32,34,32,34,35,37,33,34,35,35,37,37,37,37 0,6,6,7,6,7,7,8,6,7,7,8,7,8,8,9,6,7,7,8,7,8,8,9,7,8,8,9,8,9,9,10
00000 0,9,7,0,8,0,0,0,6,0,0,0,0,0,0,0,7,0,0,0,0,0,0,0,0,0,0,0,0,0,0,0 0,12,12,0,12,0,0,0,12,0,0,0,0,0,0,0,12,0,0,0,0,0,0,0,0,0,0,0,0,0,0,0
00010 0,21,16,0,18,0,0,0,19,29,29,0,32,0,0,0,19,0,0,0,0,0,0,0,29,0,0,0,0,0,0,0 0,25,25,0,25,0,0,0,16,26,26,0,26,0,0,0,25,0,0,0,0,0,0,0,26,0,0,0,0,0,0,0
00001 0,13,10,0,10,0,0,0,11,0,0,0,0,0,0,0,18,20,21,0,19,0,0,0,21,0,0,0,0,0,0,0 0,21,21,0,21,0,0,0,21,0,0,0,0,0,0,0,12,22,22,0,22,0,0,0,22,0,0,0,0,0,0,0
00000 0,11,8,0,9,0,0,0,6,0,0,0,0,0,0,0,9,0,0,0,0,0,0,0,0,0,0,0,0,0,0,0 0,14,14,0,14,0,0,0,14,0,0,0,0,0,0,0,14,0,0,0,0,0,0,0,0,0,0,0,0,0,0,0
00110 0,10,9,0,13,17,16,0,15,18,20,0,19,21,21,0,11,0,0,0,19,0,0,0,21,0,0,0,24,0,0,0 0,18,18,0,13,19,19,0,13,19,19,0,14,20,20,0,18,0,0,0,19,0,0,0,19,0,0,0,20,0,0,0
00000 0,8,12,0,14,0,0,0,16,0,0,0,0,0,0,0,14,0,0,0,0,0,0,0,0,0,0,0,0,0,0,0 0,20,20,0,20,0,0,0,20,0,0,0,0,0,0,0,20,0,0,0,0,0,0,0,0,0,0,0,0,0,0,0
00000 0,7,5,0,5,0,0,0,8,0,0,0,0,0,0,0,7,0,0,0,0,0,0,0,0,0,0,0,0,0,0,0 0,10,10,0,10,0,0,0,10,0,0,0,0,0,0,0,10,0,0,0,0,0,0,0,0,0,0,0,0,0,0,0
00000 0,10,6,0,6,0,0,0,5,0,0,0,0,0,0,0,8,0,0,0,0,0,0,0,0,0,0,0,0,0,0,0 0,12,12,0,12,0,0,0,12,0,0,0,0,0,0,0,12,0,0,0,0,0,0,0,0,0,0,0,0,0,0,0
00011 0,10,11,0,10,0,0,0,11,16,19,0,18,0,0,0,15,18,18,0,18,0,0,0,20,21,22,0,22,0,0,0 0,12,12,0,12,0,0,0,11,13,13,0,13,0,0,0,11,13,13,0,13,0,0,0,12,14,14,0,14,0,0,0
00000 0,5,1,0,7,0,0,0,5,0,0,0,0,0,0,0,5,0,0,0,0,0,0,0,0,0,0,0,0,0,0,0 0,12,12,0,12,0,0,0,12,0,0,0,0,0,0,0,12,0,0,0,0,0,0,0,0,0,0,0,0,0,0,0
00100 0,11,12,0,14,20,18,0,11,0,0,0,20,0,0,0,12,0,0,0,19,0,0,0,0,0,0,0,0,0,0,0 0,21,21,0,12,22,22,0,21,0,0,0,22,0,0,0,21,0,0,0,22,0,0,0,0,0,0,0,0,0,0,0
00000 0,10,11,0,10,0,0,0,9,0,0,0,0,0,0,0,6,0,0,0,0,0,0,0,0,0,0,0,0,0,0,0 0,16,16,0,16,0,0,0,16,0,0,0,0,0,0,0,16,0,0,0,0,0,0,0,0,0,0,0,0,0,0,0
00001 0,23,22,0,19,0,0,0,18,0,0,0,0,0,0,0,23,33,31,0,32,0,0,0,32,0,0,0,0,0,0,0 0,25,25,0,25,0,0,0,25,0,0,0,0,0,0,0,16,26,26,0,26,0,0,0,26,0,0,0,0,0,0,0
00000 0,4,5,0,1,0,0,0,6,0,0,0,0,0,0,0,6,0,0,0,0,0,0,0,0,0,0,0,0,0,0,0 0,10,10,0,10,0,0,0,10,0,0,0,0,0,0,0,10,0,0,0,0,0,0,0,0,0,0,0,0,0,0,0
00000 0,3,3,0,4,0,0,0,5,0,0,0,0,0,0,0,1,0,0,0,0,0,0,0,0,0,0,0,0,0,0,0 0,16,16,0,16,0,0,0,16,0,0,0,0,0,0,0,16,0,0,0,0,0,0,0,0,0,0,0,0,0,0,0
11111 0,17,21,31,21,28,27,32,24,30,31,35,32,34,35,36,18,24,29,32,27,30,31,33,32,34,35,35,34,35,36,36 0,16,16,17,16,17,17,18,16,17,17,18,17,18,18,19,16,17,17,18,17,18,18,19,17,18,18,19,18,19,19,20
10000 0,12,8,15,8,13,0,0,8,14,0,0,0,0,0,0,5,14,0,0,0,0,0,0,0,0,0,0,0,0,0,0 0,10,15,16,15,16,0,0,15,16,0,0,0,0,0,0,15,16,0,0,0,0,0,0,0,0,0,0,0,0,0,0
01100 0,10,19,21,16,21,24,26,11,0,23,0,20,0,25,0,15,0,24,0,23,0,26,0,0,0,0,0,0,0,0,0 0,18,13,19,13,19,14,20,18,0,19,0,19,0,20,0,18,0,19,0,19,0,20,0,0,0,0,0,0,0,0,0
00000 0,8,11,0,13,0,0,0,9,0,0,0,0,0,0,0,12,0,0,0,0,0,0,0,0,0,0,0,0,0,0,0 0,20,20,0,20,0,0,0,20,0,0,0,0,0,0,0,20,0,0,0,0,0,0,0,0,0,0,0,0,0,0,0
11111 0,15,17,21,19,24,25,27,14,24,23,26,24,27,26,28,14,22,22,26,23,27,26,28,21,26,24,27,26,28,26,28 0,12,12,13,12,13,13,14,12,13,13,14,13,14,14,15,12,13,13,14,13,14,14,15,13,14,14,15,14,15,15,16
11000 0,23,19,31,18,30,28,35,19,33,29,36,0,0,0,0,18,30,28,35,0,0,0,0,0,0,0,0,0,0,0,0 0,19,19,20,24,25,25,26,24,25,25,26,0,0,0,0,24,25,25,26,0,0,0,0,0,0,0,0,0,0,0,0
01000 0,20,22,31,21,0,29,0,16,0,27,0,0,0,0,0,19,0,33,0,0,0,0,0,0,0,0,0,0,0,0,0 0,29,20,30,29,0,30,0,29,0,30,0,0,0,0,0,29,0,30,0,0,0,0,0,0,0,0,0,0,0,0,0
11111 0,13,13,18,16,19,23,23,16,20,22,23,23,23,26,26,12,20,18,22,20,22,24,24,23,26,26,27,26,26,27,27 0,6,6,7,6,7,7,8,6,7,7,8,7,8,8,9,6,7,7,8,7,8,8,9,7,8,8,9,8,9,9,10
00000 0,6,2,0,9,0,0,0,7,0,0,0,0,0,0,0,4,0,0,0,0,0,0,0,0,0,0,0,0,0,0,0 0,12,12,0,12,0,0,0,12,0,0,0,0,0,0,0,12,0,0,0,0,0,0,0,0,0,0,0,0,0,0,0
10000 0,4,3,4,2,5,0,0,3,5,0,0,0,0,0,0,1,4,0,0,0,0,0,0,0,0,0,0,0,0,0,0 0,4,5,6,5,6,0,0,5,6,0,0,0,0,0,0,5,6,0,0,0,0,0,0,0,0,0,0,0,0,0,0
00001 0,11,17,0,18,0,0,0,21,0,0,0,0,0,0,0,22,27,24,0,27,0,0,0,30,0,0,0,0,0,0,0 0,25,25,0,25,0,0,0,25,0,0,0,0,0,0,0,16,26,26,0,26,0,0,0,26,0,0,0,0,0,0,0
00000 0,3,4,0,2,0,0,0,2,0,0,0,0,0,0,0,1,0,0,0,0,0,0,0,0,0,0,0,0,0,0,0 0,10,10,0,10,0,0,0,10,0,0,0,0,0,0,0,10,0,0,0,0,0,0,0,0,0,0,0,0,0,0,0
11111 0,16,17,24,21,28,27,31,26,32,33,34,34,36,36,37,16,26,26,30,30,33,32,34,31,35,34,35,36,37,36,37 0,6,6,7,6,7,7,8,6,7,7,8,7,8,8,9,6,7,7,8,7,8,8,9,7,8,8,9,8,9,9,10
00001 0,14,12,0,11,0,0,0,7,0,0,0,0,0,0,0,13,19,19,0,17,0,0,0,15,0,0,0,0,0,0,0 0,15,15,0,15,0,0,0,15,0,0,0,0,0,0,0,10,16,16,0,16,0,0,0,16,0,0,0,0,0,0,0
11111 0,23,25,34,22,34,31,38,22,34,34,38,36,40,38,41,21,29,31,35,34,37,36,38,33,37,38,39,41,41,41,41 0,16,16,17,16,17,17,18,16,17,17,18,17,18,18,19,16,17,17,18,17,18,18,19,17,18,18,19,18,19,19,20
11111 0,19,21,30,30,35,33,37,26,35,34,40,38,41,40,42,25,32,30,36,37,40,37,40,37,41,39,43,42,43,42,43 0,14,14,15,14,15,15,16,14,15,15,16,15,16,16,17,14,15,15,16,15,16,16,17,15,16,16,17,16,17,17,18
00000 0,4,9,0,7,0,0,0,12,0,0,0,0,0,0,0,9,0,0,0,0,0,0,0,0,0,0,0,0,0,0,0 0,18,18,0,18,0,0,0,18,0,0,0,0,0,0,0,18,0,0,0,0,0,0,0,0,0,0,0,0,0,0,0
00101 0,13,8,0,7,16,12,0,9,0,0,0,14,0,0,0,7,17,14,0,14,20,18,0,13,0,0,0,18,0,0,0 0,16,16,0,6,17,17,0,16,0,0,0,17,0,0,0,6,17,17,0,12,18,18,0,17,0,0,0,18,0,0,0
00001 0,13,16,0,15,0,0,0,16,0,0,0,0,0,0,0,18,22,26,0,24,0,0,0,25,0,0,0,0,0,0,0 0,21,21,0,21,0,0,0,21,0,0,0,0,0,0,0,16,22,22,0,22,0,0,0,22,0,0,0,0,0,0,0
11111 0,10,8,14,8,14,14,17,10,13,15,16,12,15,16,17,13,16,16,18,17,19,20,21,19,19,20,20,20,20,21,21 0,6,6,7,6,7,7,8,6,7,7,8,7,8,8,9,6,7,7,8,7,8,8,9,7,8,8,9,8,9,9,10
00000 0,5,5,0,5,0,0,0,7,0,0,0,0,0,0,0,5,0,0,0,0,0,0,0,0,0,0,0,0,0,0,0 0,10,10,0,10,0,0,0,10,0,0,0,0,0,0,0,10,0,0,0,0,0,0,0,0,0,0,0,0,0,0,0
00010 0,9,16,0,16,0,0,0,22,25,24,0,28,0,0,0,18,0,0,0,0,0,0,0,27,0,0,0,0,0,0,0 0,19,19,0,19,0,0,0,10,20,20,0,20,0,0,0,19,0,0,0,0,0,0,0,20,0,0,0,0,0,0,0
11101 0,11,8,13,9,13,13,14,5,13,11,15,12,14,14,15,8,13,11,15,13,14,14,15,9,13,12,15,13,14,14,15 0,7,7,8,7,8,8,9,8,9,9,10,9,10,10,11,7,8,8,9,8,9,9,10,9,10,10,11,10,11,11,12
00010 0,20,24,0,19,0,0,0,22,33,34,0,31,0,0,0,19,0,0,0,0,0,0,0,34,0,0,0,0,0,0,0 0,27,27,0,27,0,0,0,18,28,28,0,28,0,0,0,27,0,0,0,0,0,0,0,28,0,0,0,0,0,0,0
00000 0,7,4,0,7,0,0,0,5,0,0,0,0,0,0,0,7,0,0,0,0,0,0,0,0,0,0,0,0,0,0,0 0,20,20,0,20,0,0,0,20,0,0,0,0,0,0,0,20,0,0,0,0,0,0,0,0,0,0,0,0,0,0,0
11111 0,17,21,29,18,27,27,32,15,29,27,35,26,33,32,37,26,32,33,36,31,36,34,37,32,37,35,38,33,37,35,38 0,10,10,11,10,11,11,12,10,11,11,12,11,12,12,13,10,11,11,12,11,12,12,13,11,12,12,13,12,13,13,14
00000 0,3,3,0,3,0,0,0,1,0,0,0,0,0,0,0,2,0,0,0,0,0,0,0,0,0,0,0,0,0,0,0 0,10,10,0,10,0,0,0,10,0,0,0,0,0,0,0,10,0,0,0,0,0,0,0,0,0,0,0,0,0,0,0
11111 0,19,25,36,22,32,35,40,22,32,34,39,32,37,38,41,24,34,32,39,32,38,38,42,32,38,37,41,35,39,39,42 0,8,8,9,8,9,9,10,8,9,9,10,9,10,10,11,8,9,9,10,9,10,10,11,9,10,10,11,10,11,11,12
11111 0,17,18,24,16,22,24,27,15,23,25,27,24,25,28,28,12,21,22,25,20,24,25,27,21,25,28,28,25,26,28,28 0,8,8,9,8,9,9,10,8,9,9,10,9,10,10,11,8,9,9,10,9,10,10,11,9,10,10,11,10,11,11,12
00000 0,3,5,0,4,0,0,0,3,0,0,0,0,0,0,0,2,0,0,0,0,0,0,0,0,0,0,0,0,0,0,0 0,18,18,0,18,0,0,0,18,0,0,0,0,0,0,0,18,0,0,0,0,0,0,0,0,0,0,0,0,0,0,0
00001 0,11,13,0,16,0,0,0,8,0,0,0,0,0,0,0,13,20,20,0,23,0,0,0,18,0,0,0,0,0,0,0 0,19,19,0,19,0,0,0,19,0,0,0,0,0,0,0,10,20,20,0,20,0,0,0,20,0,0,0,0,0,0,0
00100 0,11,10,0,12,14,15,0,8,0,0,0,15,0,0,0,9,0,0,0,15,0,0,0,0,0,0,0,0,0,0,0 0,19,19,0,10,20,20,0,19,0,0,0,20,0,0,0,19,0,0,0,20,0,0,0,0,0,0,0,0,0,0,0
00000 0,0,4,0,3,0,0,0,4,0,0,0,0,0,0,0,4,0,0,0,0,0,0,0,0,0,0,0,0,0,0,0 0,0,10,0,10,0,0,0,10,0,0,0,0,0,0,0,10,0,0,0,0,0,0,0,0,0,0,0,0,0,0,0
00000 0,9,6,0,7,0,0,0,4,0,0,0,0,0,0,0,3,0,0,0,0,0,0,0,0,0,0,0,0,0,0,0 0,14,14,0,14,0,0,0,14,0,0,0,0,0,0,0,14,0,0,0,0,0,0,0,0,0,0,0,0,0,0,0
00000 0,5,7,0,6,0,0,0,4,0,0,0,0,0,0,0,5,0,0,0,0,0,0,0,0,0,0,0,0,0,0,0 0,12,12,0,12,0,0,0,12,0,0,0,0,0,0,0,12,0,0,0,0,0,0,0,0,0,0,0,0,0,0,0
00111 0,11,11,0,17,23,23,0,15,23,20,0,24,28,28,0,15,18,23,0,22,25,26,0,24,27,27,0,26,29,29,0 0,15,15,0,14,16,16,0,14,16,16,0,15,17,17,0,14,16,16,0,15,17,17,0,15,17,17,0,16,18,18,0
11111 0,16,21,27,16,24,28,31,16,22,27,29,22,27,30,32,22,30,27,32,26,30,30,32,29,31,32,33,30,31,32,33 0,8,8,9,8,9,9,10,8,9,9,10,9,10,10,11,8,9,9,10,9,10,10,11,9,10,10,11,10,11,11,12
00000 0,5,7,0,7,0,0,0,5,0,0,0,0,0,0,0,7,0,0,0,0,0,0,0,0,0,0,0,0,0,0,0 0,8,8,0,8,0,0,0,8,0,0,0,0,0,0,0,8,0,0,0,0,0,0,0,0,0,0,0,0,0,0,0
01011 0,7,10,13,5,0,12,0,8,12,14,15,10,0,15,0,9,11,16,16,12,0,17,0,12,14,16,16,13,0,17,0 0,9,8,10,9,0,10,0,8,10,9,11,10,0,11,0,8,10,9,11,10,0,11,0,9,11,10,12,11,0,12,0
11111 0,15,15,22,12,20,20,24,13,21,19,23,19,24,22,25,16,21,23,25,20,23,25,26,20,24,23,25,24,26,25,26 0,10,10,11,10,11,11,12,10,11,11,12,11,12,12,13,10,11,11,12,11,12,12,13,11,12,12,13,12,13,13,14
11111 0,18,16,24,18,24,23,27,16,23,22,26,24,25,26,27,14,22,21,25,25,27,27,28,23,27,25,27,28,28,28,28 0,14,14,15,14,15,15,16,14,15,15,16,15,16,16,17,14,15,15,16,15,16,16,17,15,16,16,17,16,17,17,18
01000 0,20,19,29,10,0,23,0,19,0,29,0,0,0,0,0,18,0,28,0,0,0,0,0,0,0,0,0,0,0,0,0 0,21,16,22,21,0,22,0,21,0,22,0,0,0,0,0,21,0,22,0,0,0,0,0,0,0,0,0,0,0,0,0
00000 0,6,7,0,5,0,0,0,5,0,0,0,0,0,0,0,7,0,0,0,0,0,0,0,0,0,0,0,0,0,0,0 0,10,10,0,10,0,0,0,10,0,0,0,0,0,0,0,10,0,0,0,0,0,0,0,0,0,0,0,0,0,0,0
00010 0,30,21,0,25,0,0,0,22,35,34,0,33,0,0,0,19,0,0,0,0,0,0,0,32,0,0,0,0,0,0,0 0,29,29,0,29,0,0,0,20,30,30,0,30,0,0,0,29,0,0,0,0,0,0,0,30,0,0,0,0,0,0,0
00100 0,25,25,0,25,37,38,0,29,0,0,0,38,0,0,0,17,0,0,0,34,0,0,0,0,0,0,0,0,0,0,0 0,29,29,0,20,30,30,0,29,0,0,0,30,0,0,0,29,0,0,0,30,0,0,0,0,0,0,0,0,0,0,0
00111 0,6,9,0,14,14,15,0,17,19,17,0,19,19,19,0,12,14,15,0,18,18,18,0,17,19,17,0,19,19,19,0 0,13,13,0,12,14,14,0,12,14,14,0,13,15,15,0,12,14,14,0,13,15,15,0,13,15,15,0,14,16,16,0
11111 0,10,11,15,8,13,13,16,13,18,17,19,14,18,17,19,12,15,16,17,15,17,17,18,17,19,18,19,17,19,18,19 0,6,6,7,6,7,7,8,6,7,7,8,7,8,8,9,6,7,7,8,7,8,8,9,7,8,8,9,8,9,9,10
11011 0,17,15,20,11,22,21,24,20,24,23,25,23,26,25,27,16,24,25,26,20,25,27,27,26,27,28,28,27,27,28,28 0,11,11,12,12,13,13,14,11,12,12,13,13,14,14,15,11,12,12,13,13,14,14,15,12,13,13,14,14,15,15,16
11000 0,20,14,23,15,24,20,25,10,21,20,24,0,0,0,0,14,22,22,24,0,0,0,0,0,0,0,0,0,0,0,0 0,11,11,12,16,17,17,18,16,17,17,18,0,0,0,0,16,17,17,18,0,0,0,0,0,0,0,0,0,0,0,0
10111 0,17,9,21,13,24,17,25,15,24,19,25,22,28,24,28,15,24,21,26,22,27,25,28,24,28,26,28,27,29,28,29 0,13,14,15,13,14,15,16,13,14,15,16,14,15,16,17,13,14,15,16,14,15,16,17,14,15,16,17,15,16,17,18
01001 0,8,11,15,9,0,16,0,11,0,15,0,0,0,0,0,11,16,17,20,16,0,19,0,18,0,20,0,0,0,0,0 0,12,11,13,12,0,13,0,12,0,13,0,0,0,0,0,11,13,12,14,13,0,14,0,13,0,14,0,0,0,0,0
00001 0,15,21,0,16,0,0,0,9,0,0,0,0,0,0,0,18,26,31,0,28,0,0,0,24,0,0,0,0,0,0,0 0,23,23,0,23,0,0,0,23,0,0,0,0,0,0,0,14,24,24,0,24,0,0,0,24,0,0,0,0,0,0,0
00001 0,13,14,0,18,0,0,0,13,0,0,0,0,0,0,0,17,23,24,0,29,0,0,0,24,0,0,0,0,0,0,0 0,21,21,0,21,0,0,0,21,0,0,0,0,0,0,0,16,22,22,0,22,0,0,0,22,0,0,0,0,0,0,0
00000 0,6,8,0,5,0,0,0,10,0,0,0,0,0,0,0,8,0,0,0,0,0,0,0,0,0,0,0,0,0,0,0 0,18,18,0,18,0,0,0,18,0,0,0,0,0,0,0,18,0,0,0,0,0,0,0,0,0,0,0,0,0,0,0
11111 0,10,13,16,14,17,19,19,13,16,17,18,18,20,21,21,13,17,19,20,19,21,22,22,18,20,21,21,20,22,23,23 0,6,6,7,6,7,7,8,6,7,7,8,7,8,8,9,6,7,7,8,7,8,8,9,7,8,8,9,8,9,9,10
10000 0,20,18,28,17,26,0,0,14,27,0,0,0,0,0,0,16,26,0,0,0,0,0,0,0,0,0,0,0,0,0,0 0,14,19,20,19,20,0,0,19,20,0,0,0,0,0,0,19,20,0,0,0,0,0,0,0,0,0,0,0,0,0,0
01110 0,7,11,13,8,11,14,14,10,13,16,16,12,14,16,16,8,0,13,0,12,0,14,0,13,0,16,0,15,0,16,0 0,9,8,10,8,10,9,11,8,10,9,11,9,11,10,12,9,0,10,0,10,0,11,0,10,0,11,0,11,0,12,0
10001 0,22,23,32,19,32,0,0,13,28,0,0,0,0,0,0,21,32,33,36,31,38,0,0,28,36,0,0,0,0,0,0 0,19,28,29,28,29,0,0,28,29,0,0,0,0,0,0,19,20,29,30,29,30,0,0,29,30,0,0,0,0,0,0
00000 0,11,10,0,11,0,0,0,10,0,0,0,0,0,0,0,10,0,0,0,0,0,0,0,0,0,0,0,0,0,0,0 0,12,12,0,12,0,0,0,12,0,0,0,0,0,0,0,12,0,0,0,0,0,0,0,0,0,0,0,0,0,0,0
00000 0,10,13,0,10,0,0,0,12,0,0,0,0,0,0,0,8,0,0,0,0,0,0,0,0,0,0,0,0,0,0,0 0,16,16,0,16,0,0,0,16,0,0,0,0,0,0,0,16,0,0,0,0,0,0,0,0,0,0,0,0,0,0,0
00000 0,5,5,0,5,0,0,0,6,0,0,0,0,0,0,0,4,0,0,0,0,0,0,0,0,0,0,0,0,0,0,0 0,8,8,0,8,0,0,0,8,0,0,0,0,0,0,0,8,0,0,0,0,0,0,0,0,0,0,0,0,0,0,0
10000 0,17,10,20,14,21,0,0,13,22,0,0,0,0,0,0,15,22,0,0,0,0,0,0,0,0,0,0,0,0,0,0 0,14,23,24,23,24,0,0,23,24,0,0,0,0,0,0,23,24,0,0,0,0,0,0,0,0,0,0,0,0,0,0
00110 0,16,17,0,20,28,27,0,18,28,27,0,28,33,32,0,16,0,0,0,26,0,0,0,25,0,0,0,32,0,0,0 0,22,22,0,17,23,23,0,17,23,23,0,18,24,24,0,22,0,0,0,23,0,0,0,23,0,0,0,24,0,0,0
00000 0,9,9,0,9,0,0,0,6,0,0,0,0,0,0,0,7,0,0,0,0,0,0,0,0,0,0,0,0,0,0,0 0,12,12,0,12,0,0,0,12,0,0,0,0,0,0,0,12,0,0,0,0,0,0,0,0,0,0,0,0,0,0,0
00000 0,6,6,0,7,0,0,0,6,0,0,0,0,0,0,0,7,0,0,0,0,0,0,0,0,0,0,0,0,0,0,0 0,8,8,0,8,0,0,0,8,0,0,0,0,0,0,0,8,0,0,0,0,0,0,0,0,0,0,0,0,0,0,0
00000 0,3,4,0,4,0,0,0,5,0,0,0,0,0,0,0,2,0,0,0,0,0,0,0,0,0,0,0,0,0,0,0 0,12,12,0,12,0,0,0,12,0,0,0,0,0,0,0,12,0,0,0,0,0,0,0,0,0,0,0,0,0,0,0
01101 0,20,22,28,23,30,32,35,15,0,26,0,29,0,34,0,21,29,31,33,31,32,35,35,28,0,33,0,33,0,36,0 0,23,18,24,18,24,19,25,23,0,24,0,24,0,25,0,18,24,19,25,19,25,20,26,24,0,25,0,25,0,26,0
10100 0,17,18,27,16,26,26,31,13,23,0,0,22,28,0,0,11,23,0,0,21,28,0,0,0,0,0,0,0,0,0,0 0,15,20,21,15,16,21,22,20,21,0,0,21,22,0,0,20,21,0,0,21,22,0,0,0,0,0,0,0,0,0,0
00100 0,20,16,0,22,32,28,0,20,0,0,0,29,0,0,0,16,0,0,0,28,0,0,0,0,0,0,0,0,0,0,0 0,23,23,0,14,24,24,0,23,0,0,0,24,0,0,0,23,0,0,0,24,0,0,0,0,0,0,0,0,0,0,0
11111 0,18,15,23,20,26,24,26,19,27,22,28,24,28,26,28,10,22,20,25,24,28,27,28,23,28,24,28,26,28,27,28 0,8,8,9,8,9,9,10,8,9,9,10,9,10,10,11,8,9,9,10,9,10,10,11,9,10,10,11,10,11,11,12
11101 0,9,6,11,9,13,13,14,5,11,9,12,10,13,13,14,11,14,13,15,14,15,16,16,12,14,14,15,14,15,16,16 0,5,5,6,5,6,6,7,6,7,7,8,7,8,8,9,5,6,6,7,6,7,7,8,7,8,8,9,8,9,9,10
00010 0,22,23,0,24,0,0,0,20,34,33,0,32,0,0,0,14,0,0,0,0,0,0,0,27,0,0,0,0,0,0,0 0,29,29,0,29,0,0,0,20,30,30,0,30,0,0,0,29,0,0,0,0,0,0,0,30,0,0,0,0,0,0,0
00010 0,17,21,0,24,0,0,0,21,30,33,0,33,0,0,0,16,0,0,0,0,0,0,0,30,0,0,0,0,0,0,0 0,29,29,0,29,0,0,0,20,30,30,0,30,0,0,0,29,0,0,0,0,0,0,0,30,0,0,0,0,0,0,0
11111 0,13,14,22,17,21,20,24,10,19,18,24,22,24,24,26,17,25,22,27,24,26,25,27,22,27,25,28,27,27,28,28 0,6,6,7,6,7,7,8,6,7,7,8,7,8,8,9,6,7,7,8,7,8,8,9,7,8,8,9,8,9,9,10
10110 0,18,19,27,20,30,30,33,17,26,25,31,30,34,33,35,14,25,0,0,25,32,0,0,25,31,0,0,32,36,0,0 0,16,21,22,16,17,22,23,16,17,22,23,17,18,23,24,21,22,0,0,22,23,0,0,22,23,0,0,23,24,0,0
00000 0,9,10,0,13,0,0,0,12,0,0,0,0,0,0,0,9,0,0,0,0,0,0,0,0,0,0,0,0,0,0,0 0,14,14,0,14,0,0,0,14,0,0,0,0,0,0,0,14,0,0,0,0,0,0,0,0,0,0,0,0,0,0,0
00000 0,4,4,0,5,0,0,0,5,0,0,0,0,0,0,0,4,0,0,0,0,0,0,0,0,0,0,0,0,0,0,0 0,6,6,0,6,0,0,0,6,0,0,0,0,0,0,0,6,0,0,0,0,0,0,0,0,0,0,0,0,0,0,0
11111 0,22,21,31,22,27,31,33,12,26,29,34,26,29,33,34,16,27,30,34,28,30,33,34,18,28,31,34,29,31,33,34 0,10,10,11,10,11,11,12,10,11,11,12,11,12,12,13,10,11,11,12,11,12,12,13,11,12,12,13,12,13,13,14
00000 0,6,8,0,6,0,0,0,8,0,0,0,0,0,0,0,8,0,0,0,0,0,0,0,0,0,0,0,0,0,0,0 0,12,12,0,12,0,0,0,12,0,0,0,0,0,0,0,12,0,0,0,0,0,0,0,0,0,0,0,0,0,0,0
00000 0,5,5,0,0,0,0,0,4,0,0,0,0,0,0,0,6,0,0,0,0,0,0,0,0,0,0,0,0,0,0,0 0,10,10,0,0,0,0,0,10,0,0,0,0,0,0,0,10,0,0,0,0,0,0,0,0,0,0,0,0,0,0,0
11010 0,22,21,34,19,35,30,40,26,34,36,39,36,42,40,43,19,33,32,41,0,0,0,0,34,39,40,42,0,0,0,0 0,16,16,17,21,22,22,23,16,17,17,18,22,23,23,24,21,22,22,23,0,0,0,0,22,23,23,24,0,0,0,0
11100 0,20,24,30,16,28,33,35,17,26,31,33,25,31,36,36,22,31,32,35,31,35,36,36,0,0,0,0,0,0,0,0 0,16,16,17,16,17,17,18,21,22,22,23,22,23,23,24,21,22,22,23,22,23,23,24,0,0,0,0,0,0,0,0
10000 0,21,20,35,15,31,0,0,21,30,0,0,0,0,0,0,16,27,0,0,0,0,0,0,0,0,0,0,0,0,0,0 0,20,29,30,29,30,0,0,29,30,0,0,0,0,0,0,29,30,0,0,0,0,0,0,0,0,0,0,0,0,0,0
10000 0,8,10,13,8,12,0,0,8,12,0,0,0,0,0,0,6,11,0,0,0,0,0,0,0,0,0,0,0,0,0,0 0,8,9,10,9,10,0,0,9,10,0,0,0,0,0,0,9,10,0,0,0,0,0,0,0,0,0,0,0,0,0,0
00000 0,2,5,0,1,0,0,0,3,0,0,0,0,0,0,0,2,0,0,0,0,0,0,0,0,0,0,0,0,0,0,0 0,16,16,0,16,0,0,0,16,0,0,0,0,0,0,0,16,0,0,0,0,0,0,0,0,0,0,0,0,0,0,0
00000 0,6,9,0,7,0,0,0,7,0,0,0,0,0,0,0,6,0,0,0,0,0,0,0,0,0,0,0,0,0,0,0 0,10,10,0,10,0,0,0,10,0,0,0,0,0,0,0,10,0,0,0,0,0,0,0,0,0,0,0,0,0,0,0
00100 0,10,12,0,17,20,22,0,11,0,0,0,24,0,0,0,11,0,0,0,23,0,0,0,0,0,0,0,0,0,0,0 0,21,21,0,16,22,22,0,21,0,0,0,22,0,0,0,21,0,0,0,22,0,0,0,0,0,0,0,0,0,0,0
11111 0,26,18,35,27,36,34,40,22,34,30,39,40,42,41,43,23,34,29,39,35,39,38,41,33,39,36,42,42,42,43,43 0,16,16,17,16,17,17,18,16,17,17,18,17,18,18,19,16,17,17,18,17,18,18,19,17,18,18,19,18,19,19,20
11111 0,9,9,15,5,11,12,16,10,15,15,18,15,17,18,19,10,15,15,18,13,16,16,18,16,18,18,19,19,19,19,19 0,6,6,7,5,7,7,8,5,7,7,8,7,8,8,9,6,7,7,8,7,8,8,9,7,8,8,9,8,9,9,10
00000 0,7,5,0,6,0,0,0,4,0,0,0,0,0,0,0,5,0,0,0,0,0,0,0,0,0,0,0,0,0,0,0 0,10,10,0,10,0,0,0,10,0,0,0,0,0,0,0,10,0,0,0,0,0,0,0,0,0,0,0,0,0,0,0
00010 0,9,14,0,10,0,0,0,11,16,18,0,17,0,0,0,8,0,0,0,0,0,0,0,18,0,0,0,0,0,0,0 0,15,15,0,15,0,0,0,10,16,16,0,16,0,0,0,15,0,0,0,0,0,0,0,16,0,0,0,0,0,0,0
00000 0,5,5,0,4,0,0,0,5,0,0,0,0,0,0,0,7,0,0,0,0,0,0,0,0,0,0,0,0,0,0,0 0,12,12,0,12,0,0,0,12,0,0,0,0,0,0,0,12,0,0,0,0,0,0,0,0,0,0,0,0,0,0,0
11001 0,14,12,19,10,21,20,24,16,21,24,25,0,0,0,0,21,24,25,25,24,27,28,28,24,26,27,27,0,0,0,0 0,12,12,13,13,14,14,15,13,14,14,15,0,0,0,0,12,13,13,14,14,15,15,16,14,15,15,16,0,0,0,0
11111 0,9,12,15,10,13,15,17,11,14,15,16,14,15,16,17,7,12,14,16,13,14,16,17,13,15,15,16,15,16,16,17 0,6,6,7,6,7,7,8,6,7,7,8,7,8,8,9,6,7,7,8,7,8,8,9,7,8,8,9,8,9,9,10
11111 0,12,14,19,14,20,21,23,15,19,21,22,19,22,23,24,15,19,21,23,21,23,23,24,22,24,25,25,24,25,25,25 0,12,12,13,12,13,13,14,12,13,13,14,13,14,14,15,12,13,13,14,13,14,14,15,13,14,14,15,14,15,15,16
11100 0,19,22,33,19,29,30,36,23,34,31,39,34,39,37,41,18,25,33,37,29,34,37,40,0,0,0,0,0,0,0,0 0,16,16,17,16,17,17,18,21,22,22,23,22,23,23,24,21,22,22,23,22,23,23,24,0,0,0,0,0,0,0,0
01000 0,12,15,21,9,0,20,0,9,0,19,0,0,0,0,0,18,0,23,0,0,0,0,0,0,0,0,0,0,0,0,0 0,19,10,20,19,0,20,0,19,0,20,0,0,0,0,0,19,0,20,0,0,0,0,0,0,0,0,0,0,0,0,0
01000 0,15,14,21,10,0,20,0,14,0,20,0,0,0,0,0,12,0,18,0,0,0,0,0,0,0,0,0,0,0,0,0 0,21,12,22,21,0,22,0,21,0,22,0,0,0,0,0,21,0,22,0,0,0,0,0,0,0,0,0,0,0,0,0
10000 0,22,15,27,12,26,0,0,17,29,0,0,0,0,0,0,17,28,0,0,0,0,0,0,0,0,0,0,0,0,0,0 0,18,27,28,27,28,0,0,27,28,0,0,0,0,0,0,27,28,0,0,0,0,0,0,0,0,0,0,0,0,0,0
00000 0,15,16,0,15,0,0,0,12,0,0,0,0,0,0,0,14,0,0,0,0,0,0,0,0,0,0,0,0,0,0,0 0,18,18,0,18,0,0,0,18,0,0,0,0,0,0,0,18,0,0,0,0,0,0,0,0,0,0,0,0,0,0,0
01000 0,8,13,17,13,0,17,0,10,0,17,0,0,0,0,0,8,0,17,0,0,0,0,0,0,0,0,0,0,0,0,0 0,19,10,20,19,0,20,0,19,0,20,0,0,0,0,0,19,0,20,0,0,0,0,0,0,0,0,0,0,0,0,0
01000 0,15,19,25,19,0,24,0,18,0,29,0,0,0,0,0,16,0,26,0,0,0,0,0,0,0,0,0,0,0,0,0 0,27,18,28,27,0,28,0,27,0,28,0,0,0,0,0,27,0,28,0,0,0,0,0,0,0,0,0,0,0,0,0
00100 0,12,11,0,16,20,21,0,14,0,0,0,22,0,0,0,13,0,0,0,21,0,0,0,0,0,0,0,0,0,0,0 0,17,17,0,12,18,18,0,17,0,0,0,18,0,0,0,17,0,0,0,18,0,0,0,0,0,0,0,0,0,0,0
00000 0,12,9,0,13,0,0,0,13,0,0,0,0,0,0,0,12,0,0,0,0,0,0,0,0,0,0,0,0,0,0,0 0,14,14,0,14,0,0,0,14,0,0,0,0,0,0,0,14,0,0,0,0,0,0,0,0,0,0,0,0,0,0,0
01111 0,5,9,12,9,13,13,15,12,13,16,16,16,17,17,17,12,15,16,17,15,17,17,17,15,16,18,18,17,18,18,18 0,6,5,7,5,7,6,8,5,7,6,8,6,8,7,9,5,7,6,8,6,8,7,9,6,8,7,9,7,9,8,10
00000 0,9,7,0,13,0,0,0,9,0,0,0,0,0,0,0,7,0,0,0,0,0,0,0,0,0,0,0,0,0,0,0 0,16,16,0,16,0,0,0,16,0,0,0,0,0,0,0,16,0,0,0,0,0,0,0,0,0,0,0,0,0,0,0
11111 0,25,14,28,21,28,27,30,15,30,23,32,26,31,31,33,18,28,24,31,29,31,32,33,25,31,29,33,31,32,33,34 0,14,14,15,14,15,15,16,14,15,15,16,15,16,16,17,14,15,15,16,15,16,16,17,15,16,16,17,16,17,17,18
11111 0,22,22,30,24,34,37,40,19,32,31,35,37,40,41,42,27,35,34,38,38,40,41,42,31,37,35,38,41,42,41,42 0,10,10,11,10,11,11,12,10,11,11,12,11,12,12,13,10,11,11,12,11,12,12,13,11,12,12,13,12,13,13,14
00000 0,4,3,0,3,0,0,0,4,0,0,0,0,0,0,0,5,0,0,0,0,0,0,0,0,0,0,0,0,0,0,0 0,10,10,0,10,0,0,0,10,0,0,0,0,0,0,0,10,0,0,0,0,0,0,0,0,0,0,0,0,0,0,0
11011 0,7,9,13,8,12,13,15,4,11,11,15,9,13,14,16,8,11,13,15,14,14,16,16,11,14,14,16,15,15,17,17 0,4,5,6,6,7,7,8,4,6,6,7,7,8,8,9,5,6,6,7,7,8,8,9,6,7,7,8,8,9,9,10
11010 0,8,8,14,9,13,12,15,10,14,14,17,13,16,15,17,7,11,11,14,0,0,0,0,14,16,16,17,0,0,0,0 0,8,8,9,9,10,10,11,8,9,9,10,10,11,11,12,9,10,10,11,0,0,0,0,10,11,11,12,0,0,0,0
00010 0,12,20,0,18,0,0,0,19,26,28,0,29,0,0,0,15,0,0,0,0,0,0,0,26,0,0,0,0,0,0,0 0,21,21,0,21,0,0,0,16,22,22,0,22,0,0,0,21,0,0,0,0,0,0,0,22,0,0,0,0,0,0,0
11111 0,19,25,32,20,29,32,36,22,27,33,37,30,33,37,39,22,34,31,38,31,38,36,40,32,37,35,39,37,40,39,41 0,6,6,7,6,7,7,8,6,7,7,8,7,8,8,9,6,7,7,8,7,8,8,9,7,8,8,9,8,9,9,10
00000 0,7,10,0,10,0,0,0,13,0,0,0,0,0,0,0,13,0,0,0,0,0,0,0,0,0,0,0,0,0,0,0 0,14,14,0,14,0,0,0,14,0,0,0,0,0,0,0,14,0,0,0,0,0,0,0,0,0,0,0,0,0,0,0
10000 0,14,8,16,11,18,0,0,11,18,0,0,0,0,0,0,8,16,0,0,0,0,0,0,0,0,0,0,0,0,0,0 0,14,23,24,23,24,0,0,23,24,0,0,0,0,0,0,23,24,0,0,0,0,0,0,0,0,0,0,0,0,0,0
00001 0,19,24,0,14,0,0,0,16,0,0,0,0,0,0,0,20,31,34,0,29,0,0,0,31,0,0,0,0,0,0,0 0,25,25,0,25,0,0,0,25,0,0,0,0,0,0,0,16,26,26,0,26,0,0,0,26,0,0,0,0,0,0,0
01001 0,11,12,16,11,0,16,0,9,0,16,0,0,0,0,0,14,16,18,19,16,0,19,0,16,0,19,0,0,0,0,0 0,12,11,13,12,0,13,0,12,0,13,0,0,0,0,0,11,13,12,14,13,0,14,0,13,0,14,0,0,0,0,0
11111 0,10,14,18,8,16,17,20,12,16,19,21,16,19,21,22,11,17,18,21,13,18,18,21,18,20,22,23,19,21,22,23 0,8,8,9,8,9,9,10,8,9,9,10,9,10,10,11,8,9,9,10,9,10,10,11,9,10,10,11,10,11,11,12
10000 0,16,10,23,14,25,0,0,12,23,0,0,0,0,0,0,24,30,0,0,0,0,0,0,0,0,0,0,0,0,0,0 0,14,19,20,19,20,0,0,19,20,0,0,0,0,0,0,19,20,0,0,0,0,0,0,0,0,0,0,0,0,0,0
10000 0,19,18,30,9,24,0,0,18,28,0,0,0,0,0,0,15,26,0,0,0,0,0,0,0,0,0,0,0,0,0,0 0,14,23,24,23,24,0,0,23,24,0,0,0,0,0,0,23,24,0,0,0,0,0,0,0,0,0,0,0,0,0,0
10000 0,18,13,23,16,23,0,0,14,25,0,0,0,0,0,0,16,22,0,0,0,0,0,0,0,0,0,0,0,0,0,0 0,14,19,20,19,20,0,0,19,20,0,0,0,0,0,0,19,20,0,0,0,0,0,0,0,0,0,0,0,0,0,0
00010 0,9,18,0,14,0,0,0,19,21,29,0,26,0,0,0,13,0,0,0,0,0,0,0,23,0,0,0,0,0,0,0 0,21,21,0,21,0,0,0,12,22,22,0,22,0,0,0,21,0,0,0,0,0,0,0,22,0,0,0,0,0,0,0
01010 0,18,20,31,18,0,30,0,20,27,29,34,28,0,34,0,17,0,28,0,0,0,0,0,30,0,34,0,0,0,0,0 0,28,19,29,28,0,29,0,19,29,20,30,29,0,30,0,28,0,29,0,0,0,0,0,29,0,30,0,0,0,0,0
00100 0,11,20,0,20,27,34,0,19,0,0,0,33,0,0,0,16,0,0,0,27,0,0,0,0,0,0,0,0,0,0,0 0,23,23,0,14,24,24,0,23,0,0,0,24,0,0,0,23,0,0,0,24,0,0,0,0,0,0,0,0,0,0,0
00000 0,7,6,0,6,0,0,0,8,0,0,0,0,0,0,0,4,0,0,0,0,0,0,0,0,0,0,0,0,0,0,0 0,10,10,0,10,0,0,0,10,0,0,0,0,0,0,0,10,0,0,0,0,0,0,0,0,0,0,0,0,0,0,0
00110 0,10,9,0,12,15,16,0,11,16,17,0,16,18,18,0,11,0,0,0,16,0,0,0,16,0,0,0,19,0,0,0 0,12,12,0,11,13,13,0,11,13,13,0,12,14,14,0,12,0,0,0,13,0,0,0,13,0,0,0,14,0,0,0
00000 0,11,15,0,14,0,0,0,10,0,0,0,0,0,0,0,11,0,0,0,0,0,0,0,0,0,0,0,0,0,0,0 0,16,16,0,16,0,0,0,16,0,0,0,0,0,0,0,16,0,0,0,0,0,0,0,0,0,0,0,0,0,0,0
00000 0,17,13,0,16,0,0,0,14,0,0,0,0,0,0,0,19,0,0,0,0,0,0,0,0,0,0,0,0,0,0,0 0,20,20,0,20,0,0,0,20,0,0,0,0,0,0,0,20,0,0,0,0,0,0,0,0,0,0,0,0,0,0,0
10001 0,4,3,6,2,5,0,0,2,5,0,0,0,0,0,0,4,7,5,7,5,7,0,0,5,7,0,0,0,0,0,0 0,3,4,5,4,5,0,0,4,5,0,0,0,0,0,0,3,4,5,6,5,6,0,0,5,6,0,0,0,0,0,0
10000 0,9,5,10,5,10,0,0,2,9,0,0,0,0,0,0,5,9,0,0,0,0,0,0,0,0,0,0,0,0,0,0 0,6,7,8,7,8,0,0,7,8,0,0,0,0,0,0,7,8,0,0,0,0,0,0,0,0,0,0,0,0,0,0
00100 0,10,10,0,16,19,18,0,9,0,0,0,18,0,0,0,10,0,0,0,17,0,0,0,0,0,0,0,0,0,0,0 0,13,13,0,12,14,14,0,13,0,0,0,14,0,0,0,13,0,0,0,14,0,0,0,0,0,0,0,0,0,0,0
10100 0,16,17,25,17,28,25,31,18,26,0,0,27,31,0,0,16,26,0,0,25,31,0,0,0,0,0,0,0,0,0,0 0,13,18,19,13,14,19,20,18,19,0,0,19,20,0,0,18,19,0,0,19,20,0,0,0,0,0,0,0,0,0,0
00000 0,2,4,0,5,0,0,0,4,0,0,0,0,0,0,0,4,0,0,0,0,0,0,0,0,0,0,0,0,0,0,0 0,16,16,0,16,0,0,0,16,0,0,0,0,0,0,0,16,0,0,0,0,0,0,0,0,0,0,0,0,0,0,0
11101 0,21,25,30,25,34,33,36,19,31,35,37,33,38,39,40,24,32,35,36,32,37,37,38,32,37,39,39,37,40,41,41 0,21,21,22,21,22,22,23,26,27,27,28,27,28,28,29,21,22,22,23,22,23,23,24,27,28,28,29,28,29,29,30
11111 0,28,15,35,20,37,27,39,26,39,33,41,33,43,37,43,23,37,30,40,32,41,35,41,33,41,38,42,37,43,40,43 0,10,10,11,10,11,11,12,10,11,11,12,11,12,12,13,10,11,11,12,11,12,12,13,11,12,12,13,12,13,13,14
00100 0,7,9,0,12,15,17,0,10,0,0,0,16,0,0,0,12,0,0,0,16,0,0,0,0,0,0,0,0,0,0,0 0,13,13,0,8,14,14,0,13,0,0,0,14,0,0,0,13,0,0,0,14,0,0,0,0,0,0,0,0,0,0,0
01101 0,4,13,15,12,14,18,18,8,0,14,0,17,0,18,0,17,17,19,19,18,18,19,19,18,0,19,0,19,0,19,0 0,13,12,14,12,14,13,15,13,0,14,0,14,0,15,0,12,14,13,15,13,15,14,16,14,0,15,0,15,0,16,0
00100 0,15,17,0,18,23,24,0,15,0,0,0,26,0,0,0,16,0,0,0,24,0,0,0,0,0,0,0,0,0,0,0 0,27,27,0,18,28,28,0,27,0,0,0,28,0,0,0,27,0,0,0,28,0,0,0,0,0,0,0,0,0,0,0
01000 0,13,15,20,9,0,20,0,11,0,21,0,0,0,0,0,15,0,21,0,0,0,0,0,0,0,0,0,0,0,0,0 0,23,14,24,23,0,24,0,23,0,24,0,0,0,0,0,23,0,24,0,0,0,0,0,0,0,0,0,0,0,0,0
00100 0,18,16,0,22,28,27,0,17,0,0,0,27,0,0,0,18,0,0,0,26,0,0,0,0,0,0,0,0,0,0,0 0,19,19,0,14,20,20,0,19,0,0,0,20,0,0,0,19,0,0,0,20,0,0,0,0,0,0,0,0,0,0,0
00000 0,2,5,0,2,0,0,0,1,0,0,0,0,0,0,0,5,0,0,0,0,0,0,0,0,0,0,0,0,0,0,0 0,12,12,0,12,0,0,0,12,0,0,0,0,0,0,0,12,0,0,0,0,0,0,0,0,0,0,0,0,0,0,0
00000 0,5,6,0,8,0,0,0,7,0,0,0,0,0,0,0,8,0,0,0,0,0,0,0,0,0,0,0,0,0,0,0 0,10,10,0,10,0,0,0,10,0,0,0,0,0,0,0,10,0,0,0,0,0,0,0,0,0,0,0,0,0,0,0
00000 0,10,8,0,9,0,0,0,13,0,0,0,0,0,0,0,6,0,0,0,0,0,0,0,0,0,0,0,0,0,0,0 0,14,14,0,14,0,0,0,14,0,0,0,0,0,0,0,14,0,0,0,0,0,0,0,0,0,0,0,0,0,0,0
10100 0,18,14,26,19,27,23,29,16,24,0,0,25,28,0,0,15,24,0,0,23,28,0,0,0,0,0,0,0,0,0,0 0,15,20,21,15,16,21,22,20,21,0,0,21,22,0,0,20,21,0,0,21,22,0,0,0,0,0,0,0,0,0,0
11100 0,23,22,31,20,33,32,37,20,31,32,34,29,36,36,38,20,30,31,35,29,34,36,38,0,0,0,0,0,0,0,0 0,16,16,17,16,17,17,18,21,22,22,23,22,23,23,24,21,22,22,23,22,23,23,24,0,0,0,0,0,0,0,0
01110 0,13,23,28,24,28,32,34,25,29,35,36,34,34,38,38,21,0,32,0,31,0,36,0,36,0,39,0,37,0,39,0 0,27,22,28,22,28,23,29,22,28,23,29,23,29,24,30,27,0,28,0,28,0,29,0,28,0,29,0,29,0,30,0
00000 0,11,7,0,8,0,0,0,11,0,0,0,0,0,0,0,8,0,0,0,0,0,0,0,0,0,0,0,0,0,0,0 0,16,16,0,16,0,0,0,16,0,0,0,0,0,0,0,16,0,0,0,0,0,0,0,0,0,0,0,0,0,0,0
11000 0,14,13,17,14,18,18,20,11,20,20,22,0,0,0,0,10,19,19,21,0,0,0,0,0,0,0,0,0,0,0,0 0,13,13,14,18,19,19,20,18,19,19,20,0,0,0,0,18,19,19,20,0,0,0,0,0,0,0,0,0,0,0,0
00010 0,17,20,0,15,0,0,0,19,28,26,0,27,0,0,0,16,0,0,0,0,0,0,0,29,0,0,0,0,0,0,0 0,27,27,0,27,0,0,0,18,28,28,0,28,0,0,0,27,0,0,0,0,0,0,0,28,0,0,0,0,0,0,0
11111 0,14,20,25,21,25,29,30,10,19,23,27,24,26,30,31,14,22,24,27,26,29,31,31,19,24,26,28,28,29,31,31 0,10,10,11,10,11,11,12,10,11,11,12,11,12,12,13,10,11,11,12,11,12,12,13,11,12,12,13,12,13,13,14
00000 0,7,5,0,8,0,0,0,8,0,0,0,0,0,0,0,4,0,0,0,0,0,0,0,0,0,0,0,0,0,0,0 0,10,10,0,10,0,0,0,10,0,0,0,0,0,0,0,10,0,0,0,0,0,0,0,0,0,0,0,0,0,0,0
00010 0,11,9,0,10,0,0,0,11,14,14,0,17,0,0,0,10,0,0,0,0,0,0,0,17,0,0,0,0,0,0,0 0,15,15,0,15,0,0,0,10,16,16,0,16,0,0,0,15,0,0,0,0,0,0,0,16,0,0,0,0,0,0,0
00000 0,9,13,0,13,0,0,0,15,0,0,0,0,0,0,0,12,0,0,0,0,0,0,0,0,0,0,0,0,0,0,0 0,20,20,0,20,0,0,0,20,0,0,0,0,0,0,0,20,0,0,0,0,0,0,0,0,0,0,0,0,0,0,0
11111 0,22,14,27,22,28,27,30,16,29,25,32,29,33,32,34,20,29,25,30,31,33,33,33,27,32,31,32,32,34,34,34 0,14,14,15,14,15,15,16,14,15,15,16,15,16,16,17,14,15,15,16,15,16,16,17,15,16,16,17,16,17,17,18
11111 0,20,17,25,17,24,23,26,14,21,21,25,22,24,25,26,12,21,22,26,20,24,25,26,17,22,23,26,22,24,25,26 0,6,6,7,6,7,7,8,6,7,7,8,7,8,8,9,6,7,7,8,7,8,8,9,7,8,8,9,8,9,9,10
10000 0,7,2,9,4,8,0,0,6,8,0,0,0,0,0,0,4,8,0,0,0,0,0,0,0,0,0,0,0,0,0,0 0,6,6,12,11,12,0,0,11,12,0,0,0,0,0,0,11,12,0,0,0,0,0,0,0,0,0,0,0,0,0,0
11111 0,24,22,33,23,30,31,33,20,33,29,37,32,35,35,37,18,32,30,37,32,37,36,37,29,37,35,39,37,39,38,39 0,14,14,15,14,15,15,16,14,15,15,16,15,16,16,17,14,15,15,16,15,16,16,17,15,16,16,17,16,17,17,18
00001 0,11,12,0,14,0,0,0,14,0,0,0,0,0,0,0,20,24,23,0,24,0,0,0,25,0,0,0,0,0,0,0 0,25,25,0,25,0,0,0,25,0,0,0,0,0,0,0,16,26,26,0,26,0,0,0,26,0,0,0,0,0,0,0
01010 0,18,19,29,18,0,32,0,21,31,33,37,27,0,37,0,23,0,31,0,0,0,0,0,30,0,36,0,0,0,0,0 0,20,15,21,20,0,21,0,15,21,16,22,21,0,22,0,20,0,21,0,0,0,0,0,21,0,22,0,0,0,0,0
11111 0,11,10,14,10,15,16,17,9,15,15,17,15,18,19,19,9,16,13,17,15,18,18,19,11,16,15,17,16,18,19,19 0,6,6,7,6,7,7,8,6,7,7,8,7,8,8,9,6,7,7,8,7,8,8,9,7,8,8,9,8,9,9,10
11101 0,16,14,23,16,23,26,27,12,23,19,27,24,26,28,28,15,22,21,25,22,26,26,27,22,26,25,28,26,27,28,28 0,13,13,14,13,14,14,15,14,15,15,16,15,16,16,17,13,14,14,15,14,15,15,16,15,16,16,17,16,17,17,18
00000 0,1,4,0,2,0,0,0,1,0,0,0,0,0,0,0,2,0,0,0,0,0,0,0,0,0,0,0,0,0,0,0 0,14,14,0,14,0,0,0,14,0,0,0,0,0,0,0,14,0,0,0,0,0,0,0,0,0,0,0,0,0,0,0
00000 0,7,6,0,6,0,0,0,4,0,0,0,0,0,0,0,7,0,0,0,0,0,0,0,0,0,0,0,0,0,0,0 0,8,8,0,8,0,0,0,8,0,0,0,0,0,0,0,8,0,0,0,0,0,0,0,0,0,0,0,0,0,0,0
00001 0,14,17,0,12,0,0,0,16,0,0,0,0,0,0,0,12,20,21,0,20,0,0,0,22,0,0,0,0,0,0,0 0,21,21,0,21,0,0,0,21,0,0,0,0,0,0,0,12,22,22,0,22,0,0,0,22,0,0,0,0,0,0,0
11111 0,11,12,18,12,16,16,20,11,18,16,20,20,22,20,22,10,17,17,21,18,21,19,22,15,20,19,22,21,23,21,23 0,8,8,9,8,9,9,10,8,9,9,10,9,10,10,11,8,9,9,10,9,10,10,11,9,10,10,11,10,11,11,12
01001 0,22,18,29,21,0,27,0,13,0,24,0,0,0,0,0,19,28,26,32,29,0,31,0,24,0,29,0,0,0,0,0 0,20,15,21,20,0,21,0,20,0,21,0,0,0,0,0,15,21,16,22,21,0,22,0,21,0,22,0,0,0,0,0
11101 0,16,17,24,18,24,24,26,8,19,21,26,21,25,26,27,17,24,24,27,23,27,27,28,21,25,25,27,25,27,28,28 0,11,11,12,11,12,12,13,12,13,13,14,13,14,14,15,11,12,12,13,12,13,13,14,13,14,14,15,14,15,15,16
11111 0,27,18,34,21,33,29,35,23,35,32,38,32,38,37,39,26,37,32,40,34,39,38,40,35,41,37,42,39,41,41,42 0,16,16,17,16,17,17,18,16,17,17,18,17,18,18,19,16,17,17,18,17,18,18,19,17,18,18,19,18,19,19,20
11111 0,15,13,20,16,21,23,24,15,24,20,25,21,25,25,26,16,23,22,24,22,25,25,25,22,25,24,25,24,26,26,26 0,6,6,7,6,7,7,8,6,7,7,8,7,8,8,9,6,7,7,8,7,8,8,9,7,8,8,9,8,9,9,10
00011 0,13,18,0,17,0,0,0,21,27,29,0,28,0,0,0,23,28,32,0,28,0,0,0,29,33,35,0,32,0,0,0 0,30,30,0,30,0,0,0,21,31,31,0,31,0,0,0,21,31,31,0,31,0,0,0,22,32,32,0,32,0,0,0
11111 0,25,25,36,25,36,35,40,28,39,39,42,36,42,41,43,22,36,34,41,34,42,39,43,35,41,41,43,39,43,43,44 0,14,14,15,14,15,15,16,14,15,15,16,15,16,16,17,14,15,15,16,15,16,16,17,15,16,16,17,16,17,17,18
00001 0,22,19,0,24,0,0,0,24,0,0,0,0,0,0,0,21,34,30,0,31,0,0,0,33,0,0,0,0,0,0,0 0,25,25,0,25,0,0,0,25,0,0,0,0,0,0,0,16,26,26,0,26,0,0,0,26,0,0,0,0,0,0,0
11111 0,17,23,30,26,34,32,36,19,27,32,35,31,34,34,36,22,28,33,35,33,36,35,37,31,33,37,37,35,36,37,37 0,12,12,13,12,13,13,14,12,13,13,14,13,14,14,15,12,13,13,14,13,14,14,15,13,14,14,15,14,15,15,16
00000 0,8,4,0,6,0,0,0,6,0,0,0,0,0,0,0,8,0,0,0,0,0,0,0,0,0,0,0,0,0,0,0 0,10,10,0,10,0,0,0,10,0,0,0,0,0,0,0,10,0,0,0,0,0,0,0,0,0,0,0,0,0,0,0
00000 0,10,11,0,6,0,0,0,11,0,0,0,0,0,0,0,11,0,0,0,0,0,0,0,0,0,0,0,0,0,0,0 0,14,14,0,14,0,0,0,14,0,0,0,0,0,0,0,14,0,0,0,0,0,0,0,0,0,0,0,0,0,0,0
10000 0,24,12,28,19,32,0,0,17,33,0,0,0,0,0,0,21,34,0,0,0,0,0,0,0,0,0,0,0,0,0,0 0,20,29,30,29,30,0,0,29,30,0,0,0,0,0,0,29,30,0,0,0,0,0,0,0,0,0,0,0,0,0,0
01000 0,13,18,22,21,0,28,0,18,0,25,0,0,0,0,0,15,0,26,0,0,0,0,0,0,0,0,0,0,0,0,0 0,27,18,28,27,0,28,0,27,0,28,0,0,0,0,0,27,0,28,0,0,0,0,0,0,0,0,0,0,0,0,0
01100 0,18,19,30,19,28,33,38,23,0,34,0,33,0,42,0,22,0,31,0,31,0,37,0,0,0,0,0,0,0,0,0 0,20,15,21,15,21,16,22,20,0,21,0,21,0,22,0,20,0,21,0,21,0,22,0,0,0,0,0,0,0,0,0
11011 0,13,14,22,10,19,21,25,13,20,21,24,19,24,25,26,14,21,21,25,19,23,25,26,19,23,24,25,22,25,26,26 0,13,13,14,14,15,15,16,13,14,14,15,15,16,16,17,13,14,14,15,15,16,16,17,14,15,15,16,16,17,17,18
01010 0,14,18,23,11,0,21,0,20,24,30,30,24,0,30,0,15,0,26,0,0,0,0,0,25,0,31,0,0,0,0,0 0,16,11,17,16,0,17,0,11,17,12,18,17,0,18,0,16,0,17,0,0,0,0,0,17,0,18,0,0,0,0,0
11111 0,15,18,24,16,24,24,28,15,23,24,27,23,28,27,29,17,22,25,28,25,27,29,30,22,26,27,29,27,29,29,30 0,8,8,9,8,9,9,10,8,9,9,10,9,10,10,11,8,9,9,10,9,10,10,11,9,10,10,11,10,11,11,12
11111 0,14,15,23,18,24,25,28,20,25,26,28,27,28,31,31,15,21,25,28,23,27,28,30,27,29,31,31,29,30,32,32 0,14,14,15,14,15,15,16,14,15,15,16,15,16,16,17,14,15,15,16,15,16,16,17,15,16,16,17,16,17,17,18
00111 0,24,20,0,22,33,31,0,20,34,29,0,31,37,35,0,21,30,33,0,32,38,38,0,35,39,40,0,38,41,41,0 0,23,23,0,18,24,24,0,18,24,24,0,19,25,25,0,18,24,24,0,19,25,25,0,19,25,25,0,20,26,26,0
00000 0,7,10,0,10,0,0,0,7,0,0,0,0,0,0,0,10,0,0,0,0,0,0,0,0,0,0,0,0,0,0,0 0,18,18,0,18,0,0,0,18,0,0,0,0,0,0,0,18,0,0,0,0,0,0,0,0,0,0,0,0,0,0,0
00000 0,8,8,0,7,0,0,0,6,0,0,0,0,0,0,0,6,0,0,0,0,0,0,0,0,0,0,0,0,0,0,0 0,14,14,0,14,0,0,0,14,0,0,0,0,0,0,0,14,0,0,0,0,0,0,0,0,0,0,0,0,0,0,0
10101 0,10,7,12,8,14,12,15,13,15,0,0,18,18,0,0,13,17,15,17,17,19,18,19,18,18,0,0,19,19,0,0 0,8,9,10,8,9,10,11,9,10,0,0,10,11,0,0,8,9,10,11,9,10,11,12,10,11,0,0,11,12,0,0
11111 0,23,23,36,27,32,36,39,25,34,31,38,38,38,40,40,18,30,29,37,35,38,38,40,29,36,33,38,39,39,40,40 0,8,8,9,8,9,9,10,8,9,9,10,9,10,10,11,8,9,9,10,9,10,10,11,9,10,10,11,10,11,11,12
00000 0,6,9,0,7,0,0,0,5,0,0,0,0,0,0,0,7,0,0,0,0,0,0,0,0,0,0,0,0,0,0,0 0,18,18,0,18,0,0,0,18,0,0,0,0,0,0,0,18,0,0,0,0,0,0,0,0,0,0,0,0,0,0,0
00000 0,15,10,0,11,0,0,0,11,0,0,0,0,0,0,0,11,0,0,0,0,0,0,0,0,0,0,0,0,0,0,0 0,20,20,0,20,0,0,0,20,0,0,0,0,0,0,0,20,0,0,0,0,0,0,0,0,0,0,0,0,0,0,0
00010 0,15,10,0,12,0,0,0,18,21,23,0,24,0,0,0,14,0,0,0,0,0,0,0,21,0,0,0,0,0,0,0 0,25,25,0,25,0,0,0,16,26,26,0,26,0,0,0,25,0,0,0,0,0,0,0,26,0,0,0,0,0,0,0
00000 0,11,13,0,10,0,0,0,10,0,0,0,0,0,0,0,10,0,0,0,0,0,0,0,0,0,0,0,0,0,0,0 0,20,20,0,20,0,0,0,20,0,0,0,0,0,0,0,20,0,0,0,0,0,0,0,0,0,0,0,0,0,0,0
00010 0,4,11,0,6,0,0,0,12,14,15,0,14,0,0,0,10,0,0,0,0,0,0,0,16,0,0,0,0,0,0,0 0,15,15,0,15,0,0,0,10,16,16,0,16,0,0,0,15,0,0,0,0,0,0,0,16,0,0,0,0,0,0,0
00000 0,1,3,0,1,0,0,0,2,0,0,0,0,0,0,0,2,0,0,0,0,0,0,0,0,0,0,0,0,0,0,0 0,12,12,0,12,0,0,0,12,0,0,0,0,0,0,0,12,0,0,0,0,0,0,0,0,0,0,0,0,0,0,0
10001 0,15,15,21,15,21,0,0,10,20,0,0,0,0,0,0,15,19,20,23,21,23,0,0,20,23,0,0,0,0,0,0 0,11,16,17,16,17,0,0,16,17,0,0,0,0,0,0,11,12,17,18,17,18,0,0,17,18,0,0,0,0,0,0
01100 0,18,26,32,25,33,37,39,17,0,32,0,32,0,38,0,20,0,35,0,33,0,40,0,0,0,0,0,0,0,0,0 0,26,21,27,21,27,22,28,26,0,27,0,27,0,28,0,26,0,27,0,27,0,28,0,0,0,0,0,0,0,0,0
01000 0,4,6,7,2,0,6,0,3,0,6,0,0,0,0,0,4,0,7,0,0,0,0,0,0,0,0,0,0,0,0,0 0,11,6,12,11,0,12,0,11,0,12,0,0,0,0,0,11,0,12,0,0,0,0,0,0,0,0,0,0,0,0,0
00001 0,23,17,0,21,0,0,0,20,0,0,0,0,0,0,0,23,30,31,0,34,0,0,0,33,0,0,0,0,0,0,0 0,25,25,0,25,0,0,0,25,0,0,0,0,0,0,0,16,26,26,0,26,0,0,0,26,0,0,0,0,0,0,0
00000 0,4,6,0,4,0,0,0,5,0,0,0,0,0,0,0,5,0,0,0,0,0,0,0,0,0,0,0,0,0,0,0 0,8,8,0,8,0,0,0,8,0,0,0,0,0,0,0,8,0,0,0,0,0,0,0,0,0,0,0,0,0,0,0
01000 0,24,25,35,22,0,34,0,19,0,33,0,0,0,0,0,24,0,34,0,0,0,0,0,0,0,0,0,0,0,0,0 0,29,20,30,29,0,30,0,29,0,30,0,0,0,0,0,29,0,30,0,0,0,0,0,0,0,0,0,0,0,0,0
01001 0,3,7,8,6,0,8,0,5,0,10,0,0,0,0,0,7,7,9,9,10,0,10,0,9,0,10,0,0,0,0,0 0,8,7,9,8,0,9,0,8,0,9,0,0,0,0,0,7,9,8,10,9,0,10,0,9,0,10,0,0,0,0,0
00000 0,13,11,0,14,0,0,0,11,0,0,0,0,0,0,0,14,0,0,0,0,0,0,0,0,0,0,0,0,0,0,0 0,16,16,0,16,0,0,0,16,0,0,0,0,0,0,0,16,0,0,0,0,0,0,0,0,0,0,0,0,0,0,0
00001 0,9,10,0,9,0,0,0,7,0,0,0,0,0,0,0,12,16,18,0,15,0,0,0,15,0,0,0,0,0,0,0 0,13,13,0,13,0,0,0,13,0,0,0,0,0,0,0,8,14,14,0,14,0,0,0,14,0,0,0,0,0,0,0
11111 0,24,27,36,22,38,37,42,18,34,35,41,32,43,40,44,24,36,34,40,34,41,39,43,32,40,38,42,39,44,41,44 0,10,10,11,10,11,11,12,10,11,11,12,11,12,12,13,10,11,11,12,11,12,12,13,11,12,12,13,12,13,13,14
00100 0,17,17,0,23,30,30,0,18,0,0,0,32,0,0,0,18,0,0,0,30,0,0,0,0,0,0,0,0,0,0,0 0,29,29,0,20,30,30,0,29,0,0,0,30,0,0,0,29,0,0,0,30,0,0,0,0,0,0,0,0,0,0,0
11101 0,7,9,13,8,11,12,14,6,10,14,16,13,14,16,17,9,12,14,15,13,14,15,16,12,14,17,17,16,16,18,18 0,7,7,8,7,8,8,9,8,9,9,10,9,10,10,11,7,8,8,9,8,9,9,10,9,10,10,11,10,11,11,12
01000 0,2,7,9,6,0,9,0,4,0,8,0,0,0,0,0,6,0,10,0,0,0,0,0,0,0,0,0,0,0,0,0 0,6,6,12,11,0,12,0,11,0,12,0,0,0,0,0,11,0,12,0,0,0,0,0,0,0,0,0,0,0,0,0
00000 0,5,10,0,8,0,0,0,15,0,0,0,0,0,0,0,10,0,0,0,0,0,0,0,0,0,0,0,0,0,0,0 0,18,18,0,18,0,0,0,18,0,0,0,0,0,0,0,18,0,0,0,0,0,0,0,0,0,0,0,0,0,0,0
10000 0,16,9,19,11,20,0,0,11,22,0,0,0,0,0,0,15,22,0,0,0,0,0,0,0,0,0,0,0,0,0,0 0,14,19,20,19,20,0,0,19,20,0,0,0,0,0,0,19,20,0,0,0,0,0,0,0,0,0,0,0,0,0,0
01100 0,15,24,29,17,25,28,31,15,0,30,0,27,0,33,0,15,0,31,0,26,0,33,0,0,0,0,0,0,0,0,0 0,22,17,23,17,23,18,24,22,0,23,0,23,0,24,0,22,0,23,0,23,0,24,0,0,0,0,0,0,0,0,0
00000 0,5,7,0,3,0,0,0,5,0,0,0,0,0,0,0,5,0,0,0,0,0,0,0,0,0,0,0,0,0,0,0 0,20,20,0,20,0,0,0,20,0,0,0,0,0,0,0,20,0,0,0,0,0,0,0,0,0,0,0,0,0,0,0
00010 0,16,21,0,16,0,0,0,25,30,33,0,29,0,0,0,22,0,0,0,0,0,0,0,29,0,0,0,0,0,0,0 0,25,25,0,25,0,0,0,16,26,26,0,26,0,0,0,25,0,0,0,0,0,0,0,26,0,0,0,0,0,0,0
00010 0,14,16,0,18,0,0,0,19,25,30,0,29,0,0,0,15,0,0,0,0,0,0,0,26,0,0,0,0,0,0,0 0,21,21,0,21,0,0,0,16,22,22,0,22,0,0,0,21,0,0,0,0,0,0,0,22,0,0,0,0,0,0,0
00100 0,8,9,0,16,18,22,0,11,0,0,0,19,0,0,0,7,0,0,0,18,0,0,0,0,0,0,0,0,0,0,0 0,13,13,0,12,14,14,0,13,0,0,0,14,0,0,0,13,0,0,0,14,0,0,0,0,0,0,0,0,0,0,0
00010 0,16,18,0,17,0,0,0,22,26,27,0,29,0,0,0,16,0,0,0,0,0,0,0,29,0,0,0,0,0,0,0 0,21,21,0,21,0,0,0,12,22,22,0,22,0,0,0,21,0,0,0,0,0,0,0,22,0,0,0,0,0,0,0
11000 0,7,7,9,4,9,9,11,5,9,9,10,0,0,0,0,4,9,9,10,0,0,0,0,0,0,0,0,0,0,0,0 0,7,7,8,8,9,9,10,8,9,9,10,0,0,0,0,8,9,9,10,0,0,0,0,0,0,0,0,0,0,0,0
01000 0,17,16,23,13,0,21,0,15,0,24,0,0,0,0,0,13,0,21,0,0,0,0,0,0,0,0,0,0,0,0,0 0,19,14,20,19,0,20,0,19,0,20,0,0,0,0,0,19,0,20,0,0,0,0,0,0,0,0,0,0,0,0,0
11111 0,19,19,28,23,30,32,36,20,28,27,33,31,35,35,38,17,27,28,33,30,34,35,38,28,32,33,36,35,37,37,39 0,10,10,11,10,11,11,12,10,11,11,12,11,12,12,13,10,11,11,12,11,12,12,13,11,12,12,13,12,13,13,14
01000 0,24,20,31,20,0,29,0,14,0,27,0,0,0,0,0,20,0,29,0,0,0,0,0,0,0,0,0,0,0,0,0 0,25,16,26,25,0,26,0,25,0,26,0,0,0,0,0,25,0,26,0,0,0,0,0,0,0,0,0,0,0,0,0
00000 0,4,4,0,5,0,0,0,4,0,0,0,0,0,0,0,5,0,0,0,0,0,0,0,0,0,0,0,0,0,0,0 0,20,20,0,20,0,0,0,20,0,0,0,0,0,0,0,20,0,0,0,0,0,0,0,0,0,0,0,0,0,0,0
00000 0,4,4,0,3,0,0,0,1,0,0,0,0,0,0,0,6,0,0,0,0,0,0,0,0,0,0,0,0,0,0,0 0,10,10,0,10,0,0,0,10,0,0,0,0,0,0,0,10,0,0,0,0,0,0,0,0,0,0,0,0,0,0,0
00000 0,8,5,0,5,0,0,0,9,0,0,0,0,0,0,0,7,0,0,0,0,0,0,0,0,0,0,0,0,0,0,0 0,10,10,0,10,0,0,0,10,0,0,0,0,0,0,0,10,0,0,0,0,0,0,0,0,0,0,0,0,0,0,0
01000 0,8,13,15,11,0,17,0,12,0,19,0,0,0,0,0,7,0,15,0,0,0,0,0,0,0,0,0,0,0,0,0 0,21,12,22,21,0,22,0,21,0,22,0,0,0,0,0,21,0,22,0,0,0,0,0,0,0,0,0,0,0,0,0
11000 0,24,24,37,19,34,31,41,22,34,34,40,0,0,0,0,17,33,28,38,0,0,0,0,0,0,0,0,0,0,0,0 0,21,21,22,26,27,27,28,26,27,27,28,0,0,0,0,26,27,27,28,0,0,0,0,0,0,0,0,0,0,0,0
00010 0,8,8,0,7,0,0,0,10,14,13,0,12,0,0,0,7,0,0,0,0,0,0,0,13,0,0,0,0,0,0,0 0,19,19,0,19,0,0,0,10,20,20,0,20,0,0,0,19,0,0,0,0,0,0,0,20,0,0,0,0,0,0,0
10000 0,16,13,26,15,24,0,0,16,24,0,0,0,0,0,0,15,25,0,0,0,0,0,0,0,0,0,0,0,0,0,0 0,16,25,26,25,26,0,0,25,26,0,0,0,0,0,0,25,26,0,0,0,0,0,0,0,0,0,0,0,0,0,0
00000 0,7,3,0,5,0,0,0,4,0,0,0,0,0,0,0,2,0,0,0,0,0,0,0,0,0,0,0,0,0,0,0 0,8,8,0,8,0,0,0,8,0,0,0,0,0,0,0,8,0,0,0,0,0,0,0,0,0,0,0,0,0,0,0
10100 0,9,6,10,7,12,10,13,6,12,0,0,12,14,0,0,8,11,0,0,10,12,0,0,0,0,0,0,0,0,0,0 0,7,8,9,7,8,9,10,8,9,0,0,9,10,0,0,8,9,0,0,9,10,0,0,0,0,0,0,0,0,0,0
00010 0,16,14,0,12,0,0,0,16,20,20,0,21,0,0,0,10,0,0,0,0,0,0,0,19,0,0,0,0,0,0,0 0,25,25,0,25,0,0,0,16,26,26,0,26,0,0,0,25,0,0,0,0,0,0,0,26,0,0,0,0,0,0,0
00000 0,6,3,0,4,0,0,0,4,0,0,0,0,0,0,0,3,0,0,0,0,0,0,0,0,0,0,0,0,0,0,0 0,14,14,0,14,0,0,0,14,0,0,0,0,0,0,0,14,0,0,0,0,0,0,0,0,0,0,0,0,0,0,0
01011 0,10,13,19,10,0,17,0,15,18,18,21,18,0,20,0,12,18,16,21,16,0,18,0,19,21,20,22,21,0,21,0 0,13,12,14,13,0,14,0,12,14,13,15,14,0,15,0,12,14,13,15,14,0,15,0,13,15,14,16,15,0,16,0
01100 0,17,21,28,19,28,31,35,20,0,30,0,32,0,37,0,18,0,31,0,31,0,36,0,0,0,0,0,0,0,0,0 0,28,19,29,19,29,20,30,28,0,29,0,29,0,30,0,28,0,29,0,29,0,30,0,0,0,0,0,0,0,0,0
10111 0,8,2,8,7,9,7,9,5,8,6,8,9,9,9,9,5,11,6,11,10,11,10,11,8,11,9,11,11,11,11,11 0,5,6,7,5,6,7,8,5,6,7,8,6,7,8,9,5,6,7,8,6,7,8,9,6,7,8,9,7,8,9,10
01000 0,11,13,18,9,0,18,0,13,0,19,0,0,0,0,0,7,0,17,0,0,0,0,0,0,0,0,0,0,0,0,0 0,21,12,22,21,0,22,0,21,0,22,0,0,0,0,0,21,0,22,0,0,0,0,0,0,0,0,0,0,0,0,0
10000 0,10,9,13,9,13,0,0,9,14,0,0,0,0,0,0,12,15,0,0,0,0,0,0,0,0,0,0,0,0,0,0 0,10,11,12,11,12,0,0,11,12,0,0,0,0,0,0,11,12,0,0,0,0,0,0,0,0,0,0,0,0,0,0
10001 0,20,21,28,18,29,0,0,14,28,0,0,0,0,0,0,21,30,28,33,29,34,0,0,30,35,0,0,0,0,0,0 0,17,22,23,22,23,0,0,22,23,0,0,0,0,0,0,17,18,23,24,23,24,0,0,23,24,0,0,0,0,0,0
00011 0,20,18,0,17,0,0,0,21,30,28,0,30,0,0,0,21,29,26,0,29,0,0,0,31,34,33,0,35,0,0,0 0,26,26,0,26,0,0,0,21,27,27,0,27,0,0,0,21,27,27,0,27,0,0,0,22,28,28,0,28,0,0,0
00000 0,3,1,0,2,0,0,0,1,0,0,0,0,0,0,0,2,0,0,0,0,0,0,0,0,0,0,0,0,0,0,0 0,14,14,0,14,0,0,0,14,0,0,0,0,0,0,0,14,0,0,0,0,0,0,0,0,0,0,0,0,0,0,0
00100 0,17,18,0,19,27,29,0,20,0,0,0,31,0,0,0,18,0,0,0,29,0,0,0,0,0,0,0,0,0,0,0 0,25,25,0,16,26,26,0,25,0,0,0,26,0,0,0,25,0,0,0,26,0,0,0,0,0,0,0,0,0,0,0
00000 0,18,16,0,14,0,0,0,18,0,0,0,0,0,0,0,13,0,0,0,0,0,0,0,0,0,0,0,0,0,0,0 0,20,20,0,20,0,0,0,20,0,0,0,0,0,0,0,20,0,0,0,0,0,0,0,0,0,0,0,0,0,0,0
10011 0,26,17,32,16,31,0,0,18,30,28,34,27,32,0,0,19,33,27,35,26,35,0,0,30,35,33,36,32,35,0,0 0,18,23,24,23,24,0,0,18,19,24,25,24,25,0,0,18,19,24,25,24,25,0,0,19,20,25,26,25,26,0,0
10000 0,14,8,16,9,17,0,0,10,19,0,0,0,0,0,0,6,15,0,0,0,0,0,0,0,0,0,0,0,0,0,0 0,14,19,20,19,20,0,0,19,20,0,0,0,0,0,0,19,20,0,0,0,0,0,0,0,0,0,0,0,0,0,0
01000 0,19,27,32,19,0,34,0,17,0,32,0,0,0,0,0,24,0,32,0,0,0,0,0,0,0,0,0,0,0,0,0 0,29,20,30,29,0,30,0,29,0,30,0,0,0,0,0,29,0,30,0,0,0,0,0,0,0,0,0,0,0,0,0
00001 0,11,8,0,9,0,0,0,11,0,0,0,0,0,0,0,8,16,13,0,14,0,0,0,14,0,0,0,0,0,0,0 0,13,13,0,13,0,0,0,13,0,0,0,0,0,0,0,8,14,14,0,14,0,0,0,14,0,0,0,0,0,0,0
10110 0,22,19,30,22,29,30,33,21,31,28,34,31,34,34,36,17,32,0,0,30,34,0,0,29,34,0,0,34,36,0,0 0,20,25,26,20,21,26,27,20,21,26,27,21,22,27,28,25,26,0,0,26,27,0,0,26,27,0,0,27,28,0,0
11111 0,17,11,23,15,22,18,25,15,21,21,25,22,24,24,26,20,24,21,25,23,26,23,26,25,26,25,26,26,27,26,27 0,10,10,11,10,11,11,12,10,11,11,12,11,12,12,13,10,11,11,12,11,12,12,13,11,12,12,13,12,13,13,14
01000 0,7,14,17,15,0,20,0,12,0,22,0,0,0,0,0,12,0,21,0,0,0,0,0,0,0,0,0,0,0,0,0 0,17,12,18,17,0,18,0,17,0,18,0,0,0,0,0,17,0,18,0,0,0,0,0,0,0,0,0,0,0,0,0
00010 0,17,15,0,20,0,0,0,21,29,27,0,27,0,0,0,10,0,0,0,0,0,0,0,26,0,0,0,0,0,0,0 0,25,25,0,25,0,0,0,16,26,26,0,26,0,0,0,25,0,0,0,0,0,0,0,26,0,0,0,0,0,0,0
00000 0,17,13,0,14,0,0,0,17,0,0,0,0,0,0,0,18,0,0,0,0,0,0,0,0,0,0,0,0,0,0,0 0,20,20,0,20,0,0,0,20,0,0,0,0,0,0,0,20,0,0,0,0,0,0,0,0,0,0,0,0,0,0,0
00000 0,2,3,0,3,0,0,0,3,0,0,0,0,0,0,0,4,0,0,0,0,0,0,0,0,0,0,0,0,0,0,0 0,20,20,0,20,0,0,0,20,0,0,0,0,0,0,0,20,0,0,0,0,0,0,0,0,0,0,0,0,0,0,0
00000 0,13,13,0,13,0,0,0,8,0,0,0,0,0,0,0,14,0,0,0,0,0,0,0,0,0,0,0,0,0,0,0 0,16,16,0,16,0,0,0,16,0,0,0,0,0,0,0,16,0,0,0,0,0,0,0,0,0,0,0,0,0,0,0
10001 0,21,23,29,21,30,0,0,14,29,0,0,0,0,0,0,24,32,34,36,35,37,0,0,31,36,0,0,0,0,0,0 0,19,28,29,28,29,0,0,28,29,0,0,0,0,0,0,19,20,29,30,29,30,0,0,29,30,0,0,0,0,0,0
00000 0,11,8,0,11,0,0,0,13,0,0,0,0,0,0,0,12,0,0,0,0,0,0,0,0,0,0,0,0,0,0,0 0,16,16,0,16,0,0,0,16,0,0,0,0,0,0,0,16,0,0,0,0,0,0,0,0,0,0,0,0,0,0,0
00000 0,6,4,0,3,0,0,0,3,0,0,0,0,0,0,0,5,0,0,0,0,0,0,0,0,0,0,0,0,0,0,0 0,10,10,0,10,0,0,0,10,0,0,0,0,0,0,0,10,0,0,0,0,0,0,0,0,0,0,0,0,0,0,0
00100 0,9,7,0,13,17,18,0,10,0,0,0,14,0,0,0,11,0,0,0,19,0,0,0,0,0,0,0,0,0,0,0 0,13,13,0,8,14,14,0,13,0,0,0,14,0,0,0,13,0,0,0,14,0,0,0,0,0,0,0,0,0,0,0
11111 0,14,17,21,11,20,22,24,17,20,21,23,23,24,24,25,13,22,21,24,17,25,24,26,23,24,24,25,25,26,25,26 0,8,8,9,8,9,9,10,8,9,9,10,9,10,10,11,8,9,9,10,9,10,10,11,9,10,10,11,10,11,11,12
11000 0,24,23,35,19,33,31,40,21,33,31,38,0,0,0,0,19,35,36,44,0,0,0,0,0,0,0,0,0,0,0,0 0,23,23,24,32,33,33,34,32,33,33,34,0,0,0,0,32,33,33,34,0,0,0,0,0,0,0,0,0,0,0,0
00000 0,10,13,0,10,0,0,0,13,0,0,0,0,0,0,0,3,0,0,0,0,0,0,0,0,0,0,0,0,0,0,0 0,16,16,0,16,0,0,0,16,0,0,0,0,0,0,0,16,0,0,0,0,0,0,0,0,0,0,0,0,0,0,0
00101 0,15,13,0,19,29,28,0,16,0,0,0,26,0,0,0,24,32,32,0,32,38,36,0,31,0,0,0,35,0,0,0 0,24,24,0,19,25,25,0,24,0,0,0,25,0,0,0,19,25,25,0,20,26,26,0,25,0,0,0,26,0,0,0
01000 0,12,17,21,11,0,22,0,15,0,22,0,0,0,0,0,12,0,22,0,0,0,0,0,0,0,0,0,0,0,0,0 0,17,12,18,17,0,18,0,17,0,18,0,0,0,0,0,17,0,18,0,0,0,0,0,0,0,0,0,0,0,0,0
10010 0,21,17,29,20,30,0,0,22,34,30,36,30,36,0,0,20,29,0,0,0,0,0,0,31,36,0,0,0,0,0,0 0,19,28,29,28,29,0,0,19,20,29,30,29,30,0,0,28,29,0,0,0,0,0,0,29,30,0,0,0,0,0,0
00001 0,23,24,0,22,0,0,0,23,0,0,0,0,0,0,0,28,35,36,0,37,0,0,0,35,0,0,0,0,0,0,0 0,27,27,0,27,0,0,0,27,0,0,0,0,0,0,0,18,28,28,0,28,0,0,0,28,0,0,0,0,0,0,0
00000 0,5,11,0,6,0,0,0,7,0,0,0,0,0,0,0,5,0,0,0,0,0,0,0,0,0,0,0,0,0,0,0 0,18,18,0,18,0,0,0,18,0,0,0,0,0,0,0,18,0,0,0,0,0,0,0,0,0,0,0,0,0,0,0
00001 0,13,9,0,14,0,0,0,11,0,0,0,0,0,0,0,15,19,18,0,18,0,0,0,17,0,0,0,0,0,0,0 0,21,21,0,21,0,0,0,21,0,0,0,0,0,0,0,12,22,22,0,22,0,0,0,22,0,0,0,0,0,0,0
00010 0,14,12,0,10,0,0,0,16,20,20,0,19,0,0,0,14,0,0,0,0,0,0,0,21,0,0,0,0,0,0,0 0,15,15,0,15,0,0,0,10,16,16,0,16,0,0,0,15,0,0,0,0,0,0,0,16,0,0,0,0,0,0,0
11111 0,14,19,24,16,24,26,29,20,24,26,28,29,31,31,32,16,21,24,27,25,28,29,30,27,28,29,30,32,32,32,32 0,10,10,11,10,11,11,12,10,11,11,12,11,12,12,13,10,11,11,12,11,12,12,13,11,12,12,13,12,13,13,14
10111 0,16,12,24,16,24,22,28,17,26,23,30,23,28,26,30,15,21,22,27,24,26,27,29,22,27,26,30,27,29,28,30 0,15,16,17,15,16,17,18,15,16,17,18,16,17,18,19,15,16,17,18,16,17,18,19,16,17,18,19,17,18,19,20
00000 0,7,4,0,6,0,0,0,3,0,0,0,0,0,0,0,6,0,0,0,0,0,0,0,0,0,0,0,0,0,0,0 0,14,14,0,14,0,0,0,14,0,0,0,0,0,0,0,14,0,0,0,0,0,0,0,0,0,0,0,0,0,0,0
01000 0,13,17,22,15,0,25,0,16,0,26,0,0,0,0,0,13,0,25,0,0,0,0,0,0,0,0,0,0,0,0,0 0,19,14,20,19,0,20,0,19,0,20,0,0,0,0,0,19,0,20,0,0,0,0,0,0,0,0,0,0,0,0,0
00010 0,5,7,0,7,0,0,0,8,10,12,0,12,0,0,0,6,0,0,0,0,0,0,0,11,0,0,0,0,0,0,0 0,11,11,0,11,0,0,0,6,12,12,0,12,0,0,0,11,0,0,0,0,0,0,0,12,0,0,0,0,0,0,0
10000 0,10,8,13,7,12,0,0,8,13,0,0,0,0,0,0,8,14,0,0,0,0,0,0,0,0,0,0,0,0,0,0 0,10,19,20,19,20,0,0,19,20,0,0,0,0,0,0,19,20,0,0,0,0,0,0,0,0,0,0,0,0,0,0
00000 0,19,19,0,13,0,0,0,12,0,0,0,0,0,0,0,15,0,0,0,0,0,0,0,0,0,0,0,0,0,0,0 0,20,20,0,20,0,0,0,20,0,0,0,0,0,0,0,20,0,0,0,0,0,0,0,0,0,0,0,0,0,0,0
11111 0,22,26,35,19,30,33,37,26,33,34,37,31,35,37,38,25,34,36,39,30,37,38,39,35,38,39,39,36,39,39,39 0,6,6,7,6,7,7,8,6,7,7,8,7,8,8,9,6,7,7,8,7,8,8,9,7,8,8,9,8,9,9,10
11010 0,19,18,28,24,28,30,32,18,30,26,34,32,34,33,35,14,24,30,33,0,0,0,0,28,33,35,37,0,0,0,0 0,18,18,19,23,24,24,25,18,19,19,20,24,25,25,26,23,24,24,25,0,0,0,0,24,25,25,26,0,0,0,0
00000 0,6,6,0,8,0,0,0,7,0,0,0,0,0,0,0,6,0,0,0,0,0,0,0,0,0,0,0,0,0,0,0 0,12,12,0,12,0,0,0,12,0,0,0,0,0,0,0,12,0,0,0,0,0,0,0,0,0,0,0,0,0,0,0
11111 0,23,20,32,22,31,34,39,24,34,32,38,36,40,41,44,24,35,31,38,33,39,38,42,34,39,37,41,40,42,42,44 0,6,6,7,6,7,7,8,6,7,7,8,7,8,8,9,6,7,7,8,7,8,8,9,7,8,8,9,8,9,9,10
11111 0,15,14,22,15,22,22,26,15,22,21,25,23,26,27,28,15,23,20,25,22,26,24,26,23,27,25,28,26,28,27,28 0,14,14,15,14,15,15,16,14,15,15,16,15,16,16,17,14,15,15,16,15,16,16,17,15,16,16,17,16,17,17,18
01100 0,14,18,24,20,24,26,28,14,0,22,0,24,0,28,0,16,0,24,0,27,0,30,0,0,0,0,0,0,0,0,0 0,22,17,23,17,23,18,24,22,0,23,0,23,0,24,0,22,0,23,0,23,0,24,0,0,0,0,0,0,0,0,0
00000 0,12,16,0,16,0,0,0,17,0,0,0,0,0,0,0,13,0,0,0,0,0,0,0,0,0,0,0,0,0,0,0 0,20,20,0,20,0,0,0,20,0,0,0,0,0,0,0,20,0,0,0,0,0,0,0,0,0,0,0,0,0,0,0
11111 0,20,20,29,18,28,26,32,13,23,24,29,22,29,28,32,20,27,28,31,24,29,29,32,24,29,29,31,26,30,30,32 0,8,8,9,8,9,9,10,8,9,9,10,9,10,10,11,8,9,9,10,9,10,10,11,9,10,10,11,10,11,11,12
11111 0,22,22,32,22,32,33,38,19,28,30,36,30,35,36,39,20,28,30,35,32,35,38,39,26,31,34,37,33,36,38,39 0,16,16,17,16,17,17,18,16,17,17,18,17,18,18,19,16,17,17,18,17,18,18,19,17,18,18,19,18,19,19,20
00100 0,15,11,0,18,25,20,0,15,0,0,0,23,0,0,0,15,0,0,0,23,0,0,0,0,0,0,0,0,0,0,0 0,23,23,0,14,24,24,0,23,0,0,0,24,0,0,0,23,0,0,0,24,0,0,0,0,0,0,0,0,0,0,0
00000 0,6,5,0,4,0,0,0,5,0,0,0,0,0,0,0,7,0,0,0,0,0,0,0,0,0,0,0,0,0,0,0 0,8,8,0,8,0,0,0,8,0,0,0,0,0,0,0,8,0,0,0,0,0,0,0,0,0,0,0,0,0,0,0
10000 0,14,13,19,11,18,0,0,8,16,0,0,0,0,0,0,12,20,0,0,0,0,0,0,0,0,0,0,0,0,0,0 0,12,21,22,21,22,0,0,21,22,0,0,0,0,0,0,21,22,0,0,0,0,0,0,0,0,0,0,0,0,0,0
00110 0,19,17,0,22,29,30,0,21,32,27,0,33,37,34,0,19,0,0,0,32,0,0,0,30,0,0,0,38,0,0,0 0,30,30,0,21,31,31,0,21,31,31,0,22,32,32,0,30,0,0,0,31,0,0,0,31,0,0,0,32,0,0,0
00100 0,8,14,0,16,18,20,0,9,0,0,0,19,0,0,0,13,0,0,0,19,0,0,0,0,0,0,0,0,0,0,0 0,15,15,0,10,16,16,0,15,0,0,0,16,0,0,0,15,0,0,0,16,0,0,0,0,0,0,0,0,0,0,0
11111 0,14,11,20,14,21,20,25,15,21,22,25,23,26,26,28,15,21,23,25,20,24,24,26,21,25,26,27,26,28,27,28 0,10,10,11,10,11,11,12,10,11,11,12,11,12,12,13,10,11,11,12,11,12,12,13,11,12,12,13,12,13,13,14
10000 0,18,14,21,16,21,0,0,10,22,0,0,0,0,0,0,9,23,0,0,0,0,0,0,0,0,0,0,0,0,0,0 0,14,23,24,23,24,0,0,23,24,0,0,0,0,0,0,23,24,0,0,0,0,0,0,0,0,0,0,0,0,0,0
00010 0,10,6,0,12,0,0,0,14,16,16,0,18,0,0,0,11,0,0,0,0,0,0,0,17,0,0,0,0,0,0,0 0,19,19,0,19,0,0,0,14,20,20,0,20,0,0,0,19,0,0,0,0,0,0,0,20,0,0,0,0,0,0,0
00000 0,13,12,0,17,0,0,0,18,0,0,0,0,0,0,0,14,0,0,0,0,0,0,0,0,0,0,0,0,0,0,0 0,20,20,0,20,0,0,0,20,0,0,0,0,0,0,0,20,0,0,0,0,0,0,0,0,0,0,0,0,0,0,0
11111 0,24,19,31,22,32,30,36,25,31,30,33,32,36,35,37,23,32,33,37,30,35,37,39,32,36,37,38,36,39,39,40 0,12,12,13,12,13,13,14,12,13,13,14,13,14,14,15,12,13,13,14,13,14,14,15,13,14,14,15,14,15,15,16
01100 0,16,21,27,23,30,31,34,9,0,25,0,27,0,33,0,17,0,29,0,31,0,34,0,0,0,0,0,0,0,0,0 0,18,13,19,13,19,14,20,18,0,19,0,19,0,20,0,18,0,19,0,19,0,20,0,0,0,0,0,0,0,0,0
00000 0,4,5,0,6,0,0,0,6,0,0,0,0,0,0,0,2,0,0,0,0,0,0,0,0,0,0,0,0,0,0,0 0,10,10,0,10,0,0,0,10,0,0,0,0,0,0,0,10,0,0,0,0,0,0,0,0,0,0,0,0,0,0,0
01010 0,9,12,15,10,0,15,0,12,17,17,18,16,0,18,0,10,0,17,0,0,0,0,0,16,0,19,0,0,0,0,0 0,16,11,17,16,0,17,0,11,17,12,18,17,0,18,0,16,0,17,0,0,0,0,0,17,0,18,0,0,0,0,0
00000 0,7,3,0,9,0,0,0,8,0,0,0,0,0,0,0,9,0,0,0,0,0,0,0,0,0,0,0,0,0,0,0 0,10,10,0,10,0,0,0,10,0,0,0,0,0,0,0,10,0,0,0,0,0,0,0,0,0,0,0,0,0,0,0
00000 0,7,9,0,11,0,0,0,12,0,0,0,0,0,0,0,12,0,0,0,0,0,0,0,0,0,0,0,0,0,0,0 0,20,20,0,20,0,0,0,20,0,0,0,0,0,0,0,20,0,0,0,0,0,0,0,0,0,0,0,0,0,0,0
11111 0,27,24,32,18,32,33,37,18,33,33,36,27,35,35,38,20,33,32,35,27,35,34,37,29,37,35,38,32,37,35,38 0,10,10,11,10,11,11,12,10,11,11,12,11,12,12,13,10,11,11,12,11,12,12,13,11,12,12,13,12,13,13,14
11111 0,20,21,29,24,33,31,34,25,32,34,36,35,40,38,40,18,30,29,33,32,37,35,37,31,35,36,37,38,41,40,41 0,12,12,13,12,13,13,14,12,13,13,14,13,14,14,15,12,13,13,14,13,14,14,15,13,14,14,15,14,15,15,16
00000 0,7,8,0,7,0,0,0,6,0,0,0,0,0,0,0,7,0,0,0,0,0,0,0,0,0,0,0,0,0,0,0 0,12,12,0,12,0,0,0,12,0,0,0,0,0,0,0,12,0,0,0,0,0,0,0,0,0,0,0,0,0,0,0
10110 0,18,18,26,25,29,28,31,16,25,25,29,30,32,30,32,16,26,0,0,29,31,0,0,25,29,0,0,31,32,0,0 0,16,21,22,16,17,22,23,16,17,22,23,17,18,23,24,21,22,0,0,22,23,0,0,22,23,0,0,23,24,0,0
11101 0,16,16,24,17,24,26,28,13,21,23,26,22,26,27,28,14,23,23,26,24,27,28,28,21,26,27,28,25,27,28,28 0,13,13,14,13,14,14,15,14,15,15,16,15,16,16,17,13,14,14,15,14,15,15,16,15,16,16,17,16,17,17,18
01000 0,14,14,23,15,0,22,0,8,0,19,0,0,0,0,0,12,0,23,0,0,0,0,0,0,0,0,0,0,0,0,0 0,17,12,18,17,0,18,0,17,0,18,0,0,0,0,0,17,0,18,0,0,0,0,0,0,0,0,0,0,0,0,0
11111 0,10,13,17,11,16,17,19,12,15,18,19,18,20,20,21,12,16,19,20,19,20,21,21,18,19,21,21,22,22,22,22 0,6,6,7,6,7,7,8,6,7,7,8,7,8,8,9,6,7,7,8,7,8,8,9,7,8,8,9,8,9,9,10
10001 0,21,16,28,19,30,0,0,16,30,0,0,0,0,0,0,22,31,27,34,29,34,0,0,31,37,0,0,0,0,0,0 0,19,28,29,28,29,0,0,28,29,0,0,0,0,0,0,19,20,29,30,29,30,0,0,29,30,0,0,0,0,0,0
00000 0,2,2,0,3,0,0,0,1,0,0,0,0,0,0,0,2,0,0,0,0,0,0,0,0,0,0,0,0,0,0,0 0,12,12,0,12,0,0,0,12,0,0,0,0,0,0,0,12,0,0,0,0,0,0,0,0,0,0,0,0,0,0,0
00010 0,12,11,0,13,0,0,0,20,25,24,0,23,0,0,0,14,0,0,0,0,0,0,0,25,0,0,0,0,0,0,0 0,15,15,0,15,0,0,0,10,16,16,0,16,0,0,0,15,0,0,0,0,0,0,0,16,0,0,0,0,0,0,0
11111 0,12,12,18,14,17,18,20,10,14,16,19,16,18,18,20,14,17,17,19,17,18,20,20,18,19,19,20,19,19,20,20 0,10,10,11,10,11,11,12,10,11,11,12,11,12,12,13,10,11,11,12,11,12,12,13,11,12,12,13,12,13,13,14
01000 0,13,15,18,10,0,19,0,12,0,18,0,0,0,0,0,11,0,19,0,0,0,0,0,0,0,0,0,0,0,0,0 0,19,14,20,19,0,20,0,19,0,20,0,0,0,0,0,19,0,20,0,0,0,0,0,0,0,0,0,0,0,0,0
00000 0,4,4,0,4,0,0,0,2,0,0,0,0,0,0,0,3,0,0,0,0,0,0,0,0,0,0,0,0,0,0,0 0,16,16,0,16,0,0,0,16,0,0,0,0,0,0,0,16,0,0,0,0,0,0,0,0,0,0,0,0,0,0,0
00010 0,17,18,0,22,0,0,0,22,31,30,0,31,0,0,0,16,0,0,0,0,0,0,0,30,0,0,0,0,0,0,0 0,23,23,0,23,0,0,0,14,24,24,0,24,0,0,0,23,0,0,0,0,0,0,0,24,0,0,0,0,0,0,0
00000 0,2,3,0,3,0,0,0,3,0,0,0,0,0,0,0,2,0,0,0,0,0,0,0,0,0,0,0,0,0,0,0 0,8,8,0,8,0,0,0,8,0,0,0,0,0,0,0,8,0,0,0,0,0,0,0,0,0,0,0,0,0,0,0
01010 0,17,24,30,16,0,31,0,19,28,27,31,27,0,31,0,15,0,29,0,0,0,0,0,26,0,30,0,0,0,0,0 0,28,19,29,28,0,29,0,19,29,20,30,29,0,30,0,28,0,29,0,0,0,0,0,29,0,30,0,0,0,0,0
00000 0,4,6,0,4,0,0,0,6,0,0,0,0,0,0,0,2,0,0,0,0,0,0,0,0,0,0,0,0,0,0,0 0,8,8,0,8,0,0,0,8,0,0,0,0,0,0,0,8,0,0,0,0,0,0,0,0,0,0,0,0,0,0,0
00100 0,14,15,0,15,21,23,0,15,0,0,0,22,0,0,0,14,0,0,0,21,0,0,0,0,0,0,0,0,0,0,0 0,23,23,0,14,24,24,0,23,0,0,0,24,0,0,0,23,0,0,0,24,0,0,0,0,0,0,0,0,0,0,0
00000 0,8,6,0,4,0,0,0,5,0,0,0,0,0,0,0,7,0,0,0,0,0,0,0,0,0,0,0,0,0,0,0 0,20,20,0,20,0,0,0,20,0,0,0,0,0,0,0,20,0,0,0,0,0,0,0,0,0,0,0,0,0,0,0
00101 0,13,17,0,17,25,28,0,14,0,0,0,23,0,0,0,21,27,27,0,30,33,33,0,25,0,0,0,30,0,0,0 0,22,22,0,17,23,23,0,22,0,0,0,23,0,0,0,17,23,23,0,18,24,24,0,23,0,0,0,24,0,0,0
01100 0,13,18,23,14,22,21,24,13,0,21,0,20,0,24,0,13,0,22,0,21,0,25,0,0,0,0,0,0,0,0,0 0,16,11,17,11,17,12,18,16,0,17,0,17,0,18,0,16,0,17,0,17,0,18,0,0,0,0,0,0,0,0,0
01110 0,18,17,27,28,30,33,34,17,27,28,32,34,34,38,38,20,0,26,0,31,0,34,0,29,0,33,0,36,0,39,0 0,21,16,22,16,22,17,23,16,22,17,23,17,23,18,24,21,0,22,0,22,0,23,0,22,0,23,0,23,0,24,0
11111 0,15,15,20,13,18,18,21,16,20,21,23,19,20,22,23,16,22,21,23,22,24,23,24,24,26,25,26,26,26,26,26 0,6,6,7,6,7,7,8,6,7,7,8,7,8,8,9,6,7,7,8,7,8,8,9,7,8,8,9,8,9,9,10
01000 0,17,16,22,11,0,22,0,13,0,19,0,0,0,0,0,16,0,21,0,0,0,0,0,0,0,0,0,0,0,0,0 0,23,14,24,23,0,24,0,23,0,24,0,0,0,0,0,23,0,24,0,0,0,0,0,0,0,0,0,0,0,0,0
00111 0,15,13,0,22,30,27,0,20,27,26,0,31,34,34,0,23,31,30,0,33,37,35,0,33,36,35,0,37,38,38,0 0,23,23,0,18,24,24,0,18,24,24,0,19,25,25,0,18,24,24,0,19,25,25,0,19,25,25,0,20,26,26,0
10000 0,18,13,22,14,23,0,0,16,24,0,0,0,0,0,0,13,20,0,0,0,0,0,0,0,0,0,0,0,0,0,0 0,12,21,22,21,22,0,0,21,22,0,0,0,0,0,0,21,22,0,0,0,0,0,0,0,0,0,0,0,0,0,0
11111 0,14,12,19,9,16,16,20,14,19,19,21,16,19,19,21,9,16,14,19,14,18,17,20,17,19,20,21,18,19,20,21 0,8,8,9,8,9,9,10,8,9,9,10,9,10,10,11,8,9,9,10,9,10,10,11,9,10,10,11,10,11,11,12
01010 0,23,24,33,15,0,32,0,25,29,36,36,31,0,40,0,23,0,35,0,0,0,0,0,35,0,41,0,0,0,0,0 0,26,21,27,26,0,27,0,21,27,22,28,27,0,28,0,26,0,27,0,0,0,0,0,27,0,28,0,0,0,0,0
00000 0,5,10,0,5,0,0,0,8,0,0,0,0,0,0,0,7,0,0,0,0,0,0,0,0,0,0,0,0,0,0,0 0,16,16,0,16,0,0,0,16,0,0,0,0,0,0,0,16,0,0,0,0,0,0,0,0,0,0,0,0,0,0,0
01000 0,8,11,16,9,0,15,0,10,0,17,0,0,0,0,0,8,0,15,0,0,0,0,0,0,0,0,0,0,0,0,0 0,19,10,20,19,0,20,0,19,0,20,0,0,0,0,0,19,0,20,0,0,0,0,0,0,0,0,0,0,0,0,0
11111 0,21,24,31,18,28,31,33,24,33,34,36,31,36,36,37,19,30,33,37,31,35,39,39,32,36,38,39,38,39,40,40 0,8,8,9,8,9,9,10,8,9,9,10,9,10,10,11,8,9,9,10,9,10,10,11,9,10,10,11,10,11,11,12
01000 0,11,12,18,8,0,14,0,8,0,15,0,0,0,0,0,11,0,17,0,0,0,0,0,0,0,0,0,0,0,0,0 0,13,12,14,13,0,14,0,13,0,14,0,0,0,0,0,13,0,14,0,0,0,0,0,0,0,0,0,0,0,0,0
11111 0,23,15,28,18,28,23,31,16,28,20,29,27,32,27,32,14,27,26,31,28,31,31,33,23,30,27,31,32,33,32,33 0,14,14,15,14,15,15,16,14,15,15,16,15,16,16,17,14,15,15,16,15,16,16,17,15,16,16,17,16,17,17,18
00000 0,5,5,0,5,0,0,0,6,0,0,0,0,0,0,0,6,0,0,0,0,0,0,0,0,0,0,0,0,0,0,0 0,10,10,0,10,0,0,0,10,0,0,0,0,0,0,0,10,0,0,0,0,0,0,0,0,0,0,0,0,0,0,0
11111 0,12,13,17,10,16,17,19,12,14,18,19,15,17,19,20,13,19,18,20,18,20,20,21,19,19,20,20,20,20,21,21 0,10,10,11,10,11,11,12,10,11,11,12,11,12,12,13,10,11,11,12,11,12,12,13,11,12,12,13,12,13,13,14
00000 0,5,3,0,3,0,0,0,4,0,0,0,0,0,0,0,8,0,0,0,0,0,0,0,0,0,0,0,0,0,0,0 0,16,16,0,16,0,0,0,16,0,0,0,0,0,0,0,16,0,0,0,0,0,0,0,0,0,0,0,0,0,0,0
11111 0,22,24,34,22,32,33,37,25,35,36,41,34,38,39,41,25,32,36,38,33,39,38,40,37,41,42,43,40,43,42,43 0,16,16,17,16,17,17,18,16,17,17,18,17,18,18,19,16,17,17,18,17,18,18,19,17,18,18,19,18,19,19,20
00001 0,6,6,0,6,0,0,0,5,0,0,0,0,0,0,0,10,11,10,0,12,0,0,0,12,0,0,0,0,0,0,0 0,11,11,0,11,0,0,0,11,0,0,0,0,0,0,0,6,12,12,0,12,0,0,0,12,0,0,0,0,0,0,0
01000 0,12,15,19,12,0,18,0,8,0,17,0,0,0,0,0,13,0,21,0,0,0,0,0,0,0,0,0,0,0,0,0 0,23,14,24,23,0,24,0,23,0,24,0,0,0,0,0,23,0,24,0,0,0,0,0,0,0,0,0,0,0,0,0
11111 0,13,16,22,18,23,24,27,14,19,20,23,21,24,25,27,18,22,24,26,27,28,30,30,25,25,27,27,29,29,30,30 0,6,6,7,6,7,7,8,6,7,7,8,7,8,8,9,6,7,7,8,7,8,8,9,7,8,8,9,8,9,9,10
01000 0,16,15,27,15,0,26,0,17,0,25,0,0,0,0,0,19,0,26,0,0,0,0,0,0,0,0,0,0,0,0,0 0,21,12,22,21,0,22,0,21,0,22,0,0,0,0,0,21,0,22,0,0,0,0,0,0,0,0,0,0,0,0,0
10010 0,13,15,23,14,17,0,0,13,20,22,25,20,23,0,0,14,21,0,0,0,0,0,0,21,25,0,0,0,0,0,0 0,13,18,19,18,19,0,0,13,14,19,20,19,20,0,0,18,19,0,0,0,0,0,0,19,20,0,0,0,0,0,0
00010 0,15,18,0,18,0,0,0,23,26,30,0,29,0,0,0,14,0,0,0,0,0,0,0,31,0,0,0,0,0,0,0 0,29,29,0,29,0,0,0,20,30,30,0,30,0,0,0,29,0,0,0,0,0,0,0,30,0,0,0,0,0,0,0
01010 0,12,13,20,12,0,18,0,15,19,22,24,20,0,23,0,11,0,20,0,0,0,0,0,20,0,26,0,0,0,0,0 0,16,11,17,16,0,17,0,11,17,12,18,17,0,18,0,16,0,17,0,0,0,0,0,17,0,18,0,0,0,0,0
00000 0,9,5,0,9,0,0,0,9,0,0,0,0,0,0,0,5,0,0,0,0,0,0,0,0,0,0,0,0,0,0,0 0,16,16,0,16,0,0,0,16,0,0,0,0,0,0,0,16,0,0,0,0,0,0,0,0,0,0,0,0,0,0,0
00000 0,11,15,0,15,0,0,0,12,0,0,0,0,0,0,0,15,0,0,0,0,0,0,0,0,0,0,0,0,0,0,0 0,20,20,0,20,0,0,0,20,0,0,0,0,0,0,0,20,0,0,0,0,0,0,0,0,0,0,0,0,0,0,0
00001 0,14,22,0,22,0,0,0,18,0,0,0,0,0,0,0,21,27,33,0,32,0,0,0,29,0,0,0,0,0,0,0 0,25,25,0,25,0,0,0,25,0,0,0,0,0,0,0,16,26,26,0,26,0,0,0,26,0,0,0,0,0,0,0
00000 0,8,7,0,7,0,0,0,5,0,0,0,0,0,0,0,6,0,0,0,0,0,0,0,0,0,0,0,0,0,0,0 0,12,12,0,12,0,0,0,12,0,0,0,0,0,0,0,12,0,0,0,0,0,0,0,0,0,0,0,0,0,0,0
10100 0,12,11,16,16,18,17,18,7,16,0,0,17,18,0,0,9,16,0,0,17,18,0,0,0,0,0,0,0,0,0,0 0,11,16,17,11,12,17,18,16,17,0,0,17,18,0,0,16,17,0,0,17,18,0,0,0,0,0,0,0,0,0,0
10000 0,19,18,28,21,30,0,0,14,27,0,0,0,0,0,0,22,32,0,0,0,0,0,0,0,0,0,0,0,0,0,0 0,16,25,26,25,26,0,0,25,26,0,0,0,0,0,0,25,26,0,0,0,0,0,0,0,0,0,0,0,0,0,0
00000 0,5,7,0,6,0,0,0,7,0,0,0,0,0,0,0,6,0,0,0,0,0,0,0,0,0,0,0,0,0,0,0 0,12,12,0,12,0,0,0,12,0,0,0,0,0,0,0,12,0,0,0,0,0,0,0,0,0,0,0,0,0,0,0
01010 0,10,12,17,8,0,16,0,15,20,20,22,18,0,22,0,12,0,16,0,0,0,0,0,20,0,22,0,0,0,0,0 0,16,11,17,16,0,17,0,11,17,12,18,17,0,18,0,16,0,17,0,0,0,0,0,17,0,18,0,0,0,0,0
01000 0,13,14,18,13,0,19,0,10,0,19,0,0,0,0,0,10,0,18,0,0,0,0,0,0,0,0,0,0,0,0,0 0,23,14,24,23,0,24,0,23,0,24,0,0,0,0,0,23,0,24,0,0,0,0,0,0,0,0,0,0,0,0,0
11000 0,7,10,12,4,10,11,13,7,10,11,12,0,0,0,0,6,9,12,13,0,0,0,0,0,0,0,0,0,0,0,0 0,7,7,8,8,9,9,10,8,9,9,10,0,0,0,0,8,9,9,10,0,0,0,0,0,0,0,0,0,0,0,0
10000 0,9,3,12,9,15,0,0,7,15,0,0,0,0,0,0,6,14,0,0,0,0,0,0,0,0,0,0,0,0,0,0 0,8,8,14,13,14,0,0,13,14,0,0,0,0,0,0,13,14,0,0,0,0,0,0,0,0,0,0,0,0,0,0
10010 0,19,10,22,13,24,0,0,15,24,18,25,21,26,0,0,13,22,0,0,0,0,0,0,19,24,0,0,0,0,0,0 0,11,16,17,16,17,0,0,11,12,17,18,17,18,0,0,16,17,0,0,0,0,0,0,17,18,0,0,0,0,0,0
10110 0,16,16,24,16,27,23,27,17,23,22,27,26,30,27,30,13,25,0,0,22,31,0,0,23,28,0,0,29,32,0,0 0,16,21,22,16,17,22,23,16,17,22,23,17,18,23,24,21,22,0,0,22,23,0,0,22,23,0,0,23,24,0,0
11111 0,10,12,19,14,21,21,25,13,22,18,25,19,25,22,26,14,19,19,23,20,24,22,25,19,24,22,26,22,26,23,26 0,10,10,11,10,11,11,12,10,11,11,12,11,12,12,13,10,11,11,12,11,12,12,13,11,12,12,13,12,13,13,14
00000 0,8,7,0,7,0,0,0,14,0,0,0,0,0,0,0,6,0,0,0,0,0,0,0,0,0,0,0,0,0,0,0 0,18,18,0,18,0,0,0,18,0,0,0,0,0,0,0,18,0,0,0,0,0,0,0,0,0,0,0,0,0,0,0
00000 0,7,8,0,9,0,0,0,11,0,0,0,0,0,0,0,6,0,0,0,0,0,0,0,0,0,0,0,0,0,0,0 0,16,16,0,16,0,0,0,16,0,0,0,0,0,0,0,16,0,0,0,0,0,0,0,0,0,0,0,0,0,0,0
00000 0,6,7,0,5,0,0,0,1,0,0,0,0,0,0,0,7,0,0,0,0,0,0,0,0,0,0,0,0,0,0,0 0,12,12,0,12,0,0,0,12,0,0,0,0,0,0,0,12,0,0,0,0,0,0,0,0,0,0,0,0,0,0,0
00000 0,13,14,0,14,0,0,0,12,0,0,0,0,0,0,0,9,0,0,0,0,0,0,0,0,0,0,0,0,0,0,0 0,20,20,0,20,0,0,0,20,0,0,0,0,0,0,0,20,0,0,0,0,0,0,0,0,0,0,0,0,0,0,0
11111 0,19,26,33,17,26,31,34,21,28,32,36,30,32,36,37,21,30,34,38,30,34,37,38,32,35,38,40,37,37,40,40 0,6,6,7,6,7,7,8,6,7,7,8,7,8,8,9,6,7,7,8,7,8,8,9,7,8,8,9,8,9,9,10
01010 0,19,23,30,17,0,30,0,21,32,33,37,33,0,37,0,20,0,30,0,0,0,0,0,30,0,37,0,0,0,0,0 0,26,21,27,26,0,27,0,21,27,22,28,27,0,28,0,26,0,27,0,0,0,0,0,27,0,28,0,0,0,0,0
00000 0,8,10,0,6,0,0,0,10,0,0,0,0,0,0,0,13,0,0,0,0,0,0,0,0,0,0,0,0,0,0,0 0,14,14,0,14,0,0,0,14,0,0,0,0,0,0,0,14,0,0,0,0,0,0,0,0,0,0,0,0,0,0,0
00000 0,14,11,0,13,0,0,0,14,0,0,0,0,0,0,0,14,0,0,0,0,0,0,0,0,0,0,0,0,0,0,0 0,18,18,0,18,0,0,0,18,0,0,0,0,0,0,0,18,0,0,0,0,0,0,0,0,0,0,0,0,0,0,0
10011 0,13,6,17,8,16,0,0,12,17,14,19,15,18,0,0,11,17,13,18,14,18,0,0,17,19,18,20,17,19,0,0 0,10,11,12,11,12,0,0,10,11,12,13,12,13,0,0,10,11,12,13,12,13,0,0,11,12,13,14,13,14,0,0
00000 0,2,3,0,6,0,0,0,2,0,0,0,0,0,0,0,5,0,0,0,0,0,0,0,0,0,0,0,0,0,0,0 0,16,16,0,16,0,0,0,16,0,0,0,0,0,0,0,16,0,0,0,0,0,0,0,0,0,0,0,0,0,0,0
00000 0,12,6,0,13,0,0,0,16,0,0,0,0,0,0,0,14,0,0,0,0,0,0,0,0,0,0,0,0,0,0,0 0,20,20,0,20,0,0,0,20,0,0,0,0,0,0,0,20,0,0,0,0,0,0,0,0,0,0,0,0,0,0,0
00001 0,6,5,0,3,0,0,0,3,0,0,0,0,0,0,0,9,10,9,0,9,0,0,0,10,0,0,0,0,0,0,0 0,7,7,0,7,0,0,0,7,0,0,0,0,0,0,0,6,8,8,0,8,0,0,0,8,0,0,0,0,0,0,0
01100 0,8,9,14,12,15,18,19,7,0,13,0,16,0,20,0,10,0,14,0,16,0,19,0,0,0,0,0,0,0,0,0 0,10,9,11,9,11,10,12,10,0,11,0,11,0,12,0,10,0,11,0,11,0,12,0,0,0,0,0,0,0,0,0
11111 0,24,19,31,25,34,33,37,22,33,31,37,31,35,35,37,20,31,29,35,33,36,37,38,31,36,36,38,37,37,38,38 0,10,10,11,10,11,11,12,10,11,11,12,11,12,12,13,10,11,11,12,11,12,12,13,11,12,12,13,12,13,13,14
10000 0,20,17,28,20,29,0,0,20,31,0,0,0,0,0,0,22,30,0,0,0,0,0,0,0,0,0,0,0,0,0,0 0,16,25,26,25,26,0,0,25,26,0,0,0,0,0,0,25,26,0,0,0,0,0,0,0,0,0,0,0,0,0,0
01000 0,16,17,25,19,0,26,0,24,0,30,0,0,0,0,0,19,0,29,0,0,0,0,0,0,0,0,0,0,0,0,0 0,21,12,22,21,0,22,0,21,0,22,0,0,0,0,0,21,0,22,0,0,0,0,0,0,0,0,0,0,0,0,0
00000 0,2,3,0,4,0,0,0,3,0,0,0,0,0,0,0,5,0,0,0,0,0,0,0,0,0,0,0,0,0,0,0 0,10,10,0,10,0,0,0,10,0,0,0,0,0,0,0,10,0,0,0,0,0,0,0,0,0,0,0,0,0,0,0
11111 0,25,21,33,21,32,30,37,21,34,33,39,32,38,37,40,25,33,31,37,32,36,36,39,35,39,38,41,38,40,40,41 0,8,8,9,8,9,9,10,8,9,9,10,9,10,10,11,8,9,9,10,9,10,10,11,9,10,10,11,10,11,11,12
01000 0,17,15,25,12,0,22,0,18,0,27,0,0,0,0,0,14,0,24,0,0,0,0,0,0,0,0,0,0,0,0,0 0,21,12,22,21,0,22,0,21,0,22,0,0,0,0,0,21,0,22,0,0,0,0,0,0,0,0,0,0,0,0,0
00010 0,22,16,0,19,0,0,0,24,29,31,0,30,0,0,0,16,0,0,0,0,0,0,0,28,0,0,0,0,0,0,0 0,29,29,0,29,0,0,0,20,30,30,0,30,0,0,0,29,0,0,0,0,0,0,0,30,0,0,0,0,0,0,0
00001 0,21,19,0,23,0,0,0,24,0,0,0,0,0,0,0,26,33,33,0,32,0,0,0,35,0,0,0,0,0,0,0 0,27,27,0,27,0,0,0,27,0,0,0,0,0,0,0,18,28,28,0,28,0,0,0,28,0,0,0,0,0,0,0
11110 0,21,24,32,22,33,33,39,24,33,33,37,33,37,38,40,20,32,32,36,29,37,35,39,32,36,36,38,35,38,38,40 0,21,21,22,21,22,22,23,21,22,22,23,22,23,23,24,26,27,27,28,27,28,28,29,27,28,28,29,28,29,29,30
11111 0,19,29,36,26,34,37,41,20,32,38,41,36,41,42,44,20,29,38,41,35,38,41,43,33,38,41,42,41,43,43,44 0,10,10,11,10,11,11,12,10,11,11,12,11,12,12,13,10,11,11,12,11,12,12,13,11,12,12,13,12,13,13,14
00010 0,9,10,0,8,0,0,0,11,14,13,0,14,0,0,0,8,0,0,0,0,0,0,0,14,0,0,0,0,0,0,0 0,11,11,0,11,0,0,0,10,12,12,0,12,0,0,0,11,0,0,0,0,0,0,0,12,0,0,0,0,0,0,0
01100 0,18,19,30,22,32,32,37,19,0,29,0,31,0,35,0,17,0,29,0,33,0,37,0,0,0,0,0,0,0,0,0 0,28,19,29,19,29,20,30,28,0,29,0,29,0,30,0,28,0,29,0,29,0,30,0,0,0,0,0,0,0,0,0
00100 0,14,13,0,16,22,20,0,11,0,0,0,18,0,0,0,11,0,0,0,20,0,0,0,0,0,0,0,0,0,0,0 0,21,21,0,12,22,22,0,21,0,0,0,22,0,0,0,21,0,0,0,22,0,0,0,0,0,0,0,0,0,0,0
10100 0,12,8,13,9,13,11,14,6,13,0,0,12,14,0,0,6,13,0,0,9,13,0,0,0,0,0,0,0,0,0,0 0,9,10,11,9,10,11,12,10,11,0,0,11,12,0,0,10,11,0,0,11,12,0,0,0,0,0,0,0,0,0,0
00000 0,8,8,0,7,0,0,0,11,0,0,0,0,0,0,0,6,0,0,0,0,0,0,0,0,0,0,0,0,0,0,0 0,12,12,0,12,0,0,0,12,0,0,0,0,0,0,0,12,0,0,0,0,0,0,0,0,0,0,0,0,0,0,0
00000 0,4,3,0,3,0,0,0,4,0,0,0,0,0,0,0,5,0,0,0,0,0,0,0,0,0,0,0,0,0,0,0 0,16,16,0,16,0,0,0,16,0,0,0,0,0,0,0,16,0,0,0,0,0,0,0,0,0,0,0,0,0,0,0
00000 0,7,2,0,5,0,0,0,6,0,0,0,0,0,0,0,4,0,0,0,0,0,0,0,0,0,0,0,0,0,0,0 0,8,8,0,8,0,0,0,8,0,0,0,0,0,0,0,8,0,0,0,0,0,0,0,0,0,0,0,0,0,0,0
00000 0,16,10,0,7,0,0,0,9,0,0,0,0,0,0,0,14,0,0,0,0,0,0,0,0,0,0,0,0,0,0,0 0,20,20,0,20,0,0,0,20,0,0,0,0,0,0,0,20,0,0,0,0,0,0,0,0,0,0,0,0,0,0,0
01111 0,12,16,23,19,24,24,28,17,22,23,27,25,27,27,29,19,25,24,28,28,31,28,31,25,28,28,30,30,31,30,31 0,14,13,15,13,15,14,16,13,15,14,16,14,16,15,17,13,15,14,16,14,16,15,17,14,16,15,17,15,17,16,18
00000 0,6,11,0,10,0,0,0,9,0,0,0,0,0,0,0,8,0,0,0,0,0,0,0,0,0,0,0,0,0,0,0 0,12,12,0,12,0,0,0,12,0,0,0,0,0,0,0,12,0,0,0,0,0,0,0,0,0,0,0,0,0,0,0
00000 0,7,11,0,6,0,0,0,8,0,0,0,0,0,0,0,13,0,0,0,0,0,0,0,0,0,0,0,0,0,0,0 0,14,14,0,14,0,0,0,14,0,0,0,0,0,0,0,14,0,0,0,0,0,0,0,0,0,0,0,0,0,0,0
00000 0,4,3,0,5,0,0,0,5,0,0,0,0,0,0,0,7,0,0,0,0,0,0,0,0,0,0,0,0,0,0,0 0,8,8,0,8,0,0,0,8,0,0,0,0,0,0,0,8,0,0,0,0,0,0,0,0,0,0,0,0,0,0,0
00001 0,12,11,0,11,0,0,0,14,0,0,0,0,0,0,0,11,19,16,0,17,0,0,0,20,0,0,0,0,0,0,0 0,13,13,0,13,0,0,0,13,0,0,0,0,0,0,0,8,14,14,0,14,0,0,0,14,0,0,0,0,0,0,0
11111 0,19,24,31,19,26,28,32,20,29,28,33,28,32,31,33,18,29,28,34,28,33,31,35,26,32,31,35,32,35,33,35 0,10,10,11,10,11,11,12,10,11,11,12,11,12,12,13,10,11,11,12,11,12,12,13,11,12,12,13,12,13,13,14
00001 0,20,14,0,18,0,0,0,22,0,0,0,0,0,0,0,23,34,30,0,31,0,0,0,33,0,0,0,0,0,0,0 0,25,25,0,25,0,0,0,25,0,0,0,0,0,0,0,16,26,26,0,26,0,0,0,26,0,0,0,0,0,0,0
00101 0,18,18,0,20,26,28,0,13,0,0,0,25,0,0,0,21,27,26,0,30,31,31,0,26,0,0,0,30,0,0,0 0,20,20,0,15,21,21,0,20,0,0,0,21,0,0,0,15,21,21,0,16,22,22,0,21,0,0,0,22,0,0,0
00100 0,12,11,0,15,22,19,0,17,0,0,0,22,0,0,0,13,0,0,0,23,0,0,0,0,0,0,0,0,0,0,0 0,23,23,0,14,24,24,0,23,0,0,0,24,0,0,0,23,0,0,0,24,0,0,0,0,0,0,0,0,0,0,0
00011 0,13,12,0,12,0,0,0,16,20,21,0,21,0,0,0,17,23,20,0,21,0,0,0,22,23,24,0,23,0,0,0 0,14,14,0,14,0,0,0,13,15,15,0,15,0,0,0,13,15,15,0,15,0,0,0,14,16,16,0,16,0,0,0
00001 0,12,10,0,11,0,0,0,12,0,0,0,0,0,0,0,13,18,17,0,18,0,0,0,16,0,0,0,0,0,0,0 0,13,13,0,13,0,0,0,13,0,0,0,0,0,0,0,12,14,14,0,14,0,0,0,14,0,0,0,0,0,0,0
11001 0,20,22,32,18,30,30,36,19,27,31,33,0,0,0,0,20,27,32,35,29,33,36,37,30,32,36,36,0,0,0,0 0,20,20,21,25,26,26,27,25,26,26,27,0,0,0,0,20,21,21,22,26,27,27,28,26,27,27,28,0,0,0,0
11001 0,12,12,17,10,18,15,20,9,16,13,18,0,0,0,0,15,20,18,21,17,21,18,21,18,21,18,21,0,0,0,0 0,10,10,11,11,12,12,13,11,12,12,13,0,0,0,0,10,11,11,12,12,13,13,14,12,13,13,14,0,0,0,0
01000 0,10,13,18,13,0,19,0,13,0,18,0,0,0,0,0,6,0,16,0,0,0,0,0,0,0,0,0,0,0,0,0 0,15,10,16,15,0,16,0,15,0,16,0,0,0,0,0,15,0,16,0,0,0,0,0,0,0,0,0,0,0,0,0
00000 0,3,4,0,4,0,0,0,6,0,0,0,0,0,0,0,6,0,0,0,0,0,0,0,0,0,0,0,0,0,0,0 0,10,10,0,10,0,0,0,10,0,0,0,0,0,0,0,10,0,0,0,0,0,0,0,0,0,0,0,0,0,0,0
01010 0,16,16,27,15,0,24,0,19,30,31,37,29,0,35,0,17,0,28,0,0,0,0,0,26,0,35,0,0,0,0,0 0,20,15,21,20,0,21,0,15,21,16,22,21,0,22,0,20,0,21,0,0,0,0,0,21,0,22,0,0,0,0,0
10000 0,12,23,26,16,24,0,0,15,22,0,0,0,0,0,0,18,23,0,0,0,0,0,0,0,0,0,0,0,0,0,0 0,10,19,20,19,20,0,0,19,20,0,0,0,0,0,0,19,20,0,0,0,0,0,0,0,0,0,0,0,0,0,0
00100 0,8,6,0,12,15,15,0,11,0,0,0,16,0,0,0,9,0,0,0,16,0,0,0,0,0,0,0,0,0,0,0 0,13,13,0,12,14,14,0,13,0,0,0,14,0,0,0,13,0,0,0,14,0,0,0,0,0,0,0,0,0,0,0
11111 0,22,23,32,23,31,32,36,21,34,33,38,32,37,38,40,18,31,32,35,31,35,37,38,30,39,40,41,37,40,42,42 0,12,12,13,12,13,13,14,12,13,13,14,13,14,14,15,12,13,13,14,13,14,14,15,13,14,14,15,14,15,15,16
00000 0,11,7,0,14,0,0,0,10,0,0,0,0,0,0,0,9,0,0,0,0,0,0,0,0,0,0,0,0,0,0,0 0,18,18,0,18,0,0,0,18,0,0,0,0,0,0,0,18,0,0,0,0,0,0,0,0,0,0,0,0,0,0,0
10110 0,19,11,24,15,26,20,28,19,28,26,30,27,32,31,33,12,25,0,0,20,30,0,0,23,30,0,0,28,33,0,0 0,14,15,16,14,15,16,17,14,15,16,17,15,16,17,18,15,16,0,0,16,17,0,0,16,17,0,0,17,18,0,0
00000 0,5,6,0,6,0,0,0,6,0,0,0,0,0,0,0,4,0,0,0,0,0,0,0,0,0,0,0,0,0,0,0 0,10,10,0,10,0,0,0,10,0,0,0,0,0,0,0,10,0,0,0,0,0,0,0,0,0,0,0,0,0,0,0
11111 0,19,23,32,20,33,33,39,26,35,34,40,34,41,38,42,20,29,33,37,31,38,39,42,31,37,36,40,37,42,39,42 0,10,10,11,10,11,11,12,10,11,11,12,11,12,12,13,10,11,11,12,11,12,12,13,11,12,12,13,12,13,13,14
00010 0,11,10,0,13,0,0,0,16,20,19,0,21,0,0,0,12,0,0,0,0,0,0,0,19,0,0,0,0,0,0,0 0,25,25,0,25,0,0,0,16,26,26,0,26,0,0,0,25,0,0,0,0,0,0,0,26,0,0,0,0,0,0,0
00000 0,1,2,0,1,0,0,0,4,0,0,0,0,0,0,0,3,0,0,0,0,0,0,0,0,0,0,0,0,0,0,0 0,6,6,0,6,0,0,0,6,0,0,0,0,0,0,0,6,0,0,0,0,0,0,0,0,0,0,0,0,0,0,0
00000 0,8,8,0,6,0,0,0,8,0,0,0,0,0,0,0,10,0,0,0,0,0,0,0,0,0,0,0,0,0,0,0 0,16,16,0,16,0,0,0,16,0,0,0,0,0,0,0,16,0,0,0,0,0,0,0,0,0,0,0,0,0,0,0
00010 0,10,9,0,12,0,0,0,14,17,18,0,19,0,0,0,11,0,0,0,0,0,0,0,19,0,0,0,0,0,0,0 0,13,13,0,13,0,0,0,8,14,14,0,14,0,0,0,13,0,0,0,0,0,0,0,14,0,0,0,0,0,0,0
11111 0,11,7,11,8,13,11,13,7,13,10,13,12,15,14,15,9,14,12,14,11,14,13,14,11,15,13,15,13,15,14,15 0,6,6,7,6,7,7,8,6,7,7,8,7,8,8,9,6,7,7,8,7,8,8,9,7,8,8,9,8,9,9,10
01000 0,13,13,21,10,0,19,0,14,0,22,0,0,0,0,0,17,0,23,0,0,0,0,0,0,0,0,0,0,0,0,0 0,15,10,16,15,0,16,0,15,0,16,0,0,0,0,0,15,0,16,0,0,0,0,0,0,0,0,0,0,0,0,0
00010 0,7,6,0,3,0,0,0,8,11,11,0,9,0,0,0,6,0,0,0,0,0,0,0,11,0,0,0,0,0,0,0 0,11,11,0,11,0,0,0,6,12,12,0,12,0,0,0,11,0,0,0,0,0,0,0,12,0,0,0,0,0,0,0
00010 0,16,14,0,14,0,0,0,17,24,23,0,23,0,0,0,13,0,0,0,0,0,0,0,21,0,0,0,0,0,0,0 0,19,19,0,19,0,0,0,10,20,20,0,20,0,0,0,19,0,0,0,0,0,0,0,20,0,0,0,0,0,0,0
00010 0,22,16,0,16,0,0,0,27,36,33,0,32,0,0,0,19,0,0,0,0,0,0,0,33,0,0,0,0,0,0,0 0,23,23,0,23,0,0,0,14,24,24,0,24,0,0,0,23,0,0,0,0,0,0,0,24,0,0,0,0,0,0,0
11111 0,12,11,17,15,20,18,22,11,18,17,21,18,22,20,23,9,18,17,21,19,23,21,24,16,21,21,23,21,24,23,25 0,6,6,7,6,7,7,8,6,7,7,8,7,8,8,9,6,7,7,8,7,8,8,9,7,8,8,9,8,9,9,10
00000 0,8,8,0,9,0,0,0,4,0,0,0,0,0,0,0,7,0,0,0,0,0,0,0,0,0,0,0,0,0,0,0 0,10,10,0,10,0,0,0,10,0,0,0,0,0,0,0,10,0,0,0,0,0,0,0,0,0,0,0,0,0,0,0
11111 0,14,10,16,9,15,14,16,11,15,15,16,14,16,16,16,8,15,13,16,12,16,14,16,13,15,16,16,15,16,16,16 0,8,8,9,8,9,9,10,8,9,9,10,9,10,10,11,8,9,9,10,9,10,10,11,9,10,10,11,10,11,11,12
01111 0,13,18,25,21,28,26,30,17,25,25,30,26,30,29,31,19,24,26,29,28,31,30,32,27,30,30,32,31,33,32,33 0,16,15,17,15,17,16,18,15,17,16,18,16,18,17,19,15,17,16,18,16,18,17,19,16,18,17,19,17,19,18,20
00000 0,6,4,0,4,0,0,0,5,0,0,0,0,0,0,0,3,0,0,0,0,0,0,0,0,0,0,0,0,0,0,0 0,16,16,0,16,0,0,0,16,0,0,0,0,0,0,0,16,0,0,0,0,0,0,0,0,0,0,0,0,0,0,0
10100 0,13,10,17,12,19,16,21,9,16,0,0,17,21,0,0,7,16,0,0,16,21,0,0,0,0,0,0,0,0,0,0 0,11,12,13,11,12,13,14,12,13,0,0,13,14,0,0,12,13,0,0,13,14,0,0,0,0,0,0,0,0,0,0
00000 0,13,12,0,10,0,0,0,11,0,0,0,0,0,0,0,9,0,0,0,0,0,0,0,0,0,0,0,0,0,0,0 0,16,16,0,16,0,0,0,16,0,0,0,0,0,0,0,16,0,0,0,0,0,0,0,0,0,0,0,0,0,0,0
00000 0,15,16,0,15,0,0,0,13,0,0,0,0,0,0,0,14,0,0,0,0,0,0,0,0,0,0,0,0,0,0,0 0,20,20,0,20,0,0,0,20,0,0,0,0,0,0,0,20,0,0,0,0,0,0,0,0,0,0,0,0,0,0,0
00010 0,14,12,0,13,0,0,0,15,21,21,0,21,0,0,0,14,0,0,0,0,0,0,0,22,0,0,0,0,0,0,0 0,17,17,0,17,0,0,0,12,18,18,0,18,0,0,0,17,0,0,0,0,0,0,0,18,0,0,0,0,0,0,0
00000 0,8,8,0,9,0,0,0,8,0,0,0,0,0,0,0,7,0,0,0,0,0,0,0,0,0,0,0,0,0,0,0 0,12,12,0,12,0,0,0,12,0,0,0,0,0,0,0,12,0,0,0,0,0,0,0,0,0,0,0,0,0,0,0
10000 0,10,10,18,10,16,0,0,10,16,0,0,0,0,0,0,14,16,0,0,0,0,0,0,0,0,0,0,0,0,0,0 0,6,11,12,11,12,0,0,11,12,0,0,0,0,0,0,11,12,0,0,0,0,0,0,0,0,0,0,0,0,0,0
01010 0,18,15,23,11,0,20,0,16,23,22,25,22,0,25,0,18,0,23,0,0,0,0,0,24,0,26,0,0,0,0,0 0,20,15,21,20,0,21,0,15,21,16,22,21,0,22,0,20,0,21,0,0,0,0,0,21,0,22,0,0,0,0,0
00010 0,15,15,0,20,0,0,0,23,32,29,0,31,0,0,0,18,0,0,0,0,0,0,0,30,0,0,0,0,0,0,0 0,27,27,0,27,0,0,0,18,28,28,0,28,0,0,0,27,0,0,0,0,0,0,0,28,0,0,0,0,0,0,0
00000 0,11,15,0,13,0,0,0,13,0,0,0,0,0,0,0,11,0,0,0,0,0,0,0,0,0,0,0,0,0,0,0 0,16,16,0,16,0,0,0,16,0,0,0,0,0,0,0,16,0,0,0,0,0,0,0,0,0,0,0,0,0,0,0
10010 0,12,8,15,9,17,0,0,14,19,16,20,17,19,0,0,8,17,0,0,0,0,0,0,16,19,0,0,0,0,0,0 0,9,10,11,10,11,0,0,9,10,11,12,11,12,0,0,10,11,0,0,0,0,0,0,11,12,0,0,0,0,0,0
00000 0,10,11,0,6,0,0,0,8,0,0,0,0,0,0,0,10,0,0,0,0,0,0,0,0,0,0,0,0,0,0,0 0,18,18,0,18,0,0,0,18,0,0,0,0,0,0,0,18,0,0,0,0,0,0,0,0,0,0,0,0,0,0,0
10000 0,14,11,17,12,18,0,0,12,19,0,0,0,0,0,0,12,16,0,0,0,0,0,0,0,0,0,0,0,0,0,0 0,8,13,14,13,14,0,0,13,14,0,0,0,0,0,0,13,14,0,0,0,0,0,0,0,0,0,0,0,0,0,0
11111 0,28,22,39,24,37,34,42,20,34,31,41,30,39,37,42,27,38,35,43,37,42,40,43,33,38,40,43,39,42,42,43 0,6,6,7,6,7,7,8,6,7,7,8,7,8,8,9,6,7,7,8,7,8,8,9,7,8,8,9,8,9,9,10
00000 0,8,11,0,9,0,0,0,9,0,0,0,0,0,0,0,12,0,0,0,0,0,0,0,0,0,0,0,0,0,0,0 0,14,14,0,14,0,0,0,14,0,0,0,0,0,0,0,14,0,0,0,0,0,0,0,0,0,0,0,0,0,0,0
11111 0,11,12,16,11,17,17,19,11,16,16,18,15,18,18,19,12,16,15,17,16,18,18,19,15,17,18,18,17,18,19,19 0,10,10,11,10,11,11,12,10,11,11,12,11,12,12,13,10,11,11,12,11,12,12,13,11,12,12,13,12,13,13,14
01001 0,16,17,24,17,0,26,0,14,0,25,0,0,0,0,0,20,24,28,30,25,0,30,0,24,0,30,0,0,0,0,0 0,22,17,23,22,0,23,0,22,0,23,0,0,0,0,0,17,23,18,24,23,0,24,0,23,0,24,0,0,0,0,0
10011 0,20,18,26,16,27,0,0,17,29,29,33,27,34,0,0,25,31,31,34,31,34,0,0,31,35,35,37,36,38,0,0 0,16,21,22,21,22,0,0,16,17,22,23,22,23,0,0,16,17,22,23,22,23,0,0,17,18,23,24,23,24,0,0
00000 0,6,7,0,6,0,0,0,3,0,0,0,0,0,0,0,7,0,0,0,0,0,0,0,0,0,0,0,0,0,0,0 0,12,12,0,12,0,0,0,12,0,0,0,0,0,0,0,12,0,0,0,0,0,0,0,0,0,0,0,0,0,0,0
00000 0,2,4,0,1,0,0,0,2,0,0,0,0,0,0,0,1,0,0,0,0,0,0,0,0,0,0,0,0,0,0,0 0,6,6,0,6,0,0,0,6,0,0,0,0,0,0,0,6,0,0,0,0,0,0,0,0,0,0,0,0,0,0,0
01010 0,14,21,25,13,0,23,0,15,21,24,26,20,0,25,0,7,0,24,0,0,0,0,0,17,0,26,0,0,0,0,0 0,20,15,21,20,0,21,0,15,21,16,22,21,0,22,0,20,0,21,0,0,0,0,0,21,0,22,0,0,0,0,0
00001 0,3,5,0,5,0,0,0,5,0,0,0,0,0,0,0,7,8,8,0,8,0,0,0,7,0,0,0,0,0,0,0 0,11,11,0,11,0,0,0,11,0,0,0,0,0,0,0,6,12,12,0,12,0,0,0,12,0,0,0,0,0,0,0
11111 0,27,23,36,22,34,34,41,16,33,31,38,32,39,38,43,24,37,39,44,34,39,41,44,29,39,40,44,37,40,42,44 0,12,12,13,12,13,13,14,12,13,13,14,13,14,14,15,12,13,13,14,13,14,14,15,13,14,14,15,14,15,15,16
10101 0,23,21,35,26,35,37,41,23,32,0,0,36,40,0,0,24,35,33,40,36,40,41,43,34,40,0,0,40,43,0,0 0,22,27,28,22,23,28,29,27,28,0,0,28,29,0,0,22,23,28,29,23,24,29,30,28,29,0,0,29,30,0,0
11111 0,26,18,32,27,37,32,39,21,34,33,38,34,38,38,40,17,32,28,36,33,40,36,41,32,38,38,40,38,40,40,41 0,10,10,11,10,11,11,12,10,11,11,12,11,12,12,13,10,11,11,12,11,12,12,13,11,12,12,13,12,13,13,14
00000 0,6,7,0,6,0,0,0,5,0,0,0,0,0,0,0,5,0,0,0,0,0,0,0,0,0,0,0,0,0,0,0 0,12,12,0,12,0,0,0,12,0,0,0,0,0,0,0,12,0,0,0,0,0,0,0,0,0,0,0,0,0,0,0
10010 0,24,19,33,23,33,0,0,25,35,31,37,36,39,0,0,18,29,0,0,0,0,0,0,34,38,0,0,0,0,0,0 0,19,24,25,24,25,0,0,19,20,25,26,25,26,0,0,24,25,0,0,0,0,0,0,25,26,0,0,0,0,0,0
00000 0,2,4,0,1,0,0,0,4,0,0,0,0,0,0,0,2,0,0,0,0,0,0,0,0,0,0,0,0,0,0,0 0,12,12,0,12,0,0,0,12,0,0,0,0,0,0,0,12,0,0,0,0,0,0,0,0,0,0,0,0,0,0,0
11111 0,17,16,23,13,21,22,24,15,25,24,29,24,28,27,29,15,25,21,26,24,26,27,27,24,30,27,30,29,30,30,30 0,10,10,11,10,11,11,12,10,11,11,12,11,12,12,13,10,11,11,12,11,12,12,13,11,12,12,13,12,13,13,14
00011 0,21,18,0,20,0,0,0,21,32,29,0,33,0,0,0,21,32,33,0,33,0,0,0,32,38,37,0,39,0,0,0 0,30,30,0,30,0,0,0,21,31,31,0,31,0,0,0,21,31,31,0,31,0,0,0,22,32,32,0,32,0,0,0
11111 0,16,20,29,22,26,32,35,20,28,32,35,31,33,37,38,22,32,32,37,32,35,37,39,33,39,39,41,37,39,40,41 0,12,12,13,12,13,13,14,12,13,13,14,13,14,14,15,12,13,13,14,13,14,14,15,13,14,14,15,14,15,15,16
00000 0,8,9,0,8,0,0,0,8,0,0,0,0,0,0,0,10,0,0,0,0,0,0,0,0,0,0,0,0,0,0,0 0,12,12,0,12,0,0,0,12,0,0,0,0,0,0,0,12,0,0,0,0,0,0,0,0,0,0,0,0,0,0,0
11111 0,17,18,26,19,24,25,28,17,22,25,27,24,27,27,29,16,24,24,27,26,29,27,29,22,26,25,27,26,29,27,29 0,14,14,15,14,15,15,16,14,15,15,16,15,16,16,17,14,15,15,16,15,16,16,17,15,16,16,17,16,17,17,18
00100 0,18,19,0,22,30,30,0,19,0,0,0,33,0,0,0,15,0,0,0,28,0,0,0,0,0,0,0,0,0,0,0 0,23,23,0,14,24,24,0,23,0,0,0,24,0,0,0,23,0,0,0,24,0,0,0,0,0,0,0,0,0,0,0
10000 0,16,19,25,13,21,0,0,14,23,0,0,0,0,0,0,12,24,0,0,0,0,0,0,0,0,0,0,0,0,0,0 0,16,25,26,25,26,0,0,25,26,0,0,0,0,0,0,25,26,0,0,0,0,0,0,0,0,0,0,0,0,0,0
11001 0,10,10,15,13,15,16,17,8,15,14,17,0,0,0,0,15,17,18,19,19,19,19,19,17,19,19,20,0,0,0,0 0,10,10,11,11,12,12,13,11,12,12,13,0,0,0,0,10,11,11,12,12,13,13,14,12,13,13,14,0,0,0,0
11000 0,18,18,27,19,28,30,33,16,24,25,30,0,0,0,0,20,27,29,33,0,0,0,0,0,0,0,0,0,0,0,0 0,15,15,16,20,21,21,22,20,21,21,22,0,0,0,0,20,21,21,22,0,0,0,0,0,0,0,0,0,0,0,0
00000 0,11,8,0,7,0,0,0,7,0,0,0,0,0,0,0,6,0,0,0,0,0,0,0,0,0,0,0,0,0,0,0 0,14,14,0,14,0,0,0,14,0,0,0,0,0,0,0,14,0,0,0,0,0,0,0,0,0,0,0,0,0,0,0
11111 0,19,22,30,20,29,28,34,16,25,27,32,28,32,32,35,18,27,30,34,30,33,34,36,24,30,32,35,33,35,35,36 0,6,6,7,6,7,7,8,6,7,7,8,7,8,8,9,6,7,7,8,7,8,8,9,7,8,8,9,8,9,9,10
11111 0,23,19,34,24,31,32,36,19,31,29,38,34,35,38,39,19,33,28,38,33,37,37,39,28,36,32,39,36,37,38,39 0,16,16,17,16,17,17,18,16,17,17,18,17,18,18,19,16,17,17,18,17,18,18,19,17,18,18,19,18,19,19,20
10010 0,17,15,24,10,20,0,0,16,25,25,29,23,28,0,0,12,25,0,0,0,0,0,0,20,28,0,0,0,0,0,0 0,15,20,21,20,21,0,0,15,16,21,22,21,22,0,0,20,21,0,0,0,0,0,0,21,22,0,0,0,0,0,0
00000 0,6,9,0,8,0,0,0,8,0,0,0,0,0,0,0,4,0,0,0,0,0,0,0,0,0,0,0,0,0,0,0 0,20,20,0,20,0,0,0,20,0,0,0,0,0,0,0,20,0,0,0,0,0,0,0,0,0,0,0,0,0,0,0
00011 0,4,2,0,2,0,0,0,5,5,5,0,6,0,0,0,6,6,6,0,6,0,0,0,6,6,6,0,6,0,0,0 0,6,6,0,6,0,0,0,5,7,7,0,7,0,0,0,5,7,7,0,7,0,0,0,6,8,8,0,8,0,0,0
01100 0,12,14,20,15,18,20,21,12,0,20,0,21,0,23,0,14,0,19,0,23,0,23,0,0,0,0,0,0,0,0,0 0,16,11,17,11,17,12,18,16,0,17,0,17,0,18,0,16,0,17,0,17,0,18,0,0,0,0,0,0,0,0,0
00000 0,4,3,0,4,0,0,0,1,0,0,0,0,0,0,0,2,0,0,0,0,0,0,0,0,0,0,0,0,0,0,0 0,12,12,0,12,0,0,0,12,0,0,0,0,0,0,0,12,0,0,0,0,0,0,0,0,0,0,0,0,0,0,0
00000 0,6,8,0,5,0,0,0,9,0,0,0,0,0,0,0,8,0,0,0,0,0,0,0,0,0,0,0,0,0,0,0 0,10,10,0,10,0,0,0,10,0,0,0,0,0,0,0,10,0,0,0,0,0,0,0,0,0,0,0,0,0,0,0
00100 0,2,1,0,4,5,4,0,1,0,0,0,4,0,0,0,2,0,0,0,4,0,0,0,0,0,0,0,0,0,0,0 0,5,5,0,4,6,6,0,5,0,0,0,6,0,0,0,5,0,0,0,6,0,0,0,0,0,0,0,0,0,0,0
00100 0,10,15,0,16,20,20,0,13,0,0,0,20,0,0,0,12,0,0,0,20,0,0,0,0,0,0,0,0,0,0,0 0,19,19,0,14,20,20,0,19,0,0,0,20,0,0,0,19,0,0,0,20,0,0,0,0,0,0,0,0,0,0,0
00000 0,8,13,0,8,0,0,0,9,0,0,0,0,0,0,0,15,0,0,0,0,0,0,0,0,0,0,0,0,0,0,0 0,20,20,0,20,0,0,0,20,0,0,0,0,0,0,0,20,0,0,0,0,0,0,0,0,0,0,0,0,0,0,0
00000 0,3,1,0,2,0,0,0,5,0,0,0,0,0,0,0,5,0,0,0,0,0,0,0,0,0,0,0,0,0,0,0 0,12,12,0,12,0,0,0,12,0,0,0,0,0,0,0,12,0,0,0,0,0,0,0,0,0,0,0,0,0,0,0
00011 0,20,15,0,17,0,0,0,24,33,31,0,31,0,0,0,22,29,29,0,31,0,0,0,32,35,35,0,35,0,0,0 0,26,26,0,26,0,0,0,21,27,27,0,27,0,0,0,21,27,27,0,27,0,0,0,22,28,28,0,28,0,0,0
00000 0,4,6,0,5,0,0,0,7,0,0,0,0,0,0,0,6,0,0,0,0,0,0,0,0,0,0,0,0,0,0,0 0,20,20,0,20,0,0,0,20,0,0,0,0,0,0,0,20,0,0,0,0,0,0,0,0,0,0,0,0,0,0,0
11111 0,19,19,26,16,25,27,30,18,27,30,32,27,31,34,34,15,27,26,30,22,29,30,32,27,33,33,34,30,33,34,34 0,14,14,15,14,15,15,16,14,15,15,16,15,16,16,17,14,15,15,16,15,16,16,17,15,16,16,17,16,17,17,18
11001 0,19,18,26,15,24,24,28,14,26,25,31,0,0,0,0,20,27,26,29,25,29,29,30,27,32,29,32,0,0,0,0 0,18,18,19,23,24,24,25,23,24,24,25,0,0,0,0,18,19,19,20,24,25,25,26,24,25,25,26,0,0,0,0
00010 0,6,6,0,7,0,0,0,6,9,10,0,11,0,0,0,10,0,0,0,0,0,0,0,11,0,0,0,0,0,0,0 0,11,11,0,11,0,0,0,6,12,12,0,12,0,0,0,11,0,0,0,0,0,0,0,12,0,0,0,0,0,0,0
01111 0,8,13,16,18,21,21,21,12,17,17,20,20,21,21,21,11,14,17,18,21,21,21,21,17,19,19,20,21,21,21,21 0,12,11,13,11,13,12,14,11,13,12,14,12,14,13,15,11,13,12,14,12,14,13,15,12,14,13,15,13,15,14,16
11111 0,11,9,15,15,17,16,18,14,19,18,21,21,22,21,22,10,15,14,18,18,20,19,21,17,19,19,21,21,22,21,22 0,8,8,9,8,9,9,10,8,9,9,10,9,10,10,11,8,9,9,10,9,10,10,11,9,10,10,11,10,11,11,12
00000 0,15,17,0,16,0,0,0,10,0,0,0,0,0,0,0,12,0,0,0,0,0,0,0,0,0,0,0,0,0,0,0 0,18,18,0,18,0,0,0,18,0,0,0,0,0,0,0,18,0,0,0,0,0,0,0,0,0,0,0,0,0,0,0
01110 0,8,15,19,13,16,20,21,16,18,23,24,21,21,24,24,9,0,19,0,17,0,22,0,19,0,23,0,22,0,24,0 0,13,12,14,12,14,13,15,12,14,13,15,13,15,14,16,13,0,14,0,14,0,15,0,14,0,15,0,15,0,16,0
11111 0,23,23,31,23,34,34,37,26,36,33,37,35,40,38,40,20,33,33,36,34,38,39,39,35,40,39,40,40,41,41,41 0,6,6,7,6,7,7,8,6,7,7,8,7,8,8,9,6,7,7,8,7,8,8,9,7,8,8,9,8,9,9,10
00000 0,4,5,0,4,0,0,0,5,0,0,0,0,0,0,0,4,0,0,0,0,0,0,0,0,0,0,0,0,0,0,0 0,14,14,0,14,0,0,0,14,0,0,0,0,0,0,0,14,0,0,0,0,0,0,0,0,0,0,0,0,0,0,0
01000 0,3,4,4,2,0,5,0,4,0,5,0,0,0,0,0,1,0,5,0,0,0,0,0,0,0,0,0,0,0,0,0 0,5,4,6,5,0,6,0,5,0,6,0,0,0,0,0,4,0,6,0,0,0,0,0,0,0,0,0,0,0,0,0
01100 0,16,19,27,20,32,28,34,18,0,28,0,28,0,32,0,11,0,23,0,24,0,30,0,0,0,0,0,0,0,0,0 0,24,19,25,19,25,20,26,24,0,25,0,25,0,26,0,24,0,25,0,25,0,26,0,0,0,0,0,0,0,0,0
01000 0,17,24,27,22,0,35,0,22,0,30,0,0,0,0,0,19,0,33,0,0,0,0,0,0,0,0,0,0,0,0,0 0,23,14,24,23,0,24,0,23,0,24,0,0,0,0,0,23,0,24,0,0,0,0,0,0,0,0,0,0,0,0,0
00010 0,7,10,0,7,0,0,0,14,17,19,0,15,0,0,0,10,0,0,0,0,0,0,0,18,0,0,0,0,0,0,0 0,13,13,0,13,0,0,0,8,14,14,0,14,0,0,0,13,0,0,0,0,0,0,0,14,0,0,0,0,0,0,0
01000 0,12,14,18,10,0,18,0,14,0,22,0,0,0,0,0,10,0,19,0,0,0,0,0,0,0,0,0,0,0,0,0 0,21,12,22,21,0,22,0,21,0,22,0,0,0,0,0,21,0,22,0,0,0,0,0,0,0,0,0,0,0,0,0
00000 0,7,8,0,7,0,0,0,8,0,0,0,0,0,0,0,12,0,0,0,0,0,0,0,0,0,0,0,0,0,0,0 0,14,14,0,14,0,0,0,14,0,0,0,0,0,0,0,14,0,0,0,0,0,0,0,0,0,0,0,0,0,0,0
11111 0,11,14,18,9,16,15,19,12,17,16,19,15,20,17,20,13,17,19,21,17,20,20,22,18,20,19,21,20,22,20,22 0,6,6,7,6,7,7,8,6,7,7,8,7,8,8,9,6,7,7,8,7,8,8,9,7,8,8,9,8,9,9,10
00000 0,2,3,0,3,0,0,0,5,0,0,0,0,0,0,0,3,0,0,0,0,0,0,0,0,0,0,0,0,0,0,0 0,16,16,0,16,0,0,0,16,0,0,0,0,0,0,0,16,0,0,0,0,0,0,0,0,0,0,0,0,0,0,0
01000 0,6,10,11,8,0,12,0,9,0,15,0,0,0,0,0,9,0,15,0,0,0,0,0,0,0,0,0,0,0,0,0 0,11,6,12,11,0,12,0,11,0,12,0,0,0,0,0,11,0,12,0,0,0,0,0,0,0,0,0,0,0,0,0
00000 0,6,5,0,2,0,0,0,2,0,0,0,0,0,0,0,5,0,0,0,0,0,0,0,0,0,0,0,0,0,0,0 0,14,14,0,14,0,0,0,14,0,0,0,0,0,0,0,14,0,0,0,0,0,0,0,0,0,0,0,0,0,0,0
10100 0,17,13,20,11,22,17,24,12,23,0,0,19,26,0,0,11,21,0,0,19,24,0,0,0,0,0,0,0,0,0,0 0,11,16,17,11,12,17,18,16,17,0,0,17,18,0,0,16,17,0,0,17,18,0,0,0,0,0,0,0,0,0,0
11111 0,22,20,31,20,29,28,35,17,29,27,35,26,32,32,37,20,30,28,34,28,33,33,37,27,34,33,37,32,35,36,38 0,16,16,17,16,17,17,18,16,17,17,18,17,18,18,19,16,17,17,18,17,18,18,19,17,18,18,19,18,19,19,20
00000 0,2,3,0,4,0,0,0,4,0,0,0,0,0,0,0,4,0,0,0,0,0,0,0,0,0,0,0,0,0,0,0 0,12,12,0,12,0,0,0,12,0,0,0,0,0,0,0,12,0,0,0,0,0,0,0,0,0,0,0,0,0,0,0
11000 0,22,25,35,22,32,32,38,22,29,33,36,0,0,0,0,25,33,33,38,0,0,0,0,0,0,0,0,0,0,0,0 0,21,21,22,30,31,31,32,30,31,31,32,0,0,0,0,30,31,31,32,0,0,0,0,0,0,0,0,0,0,0,0
10000 0,11,12,17,9,18,0,0,13,19,0,0,0,0,0,0,9,18,0,0,0,0,0,0,0,0,0,0,0,0,0,0 0,10,15,16,15,16,0,0,15,16,0,0,0,0,0,0,15,16,0,0,0,0,0,0,0,0,0,0,0,0,0,0
00000 0,6,7,0,7,0,0,0,6,0,0,0,0,0,0,0,4,0,0,0,0,0,0,0,0,0,0,0,0,0,0,0 0,14,14,0,14,0,0,0,14,0,0,0,0,0,0,0,14,0,0,0,0,0,0,0,0,0,0,0,0,0,0,0
11100 0,18,17,27,20,27,27,30,13,25,22,28,22,28,28,30,16,24,26,30,25,29,29,31,0,0,0,0,0,0,0,0 0,16,16,17,16,17,17,18,21,22,22,23,22,23,23,24,21,22,22,23,22,23,23,24,0,0,0,0,0,0,0,0
10011 0,20,17,31,17,29,0,0,21,29,27,35,28,32,0,0,25,33,31,36,34,39,0,0,35,37,36,38,39,40,0,0 0,18,23,24,23,24,0,0,18,19,24,25,24,25,0,0,18,19,24,25,24,25,0,0,19,20,25,26,25,26,0,0
00000 0,3,5,0,5,0,0,0,4,0,0,0,0,0,0,0,6,0,0,0,0,0,0,0,0,0,0,0,0,0,0,0 0,16,16,0,16,0,0,0,16,0,0,0,0,0,0,0,16,0,0,0,0,0,0,0,0,0,0,0,0,0,0,0
00000 0,5,8,0,8,0,0,0,7,0,0,0,0,0,0,0,10,0,0,0,0,0,0,0,0,0,0,0,0,0,0,0 0,18,18,0,18,0,0,0,18,0,0,0,0,0,0,0,18,0,0,0,0,0,0,0,0,0,0,0,0,0,0,0
00000 0,3,5,0,3,0,0,0,3,0,0,0,0,0,0,0,2,0,0,0,0,0,0,0,0,0,0,0,0,0,0,0 0,8,8,0,8,0,0,0,8,0,0,0,0,0,0,0,8,0,0,0,0,0,0,0,0,0,0,0,0,0,0,0
01000 0,18,20,25,12,0,26,0,16,0,26,0,0,0,0,0,14,0,25,0,0,0,0,0,0,0,0,0,0,0,0,0 0,27,18,28,27,0,28,0,27,0,28,0,0,0,0,0,27,0,28,0,0,0,0,0,0,0,0,0,0,0,0,0
10010 0,25,16,31,17,31,0,0,25,38,31,40,32,40,0,0,13,32,0,0,0,0,0,0,29,39,0,0,0,0,0,0 0,17,22,23,22,23,0,0,17,18,23,24,23,24,0,0,22,23,0,0,0,0,0,0,23,24,0,0,0,0,0,0
10000 0,7,6,10,3,9,0,0,6,10,0,0,0,0,0,0,6,10,0,0,0,0,0,0,0,0,0,0,0,0,0,0 0,6,7,8,7,8,0,0,7,8,0,0,0,0,0,0,7,8,0,0,0,0,0,0,0,0,0,0,0,0,0,0
00100 0,19,18,0,21,29,31,0,18,0,0,0,26,0,0,0,16,0,0,0,29,0,0,0,0,0,0,0,0,0,0,0 0,29,29,0,20,30,30,0,29,0,0,0,30,0,0,0,29,0,0,0,30,0,0,0,0,0,0,0,0,0,0,0
11000 0,14,13,18,7,16,15,19,10,19,16,19,0,0,0,0,8,16,14,18,0,0,0,0,0,0,0,0,0,0,0,0 0,13,13,14,14,15,15,16,14,15,15,16,0,0,0,0,14,15,15,16,0,0,0,0,0,0,0,0,0,0,0,0
00000 0,6,7,0,4,0,0,0,6,0,0,0,0,0,0,0,3,0,0,0,0,0,0,0,0,0,0,0,0,0,0,0 0,14,14,0,14,0,0,0,14,0,0,0,0,0,0,0,14,0,0,0,0,0,0,0,0,0,0,0,0,0,0,0
00100 0,15,18,0,17,23,28,0,18,0,0,0,28,0,0,0,16,0,0,0,27,0,0,0,0,0,0,0,0,0,0,0 0,19,19,0,10,20,20,0,19,0,0,0,20,0,0,0,19,0,0,0,20,0,0,0,0,0,0,0,0,0,0,0
00001 0,10,13,0,13,0,0,0,8,0,0,0,0,0,0,0,14,17,19,0,18,0,0,0,17,0,0,0,0,0,0,0 0,19,19,0,19,0,0,0,19,0,0,0,0,0,0,0,14,20,20,0,20,0,0,0,20,0,0,0,0,0,0,0
11110 0,11,16,21,15,20,21,22,15,18,21,23,23,23,23,23,9,17,18,22,16,20,21,22,21,22,22,23,23,23,23,23 0,11,11,12,11,12,12,13,11,12,12,13,12,13,13,14,12,13,13,14,13,14,14,15,13,14,14,15,14,15,15,16
11110 0,19,18,27,20,28,26,28,21,30,29,33,30,33,33,33,9,22,23,29,25,30,29,30,25,31,31,34,33,34,34,34 0,11,11,12,11,12,12,13,11,12,12,13,12,13,13,14,12,13,13,14,13,14,14,15,13,14,14,15,14,15,15,16
00100 0,8,13,0,19,25,25,0,18,0,0,0,25,0,0,0,15,0,0,0,25,0,0,0,0,0,0,0,0,0,0,0 0,19,19,0,14,20,20,0,19,0,0,0,20,0,0,0,19,0,0,0,20,0,0,0,0,0,0,0,0,0,0,0
00000 0,16,18,0,13,0,0,0,15,0,0,0,0,0,0,0,13,0,0,0,0,0,0,0,0,0,0,0,0,0,0,0 0,20,20,0,20,0,0,0,20,0,0,0,0,0,0,0,20,0,0,0,0,0,0,0,0,0,0,0,0,0,0,0
01000 0,18,22,29,22,0,31,0,17,0,31,0,0,0,0,0,16,0,28,0,0,0,0,0,0,0,0,0,0,0,0,0 0,27,18,28,27,0,28,0,27,0,28,0,0,0,0,0,27,0,28,0,0,0,0,0,0,0,0,0,0,0,0,0
00000 0,7,7,0,6,0,0,0,8,0,0,0,0,0,0,0,7,0,0,0,0,0,0,0,0,0,0,0,0,0,0,0 0,18,18,0,18,0,0,0,18,0,0,0,0,0,0,0,18,0,0,0,0,0,0,0,0,0,0,0,0,0,0,0
01011 0,10,16,19,9,0,19,0,15,19,21,24,21,0,24,0,14,18,19,21,21,0,22,0,21,24,23,25,25,0,26,0 0,13,12,14,13,0,14,0,12,14,13,15,14,0,15,0,12,14,13,15,14,0,15,0,13,15,14,16,15,0,16,0
00000 0,6,6,0,3,0,0,0,5,0,0,0,0,0,0,0,5,0,0,0,0,0,0,0,0,0,0,0,0,0,0,0 0,18,18,0,18,0,0,0,18,0,0,0,0,0,0,0,18,0,0,0,0,0,0,0,0,0,0,0,0,0,0,0
11100 0,17,18,26,18,23,27,29,14,21,25,27,23,25,28,29,16,24,23,28,24,27,28,29,0,0,0,0,0,0,0,0 0,16,16,17,16,17,17,18,21,22,22,23,22,23,23,24,21,22,22,23,22,23,23,24,0,0,0,0,0,0,0,0
01001 0,24,21,30,16,0,29,0,16,0,29,0,0,0,0,0,17,34,31,36,25,0,34,0,25,0,35,0,0,0,0,0 0,22,17,23,22,0,23,0,22,0,23,0,0,0,0,0,17,23,18,24,23,0,24,0,23,0,24,0,0,0,0,0
10001 0,21,18,30,17,28,0,0,18,27,0,0,0,0,0,0,26,32,30,34,31,34,0,0,33,34,0,0,0,0,0,0 0,21,26,27,26,27,0,0,26,27,0,0,0,0,0,0,21,22,27,28,27,28,0,0,27,28,0,0,0,0,0,0
01000 0,5,7,9,5,0,10,0,5,0,8,0,0,0,0,0,5,0,9,0,0,0,0,0,0,0,0,0,0,0,0,0 0,11,6,12,11,0,12,0,11,0,12,0,0,0,0,0,11,0,12,0,0,0,0,0,0,0,0,0,0,0,0,0
00010 0,16,11,0,17,0,0,0,15,24,21,0,21,0,0,0,11,0,0,0,0,0,0,0,21,0,0,0,0,0,0,0 0,19,19,0,19,0,0,0,14,20,20,0,20,0,0,0,19,0,0,0,0,0,0,0,20,0,0,0,0,0,0,0
00100 0,15,16,0,21,25,26,0,18,0,0,0,29,0,0,0,15,0,0,0,28,0,0,0,0,0,0,0,0,0,0,0 0,21,21,0,12,22,22,0,21,0,0,0,22,0,0,0,21,0,0,0,22,0,0,0,0,0,0,0,0,0,0,0
10100 0,18,13,27,20,27,28,32,16,25,0,0,26,30,0,0,19,28,0,0,25,30,0,0,0,0,0,0,0,0,0,0 0,17,22,23,17,18,23,24,22,23,0,0,23,24,0,0,22,23,0,0,23,24,0,0,0,0,0,0,0,0,0,0
00001 0,18,20,0,19,0,0,0,18,0,0,0,0,0,0,0,23,32,34,0,30,0,0,0,30,0,0,0,0,0,0,0 0,23,23,0,23,0,0,0,23,0,0,0,0,0,0,0,14,24,24,0,24,0,0,0,24,0,0,0,0,0,0,0
10100 0,28,24,38,29,41,38,43,20,36,0,0,34,42,0,0,21,37,0,0,36,43,0,0,0,0,0,0,0,0,0,0 0,21,26,27,21,22,27,28,26,27,0,0,27,28,0,0,26,27,0,0,27,28,0,0,0,0,0,0,0,0,0,0
00000 0,6,7,0,7,0,0,0,3,0,0,0,0,0,0,0,5,0,0,0,0,0,0,0,0,0,0,0,0,0,0,0 0,16,16,0,16,0,0,0,16,0,0,0,0,0,0,0,16,0,0,0,0,0,0,0,0,0,0,0,0,0,0,0
00000 0,15,14,0,14,0,0,0,14,0,0,0,0,0,0,0,12,0,0,0,0,0,0,0,0,0,0,0,0,0,0,0 0,20,20,0,20,0,0,0,20,0,0,0,0,0,0,0,20,0,0,0,0,0,0,0,0,0,0,0,0,0,0,0
00000 0,3,5,0,3,0,0,0,5,0,0,0,0,0,0,0,3,0,0,0,0,0,0,0,0,0,0,0,0,0,0,0 0,16,16,0,16,0,0,0,16,0,0,0,0,0,0,0,16,0,0,0,0,0,0,0,0,0,0,0,0,0,0,0
00000 0,8,4,0,7,0,0,0,7,0,0,0,0,0,0,0,13,0,0,0,0,0,0,0,0,0,0,0,0,0,0,0 0,16,16,0,16,0,0,0,16,0,0,0,0,0,0,0,16,0,0,0,0,0,0,0,0,0,0,0,0,0,0,0
00000 0,7,6,0,2,0,0,0,8,0,0,0,0,0,0,0,6,0,0,0,0,0,0,0,0,0,0,0,0,0,0,0 0,10,10,0,10,0,0,0,10,0,0,0,0,0,0,0,10,0,0,0,0,0,0,0,0,0,0,0,0,0,0,0
00010 0,10,10,0,4,0,0,0,12,12,13,0,12,0,0,0,5,0,0,0,0,0,0,0,12,0,0,0,0,0,0,0 0,13,13,0,13,0,0,0,12,14,14,0,14,0,0,0,13,0,0,0,0,0,0,0,14,0,0,0,0,0,0,0
11111 0,24,25,35,13,28,26,35,20,33,31,37,26,34,32,37,21,32,37,39,29,35,37,39,28,35,37,39,33,36,37,39 0,8,8,9,8,9,9,10,8,9,9,10,9,10,10,11,8,9,9,10,9,10,10,11,9,10,10,11,10,11,11,12
00010 0,24,17,0,20,0,0,0,22,36,31,0,31,0,0,0,22,0,0,0,0,0,0,0,33,0,0,0,0,0,0,0 0,29,29,0,29,0,0,0,20,30,30,0,30,0,0,0,29,0,0,0,0,0,0,0,30,0,0,0,0,0,0,0
11111 0,23,23,35,25,33,33,37,25,32,34,39,34,37,39,41,23,32,33,38,34,38,38,40,36,38,40,42,41,42,43,44 0,6,6,7,6,7,7,8,6,7,7,8,7,8,8,9,6,7,7,8,7,8,8,9,7,8,8,9,8,9,9,10
01000 0,14,13,22,12,0,21,0,17,0,22,0,0,0,0,0,13,0,20,0,0,0,0,0,0,0,0,0,0,0,0,0 0,21,12,22,21,0,22,0,21,0,22,0,0,0,0,0,21,0,22,0,0,0,0,0,0,0,0,0,0,0,0,0
00000 0,10,8,0,13,0,0,0,13,0,0,0,0,0,0,0,5,0,0,0,0,0,0,0,0,0,0,0,0,0,0,0 0,18,18,0,18,0,0,0,18,0,0,0,0,0,0,0,18,0,0,0,0,0,0,0,0,0,0,0,0,0,0,0
00000 0,6,4,0,6,0,0,0,6,0,0,0,0,0,0,0,3,0,0,0,0,0,0,0,0,0,0,0,0,0,0,0 0,12,12,0,12,0,0,0,12,0,0,0,0,0,0,0,12,0,0,0,0,0,0,0,0,0,0,0,0,0,0,0
00001 0,6,8,0,8,0,0,0,10,0,0,0,0,0,0,0,12,13,15,0,14,0,0,0,13,0,0,0,0,0,0,0 0,19,19,0,19,0,0,0,19,0,0,0,0,0,0,0,10,20,20,0,20,0,0,0,20,0,0,0,0,0,0,0
00010 0,18,16,0,19,0,0,0,23,30,27,0,33,0,0,0,17,0,0,0,0,0,0,0,28,0,0,0,0,0,0,0 0,29,29,0,29,0,0,0,20,30,30,0,30,0,0,0,29,0,0,0,0,0,0,0,30,0,0,0,0,0,0,0
01000 0,5,12,15,9,0,14,0,9,0,14,0,0,0,0,0,11,0,15,0,0,0,0,0,0,0,0,0,0,0,0,0 0,21,12,22,21,0,22,0,21,0,22,0,0,0,0,0,21,0,22,0,0,0,0,0,0,0,0,0,0,0,0,0
00100 0,12,11,0,14,17,17,0,11,0,0,0,18,0,0,0,8,0,0,0,17,0,0,0,0,0,0,0,0,0,0,0 0,13,13,0,8,14,14,0,13,0,0,0,14,0,0,0,13,0,0,0,14,0,0,0,0,0,0,0,0,0,0,0
00000 0,8,3,0,5,0,0,0,7,0,0,0,0,0,0,0,5,0,0,0,0,0,0,0,0,0,0,0,0,0,0,0 0,10,10,0,10,0,0,0,10,0,0,0,0,0,0,0,10,0,0,0,0,0,0,0,0,0,0,0,0,0,0,0
10000 0,22,19,30,20,29,0,0,22,32,0,0,0,0,0,0,17,31,0,0,0,0,0,0,0,0,0,0,0,0,0,0 0,14,23,24,23,24,0,0,23,24,0,0,0,0,0,0,23,24,0,0,0,0,0,0,0,0,0,0,0,0,0,0
01000 0,21,25,36,19,0,32,0,16,0,32,0,0,0,0,0,21,0,35,0,0,0,0,0,0,0,0,0,0,0,0,0 0,29,20,30,29,0,30,0,29,0,30,0,0,0,0,0,29,0,30,0,0,0,0,0,0,0,0,0,0,0,0,0
00000 0,8,9,0,9,0,0,0,9,0,0,0,0,0,0,0,9,0,0,0,0,0,0,0,0,0,0,0,0,0,0,0 0,12,12,0,12,0,0,0,12,0,0,0,0,0,0,0,12,0,0,0,0,0,0,0,0,0,0,0,0,0,0,0
00000 0,12,6,0,9,0,0,0,13,0,0,0,0,0,0,0,8,0,0,0,0,0,0,0,0,0,0,0,0,0,0,0 0,16,16,0,16,0,0,0,16,0,0,0,0,0,0,0,16,0,0,0,0,0,0,0,0,0,0,0,0,0,0,0
11111 0,22,19,29,19,29,28,32,21,31,29,34,30,34,34,35,21,27,29,32,28,31,33,34,34,36,36,37,35,36,37,37 0,6,6,7,6,7,7,8,6,7,7,8,7,8,8,9,6,7,7,8,7,8,8,9,7,8,8,9,8,9,9,10
00010 0,12,12,0,12,0,0,0,16,20,20,0,22,0,0,0,11,0,0,0,0,0,0,0,20,0,0,0,0,0,0,0 0,25,25,0,25,0,0,0,16,26,26,0,26,0,0,0,25,0,0,0,0,0,0,0,26,0,0,0,0,0,0,0
00100 0,8,7,0,12,16,14,0,12,0,0,0,18,0,0,0,9,0,0,0,18,0,0,0,0,0,0,0,0,0,0,0 0,13,13,0,12,14,14,0,13,0,0,0,14,0,0,0,13,0,0,0,14,0,0,0,0,0,0,0,0,0,0,0
00100 0,7,11,0,16,18,21,0,12,0,0,0,19,0,0,0,15,0,0,0,17,0,0,0,0,0,0,0,0,0,0,0 0,21,21,0,16,22,22,0,21,0,0,0,22,0,0,0,21,0,0,0,22,0,0,0,0,0,0,0,0,0,0,0
01101 0,21,23,31,21,33,32,38,16,0,30,0,29,0,36,0,22,31,37,38,34,37,41,41,33,0,41,0,39,0,43,0 0,23,18,24,18,24,19,25,23,0,24,0,24,0,25,0,18,24,19,25,19,25,20,26,24,0,25,0,25,0,26,0
11010 0,14,14,22,12,19,21,25,14,19,21,23,22,23,26,26,12,20,17,23,0,0,0,0,19,23,22,24,0,0,0,0 0,14,14,15,15,16,16,17,14,15,15,16,16,17,17,18,15,16,16,17,0,0,0,0,16,17,17,18,0,0,0,0
10000 0,15,12,21,11,20,0,0,16,24,0,0,0,0,0,0,15,25,0,0,0,0,0,0,0,0,0,0,0,0,0,0 0,12,17,18,17,18,0,0,17,18,0,0,0,0,0,0,17,18,0,0,0,0,0,0,0,0,0,0,0,0,0,0
00001 0,17,16,0,20,0,0,0,15,0,0,0,0,0,0,0,21,29,28,0,28,0,0,0,29,0,0,0,0,0,0,0 0,25,25,0,25,0,0,0,25,0,0,0,0,0,0,0,16,26,26,0,26,0,0,0,26,0,0,0,0,0,0,0
00000 0,9,9,0,11,0,0,0,7,0,0,0,0,0,0,0,9,0,0,0,0,0,0,0,0,0,0,0,0,0,0,0 0,12,12,0,12,0,0,0,12,0,0,0,0,0,0,0,12,0,0,0,0,0,0,0,0,0,0,0,0,0,0,0
01000 0,11,16,20,12,0,19,0,13,0,20,0,0,0,0,0,14,0,20,0,0,0,0,0,0,0,0,0,0,0,0,0 0,19,14,20,19,0,20,0,19,0,20,0,0,0,0,0,19,0,20,0,0,0,0,0,0,0,0,0,0,0,0,0
11000 0,23,23,35,19,33,33,39,19,31,32,38,0,0,0,0,22,36,33,41,0,0,0,0,0,0,0,0,0,0,0,0 0,19,19,20,24,25,25,26,24,25,25,26,0,0,0,0,24,25,25,26,0,0,0,0,0,0,0,0,0,0,0,0
01100 0,8,11,17,14,18,19,22,9,0,18,0,18,0,22,0,12,0,16,0,18,0,21,0,0,0,0,0,0,0,0,0 0,12,11,13,11,13,12,14,12,0,13,0,13,0,14,0,12,0,13,0,13,0,14,0,0,0,0,0,0,0,0,0
11111 0,18,23,30,20,29,32,35,20,28,29,33,32,34,36,37,18,28,29,33,31,35,36,37,28,33,33,35,36,37,38,38 0,14,14,15,14,15,15,16,14,15,15,16,15,16,16,17,14,15,15,16,15,16,16,17,15,16,16,17,16,17,17,18
00010 0,13,9,0,11,0,0,0,17,22,21,0,21,0,0,0,13,0,0,0,0,0,0,0,22,0,0,0,0,0,0,0 0,19,19,0,19,0,0,0,10,20,20,0,20,0,0,0,19,0,0,0,0,0,0,0,20,0,0,0,0,0,0,0
10101 0,18,14,24,19,27,26,31,17,27,0,0,26,30,0,0,20,29,28,32,30,33,34,35,26,32,0,0,33,34,0,0 0,16,21,22,16,17,22,23,21,22,0,0,22,23,0,0,16,17,22,23,17,18,23,24,22,23,0,0,23,24,0,0
11111 0,14,12,23,13,19,19,24,15,21,23,27,20,24,24,27,15,23,20,26,19,23,23,26,20,24,25,27,22,24,26,27 0,12,12,13,12,13,13,14,12,13,13,14,13,14,14,15,12,13,13,14,13,14,14,15,13,14,14,15,14,15,15,16
00010 0,16,13,0,14,0,0,0,14,22,22,0,21,0,0,0,17,0,0,0,0,0,0,0,24,0,0,0,0,0,0,0 0,19,19,0,19,0,0,0,10,20,20,0,20,0,0,0,19,0,0,0,0,0,0,0,20,0,0,0,0,0,0,0
00011 0,20,18,0,18,0,0,0,27,33,31,0,34,0,0,0,24,31,31,0,34,0,0,0,33,36,35,0,37,0,0,0 0,26,26,0,26,0,0,0,21,27,27,0,27,0,0,0,21,27,27,0,27,0,0,0,22,28,28,0,28,0,0,0
11111 0,20,21,30,18,26,27,32,19,30,29,33,30,33,32,34,22,30,28,33,29,32,32,34,30,34,33,35,34,35,34,35 0,16,16,17,16,17,17,18,16,17,17,18,17,18,18,19,16,17,17,18,17,18,18,19,17,18,18,19,18,19,19,20
00000 0,3,3,0,3,0,0,0,3,0,0,0,0,0,0,0,1,0,0,0,0,0,0,0,0,0,0,0,0,0,0,0 0,6,6,0,6,0,0,0,6,0,0,0,0,0,0,0,6,0,0,0,0,0,0,0,0,0,0,0,0,0,0,0
10010 0,13,9,19,10,19,0,0,14,22,16,23,18,24,0,0,13,20,0,0,0,0,0,0,19,24,0,0,0,0,0,0 0,11,16,17,16,17,0,0,11,12,17,18,17,18,0,0,16,17,0,0,0,0,0,0,17,18,0,0,0,0,0,0
11111 0,14,11,17,13,19,19,21,14,20,20,22,18,22,23,24,11,19,14,20,20,23,21,23,19,22,20,22,22,24,23,24 0,10,10,11,10,11,11,12,10,11,11,12,11,12,12,13,10,11,11,12,11,12,12,13,11,12,12,13,12,13,13,14
00001 0,19,18,0,15,0,0,0,16,0,0,0,0,0,0,0,21,27,27,0,26,0,0,0,27,0,0,0,0,0,0,0 0,25,25,0,25,0,0,0,25,0,0,0,0,0,0,0,16,26,26,0,26,0,0,0,26,0,0,0,0,0,0,0
10000 0,28,22,36,21,36,0,0,22,35,0,0,0,0,0,0,24,36,0,0,0,0,0,0,0,0,0,0,0,0,0,0 0,20,29,30,29,30,0,0,29,30,0,0,0,0,0,0,29,30,0,0,0,0,0,0,0,0,0,0,0,0,0,0
00001 0,11,14,0,17,0,0,0,15,0,0,0,0,0,0,0,16,21,24,0,25,0,0,0,28,0,0,0,0,0,0,0 0,19,19,0,19,0,0,0,19,0,0,0,0,0,0,0,10,20,20,0,20,0,0,0,20,0,0,0,0,0,0,0
11111 0,8,10,14,7,12,13,15,7,9,13,14,10,12,14,15,7,11,13,15,11,13,15,15,11,12,15,15,12,13,15,15 0,6,6,7,6,7,7,8,6,7,7,8,7,8,8,9,6,7,7,8,7,8,8,9,7,8,8,9,8,9,9,10
11111 0,14,15,21,14,21,20,24,14,19,23,24,21,24,25,26,18,24,22,24,23,26,24,26,21,24,23,24,24,26,25,26 0,12,12,13,12,13,13,14,12,13,13,14,13,14,14,15,12,13,13,14,13,14,14,15,13,14,14,15,14,15,15,16
10000 0,14,11,17,11,16,0,0,10,17,0,0,0,0,0,0,5,15,0,0,0,0,0,0,0,0,0,0,0,0,0,0 0,12,17,18,17,18,0,0,17,18,0,0,0,0,0,0,17,18,0,0,0,0,0,0,0,0,0,0,0,0,0,0
00100 0,15,17,0,16,23,23,0,9,0,0,0,18,0,0,0,9,0,0,0,19,0,0,0,0,0,0,0,0,0,0,0 0,23,23,0,14,24,24,0,23,0,0,0,24,0,0,0,23,0,0,0,24,0,0,0,0,0,0,0,0,0,0,0
11111 0,27,19,32,26,37,35,39,23,34,32,37,36,39,39,40,16,30,28,33,30,38,38,40,31,36,36,38,37,40,40,41 0,6,6,7,6,7,7,8,6,7,7,8,7,8,8,9,6,7,7,8,7,8,8,9,7,8,8,9,8,9,9,10
11111 0,16,18,26,21,32,29,36,22,26,28,30,36,38,37,39,21,25,32,33,32,35,38,39,30,30,34,34,38,38,39,39 0,6,6,7,6,7,7,8,6,7,7,8,7,8,8,9,6,7,7,8,7,8,8,9,7,8,8,9,8,9,9,10
11000 0,13,13,17,8,16,16,19,10,17,17,19,0,0,0,0,8,17,15,18,0,0,0,0,0,0,0,0,0,0,0,0 0,11,11,12,16,17,17,18,16,17,17,18,0,0,0,0,16,17,17,18,0,0,0,0,0,0,0,0,0,0,0,0
11111 0,15,15,23,18,22,22,25,15,20,23,26,25,26,27,28,15,23,23,28,28,29,30,30,20,23,26,28,29,29,30,30 0,10,10,11,10,11,11,12,10,11,11,12,11,12,12,13,10,11,11,12,11,12,12,13,11,12,12,13,12,13,13,14
10001 0,15,11,20,9,20,0,0,13,21,0,0,0,0,0,0,14,21,19,23,18,24,0,0,18,23,0,0,0,0,0,0 0,11,16,17,16,17,0,0,16,17,0,0,0,0,0,0,11,12,17,18,17,18,0,0,17,18,0,0,0,0,0,0
01011 0,6,12,15,8,0,18,0,9,11,17,17,13,0,20,0,15,16,19,20,16,0,20,0,19,19,21,21,19,0,21,0 0,9,8,10,9,0,10,0,8,10,9,11,10,0,11,0,8,10,9,11,10,0,11,0,9,11,10,12,11,0,12,0
01011 0,6,13,15,8,0,15,0,10,14,15,17,16,0,17,0,12,15,16,18,16,0,18,0,15,18,16,18,18,0,18,0 0,11,10,12,11,0,12,0,10,12,11,13,12,0,13,0,10,12,11,13,12,0,13,0,11,13,12,14,13,0,14,0
01110 0,10,14,21,18,20,21,23,17,20,24,25,26,26,27,27,14,0,21,0,21,0,23,0,24,0,27,0,27,0,28,0 0,15,14,16,14,16,15,17,14,16,15,17,15,17,16,18,15,0,16,0,16,0,17,0,16,0,17,0,17,0,18,0
11111 0,14,18,24,23,27,28,29,11,19,24,28,27,29,30,30,18,24,27,30,30,31,33,33,22,27,30,32,31,32,33,33 0,8,8,9,8,9,9,10,8,9,9,10,9,10,10,11,8,9,9,10,9,10,10,11,9,10,10,11,10,11,11,12
11111 0,11,16,21,16,23,23,26,17,22,24,26,21,25,25,27,20,27,27,29,22,28,28,30,26,29,29,30,26,29,29,30 0,8,8,9,8,9,9,10,8,9,9,10,9,10,10,11,8,9,9,10,9,10,10,11,9,10,10,11,10,11,11,12
00011 0,5,5,0,4,0,0,0,7,9,8,0,10,0,0,0,7,9,8,0,7,0,0,0,10,10,10,0,10,0,0,0 0,6,6,0,6,0,0,0,5,7,7,0,7,0,0,0,5,7,7,0,7,0,0,0,6,8,8,0,8,0,0,0
00000 0,3,5,0,5,0,0,0,5,0,0,0,0,0,0,0,4,0,0,0,0,0,0,0,0,0,0,0,0,0,0,0 0,12,12,0,12,0,0,0,12,0,0,0,0,0,0,0,12,0,0,0,0,0,0,0,0,0,0,0,0,0,0,0
00010 0,9,9,0,9,0,0,0,12,16,14,0,15,0,0,0,7,0,0,0,0,0,0,0,13,0,0,0,0,0,0,0 0,11,11,0,11,0,0,0,10,12,12,0,12,0,0,0,11,0,0,0,0,0,0,0,12,0,0,0,0,0,0,0
00000 0,5,8,0,6,0,0,0,4,0,0,0,0,0,0,0,4,0,0,0,0,0,0,0,0,0,0,0,0,0,0,0 0,12,12,0,12,0,0,0,12,0,0,0,0,0,0,0,12,0,0,0,0,0,0,0,0,0,0,0,0,0,0,0
00000 0,5,7,0,5,0,0,0,7,0,0,0,0,0,0,0,2,0,0,0,0,0,0,0,0,0,0,0,0,0,0,0 0,20,20,0,20,0,0,0,20,0,0,0,0,0,0,0,20,0,0,0,0,0,0,0,0,0,0,0,0,0,0,0
00100 0,14,14,0,12,19,19,0,17,0,0,0,23,0,0,0,13,0,0,0,17,0,0,0,0,0,0,0,0,0,0,0 0,15,15,0,10,16,16,0,15,0,0,0,16,0,0,0,15,0,0,0,16,0,0,0,0,0,0,0,0,0,0,0
01011 0,15,17,23,15,0,23,0,18,26,25,28,24,0,27,0,16,22,23,25,24,0,27,0,24,28,28,29,28,0,30,0 0,21,16,22,21,0,22,0,16,22,17,23,22,0,23,0,16,22,17,23,22,0,23,0,17,23,18,24,23,0,24,0
00100 0,19,15,0,19,27,24,0,12,0,0,0,23,0,0,0,17,0,0,0,27,0,0,0,0,0,0,0,0,0,0,0 0,23,23,0,14,24,24,0,23,0,0,0,24,0,0,0,23,0,0,0,24,0,0,0,0,0,0,0,0,0,0,0
00010 0,10,11,0,13,0,0,0,16,20,21,0,21,0,0,0,13,0,0,0,0,0,0,0,20,0,0,0,0,0,0,0 0,25,25,0,25,0,0,0,16,26,26,0,26,0,0,0,25,0,0,0,0,0,0,0,26,0,0,0,0,0,0,0
00001 0,7,12,0,7,0,0,0,7,0,0,0,0,0,0,0,13,17,17,0,15,0,0,0,14,0,0,0,0,0,0,0 0,19,19,0,19,0,0,0,19,0,0,0,0,0,0,0,10,20,20,0,20,0,0,0,20,0,0,0,0,0,0,0
10010 0,11,8,16,6,14,0,0,16,20,17,20,19,21,0,0,6,14,0,0,0,0,0,0,18,21,0,0,0,0,0,0 0,9,10,11,10,11,0,0,9,10,11,12,11,12,0,0,10,11,0,0,0,0,0,0,11,12,0,0,0,0,0,0
00000 0,10,13,0,11,0,0,0,13,0,0,0,0,0,0,0,11,0,0,0,0,0,0,0,0,0,0,0,0,0,0,0 0,14,14,0,14,0,0,0,14,0,0,0,0,0,0,0,14,0,0,0,0,0,0,0,0,0,0,0,0,0,0,0
00000 0,2,3,0,2,0,0,0,4,0,0,0,0,0,0,0,1,0,0,0,0,0,0,0,0,0,0,0,0,0,0,0 0,10,10,0,10,0,0,0,10,0,0,0,0,0,0,0,10,0,0,0,0,0,0,0,0,0,0,0,0,0,0,0
00000 0,3,1,0,2,0,0,0,1,0,0,0,0,0,0,0,3,0,0,0,0,0,0,0,0,0,0,0,0,0,0,0 0,12,12,0,12,0,0,0,12,0,0,0,0,0,0,0,12,0,0,0,0,0,0,0,0,0,0,0,0,0,0,0
00000 0,6,8,0,5,0,0,0,8,0,0,0,0,0,0,0,6,0,0,0,0,0,0,0,0,0,0,0,0,0,0,0 0,14,14,0,14,0,0,0,14,0,0,0,0,0,0,0,14,0,0,0,0,0,0,0,0,0,0,0,0,0,0,0
11001 0,22,25,36,22,34,34,40,21,33,34,39,0,0,0,0,26,35,38,42,32,39,41,44,34,40,41,43,0,0,0,0 0,22,22,23,27,28,28,29,27,28,28,29,0,0,0,0,22,23,23,24,28,29,29,30,28,29,29,30,0,0,0,0
00000 0,15,16,0,14,0,0,0,16,0,0,0,0,0,0,0,9,0,0,0,0,0,0,0,0,0,0,0,0,0,0,0 0,18,18,0,18,0,0,0,18,0,0,0,0,0,0,0,18,0,0,0,0,0,0,0,0,0,0,0,0,0,0,0
10110 0,15,13,21,18,24,24,27,18,24,23,26,25,27,27,29,11,21,0,0,25,29,0,0,25,28,0,0,29,30,0,0 0,14,15,16,14,15,16,17,14,15,16,17,15,16,17,18,15,16,0,0,16,17,0,0,16,17,0,0,17,18,0,0
11111 0,22,25,32,21,34,32,35,21,32,32,37,30,38,36,38,18,30,27,34,29,35,33,36,28,36,32,37,33,38,36,38 0,10,10,11,10,11,11,12,10,11,11,12,11,12,12,13,10,11,11,12,11,12,12,13,11,12,12,13,12,13,13,14
00000 0,3,1,0,4,0,0,0,2,0,0,0,0,0,0,0,3,0,0,0,0,0,0,0,0,0,0,0,0,0,0,0 0,12,12,0,12,0,0,0,12,0,0,0,0,0,0,0,12,0,0,0,0,0,0,0,0,0,0,0,0,0,0,0
11111 0,19,22,33,27,33,37,41,19,30,32,37,32,36,40,42,19,29,31,38,32,36,38,41,31,36,38,41,35,38,40,42 0,14,14,15,14,15,15,16,14,15,15,16,15,16,16,17,14,15,15,16,15,16,16,17,15,16,16,17,16,17,17,18
11111 0,17,17,25,17,26,27,30,20,27,27,30,26,30,29,30,17,28,25,30,24,29,30,31,26,31,29,31,29,31,31,31 0,10,10,11,10,11,11,12,10,11,11,12,11,12,12,13,10,11,11,12,11,12,12,13,11,12,12,13,12,13,13,14
00000 0,4,5,0,10,0,0,0,7,0,0,0,0,0,0,0,9,0,0,0,0,0,0,0,0,0,0,0,0,0,0,0 0,14,14,0,14,0,0,0,14,0,0,0,0,0,0,0,14,0,0,0,0,0,0,0,0,0,0,0,0,0,0,0
00011 0,20,20,0,22,0,0,0,20,29,30,0,33,0,0,0,23,34,30,0,34,0,0,0,35,39,38,0,39,0,0,0 0,28,28,0,28,0,0,0,19,29,29,0,29,0,0,0,19,29,29,0,29,0,0,0,20,30,30,0,30,0,0,0
00000 0,9,8,0,10,0,0,0,7,0,0,0,0,0,0,0,4,0,0,0,0,0,0,0,0,0,0,0,0,0,0,0 0,16,16,0,16,0,0,0,16,0,0,0,0,0,0,0,16,0,0,0,0,0,0,0,0,0,0,0,0,0,0,0
00001 0,13,17,0,12,0,0,0,14,0,0,0,0,0,0,0,14,22,24,0,21,0,0,0,22,0,0,0,0,0,0,0 0,15,15,0,15,0,0,0,15,0,0,0,0,0,0,0,10,16,16,0,16,0,0,0,16,0,0,0,0,0,0,0
11111 0,19,20,25,17,29,28,31,18,28,26,31,25,32,29,32,18,27,26,28,26,33,31,33,29,33,32,34,30,34,32,34 0,12,12,13,12,13,13,14,12,13,13,14,13,14,14,15,12,13,13,14,13,14,14,15,13,14,14,15,14,15,15,16
01010 0,13,20,26,18,0,25,0,19,23,27,29,26,0,29,0,19,0,26,0,0,0,0,0,26,0,30,0,0,0,0,0 0,22,17,23,22,0,23,0,17,23,18,24,23,0,24,0,22,0,23,0,0,0,0,0,23,0,24,0,0,0,0,0
11111 0,7,8,13,12,15,17,19,10,11,15,16,14,15,18,19,10,14,11,15,18,19,18,19,16,17,16,17,18,19,18,19 0,6,6,7,6,7,7,8,6,7,7,8,7,8,8,9,6,7,7,8,7,8,8,9,7,8,8,9,8,9,9,10
10000 0,22,22,29,20,35,0,0,23,32,0,0,0,0,0,0,20,31,0,0,0,0,0,0,0,0,0,0,0,0,0,0 0,20,29,30,29,30,0,0,29,30,0,0,0,0,0,0,29,30,0,0,0,0,0,0,0,0,0,0,0,0,0,0
10100 0,18,11,22,17,26,23,27,15,23,0,0,22,26,0,0,14,23,0,0,24,27,0,0,0,0,0,0,0,0,0,0 0,17,22,23,17,18,23,24,22,23,0,0,23,24,0,0,22,23,0,0,23,24,0,0,0,0,0,0,0,0,0,0
11000 0,25,25,34,16,32,30,38,24,36,36,41,0,0,0,0,19,35,34,39,0,0,0,0,0,0,0,0,0,0,0,0 0,25,25,26,34,35,35,36,34,35,35,36,0,0,0,0,34,35,35,36,0,0,0,0,0,0,0,0,0,0,0,0
01011 0,18,20,25,16,0,26,0,17,25,28,31,25,0,30,0,20,25,28,29,30,0,33,0,27,30,33,34,32,0,34,0 0,21,16,22,21,0,22,0,16,22,17,23,22,0,23,0,16,22,17,23,22,0,23,0,17,23,18,24,23,0,24,0
00000 0,2,2,0,2,0,0,0,2,0,0,0,0,0,0,0,2,0,0,0,0,0,0,0,0,0,0,0,0,0,0,0 0,12,12,0,12,0,0,0,12,0,0,0,0,0,0,0,12,0,0,0,0,0,0,0,0,0,0,0,0,0,0,0
11111 0,19,18,27,17,28,28,32,18,27,30,32,25,32,34,35,20,30,27,34,31,35,35,38,31,35,35,37,35,37,38,39 0,14,14,15,14,15,15,16,14,15,15,16,15,16,16,17,14,15,15,16,15,16,16,17,15,16,16,17,16,17,17,18
11111 0,14,15,23,19,22,24,26,14,21,21,27,25,26,28,29,19,24,23,27,26,26,28,28,23,27,24,28,28,28,29,29 0,14,14,15,14,15,15,16,14,15,15,16,15,16,16,17,14,15,15,16,15,16,16,17,15,16,16,17,16,17,17,18
11111 0,25,18,31,23,34,30,35,22,31,30,34,32,36,35,36,16,31,27,35,28,35,33,36,29,35,34,36,33,36,36,36 0,10,10,11,10,11,11,12,10,11,11,12,11,12,12,13,10,11,11,12,11,12,12,13,11,12,12,13,12,13,13,14
11101 0,9,11,15,7,14,14,17,5,12,14,16,9,14,16,17,8,16,15,18,10,17,16,19,10,16,17,18,12,17,18,19 0,5,5,6,5,6,6,7,6,7,7,8,7,8,8,9,5,6,6,7,6,7,7,8,7,8,8,9,8,9,9,10
11111 0,22,26,34,25,33,36,39,23,31,36,38,32,36,40,41,21,31,33,37,35,38,39,41,30,34,37,39,38,39,41,42 0,10,10,11,10,11,11,12,10,11,11,12,11,12,12,13,10,11,11,12,11,12,12,13,11,12,12,13,12,13,13,14
00000 0,10,15,0,15,0,0,0,13,0,0,0,0,0,0,0,15,0,0,0,0,0,0,0,0,0,0,0,0,0,0,0 0,16,16,0,16,0,0,0,16,0,0,0,0,0,0,0,16,0,0,0,0,0,0,0,0,0,0,0,0,0,0,0
00000 0,3,3,0,6,0,0,0,4,0,0,0,0,0,0,0,4,0,0,0,0,0,0,0,0,0,0,0,0,0,0,0 0,10,10,0,10,0,0,0,10,0,0,0,0,0,0,0,10,0,0,0,0,0,0,0,0,0,0,0,0,0,0,0
01000 0,16,16,25,14,0,24,0,15,0,23,0,0,0,0,0,19,0,26,0,0,0,0,0,0,0,0,0,0,0,0,0 0,23,14,24,23,0,24,0,23,0,24,0,0,0,0,0,23,0,24,0,0,0,0,0,0,0,0,0,0,0,0,0
10000 0,24,18,31,14,31,0,0,15,30,0,0,0,0,0,0,21,34,0,0,0,0,0,0,0,0,0,0,0,0,0,0 0,16,25,26,25,26,0,0,25,26,0,0,0,0,0,0,25,26,0,0,0,0,0,0,0,0,0,0,0,0,0,0
11111 0,15,10,17,15,22,18,22,12,18,18,20,18,22,20,22,12,19,15,19,17,22,19,22,18,22,21,22,19,22,21,22 0,6,6,7,6,7,7,8,6,7,7,8,7,8,8,9,6,7,7,8,7,8,8,9,7,8,8,9,8,9,9,10
01111 0,5,7,9,6,8,12,12,7,10,11,11,9,11,12,12,8,10,10,11,10,11,12,12,11,12,12,12,11,12,12,12 0,6,5,7,5,7,6,8,5,7,6,8,6,8,7,9,5,7,6,8,6,8,7,9,6,8,7,9,7,9,8,10
01010 0,10,12,15,10,0,17,0,11,16,14,16,15,0,18,0,10,0,16,0,0,0,0,0,15,0,17,0,0,0,0,0 0,12,11,13,12,0,13,0,11,13,12,14,13,0,14,0,12,0,13,0,0,0,0,0,13,0,14,0,0,0,0,0
00000 0,5,2,0,3,0,0,0,2,0,0,0,0,0,0,0,3,0,0,0,0,0,0,0,0,0,0,0,0,0,0,0 0,8,8,0,8,0,0,0,8,0,0,0,0,0,0,0,8,0,0,0,0,0,0,0,0,0,0,0,0,0,0,0
11111 0,17,20,25,19,26,26,29,20,23,26,27,28,29,31,31,17,28,28,31,26,30,29,31,28,30,31,32,30,31,32,32 0,16,16,17,16,17,17,18,16,17,17,18,17,18,18,19,16,17,17,18,17,18,18,19,17,18,18,19,18,19,19,20
11111 0,15,20,27,11,20,24,28,18,25,29,32,24,28,31,32,18,24,26,30,23,27,28,30,25,28,30,32,29,31,31,32 0,10,10,11,10,11,11,12,10,11,11,12,11,12,12,13,10,11,11,12,11,12,12,13,11,12,12,13,12,13,13,14
00000 0,13,10,0,16,0,0,0,13,0,0,0,0,0,0,0,17,0,0,0,0,0,0,0,0,0,0,0,0,0,0,0 0,18,18,0,18,0,0,0,18,0,0,0,0,0,0,0,18,0,0,0,0,0,0,0,0,0,0,0,0,0,0,0
10000 0,13,11,19,7,14,0,0,14,19,0,0,0,0,0,0,13,18,0,0,0,0,0,0,0,0,0,0,0,0,0,0 0,10,15,16,15,16,0,0,15,16,0,0,0,0,0,0,15,16,0,0,0,0,0,0,0,0,0,0,0,0,0,0
00000 0,5,6,0,5,0,0,0,4,0,0,0,0,0,0,0,6,0,0,0,0,0,0,0,0,0,0,0,0,0,0,0 0,16,16,0,16,0,0,0,16,0,0,0,0,0,0,0,16,0,0,0,0,0,0,0,0,0,0,0,0,0,0,0
10000 0,7,3,8,4,7,0,0,6,8,0,0,0,0,0,0,4,7,0,0,0,0,0,0,0,0,0,0,0,0,0,0 0,6,11,12,11,12,0,0,11,12,0,0,0,0,0,0,11,12,0,0,0,0,0,0,0,0,0,0,0,0,0,0
11111 0,8,12,15,16,19,22,22,11,14,16,18,22,22,24,24,13,17,15,17,21,22,22,22,17,19,18,19,24,24,24,24 0,6,6,7,6,7,7,8,6,7,7,8,7,8,8,9,6,7,7,8,7,8,8,9,7,8,8,9,8,9,9,10
11111 0,27,24,35,27,36,34,38,15,33,28,36,30,37,35,38,28,38,35,39,40,41,41,41,30,39,35,39,40,41,41,41 0,6,6,7,6,7,7,8,6,7,7,8,7,8,8,9,6,7,7,8,7,8,8,9,7,8,8,9,8,9,9,10
00010 0,13,13,0,18,0,0,0,18,27,24,0,24,0,0,0,14,0,0,0,0,0,0,0,24,0,0,0,0,0,0,0 0,23,23,0,23,0,0,0,14,24,24,0,24,0,0,0,23,0,0,0,0,0,0,0,24,0,0,0,0,0,0,0
10101 0,10,5,12,9,13,12,15,10,14,0,0,13,15,0,0,8,14,12,15,14,15,16,16,13,16,0,0,15,16,0,0 0,8,9,10,8,9,10,11,9,10,0,0,10,11,0,0,8,9,10,11,9,10,11,12,10,11,0,0,11,12,0,0
01000 0,20,21,30,18,0,30,0,24,0,32,0,0,0,0,0,15,0,27,0,0,0,0,0,0,0,0,0,0,0,0,0 0,29,20,30,29,0,30,0,29,0,30,0,0,0,0,0,29,0,30,0,0,0,0,0,0,0,0,0,0,0,0,0
00000 0,12,10,0,7,0,0,0,11,0,0,0,0,0,0,0,12,0,0,0,0,0,0,0,0,0,0,0,0,0,0,0 0,14,14,0,14,0,0,0,14,0,0,0,0,0,0,0,14,0,0,0,0,0,0,0,0,0,0,0,0,0,0,0
00000 0,5,6,0,2,0,0,0,4,0,0,0,0,0,0,0,3,0,0,0,0,0,0,0,0,0,0,0,0,0,0,0 0,12,12,0,12,0,0,0,12,0,0,0,0,0,0,0,12,0,0,0,0,0,0,0,0,0,0,0,0,0,0,0
00000 0,7,9,0,8,0,0,0,8,0,0,0,0,0,0,0,6,0,0,0,0,0,0,0,0,0,0,0,0,0,0,0 0,18,18,0,18,0,0,0,18,0,0,0,0,0,0,0,18,0,0,0,0,0,0,0,0,0,0,0,0,0,0,0
10101 0,18,15,24,21,27,27,29,12,25,0,0,24,30,0,0,20,26,24,27,28,29,28,29,26,29,0,0,29,30,0,0 0,18,23,24,18,19,24,25,23,24,0,0,24,25,0,0,18,19,24,25,19,20,25,26,24,25,0,0,25,26,0,0
00000 0,5,6,0,6,0,0,0,7,0,0,0,0,0,0,0,7,0,0,0,0,0,0,0,0,0,0,0,0,0,0,0 0,12,12,0,12,0,0,0,12,0,0,0,0,0,0,0,12,0,0,0,0,0,0,0,0,0,0,0,0,0,0,0
00100 0,18,15,0,16,27,24,0,14,0,0,0,23,0,0,0,17,0,0,0,26,0,0,0,0,0,0,0,0,0,0,0 0,23,23,0,14,24,24,0,23,0,0,0,24,0,0,0,23,0,0,0,24,0,0,0,0,0,0,0,0,0,0,0
00000 0,1,2,0,1,0,0,0,4,0,0,0,0,0,0,0,1,0,0,0,0,0,0,0,0,0,0,0,0,0,0,0 0,10,10,0,10,0,0,0,10,0,0,0,0,0,0,0,10,0,0,0,0,0,0,0,0,0,0,0,0,0,0,0
10100 0,16,15,22,15,25,23,28,17,27,0,0,23,30,0,0,8,20,0,0,21,28,0,0,0,0,0,0,0,0,0,0 0,13,18,19,13,14,19,20,18,19,0,0,19,20,0,0,18,19,0,0,19,20,0,0,0,0,0,0,0,0,0,0
00000 0,5,4,0,7,0,0,0,6,0,0,0,0,0,0,0,1,0,0,0,0,0,0,0,0,0,0,0,0,0,0,0 0,20,20,0,20,0,0,0,20,0,0,0,0,0,0,0,20,0,0,0,0,0,0,0,0,0,0,0,0,0,0,0
01111 0,5,5,8,6,10,8,11,9,12,10,12,10,13,11,13,8,12,12,14,11,14,12,14,11,14,12,14,11,14,12,14 0,6,5,7,5,7,6,8,5,7,6,8,6,8,7,9,5,7,6,8,6,8,7,9,6,8,7,9,7,9,8,10
11111 0,18,20,31,19,30,26,35,14,25,29,33,29,33,34,36,15,25,28,34,26,32,30,35,24,30,33,35,33,35,35,36 0,10,10,11,10,11,11,12,10,11,11,12,11,12,12,13,10,11,11,12,11,12,12,13,11,12,12,13,12,13,13,14
00000 0,5,4,0,4,0,0,0,6,0,0,0,0,0,0,0,5,0,0,0,0,0,0,0,0,0,0,0,0,0,0,0 0,12,12,0,12,0,0,0,12,0,0,0,0,0,0,0,12,0,0,0,0,0,0,0,0,0,0,0,0,0,0,0
11110 0,10,10,16,7,13,13,16,9,14,13,18,14,16,16,18,7,13,14,18,13,16,16,18,13,16,16,19,17,18,18,19 0,7,7,8,7,8,8,9,7,8,8,9,8,9,9,10,8,9,9,10,9,10,10,11,9,10,10,11,10,11,11,12
01000 0,11,18,23,13,0,24,0,11,0,22,0,0,0,0,0,16,0,23,0,0,0,0,0,0,0,0,0,0,0,0,0 0,19,14,20,19,0,20,0,19,0,20,0,0,0,0,0,19,0,20,0,0,0,0,0,0,0,0,0,0,0,0,0
00100 0,11,9,0,12,15,16,0,11,0,0,0,17,0,0,0,7,0,0,0,15,0,0,0,0,0,0,0,0,0,0,0 0,13,13,0,12,14,14,0,13,0,0,0,14,0,0,0,13,0,0,0,14,0,0,0,0,0,0,0,0,0,0,0
00000 0,6,6,0,5,0,0,0,9,0,0,0,0,0,0,0,2,0,0,0,0,0,0,0,0,0,0,0,0,0,0,0 0,12,12,0,12,0,0,0,12,0,0,0,0,0,0,0,12,0,0,0,0,0,0,0,0,0,0,0,0,0,0,0
00100 0,7,9,0,16,18,19,0,11,0,0,0,20,0,0,0,15,0,0,0,21,0,0,0,0,0,0,0,0,0,0,0 0,17,17,0,12,18,18,0,17,0,0,0,18,0,0,0,17,0,0,0,18,0,0,0,0,0,0,0,0,0,0,0
00000 0,11,10,0,10,0,0,0,11,0,0,0,0,0,0,0,14,0,0,0,0,0,0,0,0,0,0,0,0,0,0,0 0,16,16,0,16,0,0,0,16,0,0,0,0,0,0,0,16,0,0,0,0,0,0,0,0,0,0,0,0,0,0,0
00000 0,5,7,0,8,0,0,0,10,0,0,0,0,0,0,0,7,0,0,0,0,0,0,0,0,0,0,0,0,0,0,0 0,14,14,0,14,0,0,0,14,0,0,0,0,0,0,0,14,0,0,0,0,0,0,0,0,0,0,0,0,0,0,0
10000 0,16,15,25,13,23,0,0,15,27,0,0,0,0,0,0,15,24,0,0,0,0,0,0,0,0,0,0,0,0,0,0 0,16,21,22,21,22,0,0,21,22,0,0,0,0,0,0,21,22,0,0,0,0,0,0,0,0,0,0,0,0,0,0
00101 0,13,10,0,18,22,23,0,14,0,0,0,23,0,0,0,18,22,22,0,27,27,28,0,24,0,0,0,27,0,0,0 0,20,20,0,15,21,21,0,20,0,0,0,21,0,0,0,15,21,21,0,16,22,22,0,21,0,0,0,22,0,0,0
00010 0,9,11,0,15,0,0,0,17,20,20,0,23,0,0,0,14,0,0,0,0,0,0,0,24,0,0,0,0,0,0,0 0,17,17,0,17,0,0,0,12,18,18,0,18,0,0,0,17,0,0,0,0,0,0,0,18,0,0,0,0,0,0,0
00000 0,5,4,0,3,0,0,0,3,0,0,0,0,0,0,0,3,0,0,0,0,0,0,0,0,0,0,0,0,0,0,0 0,6,6,0,6,0,0,0,6,0,0,0,0,0,0,0,6,0,0,0,0,0,0,0,0,0,0,0,0,0,0,0
00000 0,2,2,0,1,0,0,0,4,0,0,0,0,0,0,0,1,0,0,0,0,0,0,0,0,0,0,0,0,0,0,0 0,12,12,0,12,0,0,0,12,0,0,0,0,0,0,0,12,0,0,0,0,0,0,0,0,0,0,0,0,0,0,0
10000 0,19,18,28,14,25,0,0,22,30,0,0,0,0,0,0,18,30,0,0,0,0,0,0,0,0,0,0,0,0,0,0 0,16,25,26,25,26,0,0,25,26,0,0,0,0,0,0,25,26,0,0,0,0,0,0,0,0,0,0,0,0,0,0
00000 0,14,16,0,11,0,0,0,12,0,0,0,0,0,0,0,13,0,0,0,0,0,0,0,0,0,0,0,0,0,0,0 0,20,20,0,20,0,0,0,20,0,0,0,0,0,0,0,20,0,0,0,0,0,0,0,0,0,0,0,0,0,0,0
11111 0,19,17,28,22,30,28,33,22,28,27,32,29,33,32,35,15,27,25,32,29,34,32,35,27,31,30,33,32,35,34,36 0,14,14,15,14,15,15,16,14,15,15,16,15,16,16,17,14,15,15,16,15,16,16,17,15,16,16,17,16,17,17,18
00001 0,18,13,0,19,0,0,0,22,0,0,0,0,0,0,0,20,30,27,0,28,0,0,0,31,0,0,0,0,0,0,0 0,27,27,0,27,0,0,0,27,0,0,0,0,0,0,0,18,28,28,0,28,0,0,0,28,0,0,0,0,0,0,0
10111 0,12,9,18,13,18,18,22,10,17,15,20,17,19,21,22,16,20,19,23,20,22,22,24,21,23,22,24,23,23,24,24 0,9,10,11,9,10,11,12,9,10,11,12,10,11,12,13,9,10,11,12,10,11,12,13,10,11,12,13,11,12,13,14
00001 0,12,16,0,12,0,0,0,14,0,0,0,0,0,0,0,14,19,20,0,20,0,0,0,20,0,0,0,0,0,0,0 0,23,23,0,23,0,0,0,23,0,0,0,0,0,0,0,14,24,24,0,24,0,0,0,24,0,0,0,0,0,0,0
11111 0,24,19,35,24,36,35,43,27,37,34,42,36,41,39,44,23,36,31,38,34,41,39,43,37,42,40,43,41,43,42,44 0,8,8,9,8,9,9,10,8,9,9,10,9,10,10,11,8,9,9,10,9,10,10,11,9,10,10,11,10,11,11,12
01000 0,15,17,22,13,0,23,0,16,0,25,0,0,0,0,0,10,0,20,0,0,0,0,0,0,0,0,0,0,0,0,0 0,21,12,22,21,0,22,0,21,0,22,0,0,0,0,0,21,0,22,0,0,0,0,0,0,0,0,0,0,0,0,0
01000 0,17,26,33,23,0,34,0,22,0,34,0,0,0,0,0,18,0,31,0,0,0,0,0,0,0,0,0,0,0,0,0 0,29,20,30,29,0,30,0,29,0,30,0,0,0,0,0,29,0,30,0,0,0,0,0,0,0,0,0,0,0,0,0
00000 0,4,4,0,5,0,0,0,3,0,0,0,0,0,0,0,3,0,0,0,0,0,0,0,0,0,0,0,0,0,0,0 0,12,12,0,12,0,0,0,12,0,0,0,0,0,0,0,12,0,0,0,0,0,0,0,0,0,0,0,0,0,0,0
00000 0,9,9,0,6,0,0,0,10,0,0,0,0,0,0,0,8,0,0,0,0,0,0,0,0,0,0,0,0,0,0,0 0,12,12,0,12,0,0,0,12,0,0,0,0,0,0,0,12,0,0,0,0,0,0,0,0,0,0,0,0,0,0,0
00000 0,2,3,0,2,0,0,0,2,0,0,0,0,0,0,0,6,0,0,0,0,0,0,0,0,0,0,0,0,0,0,0 0,12,12,0,12,0,0,0,12,0,0,0,0,0,0,0,12,0,0,0,0,0,0,0,0,0,0,0,0,0,0,0
00001 0,13,13,0,15,0,0,0,16,0,0,0,0,0,0,0,20,26,25,0,25,0,0,0,27,0,0,0,0,0,0,0 0,29,29,0,29,0,0,0,29,0,0,0,0,0,0,0,20,30,30,0,30,0,0,0,30,0,0,0,0,0,0,0
00001 0,10,10,0,11,0,0,0,7,0,0,0,0,0,0,0,12,17,18,0,15,0,0,0,15,0,0,0,0,0,0,0 0,21,21,0,21,0,0,0,21,0,0,0,0,0,0,0,12,22,22,0,22,0,0,0,22,0,0,0,0,0,0,0
00000 0,4,5,0,5,0,0,0,4,0,0,0,0,0,0,0,7,0,0,0,0,0,0,0,0,0,0,0,0,0,0,0 0,8,8,0,8,0,0,0,8,0,0,0,0,0,0,0,8,0,0,0,0,0,0,0,0,0,0,0,0,0,0,0
11111 0,20,20,29,14,26,25,31,16,24,28,30,24,28,32,32,18,26,28,31,25,30,31,33,25,29,30,31,29,31,33,33 0,8,8,9,8,9,9,10,8,9,9,10,9,10,10,11,8,9,9,10,9,10,10,11,9,10,10,11,10,11,11,12
00110 0,23,21,0,22,33,32,0,19,34,32,0,32,39,38,0,18,0,0,0,36,0,0,0,28,0,0,0,40,0,0,0 0,28,28,0,19,29,29,0,19,29,29,0,20,30,30,0,28,0,0,0,29,0,0,0,29,0,0,0,30,0,0,0
00001 0,27,20,0,23,0,0,0,18,0,0,0,0,0,0,0,22,33,33,0,36,0,0,0,31,0,0,0,0,0,0,0 0,29,29,0,29,0,0,0,29,0,0,0,0,0,0,0,20,30,30,0,30,0,0,0,30,0,0,0,0,0,0,0
10100 0,21,12,26,23,33,28,34,18,31,0,0,30,36,0,0,17,33,0,0,27,37,0,0,0,0,0,0,0,0,0,0 0,17,22,23,17,18,23,24,22,23,0,0,23,24,0,0,22,23,0,0,23,24,0,0,0,0,0,0,0,0,0,0
11111 0,22,20,30,21,32,31,36,21,31,32,36,31,36,36,38,17,29,29,35,29,36,36,38,30,34,37,38,35,38,39,39 0,8,8,9,8,9,9,10,8,9,9,10,9,10,10,11,8,9,9,10,9,10,10,11,9,10,10,11,10,11,11,12
00000 0,8,8,0,9,0,0,0,6,0,0,0,0,0,0,0,6,0,0,0,0,0,0,0,0,0,0,0,0,0,0,0 0,16,16,0,16,0,0,0,16,0,0,0,0,0,0,0,16,0,0,0,0,0,0,0,0,0,0,0,0,0,0,0
00001 0,18,15,0,20,0,0,0,18,0,0,0,0,0,0,0,22,30,28,0,30,0,0,0,29,0,0,0,0,0,0,0 0,23,23,0,23,0,0,0,23,0,0,0,0,0,0,0,14,24,24,0,24,0,0,0,24,0,0,0,0,0,0,0
01110 0,3,7,8,9,10,9,10,7,9,10,10,11,11,11,11,4,0,9,0,10,0,10,0,8,0,10,0,11,0,11,0 0,7,6,8,6,8,7,9,6,8,7,9,7,9,8,10,7,0,8,0,8,0,9,0,8,0,9,0,9,0,10,0
00001 0,11,5,0,11,0,0,0,14,0,0,0,0,0,0,0,10,17,13,0,18,0,0,0,17,0,0,0,0,0,0,0 0,19,19,0,19,0,0,0,19,0,0,0,0,0,0,0,10,20,20,0,20,0,0,0,20,0,0,0,0,0,0,0
00000 0,6,7,0,6,0,0,0,9,0,0,0,0,0,0,0,1,0,0,0,0,0,0,0,0,0,0,0,0,0,0,0 0,18,18,0,18,0,0,0,18,0,0,0,0,0,0,0,18,0,0,0,0,0,0,0,0,0,0,0,0,0,0,0
00000 0,1,6,0,6,0,0,0,6,0,0,0,0,0,0,0,1,0,0,0,0,0,0,0,0,0,0,0,0,0,0,0 0,10,10,0,10,0,0,0,10,0,0,0,0,0,0,0,10,0,0,0,0,0,0,0,0,0,0,0,0,0,0,0
11111 0,23,25,33,26,37,34,39,27,34,40,41,38,42,41,42,22,32,33,38,32,39,36,40,37,39,43,43,42,43,43,43 0,10,10,11,10,11,11,12,10,11,11,12,11,12,12,13,10,11,11,12,11,12,12,13,11,12,12,13,12,13,13,14
00000 0,9,7,0,7,0,0,0,9,0,0,0,0,0,0,0,6,0,0,0,0,0,0,0,0,0,0,0,0,0,0,0 0,12,12,0,12,0,0,0,12,0,0,0,0,0,0,0,12,0,0,0,0,0,0,0,0,0,0,0,0,0,0,0
00000 0,5,4,0,7,0,0,0,5,0,0,0,0,0,0,0,6,0,0,0,0,0,0,0,0,0,0,0,0,0,0,0 0,18,18,0,18,0,0,0,18,0,0,0,0,0,0,0,18,0,0,0,0,0,0,0,0,0,0,0,0,0,0,0
10001 0,24,21,33,21,35,0,0,23,34,0,0,0,0,0,0,25,34,35,39,35,42,0,0,36,39,0,0,0,0,0,0 0,23,32,33,32,33,0,0,32,33,0,0,0,0,0,0,23,24,33,34,33,34,0,0,33,34,0,0,0,0,0,0
10111 0,18,11,23,20,23,25,25,15,24,20,26,26,26,27,27,17,25,20,26,24,26,27,27,25,26,26,27,27,27,28,28 0,11,12,13,11,12,13,14,11,12,13,14,12,13,14,15,11,12,13,14,12,13,14,15,12,13,14,15,13,14,15,16
11111 0,15,21,24,16,23,26,28,16,24,27,29,25,28,29,30,24,30,31,32,28,31,32,32,27,31,32,33,30,32,33,33 0,12,12,13,12,13,13,14,12,13,13,14,13,14,14,15,12,13,13,14,13,14,14,15,13,14,14,15,14,15,15,16
00000 0,4,3,0,7,0,0,0,6,0,0,0,0,0,0,0,7,0,0,0,0,0,0,0,0,0,0,0,0,0,0,0 0,12,12,0,12,0,0,0,12,0,0,0,0,0,0,0,12,0,0,0,0,0,0,0,0,0,0,0,0,0,0,0
00000 0,12,13,0,9,0,0,0,11,0,0,0,0,0,0,0,15,0,0,0,0,0,0,0,0,0,0,0,0,0,0,0 0,16,16,0,16,0,0,0,16,0,0,0,0,0,0,0,16,0,0,0,0,0,0,0,0,0,0,0,0,0,0,0
01100 0,20,21,32,20,31,29,37,21,0,32,0,30,0,35,0,18,0,28,0,28,0,33,0,0,0,0,0,0,0,0,0 0,24,19,25,19,25,20,26,24,0,25,0,25,0,26,0,24,0,25,0,25,0,26,0,0,0,0,0,0,0,0,0
00110 0,17,17,0,21,25,31,0,24,34,31,0,34,37,38,0,21,0,0,0,32,0,0,0,34,0,0,0,39,0,0,0 0,22,22,0,17,23,23,0,17,23,23,0,18,24,24,0,22,0,0,0,23,0,0,0,23,0,0,0,24,0,0,0
01000 0,11,8,16,16,0,20,0,9,0,15,0,0,0,0,0,9,0,13,0,0,0,0,0,0,0,0,0,0,0,0,0 0,13,8,14,13,0,14,0,13,0,14,0,0,0,0,0,13,0,14,0,0,0,0,0,0,0,0,0,0,0,0,0
01000 0,11,12,20,10,0,16,0,9,0,18,0,0,0,0,0,13,0,21,0,0,0,0,0,0,0,0,0,0,0,0,0 0,13,8,14,13,0,14,0,13,0,14,0,0,0,0,0,13,0,14,0,0,0,0,0,0,0,0,0,0,0,0,0
10100 0,23,19,31,24,34,31,37,21,31,0,0,32,36,0,0,16,30,0,0,30,36,0,0,0,0,0,0,0,0,0,0 0,23,32,33,23,24,33,34,32,33,0,0,33,34,0,0,32,33,0,0,33,34,0,0,0,0,0,0,0,0,0,0
11111 0,20,25,31,19,30,35,37,27,37,37,41,35,39,40,41,26,31,37,37,33,36,40,40,37,39,41,41,39,40,41,41 0,8,8,9,8,9,9,10,8,9,9,10,9,10,10,11,8,9,9,10,9,10,10,11,9,10,10,11,10,11,11,12
11100 0,23,26,35,23,34,34,38,23,34,33,40,35,40,39,42,20,35,35,40,31,38,39,41,0,0,0,0,0,0,0,0 0,20,20,21,20,21,21,22,25,26,26,27,26,27,27,28,25,26,26,27,26,27,27,28,0,0,0,0,0,0,0,0
01001 0,9,15,19,13,0,21,0,13,0,20,0,0,0,0,0,15,19,23,24,21,0,25,0,21,0,24,0,0,0,0,0 0,20,15,21,20,0,21,0,20,0,21,0,0,0,0,0,15,21,16,22,21,0,22,0,21,0,22,0,0,0,0,0
00000 0,5,3,0,2,0,0,0,6,0,0,0,0,0,0,0,3,0,0,0,0,0,0,0,0,0,0,0,0,0,0,0 0,8,8,0,8,0,0,0,8,0,0,0,0,0,0,0,8,0,0,0,0,0,0,0,0,0,0,0,0,0,0,0
10110 0,25,17,31,21,34,29,38,19,32,27,33,31,38,33,38,17,31,0,0,29,36,0,0,32,36,0,0,35,38,0,0 0,16,21,22,16,17,22,23,16,17,22,23,17,18,23,24,21,22,0,0,22,23,0,0,22,23,0,0,23,24,0,0
00000 0,14,13,0,15,0,0,0,14,0,0,0,0,0,0,0,12,0,0,0,0,0,0,0,0,0,0,0,0,0,0,0 0,16,16,0,16,0,0,0,16,0,0,0,0,0,0,0,16,0,0,0,0,0,0,0,0,0,0,0,0,0,0,0
00011 0,9,9,0,10,0,0,0,11,14,13,0,14,0,0,0,11,14,14,0,13,0,0,0,15,16,16,0,16,0,0,0 0,16,16,0,16,0,0,0,11,17,17,0,17,0,0,0,11,17,17,0,17,0,0,0,12,18,18,0,18,0,0,0
00000 0,9,9,0,8,0,0,0,9,0,0,0,0,0,0,0,7,0,0,0,0,0,0,0,0,0,0,0,0,0,0,0 0,14,14,0,14,0,0,0,14,0,0,0,0,0,0,0,14,0,0,0,0,0,0,0,0,0,0,0,0,0,0,0
00000 0,4,4,0,3,0,0,0,2,0,0,0,0,0,0,0,2,0,0,0,0,0,0,0,0,0,0,0,0,0,0,0 0,8,8,0,8,0,0,0,8,0,0,0,0,0,0,0,8,0,0,0,0,0,0,0,0,0,0,0,0,0,0,0
00100 0,11,13,0,18,22,27,0,14,0,0,0,24,0,0,0,17,0,0,0,25,0,0,0,0,0,0,0,0,0,0,0 0,19,19,0,14,20,20,0,19,0,0,0,20,0,0,0,19,0,0,0,20,0,0,0,0,0,0,0,0,0,0,0
11111 0,17,19,28,17,27,23,31,18,25,26,31,24,30,27,32,15,23,25,30,24,29,28,32,27,29,29,31,29,31,30,32 0,8,8,9,8,9,9,10,8,9,9,10,9,10,10,11,8,9,9,10,9,10,10,11,9,10,10,11,10,11,11,12
01011 0,10,17,21,13,0,25,0,16,23,24,27,21,0,27,0,17,22,26,27,23,0,29,0,25,29,29,30,26,0,29,0 0,21,16,22,21,0,22,0,16,22,17,23,22,0,23,0,16,22,17,23,22,0,23,0,17,23,18,24,23,0,24,0
00010 0,16,15,0,13,0,0,0,14,25,23,0,25,0,0,0,10,0,0,0,0,0,0,0,20,0,0,0,0,0,0,0 0,19,19,0,19,0,0,0,14,20,20,0,20,0,0,0,19,0,0,0,0,0,0,0,20,0,0,0,0,0,0,0
00000 0,7,6,0,8,0,0,0,8,0,0,0,0,0,0,0,8,0,0,0,0,0,0,0,0,0,0,0,0,0,0,0 0,14,14,0,14,0,0,0,14,0,0,0,0,0,0,0,14,0,0,0,0,0,0,0,0,0,0,0,0,0,0,0
10000 0,22,16,28,24,32,0,0,20,33,0,0,0,0,0,0,18,34,0,0,0,0,0,0,0,0,0,0,0,0,0,0 0,14,23,24,23,24,0,0,23,24,0,0,0,0,0,0,23,24,0,0,0,0,0,0,0,0,0,0,0,0,0,0
10001 0,19,14,22,18,27,0,0,16,25,0,0,0,0,0,0,19,30,24,30,25,31,0,0,24,31,0,0,0,0,0,0 0,15,20,21,20,21,0,0,20,21,0,0,0,0,0,0,15,16,21,22,21,22,0,0,21,22,0,0,0,0,0,0
00000 0,6,8,0,11,0,0,0,6,0,0,0,0,0,0,0,8,0,0,0,0,0,0,0,0,0,0,0,0,0,0,0 0,12,12,0,12,0,0,0,12,0,0,0,0,0,0,0,12,0,0,0,0,0,0,0,0,0,0,0,0,0,0,0
11111 0,10,15,18,13,17,21,23,14,17,22,22,21,21,25,25,14,19,23,24,21,23,27,27,22,24,26,26,26,26,28,28 0,6,6,7,6,7,7,8,6,7,7,8,7,8,8,9,6,7,7,8,7,8,8,9,7,8,8,9,8,9,9,10
00110 0,18,18,0,19,27,27,0,19,29,26,0,27,31,31,0,14,0,0,0,24,0,0,0,24,0,0,0,28,0,0,0 0,28,28,0,19,29,29,0,19,29,29,0,20,30,30,0,28,0,0,0,29,0,0,0,29,0,0,0,30,0,0,0
00000 0,11,9,0,11,0,0,0,10,0,0,0,0,0,0,0,9,0,0,0,0,0,0,0,0,0,0,0,0,0,0,0 0,16,16,0,16,0,0,0,16,0,0,0,0,0,0,0,16,0,0,0,0,0,0,0,0,0,0,0,0,0,0,0
11111 0,16,20,30,20,29,27,35,21,30,31,37,28,34,32,38,17,23,31,34,32,34,36,38,31,33,38,39,36,37,39,40 0,16,16,17,16,17,17,18,16,17,17,18,17,18,18,19,16,17,17,18,17,18,18,19,17,18,18,19,18,19,19,20
00000 0,6,5,0,3,0,0,0,4,0,0,0,0,0,0,0,6,0,0,0,0,0,0,0,0,0,0,0,0,0,0,0 0,18,18,0,18,0,0,0,18,0,0,0,0,0,0,0,18,0,0,0,0,0,0,0,0,0,0,0,0,0,0,0
00011 0,18,19,0,19,0,0,0,21,27,30,0,29,0,0,0,21,31,28,0,32,0,0,0,33,36,35,0,37,0,0,0 0,28,28,0,28,0,0,0,19,29,29,0,29,0,0,0,19,29,29,0,29,0,0,0,20,30,30,0,30,0,0,0
00000 0,8,5,0,7,0,0,0,7,0,0,0,0,0,0,0,8,0,0,0,0,0,0,0,0,0,0,0,0,0,0,0 0,12,12,0,12,0,0,0,12,0,0,0,0,0,0,0,12,0,0,0,0,0,0,0,0,0,0,0,0,0,0,0
00000 0,6,9,0,7,0,0,0,9,0,0,0,0,0,0,0,8,0,0,0,0,0,0,0,0,0,0,0,0,0,0,0 0,16,16,0,16,0,0,0,16,0,0,0,0,0,0,0,16,0,0,0,0,0,0,0,0,0,0,0,0,0,0,0
11111 0,17,23,28,21,27,29,32,15,26,29,32,28,32,32,34,14,21,28,30,26,29,31,32,21,26,31,32,29,32,33,34 0,10,10,11,10,11,11,12,10,11,11,12,11,12,12,13,10,11,11,12,11,12,12,13,11,12,12,13,12,13,13,14
10000 0,15,8,16,8,15,0,0,12,19,0,0,0,0,0,0,9,18,0,0,0,0,0,0,0,0,0,0,0,0,0,0 0,8,13,14,13,14,0,0,13,14,0,0,0,0,0,0,13,14,0,0,0,0,0,0,0,0,0,0,0,0,0,0
00000 0,5,5,0,8,0,0,0,7,0,0,0,0,0,0,0,7,0,0,0,0,0,0,0,0,0,0,0,0,0,0,0 0,14,14,0,14,0,0,0,14,0,0,0,0,0,0,0,14,0,0,0,0,0,0,0,0,0,0,0,0,0,0,0
11000 0,27,27,36,23,35,38,40,17,33,34,40,0,0,0,0,24,37,34,40,0,0,0,0,0,0,0,0,0,0,0,0 0,21,21,22,26,27,27,28,26,27,27,28,0,0,0,0,26,27,27,28,0,0,0,0,0,0,0,0,0,0,0,0
11011 0,10,7,12,5,14,10,15,10,16,14,17,12,18,15,18,14,17,15,17,16,18,16,18,17,19,17,19,17,19,17,19 0,7,7,8,8,9,9,10,7,8,8,9,9,10,10,11,7,8,8,9,9,10,10,11,8,9,9,10,10,11,11,12
00000 0,7,14,0,11,0,0,0,9,0,0,0,0,0,0,0,8,0,0,0,0,0,0,0,0,0,0,0,0,0,0,0 0,16,16,0,16,0,0,0,16,0,0,0,0,0,0,0,16,0,0,0,0,0,0,0,0,0,0,0,0,0,0,0
11111 0,8,13,16,8,13,15,18,11,15,17,19,12,15,17,19,10,14,18,19,16,18,20,21,17,19,20,21,18,19,20,21 0,6,6,7,6,7,7,8,6,7,7,8,7,8,8,9,6,7,7,8,7,8,8,9,7,8,8,9,8,9,9,10
11111 0,23,24,35,21,31,34,40,22,32,34,39,31,35,39,41,18,31,32,39,31,37,39,43,31,38,38,42,38,41,42,44 0,14,14,15,14,15,15,16,14,15,15,16,15,16,16,17,14,15,15,16,15,16,16,17,15,16,16,17,16,17,17,18
00100 0,16,12,0,16,24,22,0,17,0,0,0,25,0,0,0,16,0,0,0,27,0,0,0,0,0,0,0,0,0,0,0 0,23,23,0,14,24,24,0,23,0,0,0,24,0,0,0,23,0,0,0,24,0,0,0,0,0,0,0,0,0,0,0
10001 0,13,10,15,9,16,0,0,9,17,0,0,0,0,0,0,14,19,18,20,17,20,0,0,18,20,0,0,0,0,0,0 0,13,14,15,14,15,0,0,14,15,0,0,0,0,0,0,13,14,15,16,15,16,0,0,15,16,0,0,0,0,0,0
10011 0,18,18,26,13,24,0,0,18,26,23,28,23,29,0,0,19,26,27,30,25,29,0,0,26,30,28,31,29,32,0,0 0,18,23,24,23,24,0,0,18,19,24,25,24,25,0,0,18,19,24,25,24,25,0,0,19,20,25,26,25,26,0,0
10100 0,21,16,30,21,28,30,35,20,30,0,0,28,31,0,0,17,29,0,0,28,33,0,0,0,0,0,0,0,0,0,0 0,19,24,25,19,20,25,26,24,25,0,0,25,26,0,0,24,25,0,0,25,26,0,0,0,0,0,0,0,0,0,0
00000 0,7,7,0,7,0,0,0,6,0,0,0,0,0,0,0,4,0,0,0,0,0,0,0,0,0,0,0,0,0,0,0 0,16,16,0,16,0,0,0,16,0,0,0,0,0,0,0,16,0,0,0,0,0,0,0,0,0,0,0,0,0,0,0
10000 0,21,13,29,20,28,0,0,21,30,0,0,0,0,0,0,15,27,0,0,0,0,0,0,0,0,0,0,0,0,0,0 0,14,23,24,23,24,0,0,23,24,0,0,0,0,0,0,23,24,0,0,0,0,0,0,0,0,0,0,0,0,0,0
00000 0,4,7,0,5,0,0,0,5,0,0,0,0,0,0,0,4,0,0,0,0,0,0,0,0,0,0,0,0,0,0,0 0,10,10,0,10,0,0,0,10,0,0,0,0,0,0,0,10,0,0,0,0,0,0,0,0,0,0,0,0,0,0,0
10010 0,16,12,22,17,25,0,0,15,26,21,28,22,29,0,0,15,26,0,0,0,0,0,0,21,28,0,0,0,0,0,0 0,13,18,19,18,19,0,0,13,14,19,20,19,20,0,0,18,19,0,0,0,0,0,0,19,20,0,0,0,0,0,0
00001 0,10,10,0,9,0,0,0,9,0,0,0,0,0,0,0,12,16,16,0,15,0,0,0,17,0,0,0,0,0,0,0 0,13,13,0,13,0,0,0,13,0,0,0,0,0,0,0,12,14,14,0,14,0,0,0,14,0,0,0,0,0,0,0
00100 0,11,13,0,16,21,21,0,10,0,0,0,17,0,0,0,15,0,0,0,21,0,0,0,0,0,0,0,0,0,0,0 0,19,19,0,14,20,20,0,19,0,0,0,20,0,0,0,19,0,0,0,20,0,0,0,0,0,0,0,0,0,0,0
10010 0,5,3,5,2,6,0,0,5,6,6,6,5,6,0,0,3,6,0,0,0,0,0,0,5,6,0,0,0,0,0,0 0,5,6,7,6,7,0,0,5,6,7,8,7,8,0,0,6,7,0,0,0,0,0,0,7,8,0,0,0,0,0,0
11111 0,21,19,31,24,33,32,37,13,30,25,35,29,35,35,38,21,30,31,35,33,36,36,37,26,35,33,37,34,37,37,38 0,12,12,13,12,13,13,14,12,13,13,14,13,14,14,15,12,13,13,14,13,14,14,15,13,14,14,15,14,15,15,16
00000 0,6,5,0,6,0,0,0,3,0,0,0,0,0,0,0,4,0,0,0,0,0,0,0,0,0,0,0,0,0,0,0 0,14,14,0,14,0,0,0,14,0,0,0,0,0,0,0,14,0,0,0,0,0,0,0,0,0,0,0,0,0,0,0
10001 0,11,8,14,12,15,0,0,7,15,0,0,0,0,0,0,13,17,15,17,16,17,0,0,14,17,0,0,0,0,0,0 0,11,12,13,12,13,0,0,12,13,0,0,0,0,0,0,11,12,13,14,13,14,0,0,13,14,0,0,0,0,0,0
00100 0,7,7,0,12,13,12,0,3,0,0,0,12,0,0,0,5,0,0,0,13,0,0,0,0,0,0,0,0,0,0,0 0,21,21,0,12,22,22,0,21,0,0,0,22,0,0,0,21,0,0,0,22,0,0,0,0,0,0,0,0,0,0,0
00010 0,19,18,0,14,0,0,0,21,28,27,0,28,0,0,0,13,0,0,0,0,0,0,0,26,0,0,0,0,0,0,0 0,23,23,0,23,0,0,0,14,24,24,0,24,0,0,0,23,0,0,0,0,0,0,0,24,0,0,0,0,0,0,0
00000 0,6,9,0,9,0,0,0,1,0,0,0,0,0,0,0,6,0,0,0,0,0,0,0,0,0,0,0,0,0,0,0 0,12,12,0,12,0,0,0,12,0,0,0,0,0,0,0,12,0,0,0,0,0,0,0,0,0,0,0,0,0,0,0
00000 0,7,3,0,9,0,0,0,8,0,0,0,0,0,0,0,9,0,0,0,0,0,0,0,0,0,0,0,0,0,0,0 0,18,18,0,18,0,0,0,18,0,0,0,0,0,0,0,18,0,0,0,0,0,0,0,0,0,0,0,0,0,0,0
00010 0,13,14,0,12,0,0,0,14,20,19,0,16,0,0,0,10,0,0,0,0,0,0,0,18,0,0,0,0,0,0,0 0,19,19,0,19,0,0,0,14,20,20,0,20,0,0,0,19,0,0,0,0,0,0,0,20,0,0,0,0,0,0,0
00100 0,8,5,0,10,13,14,0,10,0,0,0,14,0,0,0,6,0,0,0,13,0,0,0,0,0,0,0,0,0,0,0 0,13,13,0,8,14,14,0,13,0,0,0,14,0,0,0,13,0,0,0,14,0,0,0,0,0,0,0,0,0,0,0
00000 0,8,10,0,9,0,0,0,10,0,0,0,0,0,0,0,9,0,0,0,0,0,0,0,0,0,0,0,0,0,0,0 0,12,12,0,12,0,0,0,12,0,0,0,0,0,0,0,12,0,0,0,0,0,0,0,0,0,0,0,0,0,0,0
10000 0,21,15,30,18,28,0,0,20,27,0,0,0,0,0,0,18,27,0,0,0,0,0,0,0,0,0,0,0,0,0,0 0,16,21,22,21,22,0,0,21,22,0,0,0,0,0,0,21,22,0,0,0,0,0,0,0,0,0,0,0,0,0,0
00110 0,11,10,0,14,20,18,0,13,17,17,0,20,22,22,0,11,0,0,0,17,0,0,0,18,0,0,0,21,0,0,0 0,14,14,0,13,15,15,0,13,15,15,0,14,16,16,0,14,0,0,0,15,0,0,0,15,0,0,0,16,0,0,0
01000 0,4,7,8,5,0,8,0,4,0,7,0,0,0,0,0,6,0,8,0,0,0,0,0,0,0,0,0,0,0,0,0 0,11,6,12,11,0,12,0,11,0,12,0,0,0,0,0,11,0,12,0,0,0,0,0,0,0,0,0,0,0,0,0
11111 0,12,7,15,8,13,14,16,7,15,12,17,14,16,18,18,12,17,15,19,15,17,18,19,15,18,18,20,17,18,20,20 0,6,6,7,6,7,7,8,6,7,7,8,7,8,8,9,6,7,7,8,7,8,8,9,7,8,8,9,8,9,9,10
00000 0,7,9,0,11,0,0,0,12,0,0,0,0,0,0,0,8,0,0,0,0,0,0,0,0,0,0,0,0,0,0,0 0,14,14,0,14,0,0,0,14,0,0,0,0,0,0,0,14,0,0,0,0,0,0,0,0,0,0,0,0,0,0,0
11111 0,20,18,29,14,26,24,31,16,28,26,32,23,30,29,32,12,25,26,31,21,30,28,32,23,30,32,33,27,32,32,33 0,6,6,7,6,7,7,8,6,7,7,8,7,8,8,9,6,7,7,8,7,8,8,9,7,8,8,9,8,9,9,10
00100 0,19,19,0,18,30,27,0,21,0,0,0,29,0,0,0,21,0,0,0,29,0,0,0,0,0,0,0,0,0,0,0 0,27,27,0,18,28,28,0,27,0,0,0,28,0,0,0,27,0,0,0,28,0,0,0,0,0,0,0,0,0,0,0
00010 0,14,11,0,11,0,0,0,16,21,20,0,22,0,0,0,14,0,0,0,0,0,0,0,23,0,0,0,0,0,0,0 0,25,25,0,25,0,0,0,16,26,26,0,26,0,0,0,25,0,0,0,0,0,0,0,26,0,0,0,0,0,0,0
00000 0,9,11,0,11,0,0,0,8,0,0,0,0,0,0,0,9,0,0,0,0,0,0,0,0,0,0,0,0,0,0,0 0,18,18,0,18,0,0,0,18,0,0,0,0,0,0,0,18,0,0,0,0,0,0,0,0,0,0,0,0,0,0,0
10000 0,22,24,35,22,32,0,0,20,32,0,0,0,0,0,0,24,32,0,0,0,0,0,0,0,0,0,0,0,0,0,0 0,18,27,28,27,28,0,0,27,28,0,0,0,0,0,0,27,28,0,0,0,0,0,0,0,0,0,0,0,0,0,0
00000 0,8,10,0,8,0,0,0,12,0,0,0,0,0,0,0,6,0,0,0,0,0,0,0,0,0,0,0,0,0,0,0 0,18,18,0,18,0,0,0,18,0,0,0,0,0,0,0,18,0,0,0,0,0,0,0,0,0,0,0,0,0,0,0
00100 0,14,14,0,16,24,23,0,16,0,0,0,26,0,0,0,12,0,0,0,20,0,0,0,0,0,0,0,0,0,0,0 0,25,25,0,16,26,26,0,25,0,0,0,26,0,0,0,25,0,0,0,26,0,0,0,0,0,0,0,0,0,0,0
00000 0,7,12,0,10,0,0,0,7,0,0,0,0,0,0,0,7,0,0,0,0,0,0,0,0,0,0,0,0,0,0,0 0,16,16,0,16,0,0,0,16,0,0,0,0,0,0,0,16,0,0,0,0,0,0,0,0,0,0,0,0,0,0,0
00001 0,12,18,0,15,0,0,0,20,0,0,0,0,0,0,0,21,27,30,0,30,0,0,0,33,0,0,0,0,0,0,0 0,27,27,0,27,0,0,0,27,0,0,0,0,0,0,0,18,28,28,0,28,0,0,0,28,0,0,0,0,0,0,0
00100 0,13,11,0,14,21,19,0,12,0,0,0,21,0,0,0,13,0,0,0,19,0,0,0,0,0,0,0,0,0,0,0 0,19,19,0,10,20,20,0,19,0,0,0,20,0,0,0,19,0,0,0,20,0,0,0,0,0,0,0,0,0,0,0
11110 0,23,22,32,25,34,34,39,25,34,32,36,37,41,40,42,18,32,31,38,33,37,37,40,32,39,37,41,39,42,41,43 0,21,21,22,21,22,22,23,21,22,22,23,22,23,23,24,26,27,27,28,27,28,28,29,27,28,28,29,28,29,29,30
11111 0,18,22,28,19,25,27,30,22,30,31,33,27,31,32,33,17,24,29,31,26,28,31,32,28,31,34,34,31,32,34,34 0,16,16,17,16,17,17,18,16,17,17,18,17,18,18,19,16,17,17,18,17,18,18,19,17,18,18,19,18,19,19,20
11111 0,30,22,37,18,35,33,40,23,37,34,41,30,38,38,41,29,39,34,40,36,42,40,42,35,42,38,42,38,42,41,42 0,12,12,13,12,13,13,14,12,13,13,14,13,14,14,15,12,13,13,14,13,14,14,15,13,14,14,15,14,15,15,16
11111 0,14,16,19,13,21,23,24,12,20,19,21,19,24,23,24,16,20,19,21,21,24,23,24,20,22,21,22,22,24,23,24 0,6,6,7,6,7,7,8,6,7,7,8,7,8,8,9,6,7,7,8,7,8,8,9,7,8,8,9,8,9,9,10
